序號,縣市別代碼,機關代碼,市話,傳真,年,月,日,時,分,縣市,區,死亡數量,受傷數量,2-30,天候,道路照明設備,道路類別,道路速限,道路型態,事故位置,路面鋪裝,路面狀態,路面缺陷,障礙物,視距,號誌種類,號誌動作,分向設施,快車道或一般車道間,快慢車道間,路面邊線,事故類型及型態,受傷程度,主要傷處,保護裝備,行動電話或功能裝置,當事者區分(類別),車輛用途,當事者行動狀態,駕照狀態,駕照種類,飲酒情形,車輛撞擊部位最初,車輛撞擊部位其他,肇事因素個別,肇事因素主要,肇事逃逸,職業,共享經濟或外送平台,GPS座標X,GPS座標Y,事故類別
339,66000,387130000C,(04)23274275,(04)23288582,2025,2,2,10,44,臺中市,潭子區,0,1,0,7,2,6,50,3,1,1,5,4,6,6,3,1,10,5,5,2,13,3,10,3,1,B03,7,9,1,8,2,5,,7,7,1,13,4,120.707177,24.210316,2
340,66000,387130000C,(04)23274275,(04)23288582,2025,2,2,10,48,臺中市,大里區,0,2,0,7,3,6,50,13,8,1,5,4,6,6,4,4,5,4,4,2,12,2,9,1,1,C03,7,9,1,10,2,11,,7,7,1,12,4,120.682384,24.113252,2
341,66000,387130000C,(04)23274275,(04)23288582,2025,2,2,10,50,臺中市,南屯區,0,0,0,7,,,50,,,,,,,,,,,,,,16,,,,,B03,,,1,,2,,,21,21,1,6,4,120.623141,24.145201,3
342,66000,387130000C,(04)23274275,(04)23288582,2025,2,2,10,50,臺中市,霧峰區,0,0,0,7,,,60,,,,,,,,,,,,,,12,,,,,B03,,,1,,1,,,50,50,1,12,4,120.692342,24.046683,3
343,66000,387130000C,(04)23274275,(04)23288582,2025,2,2,10,51,臺中市,南區,0,2,0,7,2,6,50,4,1,1,5,4,6,6,2,1,10,5,5,2,13,3,10,3,1,B03,7,9,1,8,2,5,,7,7,1,12,4,120.670266,24.114854,2
344,66000,387130000C,(04)23274275,(04)23288582,2025,2,2,11,2,臺中市,后里區,0,0,0,7,2,6,30,13,9,1,5,4,6,6,4,4,10,5,5,2,17,3,10,3,1,B03,7,3,1,8,2,2,,50,50,1,12,4,120.698837,24.321441,3
345,66000,387130000C,(04)23274275,(04)23288582,2025,2,2,11,3,臺中市,北屯區,0,2,0,7,1,6,30,4,1,1,5,4,6,6,4,4,10,5,5,2,15,2,9,5,4,C03,7,9,1,10,2,12,,12,12,1,13,4,120.683601,24.174132,2
346,66000,387130000C,(04)23274275,(04)23288582,2025,2,2,11,3,臺中市,豐原區,0,1,0,7,2,6,50,4,2,1,5,4,6,6,4,4,1,2,4,2,12,2,9,1,1,C03,7,5,3,19,2,11,,7,7,1,12,4,120.72519,24.254934,2
347,66000,387130000C,(04)23274275,(04)23288582,2025,2,2,11,5,臺中市,大雅區,0,0,0,7,,,30,,,,,,,,,,,,,,14,,,,,B03,,,1,,2,,,49,49,1,13,4,120.654306,24.224925,3
348,66000,387130000C,(04)23274275,(04)23288582,2025,2,2,11,10,臺中市,西區,0,0,0,7,,,50,,,,,,,,,,,,,,,,,,,B01,,,1,,1,,,13,13,1,12,4,120.655146,24.15131,3
349,66000,387130000C,(04)23274275,(04)23288582,2025,2,2,11,13,臺中市,北屯區,0,2,0,7,2,6,50,3,1,1,5,4,6,6,4,4,4,3,4,2,16,3,10,3,1,B03,7,1,1,2,2,8,,51,51,1,13,4,120.688071,24.182553,2
350,66000,387130000C,(04)23274275,(04)23288582,2025,2,2,11,21,臺中市,烏日區,0,0,0,7,,,70,,,,,,,,,,,,,,13,,,,,B03,,,1,,1,,,7,7,1,6,4,120.61069,24.107564,3
351,66000,387130000C,(04)23274275,(04)23288582,2025,2,2,11,25,臺中市,西屯區,0,1,0,7,2,6,30,4,1,1,5,4,6,6,4,4,10,5,5,2,15,2,9,2,1,C03,7,9,1,10,2,11,,15,15,1,12,4,120.663982,24.165614,2
352,66000,387130000C,(04)23274275,(04)23288582,2025,2,2,11,28,臺中市,梧棲區,0,2,0,7,2,6,60,4,1,1,5,4,6,6,3,1,10,5,5,2,12,2,1,3,1,B03,7,7,1,8,2,2,,40,40,1,6,4,120.534718,24.250697,2
353,66000,387130000C,(04)23274275,(04)23288582,2025,2,2,11,32,臺中市,大甲區,0,1,0,7,3,6,50,3,9,1,5,4,6,6,4,4,5,4,4,2,17,3,10,3,1,B03,7,6,1,8,2,1,,14,14,1,12,4,120.627657,24.347949,2
354,66000,387130000C,(04)23274275,(04)23288582,2025,2,2,11,33,臺中市,太平區,0,0,0,7,,,50,,,,,,,,,,,,,,16,,,,,C03,,,1,,2,,,84,84,1,12,4,120.714365,24.148871,3
355,66000,387130000C,(04)23274275,(04)23288582,2025,2,2,11,49,臺中市,龍井區,0,1,0,7,2,6,50,13,9,1,5,4,6,6,4,4,9,4,5,1,13,2,8,1,1,C03,7,9,1,10,2,11,,7,7,1,6,4,120.582136,24.177268,2
356,66000,387130000C,(04)23274275,(04)23288582,2025,2,2,11,50,臺中市,南屯區,0,0,0,7,,,30,,,,,,,,,,,,,,,,,,,B03,,,1,,1,,,8,8,1,6,4,120.631115,24.153833,3
357,66000,387130000C,(04)23274275,(04)23288582,2025,2,2,11,52,臺中市,大肚區,0,1,0,7,2,6,60,13,7,1,5,4,6,6,4,4,1,4,4,1,13,2,9,1,1,C03,7,9,1,10,2,11,,58,58,1,5,4,120.542368,24.167372,2
358,66000,387130000C,(04)23274275,(04)23288582,2025,2,2,11,52,臺中市,東勢區,0,1,0,7,3,6,60,12,9,1,4,4,3,3,4,4,9,4,5,1,18,2,9,5,4,C03,7,9,1,10,2,14,,84,84,1,12,4,120.81103,24.281685,2
359,66000,387130000C,(04)23274275,(04)23288582,2025,2,2,11,54,臺中市,東勢區,0,2,0,7,2,6,50,13,9,1,5,4,6,6,4,4,5,5,5,1,12,2,9,1,1,C03,7,6,3,19,2,14,,48,48,1,12,4,120.829749,24.253727,2
360,66000,387130000C,(04)23274275,(04)23288582,2025,2,2,11,56,臺中市,南區,0,0,0,7,,,50,,,,,,,,,,,,,,13,,,,,B12,,,1,,1,,,7,7,1,12,4,120.669555,24.127595,3
361,66000,387130000C,(04)23274275,(04)23288582,2025,2,2,11,56,臺中市,西屯區,0,0,0,7,,,50,,,,,,,,,,,,,,16,,,,,B03,,,1,,1,,,47,47,1,12,4,120.602564,24.183761,3
362,66000,387130000C,(04)23274275,(04)23288582,2025,2,2,11,56,臺中市,西屯區,0,5,0,7,2,6,50,3,1,1,5,4,6,6,2,1,10,5,5,2,16,2,9,3,1,B03,7,6,1,8,2,2,,25,25,1,13,4,120.648203,24.160369,2
363,66000,387130000C,(04)23274275,(04)23288582,2025,2,2,11,57,臺中市,南區,0,1,0,7,2,6,50,4,1,1,5,4,6,6,1,1,3,4,5,2,17,3,10,3,1,B03,7,5,1,8,2,2,,47,47,1,12,4,120.670095,24.119043,2
364,66000,387130000C,(04)23274275,(04)23288582,2025,2,2,11,58,臺中市,大里區,0,1,0,7,2,6,50,3,2,1,5,4,6,6,4,4,1,4,5,1,13,2,9,1,1,C03,7,9,1,10,2,11,,84,84,1,13,4,120.685846,24.096122,2
365,66000,387130000C,(04)23274275,(04)23288582,2025,2,2,12,3,臺中市,豐原區,0,0,0,7,,,50,,,,,,,,,,,,,,13,,,,,B03,,,1,,1,,,84,84,1,6,4,120.722527,24.260662,3
366,66000,387130000C,(04)23274275,(04)23288582,2025,2,2,12,12,臺中市,潭子區,0,0,0,7,,,30,,,,,,,,,,,,,,,,,,,B03,,,1,,2,,,84,84,1,13,4,120.693283,24.217206,3
367,66000,387130000C,(04)23274275,(04)23288582,2025,2,2,12,15,臺中市,南屯區,0,0,0,7,,,50,,,,,,,,,,,,,,12,,,,,B03,,,1,,1,,,40,40,1,6,4,120.635097,24.151197,4
368,66000,387130000C,(04)23274275,(04)23288582,2025,2,2,12,19,臺中市,西屯區,0,0,0,7,,,50,,,,,,,,,,,,,,13,,,,,B03,,,1,,1,,,7,7,1,13,4,120.621669,24.180208,4
369,66000,387130000C,(04)23274275,(04)23288582,2025,2,2,12,27,臺中市,石岡區,0,0,0,7,,,50,,,,,,,,,,,,,,14,,,,,B03,,,1,,2,,,49,49,1,12,4,120.776557,24.276669,3
370,66000,387130000C,(04)23274275,(04)23288582,2025,2,2,12,30,臺中市,北區,0,0,0,7,,,50,,,,,,,,,,,,,,17,,,,,B03,,,1,,1,,,47,47,1,12,4,120.686336,24.154918,3
371,66000,387130000C,(04)23274275,(04)23288582,2025,2,2,12,32,臺中市,東區,0,2,0,7,2,6,50,4,1,1,5,4,6,6,1,1,10,5,5,2,16,3,10,2,1,C03,7,6,1,10,2,14,,48,48,1,12,4,120.697115,24.135182,2
372,66000,387130000C,(04)23274275,(04)23288582,2025,2,2,12,32,臺中市,東區,0,0,0,7,,,50,,,,,,,,,,,,,,,,,,,B02,,,1,,2,,,7,7,1,12,4,120.699357,24.14797,3
373,66000,387130000C,(04)23274275,(04)23288582,2025,2,2,12,37,臺中市,北屯區,0,1,0,7,2,6,50,4,1,1,5,4,6,6,2,1,10,5,5,2,15,2,9,1,1,C03,7,9,1,10,2,14,,21,21,1,12,4,120.702429,24.164764,2
374,66000,387130000C,(04)23274275,(04)23288582,2025,2,2,12,50,臺中市,北屯區,0,1,0,7,2,6,50,13,9,1,5,4,6,6,4,4,1,4,5,2,16,3,10,3,1,B03,7,5,1,8,2,6,,84,84,1,13,4,120.685471,24.17416,2
375,66000,387130000C,(04)23274275,(04)23288582,2025,2,2,12,54,臺中市,南區,0,0,0,7,,,50,,,,,,,,,,,,,,,,,,,B03,,,1,,9,,,49,49,2,6,4,120.669023,24.115427,3
376,66000,387130000C,(04)23274275,(04)23288582,2025,2,2,12,57,臺中市,北屯區,0,0,0,7,,,30,,,,,,,,,,,,,,,,,,,B03,,,1,,9,,,49,49,1,13,4,120.741193,24.178757,3
377,66000,387130000C,(04)23274275,(04)23288582,2025,2,2,12,58,臺中市,霧峰區,0,0,0,7,,,50,,,,,,,,,,,,,,14,,,,,B03,,,1,,1,,,49,49,1,6,4,120.694407,24.044167,3
378,66000,387130000C,(04)23274275,(04)23288582,2025,2,2,13,3,臺中市,西區,0,1,0,7,2,6,50,4,1,1,5,4,4,5,4,4,10,5,5,2,9,3,10,5,4,B03,7,9,1,8,2,5,,85,85,1,12,4,120.660151,24.147179,2
379,66000,387130000C,(04)23274275,(04)23288582,2025,2,2,13,8,臺中市,南屯區,0,0,0,7,,,50,,,,,,,,,,,,,,,,,,,B03,,,1,,1,,,84,84,1,13,4,120.647272,24.124643,3
380,66000,387130000C,(04)23274275,(04)23288582,2025,2,2,13,9,臺中市,南屯區,0,0,0,7,,,50,,,,,,,,,,,,,,,,,,,B03,,,1,,1,,,50,50,1,12,4,120.651523,24.136057,3
381,66000,387130000C,(04)23274275,(04)23288582,2025,2,2,13,13,臺中市,北屯區,0,0,0,7,,,50,,,,,,,,,,,,,,26,,,,,B03,,,1,,2,,,59,59,1,13,4,120.713323,24.179562,3
382,66000,387130000C,(04)23274275,(04)23288582,2025,2,2,13,16,臺中市,北屯區,0,0,0,7,,,50,,,,,,,,,,,,,,13,,,,,B12,,,1,,1,,,56,56,1,6,4,120.710868,24.182801,3
383,66000,387130000C,(04)23274275,(04)23288582,2025,2,2,13,20,臺中市,北區,0,0,0,7,,,30,,,,,,,,,,,,,,17,,,,,B03,,,1,,1,,,59,59,1,12,4,120.677603,24.159575,3
384,66000,387130000C,(04)23274275,(04)23288582,2025,2,2,13,20,臺中市,北屯區,0,0,0,7,,,50,,,,,,,,,,,,,,13,,,,,C03,,,1,,1,,,84,84,1,12,4,120.690537,24.173383,3
385,66000,387130000C,(04)23274275,(04)23288582,2025,2,2,13,27,臺中市,霧峰區,0,0,0,7,,,50,,,,,,,,,,,,,,15,,,,,C03,,,1,,11,,,15,15,2,12,4,120.685431,24.06315,3
386,66000,387130000C,(04)23274275,(04)23288582,2025,2,2,13,27,臺中市,大肚區,0,1,0,7,2,6,50,3,1,1,5,4,6,6,4,4,10,5,5,2,17,3,10,3,1,B03,7,6,1,7,2,8,,59,59,1,6,4,120.582165,24.172133,2
387,66000,387130000C,(04)23274275,(04)23288582,2025,2,2,13,27,臺中市,龍井區,0,0,0,7,,,60,,,,,,,,,,,,,,14,,,,,B03,,,1,,1,,,78,78,1,6,4,120.580157,24.189864,3
388,66000,387130000C,(04)23274275,(04)23288582,2025,2,2,13,31,臺中市,北區,0,1,0,7,2,6,50,4,1,1,5,4,6,6,1,1,10,5,5,2,15,2,9,1,1,C03,7,9,1,10,2,12,,85,85,1,12,4,120.675529,24.170078,2
389,66000,387130000C,(04)23274275,(04)23288582,2025,2,2,13,34,臺中市,豐原區,0,0,0,7,,,50,,,,,,,,,,,,,,14,,,,,B03,,,1,,2,,,49,49,1,12,4,120.74483,24.265058,3
390,66000,387130000C,(04)23274275,(04)23288582,2025,2,2,13,37,臺中市,西區,0,1,0,7,2,6,50,13,9,1,5,4,6,6,4,4,9,4,5,2,12,3,10,3,1,B03,7,9,1,8,2,2,,84,84,1,12,4,120.66347,24.150862,2
391,66000,387130000C,(04)23274275,(04)23288582,2025,2,2,13,39,臺中市,太平區,0,1,0,7,2,6,50,13,9,1,5,4,6,3,4,4,10,5,5,2,11,3,10,3,1,B03,7,9,1,8,2,8,,41,41,1,12,4,120.703776,24.147034,2
392,66000,387130000C,(04)23274275,(04)23288582,2025,2,2,13,50,臺中市,南屯區,0,0,0,7,3,6,30,13,9,1,5,4,6,6,4,4,10,5,5,2,12,,,,,B02,,,1,,1,,,8,8,1,12,4,120.642616,24.140284,3
393,66000,387130000C,(04)23274275,(04)23288582,2025,2,2,13,55,臺中市,后里區,0,0,0,7,2,6,50,13,7,1,5,4,6,6,1,1,5,5,4,2,13,3,10,3,1,B03,7,9,1,8,1,1,,84,84,1,12,4,120.696013,24.311284,3
394,66000,387130000C,(04)23274275,(04)23288582,2025,2,2,13,57,臺中市,北屯區,0,0,0,7,,,50,,,,,,,,,,,,,,,,,,,B03,,,1,,1,,,84,84,1,12,4,120.725336,24.172061,3
395,66000,387130000C,(04)23274275,(04)23288582,2025,2,2,13,59,臺中市,南屯區,0,2,0,7,2,6,50,13,9,1,5,4,6,6,4,4,8,3,4,2,16,3,10,2,1,C02,7,5,1,9,2,11,,20,20,1,12,4,120.625466,24.116755,2
396,66000,387130000C,(04)23274275,(04)23288582,2025,2,2,14,4,臺中市,大里區,0,1,0,7,2,6,50,13,9,1,5,4,6,6,4,4,5,4,5,1,18,2,9,1,1,C03,7,9,1,10,2,14,,84,84,1,13,4,120.674447,24.102139,2
397,66000,387130000C,(04)23274275,(04)23288582,2025,2,2,14,6,臺中市,豐原區,0,0,0,7,,,40,,,,,,,,,,,,,,14,,,,,B12,,,5,,2,,,49,49,1,13,4,120.710493,24.236654,3
398,66000,387130000C,(04)23274275,(04)23288582,2025,2,2,14,8,臺中市,西區,0,0,0,7,,,50,,,,,,,,,,,,,,,,,,,B03,,,1,,2,,,8,8,1,13,4,120.676073,24.133033,3
399,66000,387130000C,(04)23274275,(04)23288582,2025,2,2,14,8,臺中市,西屯區,0,2,0,7,3,6,30,4,1,1,5,4,6,6,4,4,10,5,5,2,15,2,3,2,1,C03,7,9,1,10,2,11,,15,15,1,12,4,120.61845,24.17617,2
400,66000,387130000C,(04)23274275,(04)23288582,2025,2,2,14,11,臺中市,北屯區,0,0,0,7,,,50,,,,,,,,,,,,,,13,,,,,B03,,,1,,1,,,7,7,1,13,4,120.660792,24.191486,3
401,66000,387130000C,(04)23274275,(04)23288582,2025,2,2,14,12,臺中市,沙鹿區,0,0,0,7,,,60,,,,,,,,,,,,,,,,,,,B03,,,1,,2,,,59,59,1,12,4,120.590687,24.250123,3
402,66000,387130000C,(04)23274275,(04)23288582,2025,2,2,14,15,臺中市,北屯區,0,0,0,7,,,50,,,,,,,,,,,,,,9,,,,,B03,,,1,8,9,,,8,8,1,12,4,120.747678,24.195323,3
403,66000,387130000C,(04)23274275,(04)23288582,2025,2,2,14,15,臺中市,沙鹿區,0,0,0,7,,,60,,,,,,,,,,,,,,14,,,,,B03,,,1,,1,,,82,82,1,12,4,120.597591,24.249998,4
404,66000,387130000C,(04)23274275,(04)23288582,2025,2,2,14,20,臺中市,豐原區,0,0,0,7,2,6,50,13,9,1,5,4,6,6,4,4,10,5,5,2,13,3,10,3,1,B03,7,9,1,8,2,1,,84,84,1,12,4,120.713167,24.264537,3
405,66000,387130000C,(04)23274275,(04)23288582,2025,2,2,14,21,臺中市,大雅區,0,0,0,7,,,50,,,,,,,,,,,,,,14,,,,,B03,,,1,,1,,,50,50,1,13,4,120.646439,24.219745,3
406,66000,387130000C,(04)23274275,(04)23288582,2025,2,2,14,21,臺中市,西區,0,0,0,7,3,6,50,13,9,1,5,4,6,6,4,4,4,1,5,2,12,,,,,B03,,,1,,2,,,8,8,1,13,4,120.662503,24.15683,3
407,66000,387130000C,(04)23274275,(04)23288582,2025,2,2,14,23,臺中市,西屯區,0,1,0,7,2,6,40,13,8,1,5,4,6,6,4,4,5,4,4,2,17,3,10,4,1,B03,7,15,1,8,2,4,,76,76,1,12,4,120.640126,24.175378,2
408,66000,387130000C,(04)23274275,(04)23288582,2025,2,2,14,25,臺中市,大甲區,0,4,0,7,3,6,50,3,9,1,5,4,6,6,1,1,5,4,5,1,17,2,9,3,1,B03,7,9,1,8,5,1,,21,21,1,12,4,120.62712,24.345342,2
409,66000,387130000C,(04)23274275,(04)23288582,2025,2,2,14,29,臺中市,東勢區,0,1,0,7,3,6,70,5,1,1,5,4,6,6,1,1,9,4,5,2,15,2,9,5,4,C03,7,9,1,10,2,11,,7,7,1,12,4,120.832246,24.246487,2
410,66000,387130000C,(04)23274275,(04)23288582,2025,2,2,14,34,臺中市,神岡區,0,1,0,7,2,6,30,3,9,1,5,4,6,6,4,4,5,5,5,2,17,2,9,5,4,C03,7,6,1,10,2,11,,41,41,1,13,2,120.70476,24.256559,2
411,66000,387130000C,(04)23274275,(04)23288582,2025,2,2,14,35,臺中市,西屯區,0,0,0,7,,,40,,,,,,,,,,,,,,13,,,,,C03,,,1,,2,,,7,7,1,12,4,120.646073,24.164364,3
412,66000,387130000C,(04)23274275,(04)23288582,2025,2,2,14,41,臺中市,東區,0,0,0,7,,,50,,,,,,,,,,,,,,15,,,,,C04,,,1,,1,,,15,15,1,12,4,120.698052,24.143203,3
413,66000,387130000C,(04)23274275,(04)23288582,2025,2,2,14,44,臺中市,沙鹿區,0,0,0,7,,,50,,,,,,,,,,,,,,17,,,,,B03,,,1,,9,,,51,51,1,6,4,120.567471,24.253421,3
414,66000,387130000C,(04)23274275,(04)23288582,2025,2,2,14,45,臺中市,北區,0,1,0,7,2,6,40,4,7,1,5,4,6,6,1,1,5,5,4,2,17,2,9,1,1,C03,7,8,1,10,2,14,,40,40,1,12,4,120.678904,24.159275,2
415,66000,387130000C,(04)23274275,(04)23288582,2025,2,2,14,45,臺中市,南屯區,0,0,0,7,,,50,,,,,,,,,,,,,,,,,,,C03,,,1,,2,,,84,84,1,6,4,120.642591,24.146834,4
416,66000,387130000C,(04)23274275,(04)23288582,2025,2,2,14,46,臺中市,潭子區,0,1,0,7,2,6,50,3,1,1,5,4,6,6,4,4,5,5,5,2,16,3,10,3,1,B03,7,5,1,8,2,5,,84,84,1,13,4,120.718121,24.197412,2
417,66000,387130000C,(04)23274275,(04)23288582,2025,2,2,14,48,臺中市,東區,0,0,0,7,,,50,,,,,,,,,,,,,,17,,,,,B03,,,1,,1,,,57,57,1,12,4,120.690548,24.126118,3
418,66000,387130000C,(04)23274275,(04)23288582,2025,2,2,14,51,臺中市,大里區,0,2,0,7,3,6,50,5,1,1,5,4,6,6,1,1,10,5,5,2,17,3,10,1,1,C03,7,6,1,10,2,11,,84,84,1,12,4,120.690015,24.113212,2
419,66000,387130000C,(04)23274275,(04)23288582,2025,2,2,15,0,臺中市,龍井區,0,1,0,7,2,6,50,4,1,1,5,4,6,6,4,4,5,5,5,2,15,2,9,2,1,C03,7,9,1,10,2,13,,12,12,1,6,4,120.593826,24.189602,2
420,66000,387130000C,(04)23274275,(04)23288582,2025,2,2,15,11,臺中市,南屯區,0,1,0,7,2,6,50,13,9,1,5,4,6,6,4,4,5,4,5,2,18,2,9,1,1,F01,7,9,7,21,2,12,,84,84,1,13,4,120.60929,24.138471,2
421,66000,387130000C,(04)23274275,(04)23288582,2025,2,2,15,15,臺中市,南區,0,0,0,7,,,30,,,,,,,,,,,,,,,,,,,B03,,,1,,2,,,8,8,1,13,4,120.667385,24.118359,3
422,66000,387130000C,(04)23274275,(04)23288582,2025,2,2,15,15,臺中市,北屯區,0,1,0,7,1,6,50,4,2,1,5,4,6,6,4,4,5,4,4,2,17,3,10,3,1,B03,7,6,1,8,2,1,,20,20,1,13,4,120.741096,24.179771,2
423,66000,387130000C,(04)23274275,(04)23288582,2025,2,2,15,17,臺中市,大里區,0,2,0,7,2,6,30,13,9,1,5,4,6,6,1,1,10,5,5,1,17,2,9,1,1,C03,7,14,1,10,2,14,,84,84,1,12,4,120.689858,24.112789,2
424,66000,387130000C,(04)23274275,(04)23288582,2025,2,2,15,20,臺中市,太平區,0,2,0,7,3,6,50,4,9,1,5,4,6,6,1,1,5,5,4,2,18,2,8,2,1,C03,7,9,1,10,2,12,,84,84,1,12,4,120.701335,24.148035,2
425,66000,387130000C,(04)23274275,(04)23288582,2025,2,2,15,21,臺中市,西屯區,0,0,0,7,,,50,,,,,,,,,,,,,,12,,,,,B03,,,1,,2,,,59,59,1,12,4,120.638705,24.168329,3
426,66000,387130000C,(04)23274275,(04)23288582,2025,2,2,15,30,臺中市,西屯區,0,0,0,7,3,6,30,13,9,1,5,4,6,6,4,4,10,5,5,2,12,,,,,B03,,,1,,2,,,8,8,1,12,4,120.647539,24.174907,3
427,66000,387130000C,(04)23274275,(04)23288582,2025,2,2,15,32,臺中市,北屯區,0,0,0,7,,,50,,,,,,,,,,,,,,,,,,,B03,,,1,,2,,,51,51,1,13,4,120.69508,24.172435,3
428,66000,387130000C,(04)23274275,(04)23288582,2025,2,2,15,33,臺中市,北區,0,3,0,7,2,6,50,4,1,1,5,4,6,6,1,1,5,4,5,2,17,2,9,5,1,C03,7,9,1,10,2,14,,21,21,1,13,4,120.684976,24.166867,2
429,66000,387130000C,(04)23274275,(04)23288582,2025,2,2,15,36,臺中市,烏日區,0,1,0,7,2,6,50,3,1,1,5,4,6,6,1,1,10,5,5,2,17,3,10,5,4,B03,7,5,1,8,2,5,,47,47,1,12,4,120.610755,24.103459,2
430,66000,387130000C,(04)23274275,(04)23288582,2025,2,2,15,38,臺中市,大肚區,0,1,0,7,2,6,30,4,1,1,5,4,6,6,4,4,10,5,5,2,15,2,9,1,1,C03,7,9,1,10,2,11,,15,15,1,6,4,120.544359,24.159174,2
431,66000,387130000C,(04)23274275,(04)23288582,2025,2,2,15,39,臺中市,外埔區,0,0,0,7,2,6,50,13,7,1,5,4,6,6,4,4,1,4,4,2,13,3,10,3,1,B03,7,9,1,8,2,1,,84,84,1,12,4,120.639935,24.340878,3
432,66000,387130000C,(04)23274275,(04)23288582,2025,2,2,15,40,臺中市,南屯區,0,0,0,7,,,30,,,,,,,,,,,,,,,,,,,B03,,,1,,2,,,84,84,1,6,4,120.640287,24.136366,4
433,66000,387130000C,(04)23274275,(04)23288582,2025,2,2,15,41,臺中市,西區,0,0,0,7,,,50,,,,,,,,,,,,,,,,,,,B03,,,1,,1,,,20,20,1,12,4,120.666586,24.141128,3
434,66000,387130000C,(04)23274275,(04)23288582,2025,2,2,15,42,臺中市,豐原區,0,1,0,7,2,6,40,4,1,1,5,4,6,6,1,1,4,4,5,1,17,2,8,2,4,C03,7,9,1,10,2,11,,84,84,1,12,4,120.725206,24.234601,2
435,66000,387130000C,(04)23274275,(04)23288582,2025,2,2,15,44,臺中市,西屯區,0,0,0,7,,,40,,,,,,,,,,,,,,12,,,,,B03,,,1,,2,,,50,50,1,13,4,120.644843,24.184066,3
436,66000,387130000C,(04)23274275,(04)23288582,2025,2,2,15,50,臺中市,東區,0,0,0,7,,,50,,,,,,,,,,,,,,13,,,,,B01,,,1,,2,,,7,7,1,12,4,120.689386,24.139527,3
437,66000,387130000C,(04)23274275,(04)23288582,2025,2,2,15,55,臺中市,大甲區,0,1,0,7,2,6,40,13,24,1,5,4,6,6,4,4,7,2,5,2,2,3,10,1,1,C03,7,9,1,10,2,11,,8,8,1,12,4,120.62388,24.345332,2
438,66000,387130000C,(04)23274275,(04)23288582,2025,2,2,15,56,臺中市,北區,0,0,0,7,,,50,,,,,,,,,,,,,,17,,,,,B03,,,1,,1,,,7,7,1,13,4,120.682904,24.143672,3
439,66000,387130000C,(04)23274275,(04)23288582,2025,2,2,15,58,臺中市,中區,0,3,0,7,2,6,50,4,1,1,5,4,6,6,1,1,10,5,5,2,17,2,9,2,1,C03,7,6,1,10,2,12,,23,23,1,12,4,120.674313,24.142858,2
440,66000,387130000C,(04)23274275,(04)23288582,2025,2,2,16,5,臺中市,南屯區,0,0,0,7,3,6,0,13,21,1,5,4,6,6,4,4,5,3,5,2,12,,,,,C03,,,1,,2,,,84,84,1,12,4,120.650094,24.143286,3
441,66000,387130000C,(04)23274275,(04)23288582,2025,2,2,16,7,臺中市,大里區,0,0,0,7,,,50,,,,,,,,,,,,,,,,,,,B03,,,1,,1,,,84,84,1,13,4,120.698908,24.089404,3
442,66000,387130000C,(04)23274275,(04)23288582,2025,2,2,16,10,臺中市,豐原區,0,0,0,7,2,6,50,5,9,1,5,4,6,6,4,4,1,4,5,2,13,3,10,3,1,B03,7,9,1,8,2,1,,7,7,1,12,4,120.719682,24.263986,3
443,66000,387130000C,(04)23274275,(04)23288582,2025,2,2,16,12,臺中市,南區,0,1,0,7,1,6,50,3,1,1,5,4,6,6,4,4,9,4,5,2,14,3,10,3,3,B03,7,2,1,8,2,3,,49,49,1,12,4,120.655321,24.117876,2
444,66000,387130000C,(04)23274275,(04)23288582,2025,2,2,16,14,臺中市,南屯區,0,0,0,7,,,50,,,,,,,,,,,,,,9,,,,,B03,,,1,,2,,,50,50,1,12,4,120.641228,24.129865,3
445,66000,387130000C,(04)23274275,(04)23288582,2025,2,2,16,17,臺中市,潭子區,0,1,0,7,3,6,50,4,1,1,5,4,6,6,3,1,5,4,4,2,13,2,9,1,1,C03,7,9,1,10,2,11,,84,84,1,12,4,120.701322,24.208425,2
446,66000,387130000C,(04)23274275,(04)23288582,2025,2,2,16,18,臺中市,西區,0,1,0,7,2,6,50,3,9,1,5,4,6,6,4,4,9,4,5,2,12,3,10,3,1,B03,7,7,1,8,2,6,,40,40,1,12,4,120.649893,24.146089,2
447,66000,387130000C,(04)23274275,(04)23288582,2025,2,2,16,18,臺中市,豐原區,0,1,0,7,2,6,50,5,1,1,5,4,6,6,1,1,5,4,4,2,12,3,10,3,1,B03,7,6,1,8,2,4,,48,48,1,12,4,120.721421,24.248931,2
448,66000,387130000C,(04)23274275,(04)23288582,2025,2,2,16,21,臺中市,北區,0,1,0,7,2,6,50,3,9,1,5,4,6,6,4,4,1,4,5,2,13,3,10,3,1,B03,7,9,1,2,2,1,,84,84,1,12,4,120.677068,24.152351,2
449,66000,387130000C,(04)23274275,(04)23288582,2025,2,2,16,22,臺中市,北屯區,0,0,0,7,,,50,,,,,,,,,,,,,,13,,,,,B03,,,1,8,1,,,7,7,1,6,4,120.696751,24.173273,3
450,66000,387130000C,(04)23274275,(04)23288582,2025,2,2,16,24,臺中市,沙鹿區,0,0,0,7,,,70,,,,,,,,,,,,,,13,,,,,B03,,,1,,2,,,7,7,1,6,4,120.587931,24.250139,3
451,66000,387130000C,(04)23274275,(04)23288582,2025,2,2,16,26,臺中市,東區,0,0,0,7,,,50,,,,,,,,,,,,,,13,,,,,C03,,,1,,1,,,59,59,1,12,2,120.686021,24.140131,3