序號,縣市別代碼,機關代碼,市話,傳真,年,月,日,時,分,縣市,區,死亡數量,受傷數量,2-30,天候,道路照明設備,道路類別,道路速限,道路型態,事故位置,路面鋪裝,路面狀態,路面缺陷,障礙物,視距,號誌種類,號誌動作,分向設施,快車道或一般車道間,快慢車道間,路面邊線,事故類型及型態,受傷程度,主要傷處,保護裝備,行動電話或功能裝置,當事者區分(類別),車輛用途,當事者行動狀態,駕照狀態,駕照種類,飲酒情形,車輛撞擊部位最初,車輛撞擊部位其他,肇事因素個別,肇事因素主要,肇事逃逸,職業,共享經濟或外送平台,GPS座標X,GPS座標Y,事故類別
452,66000,387130000C,(04)23274275,(04)23288582,2025,2,2,16,28,臺中市,新社區,0,0,0,7,,,30,,,,,,,,,,,,,,17,,,,,B03,,,1,,2,,,84,84,1,12,4,120.833408,24.155419,3
453,66000,387130000C,(04)23274275,(04)23288582,2025,2,2,16,29,臺中市,太平區,0,1,0,7,2,6,50,13,9,1,5,4,6,6,4,4,9,5,5,2,17,2,8,2,1,C03,7,9,1,10,2,11,,84,84,1,6,4,120.702448,24.154649,2
454,66000,387130000C,(04)23274275,(04)23288582,2025,2,2,16,30,臺中市,北屯區,0,0,0,7,,,,,,,,,,,,,,,,,17,,,,,,,,,,,,,119,119,1,,,120.691398,24.171158,3
455,66000,387130000C,(04)23274275,(04)23288582,2025,2,2,16,30,臺中市,北屯區,0,1,0,7,3,6,50,11,9,1,5,4,6,6,4,4,1,5,5,1,19,2,9,2,1,C03,7,6,2,19,2,12,,5,5,1,6,4,120.783593,24.205,2
456,66000,387130000C,(04)23274275,(04)23288582,2025,2,2,16,30,臺中市,清水區,0,0,0,7,,,50,,,,,,,,,,,,,,,,,,,B03,,,1,,1,,,40,40,1,12,4,120.571132,24.259066,3
457,66000,387130000C,(04)23274275,(04)23288582,2025,2,2,16,38,臺中市,清水區,0,0,0,7,2,6,50,13,9,1,5,4,6,6,4,4,8,3,5,1,21,,,,,B03,,,1,,1,,,43,43,1,12,4,120.575315,24.294911,3
458,66000,387130000C,(04)23274275,(04)23288582,2025,2,2,16,41,臺中市,南屯區,0,1,0,7,2,6,50,4,1,1,5,4,6,6,1,1,10,5,5,2,17,2,9,2,1,C03,7,6,1,10,2,12,,11,11,1,12,4,120.652944,24.135813,2
459,66000,387130000C,(04)23274275,(04)23288582,2025,2,2,16,41,臺中市,太平區,0,0,0,7,,,50,,,,,,,,,,,,,,16,,,,,C03,,,1,,2,,,51,51,1,12,4,120.717213,24.125342,3
460,66000,387130000C,(04)23274275,(04)23288582,2025,2,2,16,44,臺中市,大里區,0,1,0,7,2,6,60,13,12,1,5,4,6,6,3,1,3,4,4,2,16,3,10,3,1,B03,7,5,1,8,2,7,,47,47,1,13,4,120.690192,24.075802,2
461,66000,387130000C,(04)23274275,(04)23288582,2025,2,2,16,44,臺中市,豐原區,0,0,0,7,,,50,,,,,,,,,,,,,,17,,,,,B03,,,1,,1,,,85,85,1,12,4,120.711711,24.240067,3
462,66000,387130000C,(04)23274275,(04)23288582,2025,2,2,16,45,臺中市,太平區,0,0,0,7,,,50,,,,,,,,,,,,,,14,,,,,B03,,,1,,2,,,49,49,1,6,4,120.714306,24.126101,3
463,66000,387130000C,(04)23274275,(04)23288582,2025,2,2,16,46,臺中市,后里區,0,0,0,7,2,6,50,13,9,1,5,4,6,6,4,4,9,5,5,2,12,3,10,3,1,B03,7,9,1,8,2,2,,8,8,1,12,4,120.698812,24.316736,3
464,66000,387130000C,(04)23274275,(04)23288582,2025,2,2,16,47,臺中市,北屯區,0,1,0,7,2,6,50,13,9,1,5,4,6,6,4,4,1,4,5,2,18,2,9,1,1,C03,7,5,1,10,2,14,,82,82,1,6,4,120.694049,24.171062,2
465,66000,387130000C,(04)23274275,(04)23288582,2025,2,2,16,57,臺中市,龍井區,0,0,0,7,2,6,50,13,9,1,5,4,6,6,4,4,10,5,5,1,11,3,10,3,1,B03,7,9,1,8,1,4,,8,8,1,6,4,120.573366,24.180501,3
466,66000,387130000C,(04)23274275,(04)23288582,2025,2,2,17,7,臺中市,大里區,0,1,0,7,2,6,50,4,1,1,5,4,6,6,1,1,10,5,5,2,17,3,10,3,1,B03,7,6,1,8,2,2,,11,11,1,12,4,120.672306,24.114931,2
467,66000,387130000C,(04)23274275,(04)23288582,2025,2,2,17,7,臺中市,太平區,0,0,0,7,,,50,,,,,,,,,,,,,,17,,,,,B12,,,1,,2,,,78,78,1,6,5,120.720101,24.133524,3
468,66000,387130000C,(04)23274275,(04)23288582,2025,2,2,17,10,臺中市,中區,0,3,0,7,3,6,50,3,1,1,5,4,6,6,4,4,10,5,5,2,13,2,9,1,1,C03,7,9,1,10,2,11,,7,7,1,13,4,120.680574,24.143577,2
469,66000,387130000C,(04)23274275,(04)23288582,2025,2,2,17,15,臺中市,北區,0,0,0,7,,,50,,,,,,,,,,,,,,17,,,,,B03,,,1,,2,,,84,84,1,13,4,120.678976,24.148773,3
470,66000,387130000C,(04)23274275,(04)23288582,2025,2,2,17,25,臺中市,西區,0,0,0,7,,,0,,,,,,,,,,,,,,,,,,,C03,,,1,,9,,,85,85,1,12,4,120.665017,24.150601,3
471,66000,387130000C,(04)23274275,(04)23288582,2025,2,2,17,26,臺中市,南區,0,1,0,7,2,6,40,13,8,1,5,4,6,6,4,4,1,4,4,2,12,2,8,1,1,C03,7,9,1,10,2,12,,84,84,1,12,4,120.669952,24.11591,2
472,66000,387130000C,(04)23274275,(04)23288582,2025,2,2,17,26,臺中市,西屯區,0,0,0,7,,,50,,,,,,,,,,,,,,17,,,,,C03,,,1,,1,,,50,50,1,13,4,120.646839,24.175076,3
473,66000,387130000C,(04)23274275,(04)23288582,2025,2,2,17,33,臺中市,后里區,0,0,0,7,2,6,50,13,9,1,5,4,6,6,4,4,1,3,4,1,13,3,10,3,1,B12,7,9,5,19,2,1,,84,84,1,12,4,120.697555,24.313072,3
474,66000,387130000C,(04)23274275,(04)23288582,2025,2,2,17,34,臺中市,東區,0,0,0,7,,,50,,,,,,,,,,,,,,17,,,,,C03,,,1,,9,,,50,50,1,12,4,120.685714,24.134003,3
475,66000,387130000C,(04)23274275,(04)23288582,2025,2,2,17,36,臺中市,龍井區,0,1,0,6,3,6,70,4,1,1,5,4,6,6,1,1,10,5,5,2,16,3,10,3,1,B02,7,5,1,8,2,2,,11,11,1,6,4,120.537441,24.199941,2
476,66000,387130000C,(04)23274275,(04)23288582,2025,2,2,17,37,臺中市,北屯區,0,0,0,7,,,50,,,,,,,,,,,,,,,,,,,B03,,,1,,2,,,49,49,1,13,4,120.729951,24.175494,3
477,66000,387130000C,(04)23274275,(04)23288582,2025,2,2,17,44,臺中市,西區,0,0,0,7,,,50,,,,,,,,,,,,,,12,,,,,B03,,,1,,1,,,84,84,1,12,4,120.658934,24.150863,3
478,66000,387130000C,(04)23274275,(04)23288582,2025,2,2,17,45,臺中市,南屯區,0,1,0,7,1,6,50,3,9,1,5,4,6,6,4,4,1,3,4,2,17,3,10,3,1,B03,7,7,1,8,2,16,,85,85,1,12,4,120.647148,24.150243,2
479,66000,387130000C,(04)23274275,(04)23288582,2025,2,2,17,50,臺中市,烏日區,0,0,0,7,,,30,,,,,,,,,,,,,,14,,,,,A05,,,1,,9,,,49,49,1,6,4,120.658223,24.055877,3
480,66000,387130000C,(04)23274275,(04)23288582,2025,2,2,17,52,臺中市,太平區,0,1,0,7,3,6,50,13,7,1,5,4,6,6,4,4,5,2,4,1,13,3,10,3,1,B03,7,9,1,8,2,5,,7,7,1,6,4,120.726856,24.14982,2
481,66000,387130000C,(04)23274275,(04)23288582,2025,2,2,17,54,臺中市,西屯區,0,0,0,7,1,6,50,4,1,1,5,4,6,6,1,1,10,5,5,2,16,3,10,3,4,B03,7,6,1,8,2,6,,11,11,1,12,4,120.648294,24.167899,3
482,66000,387130000C,(04)23274275,(04)23288582,2025,2,2,17,57,臺中市,西區,0,2,0,7,1,6,50,4,1,1,5,4,5,6,1,1,1,4,1,2,17,2,9,1,1,C03,7,15,1,10,2,12,,84,84,1,12,4,120.659687,24.157317,2
483,66000,387130000C,(04)23274275,(04)23288582,2025,2,2,17,58,臺中市,北屯區,0,1,0,7,1,6,50,5,2,1,5,4,6,6,1,1,9,4,5,2,13,3,10,3,1,B03,7,9,1,8,2,1,,84,84,1,13,4,120.690367,24.170257,2
484,66000,387130000C,(04)23274275,(04)23288582,2025,2,2,18,0,臺中市,烏日區,0,1,0,7,2,6,50,5,1,1,5,4,6,6,2,1,5,4,4,2,13,2,9,1,1,C03,7,9,1,10,2,11,,7,7,1,6,4,120.64367,24.083361,2
485,66000,387130000C,(04)23274275,(04)23288582,2025,2,2,18,9,臺中市,潭子區,0,0,0,7,,,60,,,,,,,,,,,,,,,,,,,B03,,,1,,2,,,87,87,1,12,4,120.702264,24.193868,3
486,66000,387130000C,(04)23274275,(04)23288582,2025,2,2,18,11,臺中市,南屯區,0,0,0,7,,,50,,,,,,,,,,,,,,,,,,,B03,,,1,,1,,,48,48,1,12,4,120.639408,24.147022,3
487,66000,387130000C,(04)23274275,(04)23288582,2025,2,2,18,12,臺中市,霧峰區,0,0,0,7,,,50,,,,,,,,,,,,,,,,,,,B03,,,1,,1,,,49,49,1,6,4,120.696763,24.054989,3
488,66000,387130000C,(04)23274275,(04)23288582,2025,2,2,18,13,臺中市,北區,0,0,0,7,,,50,,,,,,,,,,,,,,17,,,,,B02,,,1,,1,,,7,7,1,13,4,120.68426,24.154172,4
489,66000,387130000C,(04)23274275,(04)23288582,2025,2,2,18,15,臺中市,北屯區,0,0,0,7,,,50,,,,,,,,,,,,,,12,,,,,B03,,,1,8,2,,,40,40,1,6,4,120.701735,24.18237,4
490,66000,387130000C,(04)23274275,(04)23288582,2025,2,2,18,17,臺中市,北區,0,0,0,7,,,30,,,,,,,,,,,,,,17,,,,,B03,,,1,,2,,,51,51,1,12,4,120.701532,24.158671,3
491,66000,387130000C,(04)23274275,(04)23288582,2025,2,2,18,17,臺中市,沙鹿區,0,0,0,7,,,40,,,,,,,,,,,,,,14,,,,,B12,,,1,,2,,,49,49,1,6,4,120.562635,24.23739,3
492,66000,387130000C,(04)23274275,(04)23288582,2025,2,2,18,24,臺中市,東區,0,0,0,7,,,50,,,,,,,,,,,,,,,,,,,B03,,,1,,1,,,7,7,1,13,4,120.691203,24.134727,3
493,66000,387130000C,(04)23274275,(04)23288582,2025,2,2,18,30,臺中市,大里區,0,0,0,7,,,50,,,,,,,,,,,,,,,,,,,B03,,,1,,2,,,45,45,1,13,4,120.702471,24.087356,3
494,66000,387130000C,(04)23274275,(04)23288582,2025,2,2,18,30,臺中市,石岡區,0,1,0,7,1,6,50,5,1,1,5,4,6,6,4,4,9,4,5,2,15,4,11,1,4,C03,7,9,1,10,9,11,,4,4,2,12,4,120.778105,24.275857,2
495,66000,387130000C,(04)23274275,(04)23288582,2025,2,2,18,35,臺中市,西區,0,0,0,7,,,50,,,,,,,,,,,,,,,,,,,B03,,,1,,1,,,84,84,1,13,4,120.658555,24.14937,3
496,66000,387130000C,(04)23274275,(04)23288582,2025,2,2,18,35,臺中市,北區,0,0,0,7,,,50,,,,,,,,,,,,,,17,,,,,C03,,,1,,1,,,7,7,1,13,4,120.685774,24.155892,3
497,66000,387130000C,(04)23274275,(04)23288582,2025,2,2,18,35,臺中市,北屯區,0,0,0,7,,,50,,,,,,,,,,,,,,13,,,,,B12,,,1,,2,,,84,84,1,6,4,120.701702,24.182653,3
498,66000,387130000C,(04)23274275,(04)23288582,2025,2,2,18,39,臺中市,南屯區,0,1,0,7,1,6,50,3,1,1,5,4,6,6,4,4,10,5,5,2,17,2,8,2,1,C03,7,5,1,10,2,13,,11,11,1,12,4,120.63938,24.147131,2
499,66000,387130000C,(04)23274275,(04)23288582,2025,2,2,18,40,臺中市,豐原區,0,0,0,7,,,50,,,,,,,,,,,,,,17,,,,,B03,,,1,,2,,,45,45,1,12,4,120.731211,24.242164,3
500,66000,387130000C,(04)23274275,(04)23288582,2025,2,2,18,45,臺中市,外埔區,0,1,0,7,1,6,50,5,2,1,5,4,6,6,1,2,5,5,5,1,12,3,10,3,1,B03,7,9,3,19,2,1,,84,84,1,12,4,120.655602,24.332259,2
501,66000,387130000C,(04)23274275,(04)23288582,2025,2,2,18,48,臺中市,西屯區,0,0,0,7,1,6,50,4,7,1,5,4,6,6,1,1,1,4,4,2,13,,,,,B03,,,1,,2,,,6,6,1,12,4,120.664099,24.172612,3
502,66000,387130000C,(04)23274275,(04)23288582,2025,2,2,18,48,臺中市,豐原區,0,2,0,7,1,6,50,13,9,1,5,4,6,6,4,4,9,5,5,2,14,3,10,3,1,B03,7,2,1,8,2,2,,49,49,1,12,4,120.722832,24.245825,2
503,66000,387130000C,(04)23274275,(04)23288582,2025,2,2,19,0,臺中市,西區,0,0,0,7,,,50,,,,,,,,,,,,,,,,,,,B02,,,1,,1,,,49,49,1,12,4,120.669562,24.137206,3
504,66000,387130000C,(04)23274275,(04)23288582,2025,2,2,19,3,臺中市,西屯區,0,0,0,7,,,40,,,,,,,,,,,,,,17,,,,,B03,,,1,,1,,,8,8,1,13,4,120.642767,24.178241,3
505,66000,387130000C,(04)23274275,(04)23288582,2025,2,2,19,3,臺中市,大里區,0,0,0,7,,,40,,,,,,,,,,,,,,,,,,,B03,,,1,,2,,,49,49,1,13,4,120.703813,24.08771,3
506,66000,387130000C,(04)23274275,(04)23288582,2025,2,2,19,6,臺中市,南屯區,0,2,0,7,1,6,50,4,2,1,5,4,6,6,2,1,5,5,4,2,16,2,9,2,4,C03,7,6,3,19,2,11,,39,39,1,6,4,120.610591,24.131987,2
507,66000,387130000C,(04)23274275,(04)23288582,2025,2,2,19,7,臺中市,北區,0,0,0,7,,,50,,,,,,,,,,,,,,17,,,,,B12,,,1,,2,,,51,51,1,13,4,120.678589,24.151509,4
508,66000,387130000C,(04)23274275,(04)23288582,2025,2,2,19,14,臺中市,梧棲區,0,0,0,7,,,50,,,,,,,,,,,,,,15,,,,,B03,,,1,,2,,,87,87,1,6,4,120.536221,24.257178,3
509,66000,387130000C,(04)23274275,(04)23288582,2025,2,2,19,27,臺中市,東區,0,1,0,7,1,6,50,4,9,1,5,4,6,6,4,4,5,5,5,2,17,3,10,5,4,B03,7,9,1,8,2,5,,84,84,1,6,4,120.689838,24.138339,2
510,66000,387130000C,(04)23274275,(04)23288582,2025,2,2,19,29,臺中市,大里區,0,0,0,7,,,50,,,,,,,,,,,,,,17,,,,,B03,,,1,,2,,,8,8,1,12,4,120.676681,24.11489,3
511,66000,387130000C,(04)23274275,(04)23288582,2025,2,2,19,33,臺中市,大甲區,0,1,0,7,1,6,50,4,1,1,5,4,6,6,1,1,10,5,5,2,16,3,10,3,1,B03,7,6,1,8,2,1,,11,11,1,6,4,120.620255,24.349609,2
512,66000,387130000C,(04)23274275,(04)23288582,2025,2,2,19,34,臺中市,北屯區,0,1,0,7,1,6,50,5,1,1,5,4,6,6,1,1,10,5,5,2,16,3,10,1,1,C03,7,6,1,10,2,12,,11,11,1,6,4,120.685058,24.190456,2
513,66000,387130000C,(04)23274275,(04)23288582,2025,2,2,19,39,臺中市,后里區,0,1,0,7,1,6,30,5,1,1,5,4,6,6,1,1,5,4,5,1,17,3,10,3,1,B03,7,6,1,7,2,6,,84,84,1,12,4,120.685731,24.315105,2
514,66000,387130000C,(04)23274275,(04)23288582,2025,2,2,19,41,臺中市,大肚區,0,0,0,7,,,30,,,,,,,,,,,,,,,,,,,B03,,,1,,2,,,49,49,1,12,4,120.543876,24.159887,3
515,66000,387130000C,(04)23274275,(04)23288582,2025,2,2,19,43,臺中市,北區,0,1,0,7,1,6,50,4,1,1,5,4,6,6,1,1,5,5,5,2,16,3,10,3,1,B03,7,6,1,8,2,2,,11,11,1,12,4,120.678453,24.161676,2
516,66000,387130000C,(04)23274275,(04)23288582,2025,2,2,19,46,臺中市,神岡區,0,0,0,7,,,40,,,,,,,,,,,,,,17,,,,,,,,,,,,,119,119,1,,,120.684827,24.244523,3
517,66000,387130000C,(04)23274275,(04)23288582,2025,2,2,19,53,臺中市,西屯區,0,0,0,7,,,50,,,,,,,,,,,,,,12,,,,,B03,,,1,,2,,,84,84,1,13,4,120.616584,24.174026,3
518,66000,387130000C,(04)23274275,(04)23288582,2025,2,2,19,55,臺中市,北屯區,0,0,0,7,,,50,,,,,,,,,,,,,,16,,,,,B03,,,1,,1,,,14,14,1,12,4,120.695482,24.165253,3
519,66000,387130000C,(04)23274275,(04)23288582,2025,2,2,20,0,臺中市,清水區,0,0,0,7,,,30,,,,,,,,,,,,,,,,,,,B03,,,1,,1,,,49,49,1,12,4,120.556482,24.317711,3
520,66000,387130000C,(04)23274275,(04)23288582,2025,2,2,20,1,臺中市,清水區,0,1,0,7,1,6,50,5,1,1,5,4,6,6,2,1,1,4,4,2,16,2,8,1,1,C03,7,5,1,10,11,11,,22,22,1,12,4,120.577132,24.275718,2
521,66000,387130000C,(04)23274275,(04)23288582,2025,2,2,20,9,臺中市,南屯區,0,0,0,7,,,50,,,,,,,,,,,,,,,,,,,B03,,,1,,1,,,84,84,1,12,4,120.62582,24.144956,3
522,66000,387130000C,(04)23274275,(04)23288582,2025,2,2,20,10,臺中市,沙鹿區,0,1,0,7,2,6,50,3,9,1,5,4,6,6,4,4,1,3,4,2,12,3,10,3,1,B03,7,5,1,8,2,2,,14,14,1,12,4,120.567948,24.226806,2
523,66000,387130000C,(04)23274275,(04)23288582,2025,2,2,20,16,臺中市,大里區,0,0,0,7,,,30,,,,,,,,,,,,,,,,,,,B03,,,1,,9,,,87,87,1,12,4,120.682629,24.09968,3
524,66000,387130000C,(04)23274275,(04)23288582,2025,2,2,20,25,臺中市,南屯區,0,0,0,7,1,6,30,13,9,1,5,4,6,6,4,4,10,5,5,2,12,,,,,B03,,,1,,2,,,8,8,1,12,4,120.629486,24.153558,3
525,66000,387130000C,(04)23274275,(04)23288582,2025,2,2,20,26,臺中市,西區,0,0,0,7,,,30,,,,,,,,,,,,,,14,,,,,B03,,,1,,2,,,49,49,1,12,4,120.660072,24.153788,3
526,66000,387130000C,(04)23274275,(04)23288582,2025,2,2,20,27,臺中市,烏日區,0,0,0,7,,,50,,,,,,,,,,,,,,14,,,,,B03,,,1,,9,,,51,51,1,6,4,120.633977,24.107694,3
527,66000,387130000C,(04)23274275,(04)23288582,2025,2,2,20,28,臺中市,大雅區,0,0,0,7,,,30,,,,,,,,,,,,,,,,,,,C03,,,1,,1,,,14,14,1,12,4,120.66584,24.223539,3
528,66000,387130000C,(04)23274275,(04)23288582,2025,2,2,20,48,臺中市,西屯區,0,0,0,7,1,6,50,13,8,1,5,4,6,6,4,4,4,3,4,1,17,3,10,5,4,B03,7,13,1,8,1,7,,86,86,1,12,4,120.610086,24.186892,3
529,66000,387130000C,(04)23274275,(04)23288582,2025,2,2,20,59,臺中市,西屯區,0,0,0,7,,,30,,,,,,,,,,,,,,11,,,,,B03,,,1,,1,,,8,8,1,12,4,120.652765,24.172821,3
530,66000,387130000C,(04)23274275,(04)23288582,2025,2,2,21,11,臺中市,大里區,0,0,0,7,,,50,,,,,,,,,,,,,,17,,,,,B03,,,1,,2,,,49,49,1,12,4,120.690863,24.100923,3
531,66000,387130000C,(04)23274275,(04)23288582,2025,2,2,21,19,臺中市,北區,0,0,0,7,,,30,,,,,,,,,,,,,,17,,,,,C03,,,1,,1,,,84,84,1,13,4,120.683701,24.146852,3
532,66000,387130000C,(04)23274275,(04)23288582,2025,2,2,21,21,臺中市,南區,0,0,0,7,,,50,,,,,,,,,,,,,,13,,,,,B03,,,1,,1,,,84,84,1,12,4,120.648654,24.119707,3
533,66000,387130000C,(04)23274275,(04)23288582,2025,2,2,21,30,臺中市,太平區,0,1,0,7,1,6,50,3,1,1,5,4,6,6,4,4,10,5,5,2,28,,,,,,,,,,,,,118,118,1,,,120.734489,24.134202,2
534,66000,387130000C,(04)23274275,(04)23288582,2025,2,2,21,43,臺中市,北屯區,0,0,0,7,,,50,,,,,,,,,,,,,,,,,,,B03,,,1,,1,,,84,84,1,13,4,120.700044,24.179311,3
535,66000,387130000C,(04)23274275,(04)23288582,2025,2,2,21,56,臺中市,東區,0,0,0,7,,,50,,,,,,,,,,,,,,,,,,,B03,,,1,,2,,,7,7,1,13,4,120.700586,24.134123,3
536,66000,387130000C,(04)23274275,(04)23288582,2025,2,2,22,2,臺中市,北區,0,1,0,7,1,6,50,4,7,1,5,4,6,6,2,1,1,4,4,2,3,3,10,3,1,B02,7,6,1,8,2,4,,10,10,1,13,4,120.674905,24.161646,2
537,66000,387130000C,(04)23274275,(04)23288582,2025,2,2,22,22,臺中市,北屯區,0,1,0,7,1,6,50,4,2,1,5,4,6,6,1,1,9,4,4,2,12,3,10,3,1,B03,7,5,1,8,2,2,,47,47,1,13,4,120.73336,24.161206,2
538,66000,387130000C,(04)23274275,(04)23288582,2025,2,2,22,51,臺中市,中區,0,2,0,7,1,6,50,4,1,1,5,4,6,6,1,1,10,5,5,2,17,2,9,2,1,C03,7,5,1,10,2,13,,47,47,1,13,4,120.676551,24.145028,2
539,66000,387130000C,(04)23274275,(04)23288582,2025,2,2,23,0,臺中市,南屯區,0,0,0,7,1,6,50,13,9,1,5,4,6,6,4,4,5,4,5,2,17,,,,,C03,,,1,,1,,,87,87,1,12,4,120.633352,24.148897,3
540,66000,387130000C,(04)23274275,(04)23288582,2025,2,2,23,7,臺中市,太平區,0,2,0,7,1,6,50,5,1,1,5,4,6,6,2,1,10,5,5,2,13,2,9,2,1,C03,7,6,1,10,2,11,,84,84,1,12,4,120.705978,24.149223,2
541,66000,387130000C,(04)23274275,(04)23288582,2025,2,2,23,9,臺中市,西屯區,0,0,0,7,,,30,,,,,,,,,,,,,,14,,,,,B03,,,1,,2,,,49,49,1,12,4,120.646289,24.182829,3
542,66000,387130000C,(04)23274275,(04)23288582,2025,2,2,23,36,臺中市,西區,0,0,0,7,,,50,,,,,,,,,,,,,,,,,,,B03,,,3,,2,,,51,51,1,12,4,120.660026,24.152109,3
543,66000,387130000C,(04)23274275,(04)23288582,2025,2,2,23,38,臺中市,北屯區,0,0,0,7,,,40,,,,,,,,,,,,,,,,,,,C03,,,1,,2,,,84,84,1,12,4,120.669787,24.177718,3
544,66000,387130000C,(04)23274275,(04)23288582,2025,2,2,23,40,臺中市,霧峰區,0,0,0,6,,,60,,,,,,,,,,,,,,,,,,,,,,,,,,,119,119,1,,,120.697711,24.071045,3
545,66000,387130000C,(04)23274275,(04)23288582,2025,2,3,0,11,臺中市,龍井區,0,1,0,7,1,6,30,4,1,1,5,4,6,6,3,1,10,5,5,2,16,3,10,3,1,B03,7,5,1,8,2,4,,11,11,1,6,4,120.582893,24.178814,2
546,66000,387130000C,(04)23274275,(04)23288582,2025,2,3,0,13,臺中市,烏日區,0,0,0,7,,,30,,,,,,,,,,,,,,,,,,,B03,,,1,,2,,,49,49,1,6,4,120.64429,24.0733,3
547,66000,387130000C,(04)23274275,(04)23288582,2025,2,3,0,17,臺中市,南區,0,0,0,7,,,30,,,,,,,,,,,,,,,,,,,B03,,,1,,2,,,49,49,1,6,4,120.68047,24.120705,3
548,66000,387130000C,(04)23274275,(04)23288582,2025,2,3,0,35,臺中市,北屯區,0,1,0,7,1,6,80,13,7,1,5,4,6,6,4,4,1,4,5,1,13,2,9,3,1,B01,7,9,1,4,2,8,,84,84,1,12,4,120.68847,24.201012,2
549,66000,387130000C,(04)23274275,(04)23288582,2025,2,3,1,48,臺中市,南屯區,0,1,0,7,1,6,40,13,8,1,5,4,6,6,4,4,1,4,4,2,17,3,10,2,4,C03,7,9,1,10,2,16,,68,68,1,6,4,120.624655,24.145044,2
550,66000,387130000C,(04)23274275,(04)23288582,2025,2,3,3,31,臺中市,北區,0,0,0,7,,,50,,,,,,,,,,,,,,,,,,,B03,,,1,,2,,,49,49,1,13,4,120.681283,24.152932,3
551,66000,387130000C,(04)23274275,(04)23288582,2025,2,3,4,21,臺中市,北區,0,0,0,7,,,50,,,,,,,,,,,,,,16,,,,,C03,,,1,,2,,,40,40,1,13,4,120.685456,24.163099,3
552,66000,387130000C,(04)23274275,(04)23288582,2025,2,3,6,8,臺中市,北區,0,4,0,7,1,6,40,13,9,1,5,4,6,6,4,4,1,4,4,2,9,2,9,1,1,C03,7,15,1,10,2,11,,84,84,1,13,4,120.672122,24.170839,2
553,66000,387130000C,(04)23274275,(04)23288582,2025,2,3,6,14,臺中市,北區,0,2,0,7,1,6,50,4,19,1,5,4,6,6,2,1,1,4,4,2,3,3,10,3,1,B03,7,6,1,8,2,8,,10,10,1,13,4,120.672574,24.170091,2
554,66000,387130000C,(04)23274275,(04)23288582,2025,2,3,6,17,臺中市,神岡區,0,1,0,6,1,6,50,5,1,1,5,4,6,6,1,1,5,4,5,2,13,3,10,5,4,B03,7,9,1,8,2,1,,84,84,1,12,4,120.664207,24.258269,2
555,66000,387130000C,(04)23274275,(04)23288582,2025,2,3,6,32,臺中市,新社區,0,0,0,7,,,50,,,,,,,,,,,,,,12,,,,,B03,,,1,,2,,,34,34,1,12,4,120.808165,24.245196,3
556,66000,387130000C,(04)23274275,(04)23288582,2025,2,3,6,33,臺中市,龍井區,0,0,0,6,,,60,,,,,,,,,,,,,,13,,,,,B03,,,1,,1,,,59,59,1,6,4,120.58191,24.175802,3
557,66000,387130000C,(04)23274275,(04)23288582,2025,2,3,6,40,臺中市,東區,0,0,0,7,,,50,,,,,,,,,,,,,,,,,,,B03,,,1,,1,,,51,51,1,6,4,120.705482,24.132204,3
558,66000,387130000C,(04)23274275,(04)23288582,2025,2,3,6,45,臺中市,大雅區,0,1,0,6,1,6,50,4,1,1,5,1,6,6,2,1,5,4,5,1,1,3,10,3,1,B03,7,6,1,8,2,1,,10,10,1,13,4,120.645309,24.22193,2
559,66000,387130000C,(04)23274275,(04)23288582,2025,2,3,6,48,臺中市,北屯區,0,0,0,7,,,60,,,,,,,,,,,,,,,,,,,B03,,,1,,2,,,84,84,1,12,4,120.714414,24.164112,3
560,66000,387130000C,(04)23274275,(04)23288582,2025,2,3,6,49,臺中市,沙鹿區,0,1,0,6,1,6,50,13,9,1,5,4,6,6,4,4,5,5,5,1,12,2,9,1,1,C03,7,1,1,10,2,14,,51,51,1,12,4,120.566598,24.236147,2
561,66000,387130000C,(04)23274275,(04)23288582,2025,2,3,6,52,臺中市,東區,0,0,0,7,,,50,,,,,,,,,,,,,,,,,,,B02,,,1,,2,,,34,34,1,6,4,120.694606,24.140412,3
562,66000,387130000C,(04)23274275,(04)23288582,2025,2,3,6,53,臺中市,大里區,0,4,0,6,3,6,40,13,9,1,5,4,6,6,4,4,1,4,5,1,13,2,9,1,1,C03,7,9,1,9,2,11,,7,7,1,6,4,120.68975,24.096648,2
563,66000,387130000C,(04)23274275,(04)23288582,2025,2,3,6,56,臺中市,北屯區,0,1,0,7,3,6,50,4,1,1,5,4,6,6,1,1,10,5,5,2,18,2,9,2,1,C03,7,9,1,10,2,12,,59,59,1,13,4,120.698434,24.172629,2
564,66000,387130000C,(04)23274275,(04)23288582,2025,2,3,7,12,臺中市,南屯區,0,0,0,5,,,50,,,,,,,,,,,,,,13,,,,,C03,,,1,,1,,,7,7,1,12,4,120.613314,24.13972,3
565,66000,387130000C,(04)23274275,(04)23288582,2025,2,3,7,13,臺中市,石岡區,0,0,0,7,,,50,,,,,,,,,,,,,,16,,,,,B03,,,1,,2,,,12,12,1,12,4,120.815775,24.259243,3