序號,縣市別代碼,機關代碼,市話,傳真,年,月,日,時,分,縣市,區,死亡數量,受傷數量,2-30,天候,道路照明設備,道路類別,道路速限,道路型態,事故位置,路面鋪裝,路面狀態,路面缺陷,障礙物,視距,號誌種類,號誌動作,分向設施,快車道或一般車道間,快慢車道間,路面邊線,事故類型及型態,受傷程度,主要傷處,保護裝備,行動電話或功能裝置,當事者區分(類別),車輛用途,當事者行動狀態,駕照狀態,駕照種類,飲酒情形,車輛撞擊部位最初,車輛撞擊部位其他,肇事因素個別,肇事因素主要,肇事逃逸,職業,共享經濟或外送平台,GPS座標X,GPS座標Y,事故類別
679,66000,387130000C,(04)23274275,(04)23288582,2025,2,3,11,9,臺中市,豐原區,0,0,0,7,,6,50,13,9,1,5,4,6,6,3,1,9,4,5,2,14,3,10,5,4,B03,7,2,1,8,2,3,,49,49,1,13,4,120.730258,24.248733,3
680,66000,387130000C,(04)23274275,(04)23288582,2025,2,3,11,11,臺中市,太平區,0,0,0,7,2,6,30,,,,,,,,,,,,,,,,,,,B03,,,1,,2,2,,84,84,1,12,4,120.739717,24.158554,3
681,66000,387130000C,(04)23274275,(04)23288582,2025,2,3,11,21,臺中市,北屯區,0,0,0,7,,,50,,,,,,,,,,,,,,,,,,,B13,,,1,,1,,,84,84,1,13,4,120.685993,24.185995,3
682,66000,387130000C,(04)23274275,(04)23288582,2025,2,3,11,25,臺中市,中區,0,0,0,7,,,50,,,,,,,,,,,,,,17,,,,,B12,,,1,,9,,,51,51,1,12,4,120.680817,24.140162,3
683,66000,387130000C,(04)23274275,(04)23288582,2025,2,3,11,27,臺中市,西屯區,0,0,0,7,,,50,,,,,,,,,,,,,,12,,,,,B12,,,1,,1,,,8,8,1,12,4,120.625192,24.185093,4
684,66000,387130000C,(04)23274275,(04)23288582,2025,2,3,11,30,臺中市,大雅區,0,1,0,6,1,6,50,4,1,1,5,4,6,6,4,4,5,5,5,1,17,2,8,1,1,C03,7,15,1,11,2,11,,39,39,1,13,4,120.652948,24.22618,2
685,66000,387130000C,(04)23274275,(04)23288582,2025,2,3,11,30,臺中市,豐原區,0,0,0,7,,,50,,,,,,,,,,,,,,17,,,,,B03,,,1,,2,,,50,50,1,13,4,120.731194,24.249355,3
686,66000,387130000C,(04)23274275,(04)23288582,2025,2,3,11,31,臺中市,龍井區,0,0,0,6,,,30,,,,,,,,,,,,,,,,,,,B03,,,1,,2,,,47,47,1,6,4,120.545542,24.190616,3
687,66000,387130000C,(04)23274275,(04)23288582,2025,2,3,11,32,臺中市,霧峰區,0,0,0,7,,,30,,,,,,,,,,,,,,30,,,,,,,,,,,,,119,119,1,,,120.708827,24.083378,3
688,66000,387130000C,(04)23274275,(04)23288582,2025,2,3,11,39,臺中市,北屯區,0,2,0,7,2,6,50,13,9,1,5,4,6,6,4,4,9,3,5,2,17,2,8,2,1,C03,7,2,1,10,2,13,12,49,49,1,13,4,120.691366,24.171992,2
689,66000,387130000C,(04)23274275,(04)23288582,2025,2,3,11,40,臺中市,烏日區,0,1,0,7,2,6,30,13,8,1,5,4,6,6,4,4,10,4,4,2,12,3,10,3,1,B03,7,7,1,8,2,2,,40,40,1,6,4,120.616397,24.112874,2
690,66000,387130000C,(04)23274275,(04)23288582,2025,2,3,11,41,臺中市,大里區,0,2,0,7,3,6,30,4,1,1,5,4,6,6,4,4,5,5,5,2,16,2,8,1,1,C03,7,6,1,10,2,14,,14,14,1,13,4,120.704086,24.106604,2
691,66000,387130000C,(04)23274275,(04)23288582,2025,2,3,11,41,臺中市,大甲區,0,1,0,7,2,6,40,3,1,1,5,4,6,6,4,4,6,1,5,2,15,3,10,3,1,B03,7,15,1,8,2,4,,48,48,1,12,4,120.652735,24.403076,2
692,66000,387130000C,(04)23274275,(04)23288582,2025,2,3,11,45,臺中市,清水區,0,0,0,6,,,60,,,,,,,,,,,,,,,,,,,B03,,,1,,2,,,58,58,1,12,4,120.552093,24.29311,3
693,66000,387130000C,(04)23274275,(04)23288582,2025,2,3,11,45,臺中市,清水區,0,0,0,7,,,50,,,,,,,,,,,,,,12,,,,,B03,,,1,,2,,,8,8,1,12,4,120.574497,24.269276,3
694,66000,387130000C,(04)23274275,(04)23288582,2025,2,3,11,50,臺中市,豐原區,0,0,0,5,,,40,,,,,,,,,,,,,,14,,,,,C03,,,1,,2,,,49,49,1,13,2,120.721672,24.253026,3
695,66000,387130000C,(04)23274275,(04)23288582,2025,2,3,11,54,臺中市,霧峰區,0,1,0,6,2,6,50,3,1,1,5,4,6,6,4,4,5,5,5,1,16,3,10,1,1,C03,7,5,1,10,2,13,,47,47,1,6,4,120.714906,24.076165,2
696,66000,387130000C,(04)23274275,(04)23288582,2025,2,3,11,55,臺中市,烏日區,0,0,0,7,,,50,,,,,,,,,,,,,,,,,,,B03,,,1,,1,,,7,7,1,13,4,120.646232,24.110101,3
697,66000,387130000C,(04)23274275,(04)23288582,2025,2,3,12,1,臺中市,梧棲區,0,0,0,7,3,6,60,13,7,1,5,4,6,6,4,4,1,4,1,1,13,3,10,3,1,B03,7,9,3,10,7,1,,7,7,1,6,4,120.539403,24.257124,3
698,66000,387130000C,(04)23274275,(04)23288582,2025,2,3,12,6,臺中市,豐原區,0,0,0,7,,,50,,,,,,,,,,,,,,17,,,,,B03,,,1,,1,,,76,76,1,13,4,120.709818,24.244448,3
699,66000,387130000C,(04)23274275,(04)23288582,2025,2,3,12,8,臺中市,霧峰區,0,0,0,7,,,50,,,,,,,,,,,,,,17,,,,,C03,,,1,,2,,,84,84,1,6,2,120.697001,24.069911,3
700,66000,387130000C,(04)23274275,(04)23288582,2025,2,3,12,10,臺中市,西區,0,1,0,7,2,6,50,5,1,1,5,4,6,6,1,1,10,5,5,2,17,3,10,3,1,B03,7,5,1,8,2,16,,38,38,1,12,4,120.669779,24.150582,2
701,66000,387130000C,(04)23274275,(04)23288582,2025,2,3,12,10,臺中市,沙鹿區,0,0,0,7,,,60,,,,,,,,,,,,,,,,,,,C03,,,1,,2,,,38,38,1,5,4,120.566694,24.204254,3
702,66000,387130000C,(04)23274275,(04)23288582,2025,2,3,12,17,臺中市,梧棲區,0,1,0,7,3,6,50,13,8,1,5,4,6,6,4,4,5,4,4,2,13,3,10,1,1,C03,7,9,1,10,2,11,,7,7,1,6,4,120.532272,24.259545,2
703,66000,387130000C,(04)23274275,(04)23288582,2025,2,3,12,18,臺中市,南區,0,1,0,7,2,6,50,4,4,1,5,4,6,6,2,1,1,4,5,2,13,2,8,2,1,C03,7,9,1,10,2,11,,7,7,1,12,4,120.667098,24.119164,2
704,66000,387130000C,(04)23274275,(04)23288582,2025,2,3,12,19,臺中市,北區,0,0,0,7,,,50,,,,,,,,,,,,,,17,,,,,C03,,,6,,1,,,85,85,1,13,4,120.673515,24.16678,4
705,66000,387130000C,(04)23274275,(04)23288582,2025,2,3,12,21,臺中市,大里區,0,1,0,7,2,6,50,13,9,1,5,4,6,6,1,1,5,5,5,2,13,3,10,3,1,B03,7,9,1,8,2,5,,84,84,1,12,4,120.6846,24.115063,2
706,66000,387130000C,(04)23274275,(04)23288582,2025,2,3,12,21,臺中市,大甲區,0,0,0,7,,,40,,,,,,,,,,,,,,,,,,,B03,,,1,,1,,,47,47,1,12,4,120.632664,24.345852,3
707,66000,387130000C,(04)23274275,(04)23288582,2025,2,3,12,24,臺中市,北屯區,0,2,0,6,3,6,50,3,1,1,5,4,6,6,4,4,10,5,5,2,16,2,9,2,1,C03,7,6,1,10,2,12,,85,85,1,5,4,120.685661,24.193474,2
708,66000,387130000C,(04)23274275,(04)23288582,2025,2,3,12,24,臺中市,西屯區,0,1,0,7,2,6,50,13,9,1,5,4,6,6,4,4,5,4,5,2,16,3,10,5,4,C03,7,5,1,10,2,11,,65,65,1,13,4,120.628969,24.205105,2
709,66000,387130000C,(04)23274275,(04)23288582,2025,2,3,12,26,臺中市,南屯區,0,0,0,6,,,50,,,,,,,,,,,,,,16,,,,,B03,,,1,,2,,,45,45,1,13,4,120.633955,24.145864,3
710,66000,387130000C,(04)23274275,(04)23288582,2025,2,3,12,28,臺中市,西屯區,0,0,0,6,,,50,,,,,,,,,,,,,,17,,,,,B03,,,1,,1,,,51,51,1,12,4,120.608099,24.187011,4
711,66000,387130000C,(04)23274275,(04)23288582,2025,2,3,12,33,臺中市,北屯區,0,3,0,7,2,6,50,13,7,1,5,4,6,6,4,4,5,4,4,2,3,2,9,6,5,H01,8,16,7,21,10,17,,95,95,1,12,5,120.669749,24.177367,2
712,66000,387130000C,(04)23274275,(04)23288582,2025,2,3,12,35,臺中市,烏日區,0,2,0,7,2,6,30,3,1,1,5,4,6,1,4,4,10,5,5,2,11,3,10,3,1,B03,7,9,1,8,2,4,,41,41,1,6,4,120.606215,24.118328,2
713,66000,387130000C,(04)23274275,(04)23288582,2025,2,3,12,37,臺中市,東區,0,1,0,7,2,6,50,13,9,1,5,4,6,6,1,1,10,3,5,2,18,2,9,4,1,F01,7,9,7,21,2,11,,88,88,1,13,3,120.683884,24.134952,2
714,66000,387130000C,(04)23274275,(04)23288582,2025,2,3,12,37,臺中市,北屯區,0,0,0,7,,,50,,,,,,,,,,,,,,13,,,,,C03,,,1,,1,,,7,7,1,6,4,120.692848,24.16292,4
715,66000,387130000C,(04)23274275,(04)23288582,2025,2,3,12,39,臺中市,沙鹿區,0,1,0,7,3,6,50,13,9,1,5,4,6,6,4,4,5,4,4,2,13,2,9,2,1,C03,7,12,1,9,2,11,,7,7,1,13,4,120.569198,24.237026,2
716,66000,387130000C,(04)23274275,(04)23288582,2025,2,3,12,41,臺中市,大甲區,0,0,0,7,3,2,70,4,2,1,5,4,6,6,1,1,1,1,5,1,13,3,10,3,1,B03,7,6,1,8,2,1,,59,59,1,12,4,120.617067,24.349152,3
717,66000,387130000C,(04)23274275,(04)23288582,2025,2,3,12,44,臺中市,南區,0,2,0,7,2,6,50,4,1,1,5,4,6,6,1,1,9,4,4,2,17,2,9,1,1,C03,7,15,1,10,2,12,,47,47,1,12,4,120.666256,24.12295,2
718,66000,387130000C,(04)23274275,(04)23288582,2025,2,3,12,46,臺中市,北區,0,0,0,7,,,50,,,,,,,,,,,,,,13,,,,,B02,,,1,,1,,,59,59,1,12,4,120.684995,24.160416,3
719,66000,387130000C,(04)23274275,(04)23288582,2025,2,3,12,46,臺中市,東區,0,1,0,6,3,6,50,5,1,1,5,4,6,6,2,1,10,5,5,2,13,2,9,2,1,C03,7,9,1,10,2,11,,84,84,1,13,4,120.694574,24.142686,2
720,66000,387130000C,(04)23274275,(04)23288582,2025,2,3,12,46,臺中市,北屯區,0,2,0,6,2,6,50,4,1,1,5,4,6,6,2,1,10,5,5,2,12,2,9,1,1,C03,7,9,1,10,2,14,,84,84,1,12,4,120.685679,24.175769,2
721,66000,387130000C,(04)23274275,(04)23288582,2025,2,3,12,50,臺中市,北屯區,0,0,0,7,,,50,,,,,,,,,,,,,,13,,,,,B03,,,1,,2,,,45,45,1,13,4,120.704707,24.16941,3
722,66000,387130000C,(04)23274275,(04)23288582,2025,2,3,12,50,臺中市,西屯區,0,0,0,6,,,50,,,,,,,,,,,,,,12,,,,,C03,,,1,,2,,,40,40,1,12,4,120.649772,24.163283,3
723,66000,387130000C,(04)23274275,(04)23288582,2025,2,3,12,50,臺中市,大里區,0,0,0,7,,,60,,,,,,,,,,,,,,20,,,,,B03,,,1,,2,,,54,54,1,6,4,120.700875,24.121138,3
724,66000,387130000C,(04)23274275,(04)23288582,2025,2,3,12,58,臺中市,北屯區,0,1,0,7,1,6,30,3,1,1,5,4,6,6,4,4,10,5,5,2,17,3,10,5,4,B03,7,6,1,8,2,8,,14,14,1,13,4,120.660122,24.193829,2
725,66000,387130000C,(04)23274275,(04)23288582,2025,2,3,13,2,臺中市,西區,0,1,0,7,1,6,50,4,1,1,5,4,6,6,1,1,10,5,5,1,17,3,10,5,4,B03,7,6,1,8,2,8,,11,11,1,12,4,120.652997,24.146726,2
726,66000,387130000C,(04)23274275,(04)23288582,2025,2,3,13,3,臺中市,中區,0,0,0,7,,,50,,,,,,,,,,,,,,17,,,,,B03,,,1,,1,,,51,51,1,12,4,120.681818,24.14026,3
727,66000,387130000C,(04)23274275,(04)23288582,2025,2,3,13,7,臺中市,北屯區,0,1,0,7,3,6,30,4,1,1,5,4,6,6,4,4,10,5,5,2,15,2,9,1,1,C03,7,9,1,10,2,12,,15,15,1,12,4,120.662692,24.198686,2
728,66000,387130000C,(04)23274275,(04)23288582,2025,2,3,13,12,臺中市,中區,0,0,0,7,,,50,,,,,,,,,,,,,,13,,,,,B01,,,1,,1,,,7,7,1,12,4,120.685721,24.143193,3
729,66000,387130000C,(04)23274275,(04)23288582,2025,2,3,13,20,臺中市,神岡區,0,0,0,7,,,30,,,,,,,,,,,,,,14,,,,,B12,,,1,,1,,,49,49,1,13,4,120.682593,24.250731,3
730,66000,387130000C,(04)23274275,(04)23288582,2025,2,3,13,32,臺中市,清水區,0,0,0,6,,,40,,,,,,,,,,,,,,,,,,,A41,,,1,,2,,,51,51,1,12,4,120.540365,24.289011,3
731,66000,387130000C,(04)23274275,(04)23288582,2025,2,3,13,33,臺中市,東區,0,0,0,7,,,50,,,,,,,,,,,,,,14,,,,,B03,,,1,,1,,,84,84,1,13,4,120.705796,24.144294,3
732,66000,387130000C,(04)23274275,(04)23288582,2025,2,3,13,34,臺中市,西屯區,0,1,0,6,2,6,30,4,1,1,5,4,6,6,4,4,10,5,5,2,15,3,10,1,4,C03,7,9,1,10,2,11,,15,15,1,13,4,120.644166,24.180142,2
733,66000,387130000C,(04)23274275,(04)23288582,2025,2,3,13,36,臺中市,神岡區,0,0,0,7,,,50,,,,,,,,,,,,,,12,,,,,B03,,,1,,1,,,84,84,1,13,4,120.656626,24.250868,3
734,66000,387130000C,(04)23274275,(04)23288582,2025,2,3,13,38,臺中市,后里區,0,1,0,6,2,6,50,13,9,1,5,4,6,6,4,4,9,5,5,1,20,2,1,3,1,B03,7,9,1,8,2,5,,6,6,1,12,4,120.67617,24.310544,2
735,66000,387130000C,(04)23274275,(04)23288582,2025,2,3,13,43,臺中市,西屯區,0,0,0,7,,,50,,,,,,,,,,,,,,16,,,,,B02,,,1,,1,,,11,11,1,13,4,120.653372,24.203622,3
736,66000,387130000C,(04)23274275,(04)23288582,2025,2,3,13,45,臺中市,西區,0,2,0,7,3,6,30,4,1,1,5,4,6,6,4,4,10,5,5,2,15,2,9,1,1,C03,7,9,1,10,2,13,,15,15,1,13,4,120.659521,24.148663,2
737,66000,387130000C,(04)23274275,(04)23288582,2025,2,3,13,59,臺中市,大里區,0,0,0,7,,,30,,,,,,,,,,,,,,17,,,,,B03,,,1,8,11,,,84,84,1,13,4,120.702479,24.0912,3
738,66000,387130000C,(04)23274275,(04)23288582,2025,2,3,14,0,臺中市,沙鹿區,0,1,0,6,2,6,40,13,8,1,5,4,6,6,4,4,5,4,4,2,17,3,10,3,1,B03,7,1,1,8,2,4,,51,51,1,13,4,120.574622,24.207626,2
739,66000,387130000C,(04)23274275,(04)23288582,2025,2,3,14,3,臺中市,龍井區,0,0,0,7,,,30,,,,,,,,,,,,,,,,,,,B03,,,1,,2,,,84,84,1,6,4,120.546948,24.199033,3
740,66000,387130000C,(04)23274275,(04)23288582,2025,2,3,14,7,臺中市,北區,0,0,0,7,,,50,,,,,,,,,,,,,,13,,,,,C04,,,1,,2,,,7,7,1,13,4,120.684805,24.152243,3
741,66000,387130000C,(04)23274275,(04)23288582,2025,2,3,14,7,臺中市,北屯區,0,0,0,7,,,50,,,,,,,,,,,,,,23,,,,,B03,,,1,,1,,,82,82,1,6,4,120.663153,24.187345,3
742,66000,387130000C,(04)23274275,(04)23288582,2025,2,3,14,11,臺中市,北區,0,2,0,7,2,6,50,13,9,1,5,4,6,6,4,4,8,3,5,1,17,2,9,1,1,C03,7,1,1,10,2,11,,51,51,1,13,4,120.682434,24.161956,2
743,66000,387130000C,(04)23274275,(04)23288582,2025,2,3,14,12,臺中市,豐原區,0,1,0,7,2,6,50,4,2,1,5,4,6,6,1,1,1,4,4,1,19,2,3,5,4,B03,7,9,1,8,2,5,,59,59,1,13,4,120.760643,24.276938,2
744,66000,387130000C,(04)23274275,(04)23288582,2025,2,3,14,17,臺中市,北屯區,0,0,0,7,,,50,,,,,,,,,,,,,,12,,,,,B03,,,1,,1,,,8,8,1,6,4,120.721003,24.175968,4
745,66000,387130000C,(04)23274275,(04)23288582,2025,2,3,14,19,臺中市,西屯區,0,0,0,7,3,6,50,13,9,1,5,4,6,6,4,4,5,4,5,2,12,,,,,B03,,,1,,1,,,50,50,1,12,4,120.619463,24.187462,3
746,66000,387130000C,(04)23274275,(04)23288582,2025,2,3,14,20,臺中市,烏日區,0,0,0,7,,,50,,,,,,,,,,,,,,2,,,,,B03,,,1,,2,,,8,8,1,6,4,120.616844,24.116186,3
747,66000,387130000C,(04)23274275,(04)23288582,2025,2,3,14,30,臺中市,北區,0,0,0,7,,,50,,,,,,,,,,,,,,14,,,,,B12,,,1,,1,,,49,49,1,12,4,120.677435,24.147462,3
748,66000,387130000C,(04)23274275,(04)23288582,2025,2,3,14,41,臺中市,北屯區,0,0,0,7,,,50,,,,,,,,,,,,,,,,,,,B03,,,1,,11,,,84,84,1,12,4,120.70396,24.182162,3
749,66000,387130000C,(04)23274275,(04)23288582,2025,2,3,14,42,臺中市,北屯區,0,1,0,6,2,6,50,3,1,1,5,4,6,6,1,1,10,5,5,2,16,3,10,3,1,B03,7,11,1,8,2,5,,45,45,1,13,4,120.743958,24.185524,2
750,66000,387130000C,(04)23274275,(04)23288582,2025,2,3,14,44,臺中市,北區,0,0,0,7,,,50,,,,,,,,,,,,,,16,,,,,B02,,,1,,2,,,11,11,1,12,4,120.686725,24.165283,3
751,66000,387130000C,(04)23274275,(04)23288582,2025,2,3,14,48,臺中市,龍井區,0,1,0,7,2,6,50,13,9,1,5,4,6,6,4,4,9,4,5,1,17,2,9,2,1,C03,7,9,1,10,2,11,12,59,59,1,6,4,120.585924,24.189571,2
752,66000,387130000C,(04)23274275,(04)23288582,2025,2,3,14,49,臺中市,西區,0,1,0,6,2,6,40,3,2,1,5,4,6,6,4,4,1,4,1,2,18,2,9,1,1,C03,7,9,1,10,2,14,,84,84,1,12,4,120.669373,24.151604,2
753,66000,387130000C,(04)23274275,(04)23288582,2025,2,3,14,50,臺中市,龍井區,0,0,0,6,,,30,,,,,,,,,,,,,,,,,,,B03,,,1,,2,,,15,15,1,6,4,120.528832,24.214496,3
754,66000,387130000C,(04)23274275,(04)23288582,2025,2,3,15,2,臺中市,北屯區,0,0,0,7,,,50,,,,,,,,,,,,,,12,,,,,B12,,,1,,1,,,59,59,1,6,4,120.684909,24.190173,3
755,66000,387130000C,(04)23274275,(04)23288582,2025,2,3,15,10,臺中市,梧棲區,0,1,0,7,3,6,50,4,2,1,5,4,6,6,1,1,5,5,5,1,14,3,10,3,1,B03,7,2,1,8,2,7,,49,49,1,6,4,120.542793,24.260332,2
756,66000,387130000C,(04)23274275,(04)23288582,2025,2,3,15,14,臺中市,大甲區,0,1,0,7,3,6,50,13,9,1,5,4,6,6,4,4,5,5,5,1,3,3,10,1,1,F03,7,9,7,21,2,11,,4,4,1,6,4,120.622283,24.342452,2
757,66000,387130000C,(04)23274275,(04)23288582,2025,2,3,15,21,臺中市,南屯區,0,1,0,7,2,6,50,3,1,1,5,4,6,6,4,4,9,4,4,2,12,3,10,3,1,B03,7,5,1,8,2,2,,14,14,1,12,4,120.639187,24.139826,2
758,66000,387130000C,(04)23274275,(04)23288582,2025,2,3,15,27,臺中市,西區,0,0,0,7,,,50,,,,,,,,,,,,,,,,,,,B03,,,1,,1,,,8,8,1,12,4,120.663267,24.157058,3
759,66000,387130000C,(04)23274275,(04)23288582,2025,2,3,15,33,臺中市,烏日區,0,0,0,7,2,6,50,4,1,1,5,4,6,6,1,1,1,4,5,1,13,3,10,3,1,A11,7,14,1,3,2,1,,8,8,1,6,4,120.645949,24.058851,3
760,66000,387130000C,(04)23274275,(04)23288582,2025,2,3,15,35,臺中市,中區,0,0,0,7,,,50,,,,,,,,,,,,,,17,,,,,B03,,,1,,1,,,7,7,1,12,4,120.681822,24.139551,3
761,66000,387130000C,(04)23274275,(04)23288582,2025,2,3,15,35,臺中市,北區,0,0,0,7,,,50,,,,,,,,,,,,,,13,,,,,B03,,,1,,2,,,7,7,1,13,4,120.672332,24.144531,3
762,66000,387130000C,(04)23274275,(04)23288582,2025,2,3,15,41,臺中市,東區,0,0,0,7,,,50,,,,,,,,,,,,,,,,,,,B03,,,1,,2,,,48,48,1,12,4,120.700103,24.138881,3
763,66000,387130000C,(04)23274275,(04)23288582,2025,2,3,15,44,臺中市,大里區,0,0,0,7,,,50,,,,,,,,,,,,,,,,,,,B12,,,1,,2,,,50,50,1,6,4,120.707469,24.08689,3
764,66000,387130000C,(04)23274275,(04)23288582,2025,2,3,15,44,臺中市,東勢區,0,0,0,7,2,6,60,11,9,1,5,4,6,6,4,4,5,4,5,1,27,3,10,5,4,B12,7,5,1,8,2,5,,59,59,1,13,4,120.806819,24.303522,3
765,66000,387130000C,(04)23274275,(04)23288582,2025,2,3,15,45,臺中市,烏日區,0,0,0,7,,,30,,,,,,,,,,,,,,11,,,,,B03,,,1,,2,,,8,8,1,6,4,120.647584,24.081498,3
766,66000,387130000C,(04)23274275,(04)23288582,2025,2,3,15,52,臺中市,神岡區,0,0,0,7,,,30,,,,,,,,,,,,,,14,,,,,B03,,,1,,1,,,49,49,1,13,4,120.678601,24.241016,3
767,66000,387130000C,(04)23274275,(04)23288582,2025,2,3,15,53,臺中市,大里區,0,0,0,7,,,50,,,,,,,,,,,,,,30,,,,,B03,,,1,,2,,,49,49,1,6,4,120.698957,24.104381,3
768,66000,387130000C,(04)23274275,(04)23288582,2025,2,3,15,55,臺中市,西屯區,0,2,0,7,2,6,50,4,4,1,5,4,6,6,2,1,5,4,5,2,13,2,8,1,1,C03,7,9,1,10,2,12,,7,7,1,4,4,120.620406,24.187194,2
769,66000,387130000C,(04)23274275,(04)23288582,2025,2,3,16,1,臺中市,北區,0,1,0,7,2,6,50,5,2,1,5,4,6,6,2,1,10,5,5,2,13,2,9,1,1,C03,7,6,1,10,2,11,,7,7,1,13,4,120.679673,24.153987,2
770,66000,387130000C,(04)23274275,(04)23288582,2025,2,3,16,5,臺中市,南屯區,0,1,0,7,2,6,50,13,9,1,5,4,6,6,4,4,9,4,5,2,12,2,9,1,1,C04,7,8,1,11,2,14,,84,84,1,12,4,120.646965,24.149506,2
771,66000,387130000C,(04)23274275,(04)23288582,2025,2,3,16,20,臺中市,大雅區,0,0,0,7,,,0,,,,,,,,,,,,,,,,,,,C03,,,1,,2,,,51,51,1,12,4,120.64487,24.229154,3
772,66000,387130000C,(04)23274275,(04)23288582,2025,2,3,16,23,臺中市,北區,0,0,0,7,,,50,,,,,,,,,,,,,,17,,,,,C03,,,1,,1,,,84,84,1,12,4,120.684221,24.148188,3
773,66000,387130000C,(04)23274275,(04)23288582,2025,2,3,16,25,臺中市,太平區,0,0,0,7,,,40,,,,,,,,,,,,,,,,,,,B03,,,1,,2,,,8,8,1,12,4,120.720238,24.132713,3
774,66000,387130000C,(04)23274275,(04)23288582,2025,2,3,16,30,臺中市,北屯區,0,0,0,7,,,50,,,,,,,,,,,,,,18,,,,,C03,,,1,,2,,,43,43,1,6,4,120.670688,24.184146,4
775,66000,387130000C,(04)23274275,(04)23288582,2025,2,3,16,31,臺中市,西區,0,1,0,7,2,6,50,4,2,1,5,4,6,6,1,1,1,4,4,2,16,3,10,2,1,C03,7,5,1,10,2,13,,14,14,1,12,4,120.665629,24.137276,2
776,66000,387130000C,(04)23274275,(04)23288582,2025,2,3,16,32,臺中市,西區,0,0,0,7,,,50,,,,,,,,,,,,,,,,,,,B03,,,1,,2,,,84,84,1,12,4,120.660381,24.150605,3
777,66000,387130000C,(04)23274275,(04)23288582,2025,2,3,16,33,臺中市,豐原區,0,0,0,7,,,50,,,,,,,,,,,,,,17,,,,,C03,,,1,,2,,,45,45,1,13,4,120.721757,24.239186,3
778,66000,387130000C,(04)23274275,(04)23288582,2025,2,3,16,35,臺中市,北區,0,0,0,7,,,50,,,,,,,,,,,,,,17,,,,,B03,,,1,,9,,,84,84,1,13,4,120.678872,24.156652,3
779,66000,387130000C,(04)23274275,(04)23288582,2025,2,3,16,37,臺中市,西屯區,0,0,0,7,,,60,,,,,,,,,,,,,,,,,,,B03,,,1,,2,,,7,7,1,12,4,120.65488,24.168815,3
780,66000,387130000C,(04)23274275,(04)23288582,2025,2,3,16,39,臺中市,大里區,0,0,0,7,,,40,,,,,,,,,,,,,,17,,,,,C03,,,1,,2,,,50,50,1,13,4,120.703389,24.090519,3
781,66000,387130000C,(04)23274275,(04)23288582,2025,2,3,16,43,臺中市,中區,0,0,0,7,,,50,,,,,,,,,,,,,,,,,,,C03,,,1,,1,,,84,84,1,12,4,120.680752,24.143776,3
782,66000,387130000C,(04)23274275,(04)23288582,2025,2,3,16,46,臺中市,東區,0,2,0,7,3,6,50,4,2,1,5,4,6,6,4,4,3,4,4,2,13,2,9,2,1,C03,7,9,1,10,2,11,,84,84,1,6,4,120.690193,24.129636,2
783,66000,387130000C,(04)23274275,(04)23288582,2025,2,3,16,48,臺中市,東勢區,0,0,0,7,2,6,50,13,2,1,5,4,6,6,1,1,5,5,5,1,14,3,10,5,4,B03,7,2,1,8,1,6,,49,49,1,13,4,120.824805,24.256951,3
784,66000,387130000C,(04)23274275,(04)23288582,2025,2,3,16,54,臺中市,梧棲區,0,0,0,7,,,40,,,,,,,,,,,,,,16,,,,,B03,,,1,,2,,,20,20,1,6,4,120.547726,24.245631,3
785,66000,387130000C,(04)23274275,(04)23288582,2025,2,3,16,57,臺中市,北區,0,0,0,7,,,50,,,,,,,,,,,,,,12,,,,,B03,,,1,,1,,,8,8,1,13,4,120.680188,24.159246,3
786,66000,387130000C,(04)23274275,(04)23288582,2025,2,3,16,58,臺中市,大里區,0,2,0,7,2,6,50,13,7,1,5,4,6,6,4,4,1,4,1,2,13,2,9,2,1,C03,7,9,1,10,2,11,,7,7,1,6,4,120.682592,24.084463,2
787,66000,387130000C,(04)23274275,(04)23288582,2025,2,3,17,3,臺中市,神岡區,0,1,0,7,2,6,30,4,1,1,5,4,6,6,4,4,10,5,5,2,16,3,10,5,4,B03,7,6,1,8,2,1,,14,14,1,12,4,120.668082,24.269898,2
788,66000,387130000C,(04)23274275,(04)23288582,2025,2,3,17,5,臺中市,大雅區,0,1,0,7,3,6,30,4,2,1,5,4,6,6,4,4,10,5,5,2,17,3,10,1,1,C03,7,6,3,19,2,11,,20,20,1,11,4,120.65742,24.226132,2
789,66000,387130000C,(04)23274275,(04)23288582,2025,2,3,17,5,臺中市,烏日區,0,2,0,7,2,6,50,3,1,1,5,4,6,6,4,4,10,5,5,2,17,2,9,5,4,C03,7,6,1,10,2,14,,14,14,1,6,4,120.621829,24.110864,2
790,66000,387130000C,(04)23274275,(04)23288582,2025,2,3,17,5,臺中市,沙鹿區,0,0,0,7,,,50,,,,,,,,,,,,,,17,,,,,C03,,,1,,9,,,84,84,2,5,4,120.575587,24.226197,3
791,66000,387130000C,(04)23274275,(04)23288582,2025,2,3,17,7,臺中市,西屯區,0,0,0,7,,,40,,,,,,,,,,,,,,12,,,,,C03,,,1,,1,,,8,8,1,13,4,120.639069,24.168932,3
792,66000,387130000C,(04)23274275,(04)23288582,2025,2,3,17,7,臺中市,沙鹿區,0,1,0,7,2,6,30,4,1,1,5,4,6,6,4,4,10,5,5,2,15,2,1,2,1,C03,7,9,1,10,2,11,,12,12,1,6,4,120.550029,24.217091,2