序號,縣市別代碼,機關代碼,市話,傳真,年,月,日,時,分,縣市,區,死亡數量,受傷數量,2-30,天候,道路照明設備,道路類別,道路速限,道路型態,事故位置,路面鋪裝,路面狀態,路面缺陷,障礙物,視距,號誌種類,號誌動作,分向設施,快車道或一般車道間,快慢車道間,路面邊線,事故類型及型態,受傷程度,主要傷處,保護裝備,行動電話或功能裝置,當事者區分(類別),車輛用途,當事者行動狀態,駕照狀態,駕照種類,飲酒情形,車輛撞擊部位最初,車輛撞擊部位其他,肇事因素個別,肇事因素主要,肇事逃逸,職業,共享經濟或外送平台,GPS座標X,GPS座標Y,事故類別
793,66000,387130000C,(04)23274275,(04)23288582,2025,2,3,17,9,臺中市,南區,0,0,0,7,,,40,,,,,,,,,,,,,,14,,,,,B03,,,1,,2,,,49,49,1,12,4,120.679294,24.123747,3
794,66000,387130000C,(04)23274275,(04)23288582,2025,2,3,17,9,臺中市,大里區,0,2,0,7,3,6,40,3,1,1,5,4,6,6,4,4,10,5,5,2,16,2,5,1,1,C03,7,6,1,10,2,11,,48,48,1,6,4,120.69984,24.0802,2
795,66000,387130000C,(04)23274275,(04)23288582,2025,2,3,17,12,臺中市,東區,0,0,0,7,,,50,,,,,,,,,,,,,,12,,,,,B03,,,1,,1,,,84,84,1,12,4,120.709887,24.147725,3
796,66000,387130000C,(04)23274275,(04)23288582,2025,2,3,17,14,臺中市,大肚區,0,0,0,7,,,50,,,,,,,,,,,,,,13,,,,,B03,,,1,,2,,,7,7,1,6,4,120.553905,24.134257,3
797,66000,387130000C,(04)23274275,(04)23288582,2025,2,3,17,16,臺中市,梧棲區,0,1,0,7,3,6,60,3,1,1,5,4,6,6,4,4,1,5,5,2,16,2,9,1,1,C03,7,9,1,8,2,11,,7,7,1,6,4,120.525716,24.224888,2
798,66000,387130000C,(04)23274275,(04)23288582,2025,2,3,17,16,臺中市,神岡區,0,1,0,7,2,6,30,3,1,1,5,4,6,6,4,4,10,5,5,2,15,3,10,5,4,C03,7,9,1,10,2,12,,20,20,1,13,4,120.697139,24.252019,2
799,66000,387130000C,(04)23274275,(04)23288582,2025,2,3,17,17,臺中市,北屯區,0,1,0,7,1,6,50,4,1,1,5,4,6,6,1,1,10,5,5,2,16,2,8,1,1,C03,7,6,1,10,2,14,,48,48,1,12,4,120.691287,24.170528,2
800,66000,387130000C,(04)23274275,(04)23288582,2025,2,3,17,17,臺中市,沙鹿區,0,0,0,6,,,50,,,,,,,,,,,,,,16,,,,,B03,,,1,,1,,,12,12,1,12,4,120.571325,24.214777,3
801,66000,387130000C,(04)23274275,(04)23288582,2025,2,3,17,18,臺中市,北區,0,0,0,7,,,50,,,,,,,,,,,,,,12,,,,,B03,,,1,,2,,,20,20,1,13,4,120.678136,24.163082,3
802,66000,387130000C,(04)23274275,(04)23288582,2025,2,3,17,20,臺中市,清水區,0,0,0,7,,,50,,,,,,,,,,,,,,17,,,,,B03,,,1,,2,,,50,50,1,12,4,120.567192,24.270987,3
803,66000,387130000C,(04)23274275,(04)23288582,2025,2,3,17,23,臺中市,中區,0,1,0,7,1,6,50,4,2,1,5,4,6,6,1,1,10,5,5,1,17,2,9,5,4,C03,7,9,1,10,2,11,,7,7,1,12,4,120.677365,24.140392,2
804,66000,387130000C,(04)23274275,(04)23288582,2025,2,3,17,24,臺中市,大里區,0,0,0,7,,,80,,,,,,,,,,,,,,13,,,,,B03,,,1,,2,,,7,7,1,12,4,120.693062,24.103996,3
805,66000,387130000C,(04)23274275,(04)23288582,2025,2,3,17,25,臺中市,神岡區,0,1,0,7,2,6,40,3,9,1,5,4,6,6,4,4,10,5,5,2,28,2,9,5,4,C03,7,9,1,10,2,11,,59,59,1,12,4,120.670737,24.27203,2
806,66000,387130000C,(04)23274275,(04)23288582,2025,2,3,17,28,臺中市,西屯區,0,0,0,6,,,50,,,,,,,,,,,,,,27,,,,,B02,,,1,,2,,,59,59,1,13,4,120.600761,24.173611,3
807,66000,387130000C,(04)23274275,(04)23288582,2025,2,3,17,28,臺中市,太平區,0,0,0,7,,,50,,,,,,,,,,,,,,13,,,,,B03,,,1,,2,,,7,7,1,6,4,120.711693,24.133979,3
808,66000,387130000C,(04)23274275,(04)23288582,2025,2,3,17,29,臺中市,大雅區,0,0,0,7,,,0,,,,,,,,,,,,,,,,,,,C03,,,1,,1,,,84,84,1,12,4,120.653538,24.220634,3
809,66000,387130000C,(04)23274275,(04)23288582,2025,2,3,17,30,臺中市,南屯區,0,0,0,7,,,50,,,,,,,,,,,,,,,,,,,B03,,,1,,2,,,84,84,1,13,4,120.611615,24.13848,3
810,66000,387130000C,(04)23274275,(04)23288582,2025,2,3,17,33,臺中市,南區,0,0,0,7,,,50,,,,,,,,,,,,,,,,,,,B03,,,1,,2,,,8,8,1,6,4,120.657696,24.12954,3
811,66000,387130000C,(04)23274275,(04)23288582,2025,2,3,17,33,臺中市,烏日區,0,0,0,7,1,6,60,13,7,1,5,4,6,6,1,1,1,4,4,1,12,3,10,3,1,B03,7,9,1,8,1,8,,84,84,1,6,4,120.613514,24.106874,3
812,66000,387130000C,(04)23274275,(04)23288582,2025,2,3,17,35,臺中市,東區,0,0,0,7,,,50,,,,,,,,,,,,,,,,,,,B03,,,1,,1,,,40,40,1,12,4,120.699679,24.125352,3
813,66000,387130000C,(04)23274275,(04)23288582,2025,2,3,17,38,臺中市,北屯區,0,0,0,7,,,50,,,,,,,,,,,,,,13,,,,,B03,,,1,,1,,,58,58,1,6,4,120.723091,24.162035,3
814,66000,387130000C,(04)23274275,(04)23288582,2025,2,3,17,40,臺中市,石岡區,0,1,0,7,1,6,40,13,8,1,5,4,6,6,4,4,1,4,4,1,12,2,9,5,4,C03,7,9,1,10,2,12,,8,8,1,13,4,120.809681,24.264255,2
815,66000,387130000C,(04)23274275,(04)23288582,2025,2,3,17,41,臺中市,北區,0,1,0,7,3,6,50,13,9,1,5,4,6,6,4,4,5,5,4,2,17,3,10,3,1,B03,7,1,1,8,2,8,,51,51,1,12,4,120.668683,24.155637,2
816,66000,387130000C,(04)23274275,(04)23288582,2025,2,3,17,44,臺中市,東區,0,2,0,7,1,6,50,4,1,1,5,4,6,6,1,1,9,4,5,2,11,2,8,1,1,C03,7,11,1,10,2,12,,45,45,1,12,4,120.710504,24.149626,2
817,66000,387130000C,(04)23274275,(04)23288582,2025,2,3,17,44,臺中市,大里區,0,0,0,7,,,40,,,,,,,,,,,,,,13,,,,,C03,,,1,,2,,,7,7,1,13,4,120.696864,24.111138,4
818,66000,387130000C,(04)23274275,(04)23288582,2025,2,3,17,45,臺中市,南屯區,0,0,0,7,,,50,,,,,,,,,,,,,,12,,,,,B03,,,3,,9,,,45,45,1,12,4,120.645595,24.142775,3
819,66000,387130000C,(04)23274275,(04)23288582,2025,2,3,17,45,臺中市,北屯區,0,0,0,7,,,50,,,,,,,,,,,,,,12,,,,,C03,,,1,,1,,,40,40,1,6,4,120.686213,24.187638,3
820,66000,387130000C,(04)23274275,(04)23288582,2025,2,3,17,48,臺中市,南屯區,0,0,0,7,,,50,,,,,,,,,,,,,,13,,,,,C03,,,1,,1,,,7,7,1,6,4,120.61732,24.159344,3
821,66000,387130000C,(04)23274275,(04)23288582,2025,2,3,17,49,臺中市,南區,0,0,0,7,,,50,,,,,,,,,,,,,,,,,,,B03,,,1,,1,,,8,8,1,6,4,120.655531,24.120254,4
822,66000,387130000C,(04)23274275,(04)23288582,2025,2,3,17,51,臺中市,北屯區,0,1,0,7,1,6,50,4,1,1,5,4,6,6,2,1,10,5,5,2,16,3,10,3,1,B03,7,6,1,7,2,6,,11,11,1,6,4,120.722503,24.175016,2
823,66000,387130000C,(04)23274275,(04)23288582,2025,2,3,17,51,臺中市,大里區,0,0,0,7,,,50,,,,,,,,,,,,,,1,,,,,A41,,,1,,2,,,8,8,1,12,4,120.693803,24.099102,3
824,66000,387130000C,(04)23274275,(04)23288582,2025,2,3,17,52,臺中市,神岡區,0,0,0,7,,,50,,,,,,,,,,,,,,17,,,,,B03,,,1,,1,,,59,59,1,13,4,120.661133,24.26081,3
825,66000,387130000C,(04)23274275,(04)23288582,2025,2,3,17,52,臺中市,神岡區,0,0,0,7,,,50,,,,,,,,,,,,,,2,,,,,B03,,,1,,1,,,87,87,1,12,4,120.66443,24.25804,3
826,66000,387130000C,(04)23274275,(04)23288582,2025,2,3,17,53,臺中市,潭子區,0,0,0,7,,,30,,,,,,,,,,,,,,,,,,,B02,,,1,,2,,,49,49,1,13,4,120.725831,24.203981,3
827,66000,387130000C,(04)23274275,(04)23288582,2025,2,3,17,53,臺中市,北屯區,0,3,0,7,1,6,50,4,2,1,5,4,6,6,1,1,5,4,4,2,12,2,8,1,1,C03,7,9,1,10,2,12,,8,8,1,13,4,120.694234,24.166574,2
828,66000,387130000C,(04)23274275,(04)23288582,2025,2,3,17,57,臺中市,大里區,0,1,0,7,1,6,50,4,9,1,5,4,6,6,2,1,5,5,4,2,13,3,10,3,1,B03,7,9,1,8,2,5,,84,84,1,13,4,120.689418,24.118393,2
829,66000,387130000C,(04)23274275,(04)23288582,2025,2,3,17,58,臺中市,北區,0,0,0,7,,,50,,,,,,,,,,,,,,16,,,,,C03,,,1,,1,,,11,11,1,12,4,120.676357,24.163032,3
830,66000,387130000C,(04)23274275,(04)23288582,2025,2,3,17,58,臺中市,大里區,0,1,0,7,1,6,50,4,1,1,5,4,6,6,4,4,10,5,5,2,16,3,10,3,1,B03,7,6,1,8,2,5,,12,12,1,13,4,120.711853,24.085937,2
831,66000,387130000C,(04)23274275,(04)23288582,2025,2,3,17,59,臺中市,南區,0,1,0,7,1,6,50,4,2,1,5,4,6,6,2,1,10,5,5,2,13,2,7,2,1,C03,7,9,1,10,2,11,,7,7,1,12,4,120.67012,24.118955,2
832,66000,387130000C,(04)23274275,(04)23288582,2025,2,3,18,0,臺中市,北區,0,0,0,7,,,1,,,,,,,,,,,,,,17,,,,,C03,,,1,,1,,,51,51,1,13,4,120.668475,24.168987,3
833,66000,387130000C,(04)23274275,(04)23288582,2025,2,3,18,0,臺中市,南區,0,1,0,7,1,6,50,3,1,1,5,4,6,6,4,4,10,5,5,2,16,3,10,3,1,B03,7,5,1,8,2,2,,14,14,1,12,4,120.646227,24.112382,2
834,66000,387130000C,(04)23274275,(04)23288582,2025,2,3,18,0,臺中市,南屯區,0,1,0,7,2,6,50,4,1,1,5,4,6,6,2,1,9,4,3,2,12,2,9,1,1,C03,7,8,1,10,2,11,,40,40,1,12,4,120.638391,24.151464,2
835,66000,387130000C,(04)23274275,(04)23288582,2025,2,3,18,0,臺中市,大肚區,0,0,0,7,1,6,50,3,9,1,5,4,6,6,4,4,5,2,5,1,11,3,10,3,1,B03,7,9,1,8,1,8,,8,8,1,6,4,120.579938,24.168572,3
836,66000,387130000C,(04)23274275,(04)23288582,2025,2,3,18,2,臺中市,北屯區,0,1,0,7,1,6,50,13,9,1,5,4,6,6,4,4,5,5,5,2,12,2,8,1,1,C03,7,10,1,10,2,14,,43,43,1,12,4,120.699585,24.164411,2
837,66000,387130000C,(04)23274275,(04)23288582,2025,2,3,18,2,臺中市,大肚區,0,0,0,7,,,50,,,,,,,,,,,,,,12,,,,,B03,,,1,,2,,,40,40,1,6,4,120.548795,24.141565,3
838,66000,387130000C,(04)23274275,(04)23288582,2025,2,3,18,4,臺中市,西屯區,0,0,0,7,,,50,,,,,,,,,,,,,,13,,,,,B03,,,1,,1,,,59,59,1,12,4,120.615549,24.188964,3
839,66000,387130000C,(04)23274275,(04)23288582,2025,2,3,18,7,臺中市,太平區,0,3,0,7,1,6,50,13,7,1,5,4,6,6,4,4,9,5,4,2,16,2,8,1,1,C03,7,1,1,10,1,11,,51,51,1,12,4,120.71875,24.154416,2
840,66000,387130000C,(04)23274275,(04)23288582,2025,2,3,18,8,臺中市,西屯區,0,2,0,7,1,6,80,13,9,1,5,4,6,6,4,4,1,4,5,2,13,2,1,3,1,B03,7,9,1,8,2,1,,7,7,1,12,4,120.633042,24.172056,2
841,66000,387130000C,(04)23274275,(04)23288582,2025,2,3,18,10,臺中市,北屯區,0,2,0,7,1,6,50,13,9,1,5,4,6,6,4,4,1,4,5,2,17,2,8,1,1,C03,7,9,1,10,2,11,,4,4,1,5,4,120.694874,24.165828,2
842,66000,387130000C,(04)23274275,(04)23288582,2025,2,3,18,10,臺中市,西屯區,0,1,0,7,1,6,30,4,1,1,5,4,6,6,4,4,5,5,5,2,15,2,9,2,1,C03,7,9,1,10,2,12,,12,12,1,12,4,120.618546,24.185956,2
843,66000,387130000C,(04)23274275,(04)23288582,2025,2,3,18,10,臺中市,梧棲區,0,0,0,7,,,,,,,,,,,,,,,,,14,,,,,,,,,,,,,119,119,1,,,120.531875,24.255585,3
844,66000,387130000C,(04)23274275,(04)23288582,2025,2,3,18,11,臺中市,大里區,0,2,0,7,3,6,50,4,1,1,5,4,6,6,4,4,10,5,5,2,15,2,9,5,4,C03,7,9,1,10,2,13,,15,15,1,13,4,120.692969,24.109476,2
845,66000,387130000C,(04)23274275,(04)23288582,2025,2,3,18,13,臺中市,烏日區,0,1,0,7,1,6,50,3,1,1,5,4,6,6,1,1,10,5,5,2,17,2,9,5,4,C03,7,5,1,10,2,12,,11,11,1,12,4,120.608724,24.107795,2
846,66000,387130000C,(04)23274275,(04)23288582,2025,2,3,18,14,臺中市,烏日區,0,0,0,7,,,40,,,,,,,,,,,,,,9,,,,,B12,,,1,,2,,,84,84,1,6,4,120.647888,24.085595,3
847,66000,387130000C,(04)23274275,(04)23288582,2025,2,3,18,15,臺中市,東區,0,0,0,7,,,50,,,,,,,,,,,,,,13,,,,,C03,,,1,,2,,,84,84,1,12,4,120.690839,24.147117,3
848,66000,387130000C,(04)23274275,(04)23288582,2025,2,3,18,17,臺中市,西區,0,1,0,7,1,6,50,4,1,1,5,4,6,6,4,4,5,5,5,1,13,3,10,2,1,C03,7,9,1,10,2,11,,7,7,1,13,4,120.658687,24.148974,2
849,66000,387130000C,(04)23274275,(04)23288582,2025,2,3,18,19,臺中市,北屯區,0,0,0,7,,,50,,,,,,,,,,,,,,17,,,,,B03,,,1,,1,,,50,50,1,6,4,120.690484,24.173424,3
850,66000,387130000C,(04)23274275,(04)23288582,2025,2,3,18,20,臺中市,東區,0,0,0,7,,,,,,,,,,,,,,,,,,,,,,,,,,,,,,86,86,1,,,120.683958,24.1337,4
851,66000,387130000C,(04)23274275,(04)23288582,2025,2,3,18,20,臺中市,大里區,0,0,0,7,,,50,,,,,,,,,,,,,,17,,,,,A41,,,1,,2,,,84,84,1,12,4,120.694552,24.100666,3
852,66000,387130000C,(04)23274275,(04)23288582,2025,2,3,18,22,臺中市,西區,0,0,0,7,,,50,,,,,,,,,,,,,,,,,,,C03,,,1,,1,,,7,7,1,11,4,120.665268,24.146718,3
853,66000,387130000C,(04)23274275,(04)23288582,2025,2,3,18,23,臺中市,豐原區,0,0,0,7,,,50,,,,,,,,,,,,,,17,,,,,B03,,,1,,2,,,8,8,1,13,4,120.716318,24.254825,3
854,66000,387130000C,(04)23274275,(04)23288582,2025,2,3,18,25,臺中市,南屯區,0,0,0,7,,,50,,,,,,,,,,,,,,,,,,,C03,,,1,,1,,,84,84,1,13,4,120.612583,24.138424,3
855,66000,387130000C,(04)23274275,(04)23288582,2025,2,3,18,26,臺中市,西區,0,0,0,7,,,30,,,,,,,,,,,,,,,,,,,C03,,,1,,2,,,84,84,1,12,4,120.655127,24.152009,3
856,66000,387130000C,(04)23274275,(04)23288582,2025,2,3,18,30,臺中市,北屯區,0,0,0,7,,,50,,,,,,,,,,,,,,12,,,,,B03,,,1,,1,,,40,40,1,6,4,120.698139,24.173644,3
857,66000,387130000C,(04)23274275,(04)23288582,2025,2,3,18,30,臺中市,西屯區,0,0,0,7,,,60,,,,,,,,,,,,,,13,,,,,B03,,,3,,1,,,7,7,1,13,4,120.644329,24.165572,3
858,66000,387130000C,(04)23274275,(04)23288582,2025,2,3,18,30,臺中市,霧峰區,0,1,0,7,1,6,50,5,1,1,5,4,6,6,1,1,10,5,5,2,16,3,10,3,1,B12,7,6,1,7,2,2,,11,11,1,6,4,120.693267,24.073127,2
859,66000,387130000C,(04)23274275,(04)23288582,2025,2,3,18,30,臺中市,大里區,0,0,0,7,,,50,,,,,,,,,,,,,,13,,,,,C03,,,1,,2,,,59,59,1,6,4,120.692536,24.120081,3
860,66000,387130000C,(04)23274275,(04)23288582,2025,2,3,18,30,臺中市,梧棲區,0,0,0,7,,,50,,,,,,,,,,,,,,17,,,,,B03,,,1,,1,,,51,51,1,6,4,120.55604,24.240616,3
861,66000,387130000C,(04)23274275,(04)23288582,2025,2,3,18,32,臺中市,西屯區,0,0,0,6,,,50,,,,,,,,,,,,,,13,,,,,C03,,,1,,1,,,7,7,1,13,4,120.645158,24.172014,3
862,66000,387130000C,(04)23274275,(04)23288582,2025,2,3,18,32,臺中市,太平區,0,1,0,7,1,6,50,3,19,1,5,4,6,6,4,4,5,2,5,1,3,3,10,3,1,B03,7,9,1,3,2,8,,10,10,1,12,4,120.719929,24.133596,2
863,66000,387130000C,(04)23274275,(04)23288582,2025,2,3,18,36,臺中市,北屯區,0,0,0,7,,,,,,,,,,,,,,,,,,,,,,,,,,,,,,119,119,1,,,120.680307,24.178716,3
864,66000,387130000C,(04)23274275,(04)23288582,2025,2,3,18,39,臺中市,龍井區,0,0,0,7,,,50,,,,,,,,,,,,,,,,,,,B03,,,1,,2,,,50,50,1,6,4,120.523118,24.202288,3
865,66000,387130000C,(04)23274275,(04)23288582,2025,2,3,18,41,臺中市,西屯區,0,0,0,7,,,50,,,,,,,,,,,,,,,,,,,B02,,,1,,2,,,8,8,1,13,4,120.661308,24.176305,3
866,66000,387130000C,(04)23274275,(04)23288582,2025,2,3,18,42,臺中市,南屯區,0,1,0,7,1,6,50,4,1,1,5,4,6,6,4,4,5,5,5,2,15,2,9,1,1,C03,7,9,1,10,1,12,,12,12,1,12,4,120.647775,24.1426,2
867,66000,387130000C,(04)23274275,(04)23288582,2025,2,3,18,44,臺中市,北屯區,0,0,0,7,,,80,,,,,,,,,,,,,,13,,,,,B03,,,1,,1,,,7,7,1,6,4,120.720751,24.170426,3
868,66000,387130000C,(04)23274275,(04)23288582,2025,2,3,18,44,臺中市,大里區,0,2,0,7,3,6,50,11,9,1,5,4,6,6,3,1,10,5,5,1,10,2,8,1,1,C03,7,9,2,19,2,11,,84,84,1,6,4,120.730624,24.086869,2
869,66000,387130000C,(04)23274275,(04)23288582,2025,2,3,18,45,臺中市,南區,0,0,0,7,,,50,,,,,,,,,,,,,,12,,,,,B03,,,1,,2,,,2,2,1,12,4,120.657425,24.113175,3
870,66000,387130000C,(04)23274275,(04)23288582,2025,2,3,18,51,臺中市,潭子區,0,0,0,7,,,40,,,,,,,,,,,,,,,,,,,C03,,,1,,2,,,7,7,1,12,4,120.689317,24.222181,4
871,66000,387130000C,(04)23274275,(04)23288582,2025,2,3,18,52,臺中市,北屯區,0,0,0,7,,,50,,,,,,,,,,,,,,,,,,,C03,,,1,,2,,,7,7,1,13,4,120.670905,24.177218,3
872,66000,387130000C,(04)23274275,(04)23288582,2025,2,3,18,54,臺中市,北屯區,0,0,0,7,,,50,,,,,,,,,,,,,,13,,,,,B03,,,1,,1,,,84,84,1,12,4,120.676993,24.173424,3
873,66000,387130000C,(04)23274275,(04)23288582,2025,2,3,18,55,臺中市,東區,0,1,0,7,1,6,40,13,7,1,5,4,6,6,4,4,1,4,4,2,12,2,7,1,1,C03,7,9,1,10,2,14,,42,42,1,12,4,120.697,24.142602,2
874,66000,387130000C,(04)23274275,(04)23288582,2025,2,3,18,59,臺中市,南屯區,0,1,0,7,1,6,50,3,1,1,5,4,6,6,4,4,10,5,5,2,16,2,9,2,4,C03,7,6,1,10,2,11,,12,12,1,6,4,120.606897,24.146782,2
875,66000,387130000C,(04)23274275,(04)23288582,2025,2,3,19,0,臺中市,大雅區,0,0,0,7,,,30,,,,,,,,,,,,,,,,,,,C03,,,1,,2,,,84,84,1,12,4,120.64888,24.225274,3
876,66000,387130000C,(04)23274275,(04)23288582,2025,2,3,19,0,臺中市,北區,0,1,0,7,1,6,50,3,1,1,5,4,6,6,4,4,10,5,5,2,18,2,9,1,1,C03,7,9,1,10,2,12,,84,84,1,12,4,120.695502,24.159652,2
877,66000,387130000C,(04)23274275,(04)23288582,2025,2,3,19,0,臺中市,西屯區,0,1,0,7,1,6,50,4,1,1,5,4,6,6,2,1,10,5,5,2,13,2,9,2,1,C03,7,9,1,10,2,11,,7,7,1,12,4,120.64574,24.170086,2
878,66000,387130000C,(04)23274275,(04)23288582,2025,2,3,19,0,臺中市,新社區,0,0,0,7,1,6,50,13,7,1,5,4,6,6,4,4,5,4,4,2,17,3,10,5,4,B12,7,11,5,19,2,6,,45,45,1,13,4,120.80937,24.248577,3
879,66000,387130000C,(04)23274275,(04)23288582,2025,2,3,19,1,臺中市,北屯區,0,0,0,7,,,50,,,,,,,,,,,,,,13,,,,,C03,,,1,,1,,,59,59,1,6,4,120.686156,24.185597,3
880,66000,387130000C,(04)23274275,(04)23288582,2025,2,3,19,6,臺中市,大里區,0,0,0,7,,,50,,,,,,,,,,,,,,13,,,,,B03,,,1,,2,,,59,59,1,13,4,120.689993,24.101471,3
881,66000,387130000C,(04)23274275,(04)23288582,2025,2,3,19,7,臺中市,西屯區,0,0,0,7,,,30,,,,,,,,,,,,,,17,,,,,B02,,,1,,2,,,45,45,1,12,4,120.610262,24.186104,3
882,66000,387130000C,(04)23274275,(04)23288582,2025,2,3,19,8,臺中市,北區,0,1,0,7,1,6,50,4,1,1,5,4,6,6,1,1,1,4,4,2,17,3,10,3,1,B03,7,5,1,8,2,2,,84,84,1,12,4,120.690981,24.158584,2
883,66000,387130000C,(04)23274275,(04)23288582,2025,2,3,19,11,臺中市,大里區,0,0,0,7,,,50,,,,,,,,,,,,,,12,,,,,B03,,,1,,2,,,84,84,1,6,4,120.706255,24.107869,3
884,66000,387130000C,(04)23274275,(04)23288582,2025,2,3,19,12,臺中市,大里區,0,2,0,7,1,6,50,3,2,1,5,4,6,6,4,4,5,4,5,1,16,2,7,5,4,C03,7,6,1,10,2,12,,11,11,1,13,4,120.702034,24.11096,2
885,66000,387130000C,(04)23274275,(04)23288582,2025,2,3,19,14,臺中市,東區,0,1,0,7,1,6,50,4,1,1,5,4,6,6,1,1,9,4,5,2,12,2,8,1,1,C03,7,9,1,10,2,11,,7,7,1,12,4,120.689069,24.134083,2
886,66000,387130000C,(04)23274275,(04)23288582,2025,2,3,19,17,臺中市,北區,0,2,0,7,1,6,50,4,2,1,5,4,6,6,4,4,10,5,5,2,15,2,9,2,1,C03,7,9,1,10,2,12,,15,15,1,13,4,120.677852,24.158112,2
887,66000,387130000C,(04)23274275,(04)23288582,2025,2,3,19,17,臺中市,大里區,0,0,0,7,,,30,,,,,,,,,,,,,,15,,,,,C03,,,1,,2,,,15,15,1,13,4,120.699823,24.091114,3
888,66000,387130000C,(04)23274275,(04)23288582,2025,2,3,19,20,臺中市,南屯區,0,0,0,7,,,50,,,,,,,,,,,,,,,,,,,B03,,,1,,1,,,59,59,1,6,4,120.644091,24.13862,4
889,66000,387130000C,(04)23274275,(04)23288582,2025,2,3,19,22,臺中市,西屯區,0,1,0,7,1,6,40,4,1,1,5,4,6,6,4,4,5,5,5,2,15,2,9,2,1,C03,7,9,1,10,2,11,,15,15,1,12,4,120.667152,24.177108,2
890,66000,387130000C,(04)23274275,(04)23288582,2025,2,3,19,25,臺中市,北屯區,0,0,0,7,,,50,,,,,,,,,,,,,,17,,,,,B03,,,1,,1,,,8,8,1,6,4,120.722124,24.181955,3
891,66000,387130000C,(04)23274275,(04)23288582,2025,2,3,19,25,臺中市,梧棲區,0,2,0,7,1,6,50,4,1,1,5,4,6,6,1,1,10,5,5,2,16,2,9,1,1,C03,7,6,1,10,2,11,,20,20,1,6,4,120.537046,24.241987,2
892,66000,387130000C,(04)23274275,(04)23288582,2025,2,3,19,29,臺中市,太平區,0,1,0,7,3,6,30,13,9,1,5,4,6,6,4,4,10,5,5,1,17,2,9,1,1,C03,7,9,1,10,2,12,,84,84,1,6,4,120.727281,24.125234,2
893,66000,387130000C,(04)23274275,(04)23288582,2025,2,3,19,30,臺中市,西屯區,0,3,0,7,1,6,40,3,19,1,5,4,6,6,4,4,10,5,5,2,9,2,9,5,4,C03,7,12,1,10,2,14,,84,84,1,13,4,120.663519,24.164156,2
894,66000,387130000C,(04)23274275,(04)23288582,2025,2,3,19,33,臺中市,西區,0,2,0,6,1,6,50,4,1,1,5,4,6,6,1,1,10,5,5,2,17,2,9,1,1,C04,7,1,1,10,2,13,,51,51,1,12,4,120.664299,24.146701,2
895,66000,387130000C,(04)23274275,(04)23288582,2025,2,3,19,34,臺中市,北屯區,0,0,0,7,,,50,,,,,,,,,,,,,,14,,,,,B03,,,1,,2,,,50,50,1,6,4,120.660823,24.187612,4
896,66000,387130000C,(04)23274275,(04)23288582,2025,2,3,19,39,臺中市,霧峰區,0,2,0,7,3,6,50,13,9,1,5,4,6,6,4,4,1,4,4,1,14,3,10,5,4,B12,7,2,1,8,2,7,,49,49,1,6,4,120.692084,24.044435,2
897,66000,387130000C,(04)23274275,(04)23288582,2025,2,3,19,39,臺中市,沙鹿區,0,1,0,6,1,6,50,4,7,1,5,4,6,6,2,1,1,4,4,2,13,3,10,3,1,B03,7,9,1,8,2,1,,84,84,1,12,4,120.566479,24.251372,2
898,66000,387130000C,(04)23274275,(04)23288582,2025,2,3,19,45,臺中市,西區,0,0,0,7,,,50,,,,,,,,,,,,,,,,,,,B03,,,1,,1,,,84,84,1,12,4,120.664299,24.146701,3
899,66000,387130000C,(04)23274275,(04)23288582,2025,2,3,19,54,臺中市,大里區,0,1,0,7,1,6,50,13,9,1,5,4,6,6,4,4,5,5,4,2,14,3,10,3,1,B03,7,2,1,8,2,3,,49,49,1,6,4,120.692077,24.110894,2
900,66000,387130000C,(04)23274275,(04)23288582,2025,2,3,20,5,臺中市,大雅區,0,1,0,7,1,6,0,13,9,1,5,4,6,6,4,4,4,5,5,1,17,3,10,3,1,B03,7,2,1,8,2,6,,49,49,1,12,4,120.647592,24.225071,2
901,66000,387130000C,(04)23274275,(04)23288582,2025,2,3,20,5,臺中市,西區,0,3,0,7,1,6,50,4,1,1,5,4,6,6,2,1,5,5,5,1,13,2,8,3,1,B03,7,9,1,8,2,1,,7,7,1,13,4,120.659445,24.154907,2
902,66000,387130000C,(04)23274275,(04)23288582,2025,2,3,20,20,臺中市,大甲區,0,2,0,7,1,6,70,13,8,1,5,4,6,6,4,4,5,4,4,1,12,2,8,1,1,C03,7,4,1,10,2,14,,7,7,1,6,4,120.645012,24.371184,2
903,66000,387130000C,(04)23274275,(04)23288582,2025,2,3,20,23,臺中市,龍井區,0,1,0,7,1,6,50,13,9,1,5,4,6,6,4,4,10,5,5,1,12,3,10,3,1,B03,7,8,1,8,2,8,,40,40,1,12,4,120.543756,24.180839,2
904,66000,387130000C,(04)23274275,(04)23288582,2025,2,3,20,26,臺中市,西屯區,0,0,0,6,,,50,,,,,,,,,,,,,,,,,,,B03,,,1,,1,,,40,,1,13,4,120.638222,24.175268,3
905,66000,387130000C,(04)23274275,(04)23288582,2025,2,3,20,26,臺中市,太平區,0,0,0,7,,,50,,,,,,,,,,,,,,17,,,,,B03,,,1,,2,,,59,59,1,12,4,120.716513,24.143597,3
906,66000,387130000C,(04)23274275,(04)23288582,2025,2,3,20,29,臺中市,南區,0,0,0,7,,,50,,,,,,,,,,,,,,,,,,,C03,,,1,,1,,,50,50,1,12,4,120.682839,24.118917,3