序號,縣市別代碼,機關代碼,市話,傳真,年,月,日,時,分,縣市,區,死亡數量,受傷數量,2-30,天候,道路照明設備,道路類別,道路速限,道路型態,事故位置,路面鋪裝,路面狀態,路面缺陷,障礙物,視距,號誌種類,號誌動作,分向設施,快車道或一般車道間,快慢車道間,路面邊線,事故類型及型態,受傷程度,主要傷處,保護裝備,行動電話或功能裝置,當事者區分(類別),車輛用途,當事者行動狀態,駕照狀態,駕照種類,飲酒情形,車輛撞擊部位最初,車輛撞擊部位其他,肇事因素個別,肇事因素主要,肇事逃逸,職業,共享經濟或外送平台,GPS座標X,GPS座標Y,事故類別
1020,66000,387130000C,(04)23274275,(04)23288582,2025,2,4,9,30,臺中市,南區,0,0,0,7,,,50,,,,,,,,,,,,,,13,,,,,C03,,,1,,1,,,7,7,1,13,4,120.650118,24.120638,3
1021,66000,387130000C,(04)23274275,(04)23288582,2025,2,4,9,30,臺中市,南屯區,0,0,0,7,,,50,,,,,,,,,,,,,,14,,,,,B03,,,1,,1,,,49,,1,13,4,120.612859,24.139361,3
1022,66000,387130000C,(04)23274275,(04)23288582,2025,2,4,9,35,臺中市,西屯區,0,0,0,7,,,50,,,,,,,,,,,,,,12,,,,,B03,,,1,,2,,,85,85,1,12,4,120.603408,24.185107,3
1023,66000,387130000C,(04)23274275,(04)23288582,2025,2,4,9,38,臺中市,豐原區,0,0,0,7,3,6,50,13,9,1,5,4,6,6,4,4,9,4,5,2,13,3,10,5,4,B03,7,9,1,5,6,1,,59,59,1,12,4,120.703875,24.24658,3
1024,66000,387130000C,(04)23274275,(04)23288582,2025,2,4,9,39,臺中市,太平區,0,0,0,7,,,50,,,,,,,,,,,,,,13,,,,,B12,,,1,,1,,,84,84,1,12,4,120.718222,24.126285,3
1025,66000,387130000C,(04)23274275,(04)23288582,2025,2,4,9,40,臺中市,西區,0,0,0,7,,,50,,,,,,,,,,,,,,,,,,,C03,,,1,,1,,,7,7,1,13,4,120.676271,24.140626,3
1026,66000,387130000C,(04)23274275,(04)23288582,2025,2,4,9,40,臺中市,豐原區,0,1,0,7,2,6,50,3,1,1,5,4,6,6,4,4,9,5,5,2,10,3,10,2,1,C03,7,9,3,19,2,11,,39,39,1,12,4,120.718888,24.243629,2
1027,66000,387130000C,(04)23274275,(04)23288582,2025,2,4,9,43,臺中市,北屯區,0,2,0,7,1,6,50,4,1,1,5,4,6,4,4,4,10,5,5,2,17,2,9,5,4,C03,7,1,1,10,2,11,,51,51,1,13,4,120.68902,24.173495,2
1028,66000,387130000C,(04)23274275,(04)23288582,2025,2,4,9,43,臺中市,西屯區,0,0,0,7,,,50,,,,,,,,,,,,,,13,,,,,C03,,,1,,1,,,7,7,1,12,4,120.603998,24.186064,3
1029,66000,387130000C,(04)23274275,(04)23288582,2025,2,4,9,45,臺中市,清水區,0,1,0,7,3,6,30,4,2,1,5,4,6,6,4,4,5,5,5,2,17,3,10,3,1,B12,7,6,1,8,2,7,,14,14,1,12,4,120.581303,24.274473,2
1030,66000,387130000C,(04)23274275,(04)23288582,2025,2,4,9,45,臺中市,大安區,0,0,0,7,,,50,,,,,,,,,,,,,,,,,,,B12,,,1,,2,,,7,7,1,6,4,120.587245,24.34671,3
1031,66000,387130000C,(04)23274275,(04)23288582,2025,2,4,9,49,臺中市,北區,0,1,0,7,2,6,50,3,1,1,5,4,6,6,1,1,10,5,5,2,18,2,9,5,4,C03,7,12,1,10,2,14,,84,84,1,13,4,120.688338,24.151878,2
1032,66000,387130000C,(04)23274275,(04)23288582,2025,2,4,9,52,臺中市,南屯區,0,1,0,7,3,6,50,4,1,1,5,4,6,6,1,1,10,5,5,2,16,3,10,3,1,B03,7,6,1,8,2,2,,11,11,1,12,4,120.64373,24.146803,2
1033,66000,387130000C,(04)23274275,(04)23288582,2025,2,4,9,53,臺中市,北屯區,0,1,0,7,2,6,50,4,1,1,5,4,6,6,2,1,10,5,5,2,16,3,10,3,1,B03,7,5,1,8,2,6,,11,11,1,12,4,120.693309,24.20087,2
1034,66000,387130000C,(04)23274275,(04)23288582,2025,2,4,9,59,臺中市,南區,0,0,0,7,,,50,,,,,,,,,,,,,,17,,,,,B03,,,1,,2,,,11,11,1,13,4,120.662779,24.126964,3
1035,66000,387130000C,(04)23274275,(04)23288582,2025,2,4,10,0,臺中市,烏日區,0,1,0,7,2,6,50,13,9,1,5,4,6,6,1,1,5,4,5,1,12,2,9,4,1,F01,7,15,7,21,2,14,,84,84,1,6,4,120.643409,24.079745,2
1036,66000,387130000C,(04)23274275,(04)23288582,2025,2,4,10,5,臺中市,北屯區,0,0,0,7,,,40,,,,,,,,,,,,,,,,,,,B03,,,1,,2,,,84,84,1,6,4,120.681676,24.200882,3
1037,66000,387130000C,(04)23274275,(04)23288582,2025,2,4,10,6,臺中市,烏日區,0,2,0,7,2,6,30,3,1,1,5,4,6,6,4,4,10,5,5,2,11,2,8,1,1,C03,7,6,1,10,2,11,12,41,41,1,6,4,120.64025,24.097406,2
1038,66000,387130000C,(04)23274275,(04)23288582,2025,2,4,10,10,臺中市,神岡區,0,1,0,7,3,6,30,3,1,1,5,4,6,6,4,4,10,5,5,2,16,2,9,1,1,C03,7,6,1,10,2,12,,12,12,1,13,4,120.695802,24.24792,2
1039,66000,387130000C,(04)23274275,(04)23288582,2025,2,4,10,11,臺中市,潭子區,0,0,0,7,,,60,,,,,,,,,,,,,,13,,,,,B03,,,1,,2,,,84,84,1,13,4,120.686705,24.20994,3
1040,66000,387130000C,(04)23274275,(04)23288582,2025,2,4,10,12,臺中市,北屯區,0,1,0,7,2,6,50,13,7,1,5,4,6,6,4,4,5,5,4,2,17,3,10,3,1,B12,7,11,1,8,2,2,,45,45,1,12,4,120.691059,24.192488,2
1041,66000,387130000C,(04)23274275,(04)23288582,2025,2,4,10,15,臺中市,南屯區,0,1,0,7,2,6,50,4,1,1,5,4,6,6,4,4,10,5,5,2,15,2,9,1,1,C03,7,9,1,9,2,12,,15,15,1,13,4,120.638688,24.148775,2
1042,66000,387130000C,(04)23274275,(04)23288582,2025,2,4,10,17,臺中市,南區,0,0,0,7,,,50,,,,,,,,,,,,,,17,,,,,B12,,,1,,1,,,8,8,1,13,4,120.672532,24.131067,3
1043,66000,387130000C,(04)23274275,(04)23288582,2025,2,4,10,18,臺中市,豐原區,0,0,0,7,,,30,,,,,,,,,,,,,,17,,,,,A12,,,1,,2,,,84,84,1,12,4,120.71429,24.254999,3
1044,66000,387130000C,(04)23274275,(04)23288582,2025,2,4,10,19,臺中市,西屯區,0,2,0,7,2,6,30,4,1,1,5,4,6,6,1,1,10,5,5,2,16,2,9,2,1,C03,7,6,1,10,2,14,,20,20,1,12,4,120.644035,24.166572,2
1045,66000,387130000C,(04)23274275,(04)23288582,2025,2,4,10,19,臺中市,豐原區,0,1,0,7,3,6,50,4,1,1,5,4,6,6,1,1,1,2,5,2,17,3,10,5,4,B03,7,9,1,8,2,6,,84,84,1,12,4,120.714345,24.244955,2
1046,66000,387130000C,(04)23274275,(04)23288582,2025,2,4,10,20,臺中市,西區,0,0,0,7,,,50,,,,,,,,,,,,,,17,,,,,B11,,,1,,1,,,11,11,1,12,4,120.662743,24.161205,3
1047,66000,387130000C,(04)23274275,(04)23288582,2025,2,4,10,25,臺中市,豐原區,0,0,0,7,,,60,,,,,,,,,,,,,,13,,,,,B03,,,1,,2,,,7,7,1,12,4,120.727514,24.239242,3
1048,66000,387130000C,(04)23274275,(04)23288582,2025,2,4,10,27,臺中市,神岡區,0,0,0,7,1,6,50,4,1,1,5,4,6,6,1,1,1,4,5,1,12,,,,,B12,,,1,,1,,,84,84,1,12,4,120.689391,24.257879,3
1049,66000,387130000C,(04)23274275,(04)23288582,2025,2,4,10,31,臺中市,豐原區,0,2,0,7,2,6,30,4,1,1,5,4,6,6,1,1,10,5,5,2,16,2,9,1,1,C03,7,6,1,10,2,11,,11,11,1,12,4,120.723656,24.269424,2
1050,66000,387130000C,(04)23274275,(04)23288582,2025,2,4,10,32,臺中市,烏日區,0,0,0,7,,,70,,,,,,,,,,,,,,13,,,,,B03,,,1,,1,,,59,59,1,12,4,120.613524,24.106621,3
1051,66000,387130000C,(04)23274275,(04)23288582,2025,2,4,10,34,臺中市,東區,0,1,0,7,2,6,50,4,1,1,5,4,6,6,2,1,10,5,5,2,13,3,10,3,1,B03,7,9,1,8,2,1,,7,7,1,12,4,120.706278,24.136624,2
1052,66000,387130000C,(04)23274275,(04)23288582,2025,2,4,10,37,臺中市,西屯區,0,0,0,7,,,50,,,,,,,,,,,,,,13,,,,,B03,,,1,,1,,,59,59,1,12,4,120.65629,24.199244,3
1053,66000,387130000C,(04)23274275,(04)23288582,2025,2,4,10,40,臺中市,西屯區,0,0,0,7,,,50,,,,,,,,,,,,,,17,,,,,B03,,,1,,1,,,24,24,1,12,4,120.603567,24.185367,3
1054,66000,387130000C,(04)23274275,(04)23288582,2025,2,4,10,42,臺中市,北區,0,0,0,7,3,9,50,18,24,5,5,4,6,6,4,4,10,5,5,2,17,,,,,B03,,,1,,2,,,7,7,1,13,4,120.671968,24.173441,3
1055,66000,387130000C,(04)23274275,(04)23288582,2025,2,4,10,44,臺中市,北區,0,1,0,7,2,6,50,4,1,1,5,4,6,6,1,1,10,5,5,2,17,2,9,5,4,C03,7,9,1,10,2,14,,43,43,1,13,4,120.685302,24.160157,2
1056,66000,387130000C,(04)23274275,(04)23288582,2025,2,4,10,45,臺中市,西屯區,0,0,0,7,,,40,,,,,,,,,,,,,,13,,,,,C03,,,1,,1,,,7,7,1,12,4,120.603933,24.183241,3
1057,66000,387130000C,(04)23274275,(04)23288582,2025,2,4,10,49,臺中市,豐原區,0,0,0,7,,,50,,,,,,,,,,,,,,17,,,,,B03,,,1,,1,,,84,84,1,12,4,120.717682,24.250476,3
1058,66000,387130000C,(04)23274275,(04)23288582,2025,2,4,10,54,臺中市,南屯區,0,0,0,7,,,50,,,,,,,,,,,,,,17,,,,,B02,,,1,,2,,,84,84,1,13,4,120.625881,24.142316,3
1059,66000,387130000C,(04)23274275,(04)23288582,2025,2,4,10,55,臺中市,龍井區,0,2,0,7,2,6,30,4,1,1,5,4,6,6,4,4,10,5,5,2,15,2,9,1,1,C03,7,9,1,10,2,12,,39,39,1,6,4,120.578179,24.18087,2
1060,66000,387130000C,(04)23274275,(04)23288582,2025,2,4,10,58,臺中市,北屯區,0,0,0,7,,,50,,,,,,,,,,,,,,,,,,,B03,,,1,,1,,,84,84,1,12,4,120.686119,24.187771,4
1061,66000,387130000C,(04)23274275,(04)23288582,2025,2,4,11,1,臺中市,大甲區,0,2,0,7,2,6,40,4,1,1,5,4,6,6,4,4,4,1,5,1,12,2,9,1,1,C03,7,4,1,10,2,11,,48,48,1,12,4,120.622471,24.346142,2
1062,66000,387130000C,(04)23274275,(04)23288582,2025,2,4,11,2,臺中市,潭子區,0,0,0,7,,,0,,,,,,,,,,,,,,,,,,,C03,,,1,,9,,,49,49,1,12,4,120.705379,24.214261,3
1063,66000,387130000C,(04)23274275,(04)23288582,2025,2,4,11,3,臺中市,潭子區,0,0,0,7,,,50,,,,,,,,,,,,,,,,,,,B12,,,1,,2,,,8,8,1,13,4,120.708215,24.20691,3
1064,66000,387130000C,(04)23274275,(04)23288582,2025,2,4,11,9,臺中市,東區,0,0,0,7,,,50,,,,,,,,,,,,,,17,,,,,B03,,,1,,2,,,50,50,1,12,4,120.701496,24.128466,3
1065,66000,387130000C,(04)23274275,(04)23288582,2025,2,4,11,9,臺中市,西屯區,0,0,0,7,,,50,,,,,,,,,,,,,,13,,,,,B03,,,1,,1,,,7,7,1,13,4,120.66285,24.172428,3
1066,66000,387130000C,(04)23274275,(04)23288582,2025,2,4,11,10,臺中市,沙鹿區,0,0,0,7,2,6,50,13,9,1,5,4,6,6,4,4,1,3,4,2,12,,,,,C03,,,1,,2,,,8,8,1,12,4,120.560006,24.238967,3
1067,66000,387130000C,(04)23274275,(04)23288582,2025,2,4,11,11,臺中市,霧峰區,0,0,0,7,,6,30,,,,,,,,,,,,,,17,,,,,B03,,,1,8,2,,,39,39,1,13,4,120.686263,24.053613,3
1068,66000,387130000C,(04)23274275,(04)23288582,2025,2,4,11,14,臺中市,西屯區,0,1,0,7,2,6,50,4,1,1,5,4,6,6,2,1,10,5,5,2,13,2,9,2,1,C03,7,9,1,10,2,14,,87,87,1,12,4,120.635879,24.181852,2
1069,66000,387130000C,(04)23274275,(04)23288582,2025,2,4,11,14,臺中市,神岡區,0,1,0,7,3,6,30,11,9,1,5,4,6,6,4,4,10,5,5,2,17,2,9,1,1,C03,7,9,1,10,2,16,,6,6,1,13,4,120.701404,24.254424,2
1070,66000,387130000C,(04)23274275,(04)23288582,2025,2,4,11,15,臺中市,北區,0,0,0,7,,,50,,,,,,,,,,,,,,12,,,,,C03,,,1,,2,,,7,7,1,13,4,120.672183,24.159083,3
1071,66000,387130000C,(04)23274275,(04)23288582,2025,2,4,11,16,臺中市,潭子區,0,2,0,7,2,6,60,3,1,1,5,4,6,6,4,4,1,3,4,1,12,2,9,1,1,C03,7,5,3,19,9,14,,14,14,1,13,4,120.70579,24.217676,2
1072,66000,387130000C,(04)23274275,(04)23288582,2025,2,4,11,18,臺中市,豐原區,0,2,0,7,2,6,50,3,1,1,5,4,6,6,3,1,5,4,4,2,16,2,9,5,4,C03,7,6,3,19,2,15,,11,11,1,12,4,120.719621,24.260103,2
1073,66000,387130000C,(04)23274275,(04)23288582,2025,2,4,11,21,臺中市,太平區,0,0,0,7,,,50,,,,,,,,,,,,,,,,,,,B03,,,1,,2,,,84,84,1,12,4,120.720138,24.127658,3
1074,66000,387130000C,(04)23274275,(04)23288582,2025,2,4,11,24,臺中市,太平區,0,1,0,7,2,6,40,13,9,1,5,4,6,6,4,4,5,2,5,1,16,2,9,1,1,C03,7,9,1,10,2,11,12,39,39,1,12,4,120.715265,24.133285,2
1075,66000,387130000C,(04)23274275,(04)23288582,2025,2,4,11,25,臺中市,北屯區,0,1,0,7,2,6,40,13,8,1,5,4,6,6,4,4,1,4,4,2,13,2,9,1,1,C03,7,9,1,10,2,11,,84,84,1,13,4,120.666434,24.181154,2
1076,66000,387130000C,(04)23274275,(04)23288582,2025,2,4,11,29,臺中市,大雅區,0,0,0,7,,,30,,,,,,,,,,,,,,,,,,,,,,,,,,,86,86,1,,,120.649906,24.208724,3
1077,66000,387130000C,(04)23274275,(04)23288582,2025,2,4,11,30,臺中市,大里區,0,0,0,7,,,50,,,,,,,,,,,,,,,,,,,B12,,,1,,2,,,84,84,1,6,4,120.726,24.092682,3
1078,66000,387130000C,(04)23274275,(04)23288582,2025,2,4,11,30,臺中市,沙鹿區,0,1,0,7,3,6,50,4,1,1,5,4,6,6,4,4,10,5,4,2,12,3,10,1,1,C03,7,1,1,10,2,11,,51,51,1,13,4,120.558464,24.236745,2
1079,66000,387130000C,(04)23274275,(04)23288582,2025,2,4,11,30,臺中市,豐原區,0,0,0,7,,,50,,,,,,,,,,,,,,,,,,,B03,,,1,,2,,,49,49,1,13,4,120.699211,24.247885,3
1080,66000,387130000C,(04)23274275,(04)23288582,2025,2,4,11,36,臺中市,南區,0,1,0,7,2,6,50,13,9,1,5,4,6,6,4,4,9,5,5,2,2,3,10,3,1,B03,7,9,1,6,2,2,,84,84,1,12,4,120.661729,24.125115,2
1081,66000,387130000C,(04)23274275,(04)23288582,2025,2,4,11,39,臺中市,西區,0,1,0,7,3,6,50,4,1,1,5,4,6,6,4,4,10,5,5,2,15,2,9,1,1,C03,7,9,1,10,2,11,,15,15,1,13,4,120.661999,24.157211,2
1082,66000,387130000C,(04)23274275,(04)23288582,2025,2,4,11,40,臺中市,大雅區,0,0,0,7,,,0,,,,,,,,,,,,,,,,,,,B02,,,1,,2,,,49,49,1,12,4,120.668127,24.238453,3
1083,66000,387130000C,(04)23274275,(04)23288582,2025,2,4,11,40,臺中市,東區,0,1,0,7,2,6,50,4,1,1,5,4,6,6,1,1,5,5,5,2,3,3,10,3,1,B12,7,6,1,8,2,1,,10,10,1,13,4,120.707536,24.14447,2
1084,66000,387130000C,(04)23274275,(04)23288582,2025,2,4,11,40,臺中市,南屯區,0,1,0,7,3,6,50,3,1,1,5,4,6,6,4,4,10,5,5,2,17,3,10,3,1,B03,7,11,1,8,2,4,,45,45,1,12,4,120.636257,24.146089,2
1085,66000,387130000C,(04)23274275,(04)23288582,2025,2,4,11,44,臺中市,潭子區,0,0,0,7,,,50,,,,,,,,,,,,,,,,,,,B03,,,1,,2,,,8,8,1,13,4,120.698669,24.19466,3
1086,66000,387130000C,(04)23274275,(04)23288582,2025,2,4,11,45,臺中市,西區,0,1,0,7,2,6,50,5,1,1,5,4,6,6,4,4,10,5,5,2,16,2,7,1,1,C03,7,6,1,10,2,11,,14,14,1,12,4,120.666498,24.137946,2
1087,66000,387130000C,(04)23274275,(04)23288582,2025,2,4,11,46,臺中市,北屯區,0,0,0,7,,,50,,,,,,,,,,,,,,,,,,,B03,,,1,,1,,,7,7,1,13,4,120.685669,24.168809,3
1088,66000,387130000C,(04)23274275,(04)23288582,2025,2,4,11,51,臺中市,大里區,0,0,0,7,,,80,,,,,,,,,,,,,,17,,,,,B03,,,1,,2,,,40,40,1,12,4,120.690704,24.098029,3
1089,66000,387130000C,(04)23274275,(04)23288582,2025,2,4,11,55,臺中市,北屯區,0,0,0,7,,,50,,,,,,,,,,,,,,,,,,,B03,,,1,,1,,,49,49,1,12,4,120.679724,24.175492,3
1090,66000,387130000C,(04)23274275,(04)23288582,2025,2,4,11,58,臺中市,西屯區,0,1,0,7,2,6,40,4,1,1,5,4,6,6,2,1,10,5,5,2,13,3,10,5,1,C03,7,9,1,10,2,11,,7,7,1,12,4,120.662654,24.163715,2
1091,66000,387130000C,(04)23274275,(04)23288582,2025,2,4,12,1,臺中市,南屯區,0,0,0,7,,,50,,,,,,,,,,,,,,,,,,,B03,,,1,,2,,,59,59,1,13,4,120.651492,24.136677,3
1092,66000,387130000C,(04)23274275,(04)23288582,2025,2,4,12,2,臺中市,中區,0,0,0,7,,,,,,,,,,,,,,,,,,,,,,,,,,,,,,119,119,1,,,120.678507,24.141836,3
1093,66000,387130000C,(04)23274275,(04)23288582,2025,2,4,12,3,臺中市,豐原區,0,0,0,7,,,50,,,,,,,,,,,,,,13,,,,,B03,,,1,,1,,,7,7,1,13,4,120.724433,24.225516,3
1094,66000,387130000C,(04)23274275,(04)23288582,2025,2,4,12,4,臺中市,東區,0,0,0,7,,,50,,,,,,,,,,,,,,17,,,,,B03,,,1,,1,,,7,7,1,13,4,120.705368,24.137614,3
1095,66000,387130000C,(04)23274275,(04)23288582,2025,2,4,12,5,臺中市,西區,0,0,0,7,,,50,,,,,,,,,,,,,,17,,,,,C02,,,1,,1,,,7,7,1,12,4,120.666736,24.141067,3
1096,66000,387130000C,(04)23274275,(04)23288582,2025,2,4,12,6,臺中市,西屯區,0,1,0,6,2,6,40,13,8,1,5,4,6,6,4,4,5,5,4,2,13,2,9,2,1,C03,7,9,1,10,2,11,,7,7,1,12,4,120.633886,24.159625,2
1097,66000,387130000C,(04)23274275,(04)23288582,2025,2,4,12,7,臺中市,北屯區,0,2,0,7,2,6,50,13,7,1,5,4,6,6,4,4,5,5,4,2,12,3,10,3,1,B03,7,9,1,8,2,2,,59,59,1,6,4,120.695306,24.185383,2
1098,66000,387130000C,(04)23274275,(04)23288582,2025,2,4,12,9,臺中市,龍井區,0,3,0,7,3,6,50,3,1,1,5,4,6,6,4,4,10,5,5,2,16,2,8,1,1,F03,7,6,7,21,2,14,,14,14,1,6,4,120.527442,24.205751,2
1099,66000,387130000C,(04)23274275,(04)23288582,2025,2,4,12,9,臺中市,沙鹿區,0,0,0,7,,,50,,,,,,,,,,,,,,,,,,,B02,,,1,,9,,,51,51,2,13,4,120.561167,24.237937,3
1100,66000,387130000C,(04)23274275,(04)23288582,2025,2,4,12,10,臺中市,烏日區,0,2,0,7,2,6,50,13,8,1,5,4,6,6,4,4,1,4,4,1,13,2,9,1,1,C03,7,9,1,10,2,11,,84,84,1,6,4,120.613524,24.106621,2
1101,66000,387130000C,(04)23274275,(04)23288582,2025,2,4,12,10,臺中市,豐原區,0,0,0,7,,,30,,,,,,,,,,,,,,12,,,,,B03,,,1,,2,,,84,84,1,12,4,120.723769,24.243394,3
1102,66000,387130000C,(04)23274275,(04)23288582,2025,2,4,12,11,臺中市,太平區,0,1,0,7,2,6,50,13,9,1,5,4,6,6,4,4,5,4,5,1,13,2,9,2,1,C03,7,9,1,10,2,11,,84,84,1,13,4,120.7183,24.158518,2
1103,66000,387130000C,(04)23274275,(04)23288582,2025,2,4,12,12,臺中市,西區,0,2,0,7,2,6,50,3,1,1,5,4,6,6,4,4,10,5,5,2,16,2,9,1,1,C03,7,15,1,10,2,14,,13,13,1,12,4,120.666989,24.129951,2
1104,66000,387130000C,(04)23274275,(04)23288582,2025,2,4,12,15,臺中市,北屯區,0,1,0,7,2,6,50,13,8,1,5,4,6,6,4,4,9,5,4,2,17,2,9,3,1,B03,7,9,1,8,2,1,,58,58,1,6,4,120.68391,24.17979,2
1105,66000,387130000C,(04)23274275,(04)23288582,2025,2,4,12,17,臺中市,南屯區,0,1,0,7,2,6,50,4,1,1,5,4,6,6,4,4,10,5,5,2,15,3,10,3,1,B02,7,9,1,4,2,6,,15,15,1,12,4,120.651165,24.156135,2
1106,66000,387130000C,(04)23274275,(04)23288582,2025,2,4,12,20,臺中市,北區,0,0,0,7,,,50,,,,,,,,,,,,,,15,,,,,C03,,,1,,1,,,15,15,1,13,4,120.68886,24.155837,3
1107,66000,387130000C,(04)23274275,(04)23288582,2025,2,4,12,20,臺中市,南屯區,0,0,0,7,,,50,,,,,,,,,,,,,,13,,,,,C03,,,1,,1,,,7,7,1,12,4,120.646757,24.137562,3
1108,66000,387130000C,(04)23274275,(04)23288582,2025,2,4,12,22,臺中市,西屯區,0,1,0,7,2,6,40,13,8,1,5,4,6,6,4,4,9,5,4,2,17,2,9,1,1,C03,7,9,1,10,2,12,,8,8,1,12,4,120.664257,24.178016,2
1109,66000,387130000C,(04)23274275,(04)23288582,2025,2,4,12,22,臺中市,梧棲區,0,1,0,7,3,6,50,3,1,1,5,4,6,6,4,4,10,5,5,2,16,2,8,1,2,C03,7,6,1,10,2,11,,62,62,1,6,4,120.531303,24.254547,2
1110,66000,387130000C,(04)23274275,(04)23288582,2025,2,4,12,23,臺中市,北屯區,0,0,0,7,,,50,,,,,,,,,,,,,,17,,,,,B03,,,1,,1,,,50,50,1,12,4,120.695881,24.183124,3
1111,66000,387130000C,(04)23274275,(04)23288582,2025,2,4,12,27,臺中市,北屯區,0,0,0,7,,,50,,,,,,,,,,,,,,,,,,,C03,,,1,,1,,,14,14,1,12,4,120.68347,24.17295,3
1112,66000,387130000C,(04)23274275,(04)23288582,2025,2,4,12,27,臺中市,梧棲區,0,0,0,7,,,50,,,,,,,,,,,,,,14,,,,,B12,,,1,,1,,,49,49,1,6,4,120.538354,24.247786,3
1113,66000,387130000C,(04)23274275,(04)23288582,2025,2,4,12,30,臺中市,北屯區,0,1,0,7,2,6,50,4,1,1,5,4,6,6,2,1,10,5,5,2,13,2,8,1,1,C03,7,9,1,10,2,11,,7,7,1,13,4,120.707865,24.185103,2
1114,66000,387130000C,(04)23274275,(04)23288582,2025,2,4,12,30,臺中市,沙鹿區,0,1,0,7,2,6,50,4,1,1,5,4,6,6,4,4,10,5,5,2,15,2,9,1,1,C03,7,9,1,9,2,11,,12,12,1,12,4,120.562592,24.252002,2
1115,66000,387130000C,(04)23274275,(04)23288582,2025,2,4,12,37,臺中市,南區,0,0,0,7,,,50,,,,,,,,,,,,,,17,,,,,C03,,,1,,1,,,7,7,1,13,4,120.676061,24.132759,3
1116,66000,387130000C,(04)23274275,(04)23288582,2025,2,4,12,59,臺中市,豐原區,0,1,0,7,2,6,50,13,8,1,5,4,6,6,4,4,1,4,4,1,16,2,9,5,4,C03,7,5,1,10,2,14,,84,84,1,12,4,120.737334,24.261516,2
1117,66000,387130000C,(04)23274275,(04)23288582,2025,2,4,13,0,臺中市,西屯區,0,0,0,7,,,30,,,,,,,,,,,,,,,,,,,B03,,,1,,1,,,8,8,1,12,4,120.639291,24.180691,3
1118,66000,387130000C,(04)23274275,(04)23288582,2025,2,4,13,2,臺中市,北區,0,0,0,7,3,9,50,4,1,5,5,4,6,6,4,4,10,5,5,2,17,,,,,B13,,,1,,1,,,49,49,1,13,4,120.685689,24.148235,3
1119,66000,387130000C,(04)23274275,(04)23288582,2025,2,4,13,6,臺中市,太平區,0,1,0,7,3,6,50,3,1,1,5,4,6,6,1,1,10,5,5,2,16,3,10,3,1,B03,7,9,1,8,2,8,,21,21,1,12,4,120.712861,24.158338,2
1120,66000,387130000C,(04)23274275,(04)23288582,2025,2,4,13,8,臺中市,西屯區,0,0,0,7,,,60,,,,,,,,,,,,,,13,,,,,B03,,,1,,1,,,7,7,1,12,4,120.643168,24.166079,3
1121,66000,387130000C,(04)23274275,(04)23288582,2025,2,4,13,9,臺中市,潭子區,0,0,0,7,,,50,,,,,,,,,,,,,,,,,,,B03,,,1,,2,,,21,21,1,13,4,120.706031,24.200805,3
1122,66000,387130000C,(04)23274275,(04)23288582,2025,2,4,13,10,臺中市,清水區,0,0,0,7,,,40,,,,,,,,,,,,,,17,,,,,C03,,,1,,2,,,58,58,1,12,4,120.596346,24.304068,3
1123,66000,387130000C,(04)23274275,(04)23288582,2025,2,4,13,16,臺中市,大甲區,0,0,0,7,,,50,,,,,,,,,,,,,,,,,,,B12,,,1,,9,,,78,78,1,12,4,120.62216,24.344151,3
1124,66000,387130000C,(04)23274275,(04)23288582,2025,2,4,13,19,臺中市,西屯區,0,0,0,7,,,50,,,,,,,,,,,,,,13,,,,,B03,,,1,,1,,,58,58,1,12,4,120.610236,24.19157,3
1125,66000,387130000C,(04)23274275,(04)23288582,2025,2,4,13,19,臺中市,太平區,0,0,0,7,2,6,50,,,,,,,,,,,,,,,,,,,B03,,,5,,2,4,,84,84,1,12,4,120.732952,24.142843,3
1126,66000,387130000C,(04)23274275,(04)23288582,2025,2,4,13,20,臺中市,北區,0,1,0,7,2,6,50,5,2,1,5,4,6,6,2,1,10,5,5,1,11,3,10,3,1,B03,7,6,1,8,2,6,,11,11,1,13,4,120.682547,24.146219,2
1127,66000,387130000C,(04)23274275,(04)23288582,2025,2,4,13,22,臺中市,太平區,0,0,0,7,,,50,,,,,,,,,,,,,,13,,,,,B12,,,1,,1,,,7,7,1,12,4,120.724664,24.1421,3
1128,66000,387130000C,(04)23274275,(04)23288582,2025,2,4,13,24,臺中市,西屯區,0,0,0,7,,,30,,,,,,,,,,,,,,16,,,,,B03,,,1,,1,,,12,12,1,12,4,120.64919,24.168352,3
1129,66000,387130000C,(04)23274275,(04)23288582,2025,2,4,13,30,臺中市,大里區,0,0,0,7,,,,,,,,,,,,,,,,,17,,,,,,,,,,,,,8,8,1,,,120.678694,24.101923,3
1130,66000,387130000C,(04)23274275,(04)23288582,2025,2,4,13,32,臺中市,后里區,0,1,0,7,2,6,50,4,1,1,5,4,6,6,1,1,1,4,4,1,15,3,10,3,1,B03,7,9,1,8,2,2,,21,21,1,12,4,120.72343,24.313162,2
1131,66000,387130000C,(04)23274275,(04)23288582,2025,2,4,13,34,臺中市,北屯區,0,1,0,7,1,6,50,13,7,1,5,4,6,6,4,4,5,4,4,2,12,2,9,1,1,C03,7,8,1,10,2,14,,40,40,1,13,4,120.67612,24.195039,2