序號,縣市別代碼,機關代碼,市話,傳真,年,月,日,時,分,縣市,區,死亡數量,受傷數量,2-30,天候,道路照明設備,道路類別,道路速限,道路型態,事故位置,路面鋪裝,路面狀態,路面缺陷,障礙物,視距,號誌種類,號誌動作,分向設施,快車道或一般車道間,快慢車道間,路面邊線,事故類型及型態,受傷程度,主要傷處,保護裝備,行動電話或功能裝置,當事者區分(類別),車輛用途,當事者行動狀態,駕照狀態,駕照種類,飲酒情形,車輛撞擊部位最初,車輛撞擊部位其他,肇事因素個別,肇事因素主要,肇事逃逸,職業,共享經濟或外送平台,GPS座標X,GPS座標Y,事故類別
1132,66000,387130000C,(04)23274275,(04)23288582,2025,2,4,13,37,臺中市,西屯區,0,2,0,7,2,6,30,13,9,1,5,4,6,6,4,4,10,5,5,2,17,2,9,1,1,C03,7,1,1,10,2,11,,51,51,1,12,4,120.645125,24.172693,2
1133,66000,387130000C,(04)23274275,(04)23288582,2025,2,4,13,40,臺中市,外埔區,0,1,0,7,2,6,50,13,9,1,5,4,6,6,4,4,9,5,5,1,18,2,9,4,1,F06,7,9,7,21,10,12,,59,59,1,12,4,120.656587,24.33916,2
1134,66000,387130000C,(04)23274275,(04)23288582,2025,2,4,13,43,臺中市,北屯區,0,0,0,7,,,50,,,,,,,,,,,,,,12,,,,,B12,,,1,,2,,,40,40,1,6,4,120.685338,24.201294,3
1135,66000,387130000C,(04)23274275,(04)23288582,2025,2,4,13,44,臺中市,中區,0,1,0,7,3,6,50,4,1,1,5,4,6,6,2,1,10,5,5,2,17,3,10,3,1,A02,7,5,1,2,2,2,,84,84,1,13,4,120.684022,24.138535,2
1136,66000,387130000C,(04)23274275,(04)23288582,2025,2,4,13,45,臺中市,北屯區,0,2,0,7,2,6,50,3,1,1,5,4,6,6,2,1,10,5,5,2,16,2,9,2,1,C03,7,9,1,10,2,13,,21,21,1,12,4,120.678248,24.200795,2
1137,66000,387130000C,(04)23274275,(04)23288582,2025,2,4,13,45,臺中市,西屯區,0,2,0,7,2,6,40,13,8,1,5,4,6,6,4,4,1,5,1,1,17,3,10,3,1,B03,7,7,1,8,2,1,,7,7,1,12,4,120.606094,24.18378,2
1138,66000,387130000C,(04)23274275,(04)23288582,2025,2,4,13,45,臺中市,太平區,0,1,0,7,2,6,30,4,1,1,5,4,6,6,4,4,10,5,5,2,15,3,10,3,1,B12,7,9,1,8,2,2,,12,12,1,13,4,120.725606,24.142458,2
1139,66000,387130000C,(04)23274275,(04)23288582,2025,2,4,13,47,臺中市,大里區,0,1,0,7,3,6,50,3,1,1,5,4,6,6,4,4,10,5,5,2,16,3,10,3,1,B03,7,5,1,8,2,8,,14,14,1,13,4,120.68054,24.109571,2
1140,66000,387130000C,(04)23274275,(04)23288582,2025,2,4,13,50,臺中市,沙鹿區,0,1,0,6,2,6,40,13,9,1,5,4,6,6,4,4,10,5,5,1,10,2,9,1,1,C03,7,12,5,19,2,11,12,84,84,1,12,4,120.562559,24.249307,2
1141,66000,387130000C,(04)23274275,(04)23288582,2025,2,4,13,54,臺中市,北屯區,0,1,0,7,2,6,50,3,1,1,5,4,6,6,4,4,10,5,5,2,17,3,10,2,1,C03,7,1,1,10,2,16,,51,51,1,6,4,120.668902,24.173892,2
1142,66000,387130000C,(04)23274275,(04)23288582,2025,2,4,13,54,臺中市,東勢區,0,1,0,7,3,6,50,3,1,1,5,4,6,6,4,4,10,5,5,2,16,3,10,3,1,B03,7,1,1,8,2,1,,51,51,1,12,4,120.82853,24.256688,2
1143,66000,387130000C,(04)23274275,(04)23288582,2025,2,4,13,59,臺中市,梧棲區,0,0,0,7,,,50,,,,,,,,,,,,,,17,,,,,F01,,,7,,1,,,84,84,1,6,4,120.544637,24.245336,3
1144,66000,387130000C,(04)23274275,(04)23288582,2025,2,4,14,0,臺中市,中區,0,0,0,7,,,50,,,,,,,,,,,,,,,,,,,B03,,,1,,2,,,84,84,1,12,4,120.682177,24.145762,3
1145,66000,387130000C,(04)23274275,(04)23288582,2025,2,4,14,1,臺中市,大甲區,0,0,0,7,,,20,,,,,,,,,,,,,,,,,,,B03,,,1,,1,,,49,49,1,12,4,120.636062,24.352883,3
1146,66000,387130000C,(04)23274275,(04)23288582,2025,2,4,14,3,臺中市,太平區,0,0,0,7,,,50,,,,,,,,,,,,,,,,,,,B03,,,1,,2,,,51,51,1,12,4,120.713044,24.138655,3
1147,66000,387130000C,(04)23274275,(04)23288582,2025,2,4,14,8,臺中市,大肚區,0,0,0,7,,,50,,,,,,,,,,,,,,,,,,,B03,,,1,,9,,,49,49,1,6,4,120.540623,24.154113,3
1148,66000,387130000C,(04)23274275,(04)23288582,2025,2,4,14,13,臺中市,西屯區,0,1,0,7,2,6,50,13,9,1,5,4,6,6,4,4,5,4,5,2,12,2,9,2,1,C03,7,8,1,10,2,14,,40,40,1,12,4,120.637315,24.172735,2
1149,66000,387130000C,(04)23274275,(04)23288582,2025,2,4,14,15,臺中市,北屯區,0,0,0,7,,,40,,,,,,,,,,,,,,12,,,,,B03,,,1,,1,,,51,51,1,12,4,120.720847,24.162461,3
1150,66000,387130000C,(04)23274275,(04)23288582,2025,2,4,14,18,臺中市,南屯區,0,1,0,7,2,6,50,13,8,1,5,4,6,6,4,4,1,4,1,2,18,2,9,1,1,C03,7,9,1,10,2,16,,59,59,1,13,4,120.617873,24.15334,2
1151,66000,387130000C,(04)23274275,(04)23288582,2025,2,4,14,23,臺中市,北屯區,0,0,0,7,,,50,,,,,,,,,,,,,,,,,,,B03,,,1,,1,,,84,84,1,12,4,120.691359,24.164956,3
1152,66000,387130000C,(04)23274275,(04)23288582,2025,2,4,14,24,臺中市,西屯區,0,0,0,7,,,50,,,,,,,,,,,,,,12,,,,,B03,,,1,,1,,,40,40,1,12,4,120.614197,24.183576,3
1153,66000,387130000C,(04)23274275,(04)23288582,2025,2,4,14,24,臺中市,西屯區,0,0,0,7,,,50,,,,,,,,,,,,,,16,,,,,C03,,,1,,2,,,48,48,1,12,4,120.645706,24.178788,3
1154,66000,387130000C,(04)23274275,(04)23288582,2025,2,4,14,26,臺中市,北屯區,0,0,0,7,,,30,,,,,,,,,,,,,,14,,,,,B03,,,5,,1,,,49,49,1,13,4,120.698855,24.170327,3
1155,66000,387130000C,(04)23274275,(04)23288582,2025,2,4,14,32,臺中市,太平區,0,0,0,7,2,6,30,,,,,,,,,,,,,,,,,,,B03,,,1,,2,2,,84,84,1,12,4,120.713707,24.132491,3
1156,66000,387130000C,(04)23274275,(04)23288582,2025,2,4,14,33,臺中市,北屯區,0,0,0,7,,,50,,,,,,,,,,,,,,,,,,,B03,,,1,,9,,,84,84,1,13,4,120.668902,24.173892,3
1157,66000,387130000C,(04)23274275,(04)23288582,2025,2,4,14,35,臺中市,大肚區,0,2,0,7,2,6,30,5,1,1,5,4,6,6,4,4,10,5,5,2,18,2,9,1,1,C03,7,6,1,10,2,14,,6,6,1,6,4,120.547748,24.133353,2
1158,66000,387130000C,(04)23274275,(04)23288582,2025,2,4,14,37,臺中市,梧棲區,0,2,0,7,3,6,50,4,1,1,5,4,6,6,1,1,10,5,5,2,16,2,8,1,1,C03,7,9,1,10,2,12,,59,59,1,6,4,120.545059,24.226991,2
1159,66000,387130000C,(04)23274275,(04)23288582,2025,2,4,14,39,臺中市,西區,0,3,0,7,2,6,50,4,1,1,5,4,6,6,1,1,10,5,5,2,16,2,9,1,1,C03,7,6,1,10,2,11,12,36,36,1,12,4,120.657376,24.147777,2
1160,66000,387130000C,(04)23274275,(04)23288582,2025,2,4,14,40,臺中市,西屯區,0,0,0,7,,,50,,,,,,,,,,,,,,30,,,,,A12,,,1,,2,,,49,49,1,12,4,120.654108,24.201915,3
1161,66000,387130000C,(04)23274275,(04)23288582,2025,2,4,14,40,臺中市,大甲區,0,0,0,7,,,50,,,,,,,,,,,,,,,,,,,B03,,,1,,1,,,84,84,1,12,4,120.639067,24.406841,3
1162,66000,387130000C,(04)23274275,(04)23288582,2025,2,4,14,43,臺中市,龍井區,0,1,0,7,3,6,40,13,11,1,5,4,6,6,4,4,10,5,1,1,18,2,9,1,1,C03,7,9,1,10,2,14,,59,59,1,6,4,120.555305,24.213098,2
1163,66000,387130000C,(04)23274275,(04)23288582,2025,2,4,14,44,臺中市,西屯區,0,1,0,7,2,6,50,13,7,1,5,4,6,6,1,1,5,4,4,2,13,3,10,3,1,B03,7,9,1,8,2,1,,55,55,1,12,4,120.63386,24.160095,2
1164,66000,387130000C,(04)23274275,(04)23288582,2025,2,4,14,48,臺中市,龍井區,0,0,0,7,,,40,,,,,,,,,,,,,,,,,,,C03,,,1,,1,,,59,59,1,6,4,120.555305,24.213098,4
1165,66000,387130000C,(04)23274275,(04)23288582,2025,2,4,14,50,臺中市,西區,0,0,0,7,,,50,,,,,,,,,,,,,,,,,,,F01,,,1,,2,,,84,84,1,12,4,120.660355,24.150251,3
1166,66000,387130000C,(04)23274275,(04)23288582,2025,2,4,14,51,臺中市,南屯區,0,0,0,7,,,50,,,,,,,,,,,,,,17,,,,,B12,,,1,,2,,,8,8,1,12,4,120.613844,24.14691,3
1167,66000,387130000C,(04)23274275,(04)23288582,2025,2,4,14,53,臺中市,西屯區,0,0,0,7,,,50,,,,,,,,,,,,,,13,,,,,C03,,,1,,1,,,6,6,1,12,4,120.644753,24.173087,3
1168,66000,387130000C,(04)23274275,(04)23288582,2025,2,4,14,55,臺中市,北屯區,0,0,0,7,,,50,,,,,,,,,,,,,,,,,,,B03,,,1,,2,,,49,49,1,12,4,120.72341,24.15928,3
1169,66000,387130000C,(04)23274275,(04)23288582,2025,2,4,14,59,臺中市,神岡區,0,1,0,7,1,6,60,5,1,1,5,4,6,6,4,4,1,5,4,1,12,2,9,1,1,C03,7,6,5,10,2,14,,48,48,1,12,4,120.697924,24.234493,2
1170,66000,387130000C,(04)23274275,(04)23288582,2025,2,4,15,0,臺中市,西區,0,2,0,7,2,6,50,4,1,1,5,4,6,6,2,1,10,5,5,2,17,2,9,1,1,C03,7,5,1,10,2,12,,11,11,1,12,4,120.661685,24.135131,2
1171,66000,387130000C,(04)23274275,(04)23288582,2025,2,4,15,0,臺中市,神岡區,0,1,0,7,2,6,30,11,9,1,5,4,6,6,4,4,10,5,5,1,10,2,9,5,4,F03,7,9,7,21,2,11,,6,6,1,12,4,120.688886,24.256454,2
1172,66000,387130000C,(04)23274275,(04)23288582,2025,2,4,15,0,臺中市,豐原區,0,0,0,7,,,50,,,,,,,,,,,,,,,,,,,B03,,,1,,2,,,84,84,1,13,4,120.710768,24.250113,3
1173,66000,387130000C,(04)23274275,(04)23288582,2025,2,4,15,3,臺中市,太平區,0,0,0,7,,,50,,,,,,,,,,,,,,,,,,,C03,,,1,,1,,,84,84,1,12,4,120.707332,24.128942,4
1174,66000,387130000C,(04)23274275,(04)23288582,2025,2,4,15,4,臺中市,霧峰區,0,2,0,7,3,6,50,4,1,1,5,4,6,6,4,4,10,5,5,2,16,2,9,1,1,C03,7,6,1,10,2,14,,12,12,1,6,4,120.700067,24.069486,2
1175,66000,387130000C,(04)23274275,(04)23288582,2025,2,4,15,5,臺中市,沙鹿區,0,1,0,7,2,6,50,13,9,1,5,4,6,6,4,4,9,5,5,2,17,2,8,1,1,C03,7,9,1,10,2,11,,84,84,1,12,4,120.555303,24.232848,2
1176,66000,387130000C,(04)23274275,(04)23288582,2025,2,4,15,5,臺中市,梧棲區,0,1,0,7,2,6,50,13,9,1,5,4,6,6,4,4,9,5,5,1,18,2,1,1,1,C03,7,9,1,10,2,14,,59,59,1,12,4,120.547689,24.239792,2
1177,66000,387130000C,(04)23274275,(04)23288582,2025,2,4,15,5,臺中市,外埔區,0,2,0,7,3,6,50,3,1,1,5,4,6,6,1,1,10,5,5,2,16,2,9,1,1,C03,7,6,1,10,2,12,,11,11,1,12,4,120.637294,24.342698,2
1178,66000,387130000C,(04)23274275,(04)23288582,2025,2,4,15,7,臺中市,南屯區,0,0,0,7,,,50,,,,,,,,,,,,,,,,,,,C03,,,1,,2,,,4,4,1,6,4,120.651403,24.150676,3
1179,66000,387130000C,(04)23274275,(04)23288582,2025,2,4,15,12,臺中市,豐原區,0,0,0,7,,,50,,,,,,,,,,,,,,13,,,,,C03,,,1,,2,,,7,7,1,12,4,120.72256,24.255596,3
1180,66000,387130000C,(04)23274275,(04)23288582,2025,2,4,15,16,臺中市,西屯區,0,0,0,7,,,70,,,,,,,,,,,,,,12,,,,,B03,,,1,,2,,,40,40,1,12,4,120.616401,24.182611,3
1181,66000,387130000C,(04)23274275,(04)23288582,2025,2,4,15,20,臺中市,北屯區,0,1,0,7,2,6,50,4,7,1,5,4,6,6,4,4,1,4,4,2,13,3,10,3,1,B03,7,9,1,8,2,1,,59,59,1,6,4,120.668761,24.178101,2
1182,66000,387130000C,(04)23274275,(04)23288582,2025,2,4,15,20,臺中市,清水區,0,2,0,7,3,6,50,4,1,1,5,4,6,6,4,4,5,5,5,2,17,2,2,3,1,B03,7,9,1,8,2,2,,12,12,1,12,4,120.577793,24.27117,2
1183,66000,387130000C,(04)23274275,(04)23288582,2025,2,4,15,21,臺中市,太平區,0,0,0,7,,,50,,,,,,,,,,,,,,13,,,,,B03,,,1,,1,,,84,84,1,13,4,120.71339,24.126024,3
1184,66000,387130000C,(04)23274275,(04)23288582,2025,2,4,15,27,臺中市,大甲區,0,0,0,7,,,40,,,,,,,,,,,,,,,,,,,B02,,,1,,2,,,7,7,1,12,4,120.624031,24.342432,4
1185,66000,387130000C,(04)23274275,(04)23288582,2025,2,4,15,31,臺中市,北區,0,2,0,7,2,6,50,4,1,1,5,4,6,6,2,1,10,5,5,2,12,2,9,2,1,C03,7,6,1,10,2,14,,48,48,1,13,4,120.685572,24.153725,2
1186,66000,387130000C,(04)23274275,(04)23288582,2025,2,4,15,31,臺中市,太平區,0,0,0,7,,,50,,,,,,,,,,,,,,,,,,,C03,,,1,,2,,,54,54,1,12,4,120.710944,24.126402,3
1187,66000,387130000C,(04)23274275,(04)23288582,2025,2,4,15,32,臺中市,霧峰區,0,0,0,7,,,50,,,,,,,,,,,,,,11,,,,,B02,,,1,,2,,,58,58,1,13,4,120.673591,24.075956,3
1188,66000,387130000C,(04)23274275,(04)23288582,2025,2,4,15,36,臺中市,北區,0,0,0,7,,,50,,,,,,,,,,,,,,,,,,,B01,,,3,,1,,,7,7,1,13,4,V,24.162887,3
1189,66000,387130000C,(04)23274275,(04)23288582,2025,2,4,15,37,臺中市,南區,0,0,0,7,,,50,,,,,,,,,,,,,,,,,,,B03,,,1,,2,,,8,8,1,12,4,120.658468,24.113113,3
1190,66000,387130000C,(04)23274275,(04)23288582,2025,2,4,15,40,臺中市,南區,0,1,0,7,2,6,50,13,7,1,5,4,6,6,4,4,3,4,4,2,17,3,10,3,1,B03,7,1,1,8,2,4,,51,51,1,12,4,120.662668,24.123622,2
1191,66000,387130000C,(04)23274275,(04)23288582,2025,2,4,15,41,臺中市,北屯區,0,0,0,7,,,40,,,,,,,,,,,,,,16,,,,,B03,,,1,,1,,,51,51,1,12,4,120.696218,24.164236,3
1192,66000,387130000C,(04)23274275,(04)23288582,2025,2,4,15,41,臺中市,大里區,0,1,0,7,2,6,50,13,9,1,5,4,6,6,4,4,5,5,5,1,18,2,9,1,1,C03,7,7,1,9,1,12,,84,84,1,6,4,120.689151,24.105331,2
1193,66000,387130000C,(04)23274275,(04)23288582,2025,2,4,15,43,臺中市,東區,0,1,0,7,1,6,50,4,1,1,5,4,6,6,1,1,9,4,5,2,12,3,10,3,1,B12,7,5,1,2,2,7,,11,11,1,12,4,120.696485,24.138879,2
1194,66000,387130000C,(04)23274275,(04)23288582,2025,2,4,15,54,臺中市,西屯區,0,0,0,7,,,60,,,,,,,,,,,,,,,,,,,C03,,,1,,1,,,7,7,1,12,4,120.637487,24.175913,3
1195,66000,387130000C,(04)23274275,(04)23288582,2025,2,4,15,58,臺中市,北區,0,0,0,7,,,50,,,,,,,,,,,,,,12,,,,,B03,,,1,,2,,,8,8,1,13,4,120.678011,24.170115,3
1196,66000,387130000C,(04)23274275,(04)23288582,2025,2,4,15,59,臺中市,北屯區,0,1,0,7,1,6,50,3,2,1,5,4,6,6,4,4,5,4,4,2,13,3,10,3,1,B03,7,6,1,8,2,1,,84,84,1,13,4,120.687276,24.173174,2
1197,66000,387130000C,(04)23274275,(04)23288582,2025,2,4,16,0,臺中市,北屯區,0,0,0,7,,,50,,,,,,,,,,,,,,12,,,,,B03,,,1,,1,,,51,51,1,6,4,120.687648,24.189583,3
1198,66000,387130000C,(04)23274275,(04)23288582,2025,2,4,16,5,臺中市,西區,0,0,0,7,,,30,,,,,,,,,,,,,,,,,,,B03,,,1,,1,,,49,49,1,13,4,120.663123,24.140407,3
1199,66000,387130000C,(04)23274275,(04)23288582,2025,2,4,16,13,臺中市,西屯區,0,0,0,7,2,6,50,4,9,1,5,4,6,6,2,1,1,4,5,1,13,3,10,3,4,B03,7,9,1,8,1,1,,7,7,1,12,4,120.621465,24.183376,3
1200,66000,387130000C,(04)23274275,(04)23288582,2025,2,4,16,13,臺中市,大甲區,0,0,0,7,,,50,,,,,,,,,,,,,,,,,,,B03,,,1,,2,,,11,11,1,12,4,120.641447,24.36582,3
1201,66000,387130000C,(04)23274275,(04)23288582,2025,2,4,16,15,臺中市,北屯區,0,1,0,7,1,6,50,4,2,1,5,4,6,6,4,4,5,4,4,2,16,3,10,3,1,B03,7,9,1,8,2,2,,12,12,1,13,4,120.719908,24.174948,2
1202,66000,387130000C,(04)23274275,(04)23288582,2025,2,4,16,18,臺中市,霧峰區,0,2,0,7,2,6,50,13,9,1,5,4,6,6,4,4,3,2,5,2,17,2,9,2,1,C03,7,1,1,10,2,14,,85,85,1,5,4,120.699792,24.075086,2
1203,66000,387130000C,(04)23274275,(04)23288582,2025,2,4,16,21,臺中市,大里區,0,0,0,7,,,50,,,,,,,,,,,,,,13,,,,,B03,,,1,,2,,,7,7,1,13,4,120.677539,24.104313,3
1204,66000,387130000C,(04)23274275,(04)23288582,2025,2,4,16,22,臺中市,北區,0,1,0,7,2,6,50,4,1,1,5,4,6,6,1,1,10,5,5,2,16,2,9,5,4,C03,7,6,1,10,2,14,,48,48,1,13,4,120.678961,24.171314,2
1205,66000,387130000C,(04)23274275,(04)23288582,2025,2,4,16,23,臺中市,北區,0,1,0,7,2,6,30,3,1,1,5,4,6,6,4,4,10,5,5,2,16,3,10,3,1,B03,7,5,1,8,2,5,,39,39,1,13,4,120.676491,24.164692,2
1206,66000,387130000C,(04)23274275,(04)23288582,2025,2,4,16,23,臺中市,東勢區,0,0,0,7,,,50,,,,,,,,,,,,,,11,,,,,C03,,,1,,1,,,26,26,1,12,4,120.827279,24.259504,3
1207,66000,387130000C,(04)23274275,(04)23288582,2025,2,4,16,28,臺中市,西屯區,0,0,0,7,,,40,,,,,,,,,,,,,,14,,,,,B12,,,1,,1,,,49,49,1,13,4,120.665917,24.169083,3
1208,66000,387130000C,(04)23274275,(04)23288582,2025,2,4,16,29,臺中市,西區,0,0,0,7,,,50,,,,,,,,,,,,,,,,,,,B03,,,1,,1,,,84,84,1,12,4,120.68063,24.140059,3
1209,66000,387130000C,(04)23274275,(04)23288582,2025,2,4,16,30,臺中市,大里區,0,0,0,7,,,,,,,,,,,,,,,,,30,,,,,,,,,,,,,119,119,1,,,120.687806,24.100325,3
1210,66000,387130000C,(04)23274275,(04)23288582,2025,2,4,16,32,臺中市,北屯區,0,1,0,7,2,6,50,13,7,1,5,4,6,6,4,4,1,4,4,2,13,3,10,3,1,B03,7,9,1,8,2,1,,59,59,1,6,4,120.661262,24.190882,2
1211,66000,387130000C,(04)23274275,(04)23288582,2025,2,4,16,34,臺中市,西屯區,0,0,0,7,,,40,,,,,,,,,,,,,,13,,,,,B03,,,1,,1,,,7,7,1,12,4,120.628685,24.162023,3
1212,66000,387130000C,(04)23274275,(04)23288582,2025,2,4,16,35,臺中市,神岡區,0,0,0,7,,,50,,,,,,,,,,,,,,12,,,,,B03,,,1,,2,,,45,45,1,12,4,120.678118,24.249708,3
1213,66000,387130000C,(04)23274275,(04)23288582,2025,2,4,16,40,臺中市,北屯區,0,2,0,7,2,6,50,3,2,1,5,4,6,6,2,1,10,4,5,2,13,3,10,3,1,B03,7,9,1,8,2,8,5,39,39,1,12,4,120.709673,24.164605,2
1214,66000,387130000C,(04)23274275,(04)23288582,2025,2,4,16,43,臺中市,西區,0,0,0,7,,,50,,,,,,,,,,,,,,,,,,,B12,,,1,,1,,,84,84,1,12,4,120.671619,24.138241,3
1215,66000,387130000C,(04)23274275,(04)23288582,2025,2,4,16,46,臺中市,龍井區,0,0,0,7,1,6,50,13,9,1,5,4,6,6,4,4,5,2,5,1,24,3,10,3,1,B12,7,9,1,8,1,5,,8,8,1,6,4,120.592651,24.181652,3
1216,66000,387130000C,(04)23274275,(04)23288582,2025,2,4,16,48,臺中市,豐原區,0,0,0,7,,,50,,,,,,,,,,,,,,,,,,,B03,,,1,,2,,,59,59,1,13,4,120.743002,24.270511,3
1217,66000,387130000C,(04)23274275,(04)23288582,2025,2,4,16,51,臺中市,西區,0,0,0,7,,,50,,,,,,,,,,,,,,,,,,,B03,,,1,,1,,,40,40,1,12,4,120.674271,24.148307,3
1218,66000,387130000C,(04)23274275,(04)23288582,2025,2,4,16,51,臺中市,北屯區,0,0,0,7,,,50,,,,,,,,,,,,,,17,,,,,B03,,,1,,2,,,51,51,1,12,4,120.722197,24.174986,3
1219,66000,387130000C,(04)23274275,(04)23288582,2025,2,4,16,54,臺中市,西屯區,0,0,0,7,,,50,,,,,,,,,,,,,,17,,,,,B03,,,1,,9,,,85,85,1,12,4,120.603397,24.185609,3
1220,66000,387130000C,(04)23274275,(04)23288582,2025,2,4,16,55,臺中市,西區,0,0,0,7,,,50,,,,,,,,,,,,,,,,,,,C03,,,1,,2,,,49,49,1,13,4,120.675138,24.141035,3
1221,66000,387130000C,(04)23274275,(04)23288582,2025,2,4,16,56,臺中市,北屯區,0,1,0,7,2,6,50,13,9,1,5,4,6,6,4,4,9,5,4,2,17,3,10,5,4,B12,7,1,1,8,2,4,,51,51,1,12,4,120.724647,24.173552,2
1222,66000,387130000C,(04)23274275,(04)23288582,2025,2,4,16,58,臺中市,西屯區,0,0,0,7,,,50,,,,,,,,,,,,,,13,,,,,B03,,,1,,1,,,59,59,1,12,4,120.608684,24.156865,3
1223,66000,387130000C,(04)23274275,(04)23288582,2025,2,4,16,59,臺中市,龍井區,0,0,0,7,,,50,,,,,,,,,,,,,,,,,,,B03,,,1,,2,,,49,49,1,6,4,120.551453,24.213544,3
1224,66000,387130000C,(04)23274275,(04)23288582,2025,2,4,17,0,臺中市,南屯區,0,0,0,7,1,6,50,13,9,1,5,4,6,6,1,1,1,4,5,2,13,,,,,B03,,,1,,1,,,7,7,1,12,4,120.646681,24.153613,3
1225,66000,387130000C,(04)23274275,(04)23288582,2025,2,4,17,7,臺中市,西屯區,0,0,0,7,,,60,,,,,,,,,,,,,,,,,,,C03,,,1,,1,,,87,87,1,12,4,120.606896,24.164006,3
1226,66000,387130000C,(04)23274275,(04)23288582,2025,2,4,17,8,臺中市,南屯區,0,0,0,7,1,6,50,13,9,1,5,4,6,6,1,1,5,4,5,2,13,,,,,B03,,,1,,1,,,7,7,1,12,4,120.643921,24.13821,3
1227,66000,387130000C,(04)23274275,(04)23288582,2025,2,4,17,10,臺中市,大里區,0,0,0,7,,,50,,,,,,,,,,,,,,17,,,,,B03,,,1,,1,,,84,84,1,12,4,120.690087,24.112176,3
1228,66000,387130000C,(04)23274275,(04)23288582,2025,2,4,17,10,臺中市,大甲區,0,0,0,7,,,50,,,,,,,,,,,,,,,,,,,B03,,,1,,2,,,84,84,1,6,4,120.625851,24.344081,3
1229,66000,387130000C,(04)23274275,(04)23288582,2025,2,4,17,11,臺中市,南屯區,0,0,0,7,,,50,,,,,,,,,,,,,,17,,,,,B12,,,1,,1,,,78,78,1,12,4,120.652998,24.134604,3
1230,66000,387130000C,(04)23274275,(04)23288582,2025,2,4,17,12,臺中市,南屯區,0,0,0,7,,,50,,,,,,,,,,,,,,,,,,,C03,,,1,,2,,,82,82,1,6,4,120.638145,24.141882,3
1231,66000,387130000C,(04)23274275,(04)23288582,2025,2,4,17,13,臺中市,北區,0,1,0,7,2,6,50,13,9,1,5,4,6,6,4,4,8,3,5,1,9,3,10,3,1,B03,7,9,1,8,2,2,,7,7,1,13,4,120.673765,24.151827,2
1232,66000,387130000C,(04)23274275,(04)23288582,2025,2,4,17,15,臺中市,霧峰區,0,2,0,7,3,6,40,4,9,1,5,4,6,6,1,1,9,5,5,1,13,2,9,1,1,C03,7,9,1,10,2,14,,7,7,1,6,4,120.669994,24.061683,2
1233,66000,387130000C,(04)23274275,(04)23288582,2025,2,4,17,19,臺中市,太平區,0,1,0,7,2,6,50,5,1,1,5,4,6,6,1,1,10,5,5,2,16,3,10,1,1,C03,7,5,1,10,2,12,,47,47,2,12,4,120.732963,24.134916,2
1234,66000,387130000C,(04)23274275,(04)23288582,2025,2,4,17,22,臺中市,西屯區,0,0,0,7,1,6,50,3,2,1,5,4,6,6,4,4,10,5,5,2,14,3,10,3,4,B03,7,3,1,8,2,5,,50,50,1,12,4,120.658169,24.16807,3
1235,66000,387130000C,(04)23274275,(04)23288582,2025,2,4,17,22,臺中市,東勢區,0,0,0,7,,,50,,,,,,,,,,,,,,2,,,,,H04,,,7,,1,,,95,95,1,12,4,120.833659,24.251249,3
1236,66000,387130000C,(04)23274275,(04)23288582,2025,2,4,17,25,臺中市,梧棲區,0,0,0,7,,,50,,,,,,,,,,,,,,12,,,,,B03,,,1,,9,,,7,7,1,6,4,120.514967,24.226287,3
1237,66000,387130000C,(04)23274275,(04)23288582,2025,2,4,17,26,臺中市,西屯區,0,1,0,7,1,6,40,4,1,1,5,4,6,6,1,1,10,5,5,2,16,2,9,2,1,C03,7,9,1,10,2,11,,21,21,1,12,4,120.660451,24.164449,2
1238,66000,387130000C,(04)23274275,(04)23288582,2025,2,4,17,26,臺中市,西屯區,0,1,0,7,1,6,70,3,1,1,5,4,6,6,2,1,10,5,5,2,16,3,10,5,4,B03,7,5,1,8,2,2,,38,38,1,13,4,120.619111,24.181355,2
1239,66000,387130000C,(04)23274275,(04)23288582,2025,2,4,17,27,臺中市,豐原區,0,0,0,7,,,60,,,,,,,,,,,,,,13,,,,,B03,,,1,,2,,,7,7,1,13,4,120.729304,24.281974,3
1240,66000,387130000C,(04)23274275,(04)23288582,2025,2,4,17,28,臺中市,后里區,0,0,0,7,,,50,,,,,,,,,,,,,,13,,,,,C03,,,1,,2,,,7,7,1,12,4,120.722018,24.304041,3
1241,66000,387130000C,(04)23274275,(04)23288582,2025,2,4,17,30,臺中市,西區,0,0,0,7,,,,,,,,,,,,,,,,,,,,,,,,,,,,,,119,119,1,,,120.673242,24.148836,3
1242,66000,387130000C,(04)23274275,(04)23288582,2025,2,4,17,31,臺中市,豐原區,0,0,0,7,,,50,,,,,,,,,,,,,,16,,,,,C03,,,1,,2,,,14,14,1,6,4,120.699082,24.247327,4
1243,66000,387130000C,(04)23274275,(04)23288582,2025,2,4,17,32,臺中市,西區,0,0,0,7,,,50,,,,,,,,,,,,,,,,,,,C03,,,1,,1,,,8,8,1,12,4,120.661725,24.144333,3
1244,66000,387130000C,(04)23274275,(04)23288582,2025,2,4,17,35,臺中市,豐原區,0,1,0,7,3,6,30,3,1,1,5,4,6,6,4,4,10,5,5,1,17,3,10,3,4,B03,7,6,1,8,2,4,,14,14,1,13,4,120.70765,24.237968,2
1245,66000,387130000C,(04)23274275,(04)23288582,2025,2,4,17,38,臺中市,西屯區,0,0,0,7,,,50,,,,,,,,,,,,,,12,,,,,A04,,,1,,2,,,84,84,1,12,4,120.63738,24.166574,3