序號,縣市別代碼,機關代碼,市話,傳真,年,月,日,時,分,縣市,區,死亡數量,受傷數量,2-30,天候,道路照明設備,道路類別,道路速限,道路型態,事故位置,路面鋪裝,路面狀態,路面缺陷,障礙物,視距,號誌種類,號誌動作,分向設施,快車道或一般車道間,快慢車道間,路面邊線,事故類型及型態,受傷程度,主要傷處,保護裝備,行動電話或功能裝置,當事者區分(類別),車輛用途,當事者行動狀態,駕照狀態,駕照種類,飲酒情形,車輛撞擊部位最初,車輛撞擊部位其他,肇事因素個別,肇事因素主要,肇事逃逸,職業,共享經濟或外送平台,GPS座標X,GPS座標Y,事故類別
1357,66000,387130000C,(04)23274275,(04)23288582,2025,2,5,1,38,臺中市,豐原區,0,0,0,7,,,50,,,,,,,,,,,,,,14,,,,,B03,,,1,,2,,,49,49,1,6,4,120.720467,24.249741,3
1358,66000,387130000C,(04)23274275,(04)23288582,2025,2,5,1,45,臺中市,北區,0,2,0,7,3,6,50,5,2,1,5,4,6,6,1,1,3,2,3,2,18,2,9,5,4,C03,7,5,2,19,2,12,,84,84,1,13,4,120.676394,24.150804,2
1359,66000,387130000C,(04)23274275,(04)23288582,2025,2,5,2,32,臺中市,大里區,0,0,0,7,,,50,,,,,,,,,,,,,,14,,,,,B03,,,2,,9,,,49,49,1,4,4,120.69257,24.093186,3
1360,66000,387130000C,(04)23274275,(04)23288582,2025,2,5,3,25,臺中市,沙鹿區,0,1,0,7,1,6,30,3,2,1,5,4,6,6,4,4,10,5,5,2,16,3,10,2,1,C03,7,6,1,10,2,11,,48,48,1,6,4,120.607093,24.245886,2
1361,66000,387130000C,(04)23274275,(04)23288582,2025,2,5,3,28,臺中市,東區,0,1,0,7,1,6,50,13,9,1,5,4,6,6,4,4,5,4,5,2,17,3,10,3,1,B12,7,4,1,8,2,2,,84,84,1,12,4,120.689973,24.143052,2
1362,66000,387130000C,(04)23274275,(04)23288582,2025,2,5,3,39,臺中市,大雅區,0,0,0,7,,,60,,,,,,,,,,,,,,13,,,,,B02,,,1,,1,,,59,59,1,12,4,120.650785,24.209976,3
1363,66000,387130000C,(04)23274275,(04)23288582,2025,2,5,5,8,臺中市,太平區,0,0,0,7,,,50,,,,,,,,,,,,,,15,,,,,B01,,,1,,2,,,24,24,1,6,4,120.723144,24.155814,3
1364,66000,387130000C,(04)23274275,(04)23288582,2025,2,5,5,10,臺中市,南區,0,2,0,7,3,6,50,4,1,1,5,4,6,5,4,4,5,4,4,2,13,2,9,2,1,C03,7,9,1,10,2,11,,84,84,1,13,4,120.665031,24.113793,2
1365,66000,387130000C,(04)23274275,(04)23288582,2025,2,5,5,40,臺中市,東區,0,0,0,7,,,50,,,,,,,,,,,,,,16,,,,,C03,,,1,,1,,,12,12,1,12,4,120.706016,24.142145,3
1366,66000,387130000C,(04)23274275,(04)23288582,2025,2,5,6,13,臺中市,大肚區,0,0,0,7,,,50,,,,,,,,,,,,,,13,,,,,B03,,,1,,1,,,7,7,1,6,4,120.574673,24.169782,3
1367,66000,387130000C,(04)23274275,(04)23288582,2025,2,5,6,27,臺中市,南屯區,0,0,0,7,,,50,,,,,,,,,,,,,,,,,,,C03,,,1,,2,,,59,59,1,13,4,120.652851,24.144484,3
1368,66000,387130000C,(04)23274275,(04)23288582,2025,2,5,6,50,臺中市,北屯區,0,0,0,7,,,50,,,,,,,,,,,,,,12,,,,,B03,,,1,,1,,,40,40,1,6,4,120.727523,24.160937,3
1369,66000,387130000C,(04)23274275,(04)23288582,2025,2,5,7,0,臺中市,后里區,0,0,0,7,,,30,,,,,,,,,,,,,,17,,,,,B12,,,1,,9,,,47,47,1,6,4,120.721952,24.307779,3
1370,66000,387130000C,(04)23274275,(04)23288582,2025,2,5,7,1,臺中市,太平區,0,2,0,7,2,6,30,3,2,1,5,4,6,6,4,4,5,5,5,2,16,2,8,1,1,C03,7,6,1,10,2,14,,48,48,1,6,4,120.726971,24.15385,2
1371,66000,387130000C,(04)23274275,(04)23288582,2025,2,5,7,5,臺中市,清水區,0,0,0,7,,,50,,,,,,,,,,,,,,17,,,,,B03,,,1,,2,,,7,7,1,12,4,120.578357,24.267193,3
1372,66000,387130000C,(04)23274275,(04)23288582,2025,2,5,7,14,臺中市,大里區,0,1,0,7,3,6,30,13,9,1,5,4,6,6,4,4,10,5,5,2,17,3,10,3,1,B03,7,1,1,8,2,1,,51,51,1,12,4,120.708579,24.097046,2
1373,66000,387130000C,(04)23274275,(04)23288582,2025,2,5,7,14,臺中市,大肚區,0,1,0,7,2,6,40,3,1,1,5,4,6,6,2,1,10,5,5,2,12,2,9,1,1,C03,7,9,1,10,2,11,,7,7,1,6,4,120.582758,24.168266,2
1374,66000,387130000C,(04)23274275,(04)23288582,2025,2,5,7,15,臺中市,霧峰區,0,2,0,6,2,6,30,4,1,1,5,4,6,6,1,1,10,5,5,2,17,2,9,1,1,C03,7,9,1,9,2,12,,21,21,1,13,4,120.664508,24.047966,2
1375,66000,387130000C,(04)23274275,(04)23288582,2025,2,5,7,16,臺中市,龍井區,0,0,0,7,,,40,,,,,,,,,,,,,,,,,,,C03,,,1,,2,,,7,7,1,12,4,120.542661,24.218465,3
1376,66000,387130000C,(04)23274275,(04)23288582,2025,2,5,7,17,臺中市,大里區,0,2,0,7,3,6,50,3,1,1,5,4,6,6,4,4,5,5,5,2,16,2,7,4,1,F01,7,6,7,21,2,11,,14,14,1,13,4,120.678645,24.115957,2
1377,66000,387130000C,(04)23274275,(04)23288582,2025,2,5,7,21,臺中市,南屯區,0,0,0,7,,,50,,,,,,,,,,,,,,15,,,,,B03,,,1,,1,,,20,20,1,12,4,120.643015,24.136057,3
1378,66000,387130000C,(04)23274275,(04)23288582,2025,2,5,7,22,臺中市,龍井區,0,2,0,7,3,6,30,3,1,1,5,4,6,6,4,4,10,5,5,2,17,2,8,2,1,C03,7,9,1,10,1,11,,7,7,1,12,4,120.528849,24.195111,2
1379,66000,387130000C,(04)23274275,(04)23288582,2025,2,5,7,28,臺中市,北區,0,0,0,7,,,50,,,,,,,,,,,,,,17,,,,,B03,,,1,,1,,,51,51,1,13,4,120.68138,24.154309,3
1380,66000,387130000C,(04)23274275,(04)23288582,2025,2,5,7,28,臺中市,南屯區,0,0,0,7,,,50,,,,,,,,,,,,,,,,,,,B12,,,1,,2,,,7,7,1,12,4,120.584301,24.167827,3
1381,66000,387130000C,(04)23274275,(04)23288582,2025,2,5,7,30,臺中市,沙鹿區,0,0,0,7,,,50,,,,,,,,,,,,,,,,,,,C03,,,1,,2,,,14,14,1,13,4,120.559097,24.233196,3
1382,66000,387130000C,(04)23274275,(04)23288582,2025,2,5,7,31,臺中市,太平區,0,1,0,7,2,6,50,3,2,1,5,4,6,6,1,1,5,4,5,1,13,2,7,1,1,C03,7,9,1,10,2,11,,7,7,1,12,4,120.727183,24.134132,2
1383,66000,387130000C,(04)23274275,(04)23288582,2025,2,5,7,31,臺中市,龍井區,0,2,0,7,3,6,70,13,9,1,5,4,6,6,4,4,1,4,4,1,17,3,10,5,4,B03,7,9,3,19,2,5,,59,59,1,13,4,120.537093,24.197642,2
1384,66000,387130000C,(04)23274275,(04)23288582,2025,2,5,7,32,臺中市,北屯區,0,1,0,7,2,6,50,13,9,1,5,4,6,6,4,4,9,4,5,2,17,3,10,1,1,C03,7,11,1,10,2,11,,39,39,1,12,4,120.701513,24.169817,2
1385,66000,387130000C,(04)23274275,(04)23288582,2025,2,5,7,34,臺中市,豐原區,0,3,0,7,2,6,50,13,7,1,5,4,6,6,4,4,5,4,4,2,16,2,9,1,1,C03,7,1,1,10,2,11,,51,51,1,12,4,120.726226,24.250307,2
1386,66000,387130000C,(04)23274275,(04)23288582,2025,2,5,7,35,臺中市,大甲區,0,0,0,7,,,70,,,,,,,,,,,,,,,,,,,B03,,,1,,1,,,7,7,1,6,4,120.641096,24.36501,3
1387,66000,387130000C,(04)23274275,(04)23288582,2025,2,5,7,36,臺中市,大雅區,0,0,0,7,2,6,70,4,2,1,5,4,6,6,1,1,1,2,5,1,16,3,10,3,1,B03,7,7,1,8,1,8,,40,40,1,13,4,120.630453,24.240713,3
1388,66000,387130000C,(04)23274275,(04)23288582,2025,2,5,7,36,臺中市,沙鹿區,0,1,0,7,2,6,50,13,12,1,5,4,6,6,4,4,3,4,5,2,18,2,9,1,1,C03,7,9,1,10,2,14,,84,84,1,13,4,120.599313,24.248937,2
1389,66000,387130000C,(04)23274275,(04)23288582,2025,2,5,7,43,臺中市,西屯區,0,1,0,7,2,6,50,13,7,1,5,4,6,6,4,4,5,5,4,2,17,2,9,5,4,C03,7,9,1,10,2,14,,43,43,1,13,4,120.658744,24.195245,2
1390,66000,387130000C,(04)23274275,(04)23288582,2025,2,5,7,43,臺中市,大里區,0,1,0,7,2,6,30,13,9,1,5,4,6,6,4,4,10,5,5,2,16,3,10,3,1,B03,7,1,1,8,2,8,,51,51,1,12,4,120.706994,24.092031,2
1391,66000,387130000C,(04)23274275,(04)23288582,2025,2,5,7,45,臺中市,龍井區,0,3,0,7,2,6,50,4,2,1,5,4,6,6,1,1,10,5,5,2,16,2,9,1,1,C03,7,6,2,19,2,12,,11,11,1,12,4,120.563816,24.197565,2
1392,66000,387130000C,(04)23274275,(04)23288582,2025,2,5,7,47,臺中市,西屯區,0,2,0,7,2,6,30,4,1,1,5,4,6,6,4,4,10,5,5,2,10,2,9,1,1,C03,7,9,1,10,2,11,,15,15,1,12,4,120.644169,24.180403,2
1393,66000,387130000C,(04)23274275,(04)23288582,2025,2,5,7,47,臺中市,西屯區,0,0,0,7,,,40,,,,,,,,,,,,,,13,,,,,C03,,,1,,1,,,7,7,1,12,4,120.61868,24.175394,3
1394,66000,387130000C,(04)23274275,(04)23288582,2025,2,5,7,48,臺中市,太平區,0,1,0,7,3,6,50,13,9,1,5,4,6,6,4,4,5,4,5,1,12,3,10,3,1,B03,7,9,1,8,2,2,,85,85,1,12,4,120.710683,24.127151,2
1395,66000,387130000C,(04)23274275,(04)23288582,2025,2,5,7,49,臺中市,北區,0,4,0,7,2,6,50,4,1,1,5,4,6,6,4,4,10,5,5,2,15,2,9,5,4,C03,7,9,1,10,2,11,,15,15,1,13,4,120.680996,24.153491,2
1396,66000,387130000C,(04)23274275,(04)23288582,2025,2,5,7,50,臺中市,大雅區,0,0,0,7,,,40,,,,,,,,,,,,,,,,,,,C03,,,1,,2,,,84,84,1,12,4,120.649246,24.215878,3
1397,66000,387130000C,(04)23274275,(04)23288582,2025,2,5,7,50,臺中市,南屯區,0,1,0,7,2,6,40,3,1,1,5,4,6,6,1,1,9,4,1,2,12,2,9,1,1,C03,7,9,1,10,2,11,,84,84,1,12,4,120.585375,24.166733,2
1398,66000,387130000C,(04)23274275,(04)23288582,2025,2,5,7,50,臺中市,西屯區,0,1,0,7,2,6,50,5,1,1,5,4,6,6,2,1,10,5,5,1,11,2,9,1,1,C03,7,5,1,10,2,11,,41,41,1,12,4,120.659684,24.192971,2
1399,66000,387130000C,(04)23274275,(04)23288582,2025,2,5,7,50,臺中市,烏日區,0,0,0,7,,,30,,,,,,,,,,,,,,,,,,,B03,,,1,,1,,,8,8,1,12,4,120.632308,24.044133,3
1400,66000,387130000C,(04)23274275,(04)23288582,2025,2,5,7,56,臺中市,龍井區,0,1,0,7,3,6,40,4,2,1,5,4,6,6,1,1,5,5,5,1,13,3,10,3,1,B03,7,15,1,8,2,1,,84,84,1,12,4,120.539419,24.206375,2
1401,66000,387130000C,(04)23274275,(04)23288582,2025,2,5,7,56,臺中市,后里區,0,0,0,7,3,6,50,3,2,1,5,4,6,6,4,4,9,4,4,1,9,3,10,3,1,B03,7,1,1,8,1,7,,51,51,1,6,4,120.715474,24.309975,3
1402,66000,387130000C,(04)23274275,(04)23288582,2025,2,5,7,58,臺中市,西區,0,2,0,7,2,6,40,4,1,1,5,4,6,6,1,1,10,5,5,2,12,2,9,2,1,C03,7,9,1,10,2,11,,7,7,1,12,4,120.674152,24.14779,2
1403,66000,387130000C,(04)23274275,(04)23288582,2025,2,5,7,58,臺中市,東區,0,1,0,7,2,6,50,3,1,1,5,4,6,6,1,1,5,2,5,2,16,3,10,3,1,B12,7,6,1,8,2,5,,11,11,1,13,4,120.685093,24.12864,2
1404,66000,387130000C,(04)23274275,(04)23288582,2025,2,5,8,4,臺中市,東區,0,2,0,7,3,6,50,3,1,1,5,4,6,6,4,4,5,2,5,2,17,2,9,1,1,F03,7,15,7,21,2,13,,87,87,1,13,4,120.70565,24.130066,2
1405,66000,387130000C,(04)23274275,(04)23288582,2025,2,5,8,8,臺中市,潭子區,0,1,0,7,2,6,60,13,12,1,5,4,6,6,4,4,1,3,4,1,13,2,9,1,1,C03,7,9,1,10,2,11,,7,7,1,13,4,120.686304,24.205947,2
1406,66000,387130000C,(04)23274275,(04)23288582,2025,2,5,8,14,臺中市,西屯區,0,0,0,7,,,30,,,,,,,,,,,,,,12,,,,,B03,,,1,,2,,,8,8,1,12,4,120.645546,24.202772,3
1407,66000,387130000C,(04)23274275,(04)23288582,2025,2,5,8,16,臺中市,潭子區,0,0,0,7,,,60,,,,,,,,,,,,,,,,,,,B03,,,1,,2,,,84,84,1,13,4,120.705357,24.209314,3
1408,66000,387130000C,(04)23274275,(04)23288582,2025,2,5,8,17,臺中市,西屯區,0,0,0,7,,,30,,,,,,,,,,,,,,15,,,,,C03,,,1,,1,,,15,15,1,12,4,120.614185,24.179725,3
1409,66000,387130000C,(04)23274275,(04)23288582,2025,2,5,8,18,臺中市,西區,0,1,0,7,2,6,50,4,1,1,5,4,6,6,1,1,10,5,5,2,17,2,9,1,1,C03,7,9,1,10,2,11,,7,7,1,12,4,120.669527,24.134478,2
1410,66000,387130000C,(04)23274275,(04)23288582,2025,2,5,8,18,臺中市,西區,0,0,0,7,,,50,,,,,,,,,,,,,,17,,,,,C03,,,1,,2,,,14,14,1,12,4,120.658977,24.155921,3
1411,66000,387130000C,(04)23274275,(04)23288582,2025,2,5,8,20,臺中市,南屯區,0,1,0,7,1,6,50,4,1,5,5,4,6,6,2,1,10,5,5,2,16,3,10,3,1,B12,7,5,1,8,2,5,,11,11,1,12,4,120.633935,24.159498,2
1412,66000,387130000C,(04)23274275,(04)23288582,2025,2,5,8,21,臺中市,南屯區,0,0,0,7,,,50,,,,,,,,,,,,,,12,,,,,B03,,,1,,2,,,40,40,1,13,4,120.615913,24.153555,3
1413,66000,387130000C,(04)23274275,(04)23288582,2025,2,5,8,21,臺中市,大里區,0,0,0,7,,,30,,,,,,,,,,,,,,17,,,,,C03,,,1,,2,,,49,49,1,12,4,120.703269,24.097792,3
1414,66000,387130000C,(04)23274275,(04)23288582,2025,2,5,8,22,臺中市,大里區,0,0,0,7,,,50,,,,,,,,,,,,,,,,,,,C03,,,1,,2,,,51,51,1,12,4,120.674549,24.097482,4
1415,66000,387130000C,(04)23274275,(04)23288582,2025,2,5,8,22,臺中市,沙鹿區,0,1,0,7,2,6,50,13,12,1,5,4,6,6,4,4,3,4,4,2,17,3,10,3,1,B03,7,7,1,8,2,2,,40,40,1,13,4,120.563492,24.206423,2
1416,66000,387130000C,(04)23274275,(04)23288582,2025,2,5,8,23,臺中市,西屯區,0,0,0,7,,,50,,,,,,,,,,,,,,13,,,,,B03,,,1,,1,,,7,7,1,12,4,120.616987,24.181904,3
1417,66000,387130000C,(04)23274275,(04)23288582,2025,2,5,8,24,臺中市,太平區,0,0,0,7,,,30,,,,,,,,,,,,,,17,,,,,B03,,,1,,9,,,8,8,1,12,4,120.720587,24.12178,3
1418,66000,387130000C,(04)23274275,(04)23288582,2025,2,5,8,29,臺中市,西區,0,2,0,7,1,6,50,5,1,1,5,4,6,6,1,1,10,5,5,1,17,2,9,5,4,C03,7,9,1,10,2,11,,84,84,1,12,4,120.665649,24.135153,2
1419,66000,387130000C,(04)23274275,(04)23288582,2025,2,5,8,31,臺中市,南區,0,2,0,7,2,6,50,13,7,1,5,4,6,6,4,4,9,5,4,2,17,2,1,3,1,B03,7,1,1,8,2,4,,51,51,1,12,4,120.65189,24.108776,2
1420,66000,387130000C,(04)23274275,(04)23288582,2025,2,5,8,32,臺中市,北區,0,0,0,7,,,30,,,,,,,,,,,,,,14,,,,,C03,,,1,,2,,,84,84,1,13,4,120.693558,24.157271,3
1421,66000,387130000C,(04)23274275,(04)23288582,2025,2,5,8,32,臺中市,西屯區,0,0,0,7,,,50,,,,,,,,,,,,,,13,,,,,B03,,,1,,1,,,65,65,1,13,4,120.598382,24.204683,3
1422,66000,387130000C,(04)23274275,(04)23288582,2025,2,5,8,33,臺中市,西區,0,2,0,7,2,6,50,4,1,1,5,4,6,6,1,1,10,5,5,2,17,2,9,2,1,C03,7,9,1,10,2,11,,7,7,1,12,4,120.669457,24.138828,2
1423,66000,387130000C,(04)23274275,(04)23288582,2025,2,5,8,33,臺中市,南屯區,0,0,0,7,,,50,,,,,,,,,,,,,,,,,,,B03,,,1,,2,,,59,59,1,12,4,120.640627,24.142634,4
1424,66000,387130000C,(04)23274275,(04)23288582,2025,2,5,8,34,臺中市,西屯區,0,0,0,7,,,50,,,,,,,,,,,,,,13,,,,,B03,,,1,,1,,,7,7,1,12,4,120.659104,24.176031,4
1425,66000,387130000C,(04)23274275,(04)23288582,2025,2,5,8,35,臺中市,大甲區,0,2,0,7,2,6,50,4,1,1,5,4,6,6,4,4,10,5,5,1,15,2,9,2,1,C03,7,9,1,10,2,11,,15,15,1,6,4,120.639457,24.410331,2
1426,66000,387130000C,(04)23274275,(04)23288582,2025,2,5,8,36,臺中市,豐原區,0,0,0,7,,,50,,,,,,,,,,,,,,17,,,,,C03,,,2,,2,,,54,54,1,12,4,120.742835,24.253105,4
1427,66000,387130000C,(04)23274275,(04)23288582,2025,2,5,8,39,臺中市,烏日區,0,0,0,7,,,50,,,,,,,,,,,,,,,,,,,B03,,,1,,2,,,49,49,1,6,4,120.642841,24.109799,3
1428,66000,387130000C,(04)23274275,(04)23288582,2025,2,5,8,40,臺中市,北屯區,0,1,0,7,2,6,50,13,9,1,5,4,6,6,2,1,1,4,5,2,13,2,8,2,1,C03,7,9,1,10,2,11,,7,7,1,12,4,120.699769,24.164936,2
1429,66000,387130000C,(04)23274275,(04)23288582,2025,2,5,8,45,臺中市,南屯區,0,3,0,7,2,6,50,3,1,1,5,4,6,6,1,1,9,4,1,2,13,2,9,1,1,C03,7,9,1,10,2,11,,7,7,1,12,4,120.628118,24.160913,2
1430,66000,387130000C,(04)23274275,(04)23288582,2025,2,5,8,45,臺中市,北屯區,0,1,0,7,2,6,50,4,1,1,5,4,6,6,2,1,10,5,5,2,12,3,10,1,1,C03,7,6,1,10,2,14,,84,84,1,12,4,120.718882,24.172651,2
1431,66000,387130000C,(04)23274275,(04)23288582,2025,2,5,8,46,臺中市,大雅區,0,1,0,7,2,6,50,13,9,1,5,4,6,6,1,1,9,5,5,1,13,2,8,1,1,C03,7,9,1,10,2,11,,7,7,1,13,4,120.667868,24.21674,2
1432,66000,387130000C,(04)23274275,(04)23288582,2025,2,5,8,48,臺中市,潭子區,0,1,0,7,2,6,60,13,7,1,5,4,6,6,4,4,1,3,4,1,13,3,10,3,1,B13,7,9,1,8,2,5,,84,84,1,13,4,120.68657,24.207445,2
1433,66000,387130000C,(04)23274275,(04)23288582,2025,2,5,8,48,臺中市,神岡區,0,0,0,7,,,50,,,,,,,,,,,,,,14,,,,,B12,,,1,,1,,,49,49,1,12,4,120.664617,24.259563,3
1434,66000,387130000C,(04)23274275,(04)23288582,2025,2,5,8,51,臺中市,豐原區,0,2,0,7,3,6,50,5,1,1,5,4,6,6,1,1,5,5,4,2,16,2,9,1,4,C03,7,6,1,10,9,11,,11,11,1,12,4,120.717782,24.251867,2
1435,66000,387130000C,(04)23274275,(04)23288582,2025,2,5,8,52,臺中市,北區,0,1,0,7,3,9,50,3,2,5,5,4,6,6,2,1,10,5,5,2,17,2,9,5,4,C03,7,11,1,10,2,14,,45,45,1,13,4,120.689134,24.153572,2
1436,66000,387130000C,(04)23274275,(04)23288582,2025,2,5,8,52,臺中市,大肚區,0,1,0,7,2,6,50,4,1,1,5,4,6,6,4,4,10,5,5,2,15,3,10,3,1,B03,7,9,1,8,2,2,,15,15,1,6,4,120.53762,24.15314,2
1437,66000,387130000C,(04)23274275,(04)23288582,2025,2,5,8,54,臺中市,南區,0,2,0,7,1,6,50,4,1,1,5,4,6,6,3,1,10,5,5,2,17,2,9,1,1,C03,7,6,1,10,2,12,,14,14,1,12,4,120.652755,24.121647,2
1438,66000,387130000C,(04)23274275,(04)23288582,2025,2,5,8,54,臺中市,南屯區,0,1,0,7,3,6,50,13,8,1,5,4,6,6,4,4,1,3,4,2,16,3,10,3,1,B03,7,5,1,8,2,2,,84,84,1,12,4,120.622601,24.150128,2
1439,66000,387130000C,(04)23274275,(04)23288582,2025,2,5,8,59,臺中市,潭子區,0,0,0,7,,,50,,,,,,,,,,,,,,,,,,,C03,,,1,,1,,,14,14,1,13,4,120.703542,24.210847,3
1440,66000,387130000C,(04)23274275,(04)23288582,2025,2,5,9,0,臺中市,南區,0,0,0,7,1,6,50,13,7,1,5,4,6,6,1,1,5,,4,2,13,3,10,3,1,B01,7,9,1,8,1,1,,84,84,1,12,4,120.657578,24.124635,3
1441,66000,387130000C,(04)23274275,(04)23288582,2025,2,5,9,0,臺中市,東區,0,0,0,7,,,50,,,,,,,,,,,,,,17,,,,,B03,,,1,,9,,,8,8,1,13,4,120.710067,24.144432,3
1442,66000,387130000C,(04)23274275,(04)23288582,2025,2,5,9,2,臺中市,南區,0,2,0,7,2,6,50,4,1,1,5,4,6,6,2,1,3,4,4,2,13,2,9,2,1,C03,7,9,1,10,2,11,,84,84,1,13,4,120.66224,24.122571,2
1443,66000,387130000C,(04)23274275,(04)23288582,2025,2,5,9,4,臺中市,西區,0,0,0,7,,,50,,,,,,,,,,,,,,,,,,,C03,,,1,,1,,,21,21,1,12,4,120.661688,24.140163,3
1444,66000,387130000C,(04)23274275,(04)23288582,2025,2,5,9,6,臺中市,霧峰區,0,1,0,7,2,6,30,4,1,1,5,4,6,6,4,4,10,5,5,2,17,2,8,1,1,C03,7,9,1,10,2,12,,15,15,1,13,4,120.713019,24.078356,2
1445,66000,387130000C,(04)23274275,(04)23288582,2025,2,5,9,13,臺中市,大里區,0,2,0,7,3,6,50,3,1,1,5,4,1,6,4,4,1,4,5,1,16,2,8,1,1,C03,7,5,1,10,2,12,,14,14,1,13,4,120.700555,24.120316,2
1446,66000,387130000C,(04)23274275,(04)23288582,2025,2,5,9,15,臺中市,東區,0,0,0,7,,,50,,,,,,,,,,,,,,17,,,,,B12,,,1,,1,,,87,87,1,13,4,120.694275,24.129822,3
1447,66000,387130000C,(04)23274275,(04)23288582,2025,2,5,9,16,臺中市,烏日區,0,0,0,7,2,6,60,,7,1,5,4,6,6,1,1,1,4,5,1,13,3,10,3,1,B03,7,9,1,8,1,5,,7,7,1,6,4,120.613524,24.106621,3
1448,66000,387130000C,(04)23274275,(04)23288582,2025,2,5,9,25,臺中市,烏日區,0,1,0,7,2,6,30,13,9,1,5,4,6,6,4,4,10,5,5,2,30,2,8,1,1,C03,7,9,1,10,1,16,,84,84,1,6,4,120.631111,24.043363,2
1449,66000,387130000C,(04)23274275,(04)23288582,2025,2,5,9,26,臺中市,東區,0,1,0,7,2,6,40,4,1,1,5,4,6,6,2,1,10,5,5,2,17,2,8,2,1,C03,7,15,1,10,1,14,,84,84,1,12,4,120.689784,24.132704,2
1450,66000,387130000C,(04)23274275,(04)23288582,2025,2,5,9,28,臺中市,烏日區,0,0,0,7,,,50,,,,,,,,,,,,,,,,,,,B03,,,1,,1,,,7,7,1,6,4,120.64991,24.107301,3
1451,66000,387130000C,(04)23274275,(04)23288582,2025,2,5,9,30,臺中市,北屯區,0,0,0,7,,,50,,,,,,,,,,,,,,13,,,,,B03,,,1,,1,,,59,59,1,12,4,120.68624,24.188258,3
1452,66000,387130000C,(04)23274275,(04)23288582,2025,2,5,9,35,臺中市,大里區,0,1,0,7,2,6,50,13,9,1,5,4,6,6,4,4,9,4,5,1,12,3,10,3,1,B03,7,3,1,8,2,2,,50,50,1,12,4,120.680673,24.10542,2
1453,66000,387130000C,(04)23274275,(04)23288582,2025,2,5,9,35,臺中市,豐原區,0,1,0,7,2,6,50,4,1,1,5,4,6,6,4,4,5,5,5,2,16,3,10,3,1,B03,7,5,1,8,2,2,,47,47,1,12,4,120.733984,24.247832,2
1454,66000,387130000C,(04)23274275,(04)23288582,2025,2,5,9,37,臺中市,中區,0,1,0,7,2,6,50,4,1,1,5,4,6,6,2,1,10,5,5,2,17,3,10,3,1,B03,7,5,1,8,2,2,,84,84,1,12,4,120.68509,24.142702,2
1455,66000,387130000C,(04)23274275,(04)23288582,2025,2,5,9,37,臺中市,石岡區,0,1,0,7,2,6,30,3,1,1,5,4,6,6,4,4,10,5,5,1,17,3,10,5,4,B12,7,5,1,8,2,8,,14,14,1,12,4,120.796867,24.273772,2
1456,66000,387130000C,(04)23274275,(04)23288582,2025,2,5,9,38,臺中市,西屯區,0,0,0,7,,,60,,,,,,,,,,,,,,13,,,,,B03,,,1,,1,,,7,7,1,12,4,120.641863,24.167535,3
1457,66000,387130000C,(04)23274275,(04)23288582,2025,2,5,9,40,臺中市,石岡區,0,1,0,7,2,6,50,3,1,1,5,4,6,6,1,1,10,5,5,2,12,3,10,5,1,B03,7,9,1,8,2,5,,8,8,1,12,4,120.776138,24.276625,2
1458,66000,387130000C,(04)23274275,(04)23288582,2025,2,5,9,45,臺中市,北屯區,0,1,0,7,2,6,50,4,1,1,5,4,6,6,2,1,10,5,5,2,16,2,9,2,1,C03,7,6,1,10,2,14,,48,48,1,6,4,120.692835,24.168127,2
1459,66000,387130000C,(04)23274275,(04)23288582,2025,2,5,9,48,臺中市,南屯區,0,0,0,7,,,50,,,,,,,,,,,,,,13,,,,,A41,,,1,,2,,,8,8,1,13,4,120.595577,24.154046,3
1460,66000,387130000C,(04)23274275,(04)23288582,2025,2,5,9,49,臺中市,霧峰區,0,0,0,7,,,50,,,,,,,,,,,,,,,,,,,A11,,,1,,1,,,8,8,1,12,4,120.695965,24.064259,3
1461,66000,387130000C,(04)23274275,(04)23288582,2025,2,5,9,51,臺中市,南屯區,0,0,0,7,,,50,,,,,,,,,,,,,,,,,,,B02,,,1,,2,,,85,85,1,12,4,120.651317,24.148839,3
1462,66000,387130000C,(04)23274275,(04)23288582,2025,2,5,9,54,臺中市,西區,0,1,0,7,2,6,50,4,1,1,5,4,6,6,1,1,10,5,5,2,17,2,9,2,1,C03,7,1,1,10,2,12,,51,51,1,12,4,120.672757,24.136029,2
1463,66000,387130000C,(04)23274275,(04)23288582,2025,2,5,9,54,臺中市,西區,0,1,0,7,1,6,50,3,1,1,5,4,6,6,4,4,10,5,5,1,17,3,10,5,4,B03,7,6,1,8,2,5,,14,14,1,12,4,120.662606,24.154517,2
1464,66000,387130000C,(04)23274275,(04)23288582,2025,2,5,9,54,臺中市,北屯區,0,1,0,7,2,6,50,13,9,1,5,4,6,6,4,4,1,4,5,2,13,2,8,2,1,C03,7,9,1,10,2,11,,7,7,1,12,4,120.693445,24.163939,2
1465,66000,387130000C,(04)23274275,(04)23288582,2025,2,5,9,55,臺中市,北區,0,0,0,7,,,50,,,,,,,,,,,,,,17,,,,,C03,,,1,,2,,,7,7,1,13,4,120.671525,24.173578,3
1466,66000,387130000C,(04)23274275,(04)23288582,2025,2,5,10,5,臺中市,西屯區,0,2,0,7,1,6,50,3,1,1,5,4,6,6,2,1,10,5,5,2,13,2,9,1,1,C03,7,9,1,10,2,11,,7,7,1,12,2,120.61716,24.174172,2
1467,66000,387130000C,(04)23274275,(04)23288582,2025,2,5,10,5,臺中市,太平區,0,1,0,7,2,6,50,11,9,1,5,4,6,6,4,4,5,5,5,1,17,2,9,3,1,B12,7,15,1,8,2,5,,59,59,1,6,4,120.707095,24.119241,2