序號,縣市別代碼,機關代碼,市話,傳真,年,月,日,時,分,縣市,區,死亡數量,受傷數量,2-30,天候,道路照明設備,道路類別,道路速限,道路型態,事故位置,路面鋪裝,路面狀態,路面缺陷,障礙物,視距,號誌種類,號誌動作,分向設施,快車道或一般車道間,快慢車道間,路面邊線,事故類型及型態,受傷程度,主要傷處,保護裝備,行動電話或功能裝置,當事者區分(類別),車輛用途,當事者行動狀態,駕照狀態,駕照種類,飲酒情形,車輛撞擊部位最初,車輛撞擊部位其他,肇事因素個別,肇事因素主要,肇事逃逸,職業,共享經濟或外送平台,GPS座標X,GPS座標Y,事故類別
1802,66000,387130000C,(04)23274275,(04)23288582,2025,2,6,9,17,臺中市,西屯區,0,2,0,7,2,6,30,4,1,1,5,4,6,6,4,4,10,5,5,2,15,2,9,5,4,C03,7,9,1,10,2,12,,15,15,1,12,4,120.645468,24.181054,2
1803,66000,387130000C,(04)23274275,(04)23288582,2025,2,6,9,17,臺中市,太平區,0,2,0,7,3,6,30,4,1,1,5,4,6,6,4,4,5,5,5,1,16,2,9,2,1,C03,7,5,3,19,2,11,,39,39,1,12,4,120.725193,24.144179,2
1804,66000,387130000C,(04)23274275,(04)23288582,2025,2,6,9,17,臺中市,太平區,0,1,0,7,3,6,30,3,1,1,5,4,6,6,4,4,5,5,4,1,16,3,10,3,1,B12,7,5,1,8,2,8,,14,14,1,12,4,120.730205,24.110502,2
1805,66000,387130000C,(04)23274275,(04)23288582,2025,2,6,9,19,臺中市,北區,0,0,0,7,,,50,,,,,,,,,,,,,,14,,,,,B03,,,1,,2,,,49,49,1,13,4,120.668854,24.156751,3
1806,66000,387130000C,(04)23274275,(04)23288582,2025,2,6,9,20,臺中市,西屯區,0,0,0,7,,,50,,,,,,,,,,,,,,13,,,,,B03,,,1,,1,,,78,78,1,13,4,120.655593,24.158166,3
1807,66000,387130000C,(04)23274275,(04)23288582,2025,2,6,9,22,臺中市,南屯區,0,1,0,7,2,6,30,13,9,1,5,4,6,6,4,4,10,5,5,2,18,2,9,2,1,C01,7,9,1,9,2,12,,84,84,1,13,4,120.618855,24.150157,2
1808,66000,387130000C,(04)23274275,(04)23288582,2025,2,6,9,23,臺中市,東區,0,1,0,7,3,6,50,4,1,1,5,4,6,6,1,1,10,5,5,2,15,2,7,5,4,C03,7,9,1,10,2,12,,21,21,1,12,4,120.704408,24.141047,2
1809,66000,387130000C,(04)23274275,(04)23288582,2025,2,6,9,25,臺中市,東區,0,1,0,7,2,6,50,4,9,1,5,4,6,6,1,1,5,5,5,2,11,2,9,2,1,C03,7,5,1,10,2,11,,20,20,1,13,4,120.688484,24.135263,2
1810,66000,387130000C,(04)23274275,(04)23288582,2025,2,6,9,34,臺中市,南屯區,0,0,0,7,,,50,,,,,,,,,,,,,,,,,,,C03,,,1,,1,,,7,7,1,12,4,120.61524,24.147704,3
1811,66000,387130000C,(04)23274275,(04)23288582,2025,2,6,9,34,臺中市,北屯區,0,1,0,6,2,6,50,4,1,1,5,4,6,6,4,4,5,5,5,2,15,2,9,2,1,C03,7,9,3,19,1,11,,15,15,1,12,4,120.692664,24.178183,2
1812,66000,387130000C,(04)23274275,(04)23288582,2025,2,6,9,37,臺中市,東區,0,1,0,7,3,6,50,4,1,1,5,4,6,6,4,4,10,5,5,2,15,3,10,3,1,B12,7,9,1,8,2,8,,20,20,1,13,4,120.688889,24.136151,2
1813,66000,387130000C,(04)23274275,(04)23288582,2025,2,6,9,38,臺中市,西區,0,1,0,7,2,6,50,4,1,1,5,4,6,6,1,1,10,5,5,2,17,3,10,3,1,B03,7,5,1,8,2,2,,47,47,1,13,4,120.675422,24.133556,2
1814,66000,387130000C,(04)23274275,(04)23288582,2025,2,6,9,38,臺中市,西區,0,2,0,7,2,6,50,4,1,1,5,4,6,6,1,1,10,5,5,2,17,2,9,2,1,C03,7,9,1,10,2,11,,21,21,1,12,4,120.668586,24.135326,2
1815,66000,387130000C,(04)23274275,(04)23288582,2025,2,6,9,39,臺中市,霧峰區,0,1,0,7,2,6,50,13,12,1,5,4,6,6,4,4,5,5,4,1,13,3,10,5,4,C03,7,9,1,10,2,11,,7,7,1,12,4,120.698548,24.063253,2
1816,66000,387130000C,(04)23274275,(04)23288582,2025,2,6,9,39,臺中市,大安區,0,2,0,7,3,6,50,4,1,1,5,4,6,6,4,4,10,5,5,2,15,2,9,5,4,C03,7,9,1,10,2,11,,12,12,1,6,4,120.596961,24.378132,2
1817,66000,387130000C,(04)23274275,(04)23288582,2025,2,6,9,40,臺中市,東區,0,0,0,7,,,,,,,,,,,,,,,,,17,,,,,,,,,,,,,85,85,1,,,120.697506,24.147858,3
1818,66000,387130000C,(04)23274275,(04)23288582,2025,2,6,9,40,臺中市,西屯區,0,0,0,7,,,50,,,,,,,,,,,,,,16,,,,,B03,,,1,,2,,,11,11,1,12,4,120.648203,24.160369,3
1819,66000,387130000C,(04)23274275,(04)23288582,2025,2,6,9,41,臺中市,東勢區,0,0,0,7,2,6,50,4,1,1,5,4,6,6,4,4,10,5,5,2,24,3,10,,4,C03,7,9,1,10,1,12,,59,59,1,13,4,120.82893,24.261483,3
1820,66000,387130000C,(04)23274275,(04)23288582,2025,2,6,9,42,臺中市,太平區,0,1,0,7,2,6,40,13,7,1,5,4,6,6,4,4,9,4,4,2,17,3,10,3,1,B12,7,13,1,8,2,4,,76,76,1,12,4,120.710047,24.122769,2
1821,66000,387130000C,(04)23274275,(04)23288582,2025,2,6,9,43,臺中市,西區,0,0,0,7,,,50,,,,,,,,,,,,,,,,,,,C03,,,1,,1,,,7,7,1,12,4,120.661699,24.150845,3
1822,66000,387130000C,(04)23274275,(04)23288582,2025,2,6,9,48,臺中市,西區,0,1,0,7,2,6,50,4,1,1,5,4,5,5,2,1,10,5,5,2,17,3,10,3,1,B01,7,5,1,4,2,5,,11,11,1,12,4,120.675454,24.133557,2
1823,66000,387130000C,(04)23274275,(04)23288582,2025,2,6,9,54,臺中市,西區,0,0,0,7,,,50,,,,,,,,,,,,,,,,,,,E03,,,1,,2,,,84,84,1,11,4,120.675516,24.133544,3
1824,66000,387130000C,(04)23274275,(04)23288582,2025,2,6,9,54,臺中市,北屯區,0,1,0,7,2,6,50,4,2,1,5,4,6,6,4,4,9,5,5,1,16,2,9,1,1,C03,7,6,1,10,2,14,,85,85,1,12,4,120.703919,24.181299,2
1825,66000,387130000C,(04)23274275,(04)23288582,2025,2,6,9,56,臺中市,烏日區,0,1,0,7,2,6,50,13,8,1,5,4,6,6,4,4,1,4,4,1,18,2,9,5,4,C03,7,9,3,19,2,12,,43,43,1,5,4,120.613524,24.106621,2
1826,66000,387130000C,(04)23274275,(04)23288582,2025,2,6,9,58,臺中市,潭子區,0,0,0,7,,,50,,,,,,,,,,,,,,,,,,,B03,,,1,,2,,,48,48,1,13,4,120.695508,24.19407,3
1827,66000,387130000C,(04)23274275,(04)23288582,2025,2,6,9,59,臺中市,東區,0,1,0,7,3,6,50,4,1,1,5,4,6,6,4,4,10,5,5,2,16,3,10,5,4,B02,7,6,3,19,2,1,,14,14,1,12,4,120.702299,24.141046,2
1828,66000,387130000C,(04)23274275,(04)23288582,2025,2,6,10,0,臺中市,西屯區,0,2,0,7,3,6,50,4,2,1,5,4,6,6,2,1,4,3,5,2,16,2,8,5,4,C03,7,5,3,19,2,14,,22,22,1,13,4,120.644035,24.166572,2
1829,66000,387130000C,(04)23274275,(04)23288582,2025,2,6,10,8,臺中市,大肚區,0,1,0,7,2,6,50,3,1,1,5,4,6,6,4,4,10,3,5,2,16,3,10,3,1,B03,7,5,1,8,1,5,,14,14,1,6,4,120.543756,24.159131,2
1830,66000,387130000C,(04)23274275,(04)23288582,2025,2,6,10,11,臺中市,沙鹿區,0,1,0,7,3,6,50,4,1,1,5,4,6,6,4,4,10,5,5,2,15,4,11,3,1,B03,7,9,1,8,2,4,,12,12,1,6,4,120.562707,24.24322,2
1831,66000,387130000C,(04)23274275,(04)23288582,2025,2,6,10,13,臺中市,北區,0,2,0,7,2,6,50,3,7,1,5,4,6,6,4,4,5,4,5,2,17,2,9,1,1,C03,7,11,1,10,2,14,,34,34,1,13,4,120.688557,24.152718,2
1832,66000,387130000C,(04)23274275,(04)23288582,2025,2,6,10,17,臺中市,北屯區,0,1,0,7,3,6,50,4,1,1,5,4,6,6,1,1,10,5,5,2,16,3,10,3,1,B03,7,6,1,8,2,2,,25,25,1,6,4,120.694672,24.16561,2
1833,66000,387130000C,(04)23274275,(04)23288582,2025,2,6,10,17,臺中市,清水區,0,0,0,7,,,50,,,,,,,,,,,,,,17,,,,,C03,,,1,,9,,,59,59,1,12,4,120.565748,24.268617,3
1834,66000,387130000C,(04)23274275,(04)23288582,2025,2,6,10,17,臺中市,豐原區,0,1,0,7,2,6,50,11,9,1,5,4,6,6,4,4,5,5,5,2,11,2,9,5,4,F03,7,9,7,21,2,11,,84,84,1,12,4,120.706175,24.246228,2
1835,66000,387130000C,(04)23274275,(04)23288582,2025,2,6,10,18,臺中市,大雅區,0,1,0,7,3,6,30,13,9,1,5,4,6,6,4,4,10,5,5,1,30,2,9,2,1,C03,7,9,1,10,2,12,,84,84,1,12,4,120.663362,24.217057,2
1836,66000,387130000C,(04)23274275,(04)23288582,2025,2,6,10,19,臺中市,北屯區,0,1,0,7,3,6,50,4,1,1,5,4,6,6,4,4,10,5,5,2,17,3,10,3,1,B12,7,9,1,4,2,1,,6,6,1,12,4,120.667385,24.180205,2
1837,66000,387130000C,(04)23274275,(04)23288582,2025,2,6,10,20,臺中市,西屯區,0,0,0,7,,,50,,,,,,,,,,,,,,14,,,,,B03,,,1,,9,,,87,87,1,12,4,120.649667,24.159897,3
1838,66000,387130000C,(04)23274275,(04)23288582,2025,2,6,10,25,臺中市,北區,0,1,0,7,2,6,50,4,1,1,5,4,6,6,1,1,5,5,5,2,17,3,10,5,1,B03,7,5,1,8,2,16,,20,20,1,13,4,120.676548,24.16324,2
1839,66000,387130000C,(04)23274275,(04)23288582,2025,2,6,10,25,臺中市,清水區,0,1,0,7,3,6,50,4,1,1,5,4,6,6,4,4,1,4,4,2,16,2,9,1,1,C03,7,6,1,10,2,14,,26,26,1,12,4,120.561153,24.267324,2
1840,66000,387130000C,(04)23274275,(04)23288582,2025,2,6,10,26,臺中市,太平區,0,0,0,7,,,30,,,,,,,,,,,,,,14,,,,,B03,,,1,,2,,,49,49,1,12,4,120.720309,24.100999,3
1841,66000,387130000C,(04)23274275,(04)23288582,2025,2,6,10,29,臺中市,西屯區,0,0,0,7,,,0,,,,,,,,,,,,,,14,,,,,B03,,,1,,1,,,49,49,1,12,4,120.655102,24.167687,3
1842,66000,387130000C,(04)23274275,(04)23288582,2025,2,6,10,29,臺中市,豐原區,0,0,0,7,,,30,,,,,,,,,,,,,,17,,,,,B03,,,1,,1,,,50,50,1,12,4,120.71403,24.25457,3
1843,66000,387130000C,(04)23274275,(04)23288582,2025,2,6,10,30,臺中市,大里區,0,0,0,6,,,50,,,,,,,,,,,,,,14,,,,,B03,,,1,,2,,,49,49,1,13,4,120.682946,24.10232,3
1844,66000,387130000C,(04)23274275,(04)23288582,2025,2,6,10,33,臺中市,南區,0,1,0,7,2,6,40,13,8,1,5,4,6,6,4,4,9,5,4,2,12,3,10,3,1,B03,7,1,1,8,2,8,,51,51,1,13,4,120.658762,24.11331,2
1845,66000,387130000C,(04)23274275,(04)23288582,2025,2,6,10,34,臺中市,豐原區,0,2,0,6,2,6,30,13,9,1,5,4,6,6,4,4,10,5,5,1,21,2,1,3,1,B03,7,9,1,8,2,5,,56,56,1,12,4,120.731939,24.272178,2
1846,66000,387130000C,(04)23274275,(04)23288582,2025,2,6,10,35,臺中市,北屯區,0,0,0,7,,,50,,,,,,,,,,,,,,15,,,,,B03,,,1,,1,,,13,13,1,12,4,120.687759,24.172484,3
1847,66000,387130000C,(04)23274275,(04)23288582,2025,2,6,10,36,臺中市,西屯區,0,0,0,7,,,30,,,,,,,,,,,,,,17,,,,,B01,,,1,,1,,,76,76,1,6,4,120.663241,24.175977,3
1848,66000,387130000C,(04)23274275,(04)23288582,2025,2,6,10,37,臺中市,潭子區,0,1,0,7,2,6,50,13,9,1,5,4,6,6,1,1,4,5,5,2,13,2,8,1,1,C03,7,9,1,10,2,11,,58,58,1,13,4,120.692751,24.224898,2
1849,66000,387130000C,(04)23274275,(04)23288582,2025,2,6,10,39,臺中市,北屯區,0,1,0,7,2,6,50,13,9,1,5,4,6,6,4,4,10,5,5,2,10,2,9,2,1,C03,7,9,1,10,2,11,,4,4,1,12,4,120.676201,24.176648,2
1850,66000,387130000C,(04)23274275,(04)23288582,2025,2,6,10,40,臺中市,南屯區,0,0,0,7,,,50,,,,,,,,,,,,,,17,,,,,B03,,,1,,2,,,50,50,1,12,4,120.644136,24.120215,3
1851,66000,387130000C,(04)23274275,(04)23288582,2025,2,6,10,58,臺中市,北屯區,0,0,0,7,,,40,,,,,,,,,,,,,,,,,,,B12,,,1,,2,,,7,7,1,6,4,120.680982,24.200887,3
1852,66000,387130000C,(04)23274275,(04)23288582,2025,2,6,10,58,臺中市,梧棲區,0,0,0,7,,,60,,,,,,,,,,,,,,16,,,,,B03,,,1,,2,,,11,11,1,12,4,120.554086,24.248297,3
1853,66000,387130000C,(04)23274275,(04)23288582,2025,2,6,11,0,臺中市,梧棲區,0,0,0,7,,,30,,,,,,,,,,,,,,17,,,,,C03,,,1,,1,,,84,84,1,12,4,120.540181,24.259919,3
1854,66000,387130000C,(04)23274275,(04)23288582,2025,2,6,11,1,臺中市,北區,0,1,0,7,2,6,40,13,8,1,5,4,6,6,4,4,10,5,4,2,17,3,10,5,4,C03,7,1,1,10,2,14,,51,51,1,13,4,120.670176,24.157115,2
1855,66000,387130000C,(04)23274275,(04)23288582,2025,2,6,11,5,臺中市,豐原區,0,0,0,7,,,50,,,,,,,,,,,,,,13,,,,,A02,,,1,,2,,,7,7,1,12,4,120.724474,24.253677,3
1856,66000,387130000C,(04)23274275,(04)23288582,2025,2,6,11,16,臺中市,北區,0,0,0,7,,,50,,,,,,,,,,,,,,13,,,,,B03,,,1,,1,,,84,84,1,13,4,120.677727,24.166933,3
1857,66000,387130000C,(04)23274275,(04)23288582,2025,2,6,11,16,臺中市,神岡區,0,1,0,7,1,6,50,3,1,1,5,4,6,6,3,1,5,5,5,1,16,3,10,5,4,B03,7,5,1,8,2,6,,84,84,1,12,4,120.64386,24.253162,2
1858,66000,387130000C,(04)23274275,(04)23288582,2025,2,6,11,23,臺中市,南區,0,1,0,7,2,6,50,11,9,1,5,4,6,6,4,4,5,2,5,2,17,2,9,2,1,C03,7,9,2,19,2,14,,6,6,1,13,4,120.663367,24.112275,2
1859,66000,387130000C,(04)23274275,(04)23288582,2025,2,6,11,25,臺中市,豐原區,0,1,0,7,2,6,30,11,9,1,5,4,6,6,4,4,10,5,5,1,10,2,8,2,1,C03,7,9,1,10,2,11,,41,41,1,12,4,120.725827,24.266664,2
1860,66000,387130000C,(04)23274275,(04)23288582,2025,2,6,11,26,臺中市,新社區,0,0,0,7,,,50,,,,,,,,,,,,,,30,,,,,B03,,,1,,2,,,87,87,1,13,4,120.799733,24.219433,3
1861,66000,387130000C,(04)23274275,(04)23288582,2025,2,6,11,27,臺中市,豐原區,0,1,0,6,2,6,50,4,1,1,5,4,6,6,1,1,1,4,5,2,16,3,10,3,1,B03,7,9,1,8,2,1,,21,21,1,12,4,120.724345,24.272337,2
1862,66000,387130000C,(04)23274275,(04)23288582,2025,2,6,11,35,臺中市,清水區,0,0,0,7,,,50,,,,,,,,,,,,,,17,,,,,B03,,,1,,3,,,49,49,1,12,4,120.574179,24.267876,3
1863,66000,387130000C,(04)23274275,(04)23288582,2025,2,6,11,36,臺中市,北屯區,0,2,0,7,2,6,50,3,1,1,5,4,6,6,4,4,5,5,5,2,16,2,8,2,1,C03,7,6,1,10,2,11,,14,14,1,12,4,120.667821,24.174208,2
1864,66000,387130000C,(04)23274275,(04)23288582,2025,2,6,11,37,臺中市,大里區,0,1,0,7,2,6,50,13,8,1,5,4,6,6,4,4,10,4,5,1,17,2,9,1,1,C04,7,9,1,11,2,11,,34,34,1,12,4,120.688313,24.102595,2
1865,66000,387130000C,(04)23274275,(04)23288582,2025,2,6,11,38,臺中市,北區,0,1,0,7,2,6,50,4,1,1,5,4,6,6,1,1,10,5,5,2,17,3,10,3,1,B03,7,6,1,8,2,16,,85,85,1,13,4,120.686662,24.16309,2
1866,66000,387130000C,(04)23274275,(04)23288582,2025,2,6,11,38,臺中市,東區,0,1,0,7,2,6,40,4,1,1,5,4,6,6,4,4,10,5,5,2,16,2,9,2,1,C03,7,15,1,10,2,12,,84,84,1,12,4,120.690367,24.130946,2
1867,66000,387130000C,(04)23274275,(04)23288582,2025,2,6,11,40,臺中市,潭子區,0,1,0,6,2,6,50,4,1,1,5,4,6,6,4,4,10,4,5,2,16,2,9,2,1,C03,7,5,1,10,2,14,,14,14,1,12,4,120.677657,24.204516,2
1868,66000,387130000C,(04)23274275,(04)23288582,2025,2,6,11,46,臺中市,大里區,0,0,0,6,,,50,,,,,,,,,,,,,,14,,,,,B12,,,1,,2,,,49,49,1,13,4,120.681691,24.104007,3
1869,66000,387130000C,(04)23274275,(04)23288582,2025,2,6,11,48,臺中市,大雅區,0,2,0,7,2,6,30,4,1,1,5,4,6,6,4,4,10,5,5,2,15,2,9,1,1,C03,7,9,1,10,2,11,,12,12,1,13,4,120.644911,24.227668,2
1870,66000,387130000C,(04)23274275,(04)23288582,2025,2,6,11,48,臺中市,北屯區,0,1,0,7,2,6,50,4,1,1,5,4,6,6,2,1,10,5,5,2,16,3,10,3,1,B12,7,5,1,8,2,6,,84,84,1,12,4,120.703886,24.159574,2
1871,66000,387130000C,(04)23274275,(04)23288582,2025,2,6,11,48,臺中市,烏日區,0,0,0,7,,,40,,,,,,,,,,,,,,,,,,,B03,,,1,,1,,,8,8,1,5,4,120.65995,24.096313,3
1872,66000,387130000C,(04)23274275,(04)23288582,2025,2,6,11,50,臺中市,北屯區,0,0,0,7,,,50,,,,,,,,,,,,,,9,,,,,C03,,,1,,1,,,87,87,1,6,4,120.687483,24.177059,3
1873,66000,387130000C,(04)23274275,(04)23288582,2025,2,6,11,50,臺中市,北屯區,0,0,0,7,,,50,,,,,,,,,,,,,,14,,,,,B12,,,1,,1,,,49,49,1,12,4,120.688458,24.190675,3
1874,66000,387130000C,(04)23274275,(04)23288582,2025,2,6,11,50,臺中市,龍井區,0,0,0,7,,,50,,,,,,,,,,,,,,,,,,,B03,,,1,,2,,,49,49,1,12,4,120.515479,24.207486,3
1875,66000,387130000C,(04)23274275,(04)23288582,2025,2,6,11,52,臺中市,西屯區,0,0,0,7,,,60,,,,,,,,,,,,,,12,,,,,A05,,,1,,1,,,8,8,1,13,4,120.643107,24.166132,3
1876,66000,387130000C,(04)23274275,(04)23288582,2025,2,6,12,3,臺中市,大雅區,0,2,0,7,3,6,30,4,1,1,5,4,6,6,4,4,10,5,5,2,15,2,9,2,1,C03,7,9,1,10,2,13,,12,12,1,12,4,120.628031,24.229418,2
1877,66000,387130000C,(04)23274275,(04)23288582,2025,2,6,12,6,臺中市,西區,0,0,0,7,,,50,,,,,,,,,,,,,,17,,,,,B03,,,1,,1,,,84,84,1,12,4,120.671187,24.138655,3
1878,66000,387130000C,(04)23274275,(04)23288582,2025,2,6,12,6,臺中市,豐原區,0,0,0,7,,,60,,,,,,,,,,,,,,13,,,,,B03,,,1,,2,,,84,84,1,13,4,120.703409,24.251334,3
1879,66000,387130000C,(04)23274275,(04)23288582,2025,2,6,12,8,臺中市,西區,0,0,0,7,,,50,,,,,,,,,,,,,,,,,,,B13,,,1,,2,,,84,84,1,13,4,120.656334,24.145137,3
1880,66000,387130000C,(04)23274275,(04)23288582,2025,2,6,12,10,臺中市,大肚區,0,1,0,7,2,6,30,3,9,1,5,4,6,6,4,4,10,5,5,2,18,2,9,1,1,C03,7,9,1,10,2,12,,6,6,1,6,4,120.570115,24.123489,2
1881,66000,387130000C,(04)23274275,(04)23288582,2025,2,6,12,11,臺中市,大雅區,0,0,0,6,,,50,,,,,,,,,,,,,,,,,,,A11,,,1,,2,,,84,84,1,12,4,120.643964,24.208216,3
1882,66000,387130000C,(04)23274275,(04)23288582,2025,2,6,12,15,臺中市,北區,0,0,0,7,,,30,,,,,,,,,,,,,,17,,,,,B11,,,1,,1,,,84,84,1,13,4,120.684853,24.153285,3
1883,66000,387130000C,(04)23274275,(04)23288582,2025,2,6,12,15,臺中市,烏日區,0,2,0,7,2,6,30,3,1,1,5,4,6,6,4,4,10,5,5,2,16,2,9,5,4,C03,7,6,1,10,2,14,,14,14,1,13,4,120.646774,24.085927,2
1884,66000,387130000C,(04)23274275,(04)23288582,2025,2,6,12,18,臺中市,北區,0,1,0,7,2,6,50,4,1,1,5,4,6,6,1,1,10,5,5,2,13,2,9,5,4,C04,7,12,1,10,2,14,,7,7,1,13,4,120.684892,24.164934,2
1885,66000,387130000C,(04)23274275,(04)23288582,2025,2,6,12,18,臺中市,北屯區,0,2,0,7,3,6,50,4,1,1,5,4,6,6,4,4,10,5,5,2,17,2,9,1,1,C03,7,9,1,10,2,11,,12,12,1,12,4,120.680364,24.179335,2
1886,66000,387130000C,(04)23274275,(04)23288582,2025,2,6,12,20,臺中市,大肚區,0,0,0,7,,,30,,,,,,,,,,,,,,,,,,,B03,,,1,,2,,,13,13,1,12,4,120.543778,24.159125,3
1887,66000,387130000C,(04)23274275,(04)23288582,2025,2,6,12,21,臺中市,潭子區,0,0,0,7,,,60,,,,,,,,,,,,,,,,,,,A12,,,1,,2,,,8,8,1,13,4,120.686895,24.20568,3
1888,66000,387130000C,(04)23274275,(04)23288582,2025,2,6,12,23,臺中市,北屯區,0,0,0,7,,,50,,,,,,,,,,,,,,13,,,,,B03,,,1,,1,,,84,84,1,12,4,120.721684,24.162576,3
1889,66000,387130000C,(04)23274275,(04)23288582,2025,2,6,12,27,臺中市,西區,0,0,0,7,,,50,,,,,,,,,,,,,,,,,,,A11,,,1,,2,,,8,8,1,13,4,120.670958,24.153783,3
1890,66000,387130000C,(04)23274275,(04)23288582,2025,2,6,12,27,臺中市,豐原區,0,1,0,7,3,6,50,13,7,1,5,4,6,6,4,4,5,5,4,2,17,3,10,5,4,B11,7,13,1,8,2,4,,76,76,1,12,4,120.706565,24.243589,2
1891,66000,387130000C,(04)23274275,(04)23288582,2025,2,6,12,28,臺中市,南屯區,0,1,0,7,2,6,40,13,8,1,5,4,6,6,4,4,5,5,4,2,17,3,10,4,1,B02,7,15,1,8,2,5,,76,76,1,13,4,120.627396,24.117982,2
1892,66000,387130000C,(04)23274275,(04)23288582,2025,2,6,12,28,臺中市,西屯區,0,2,0,7,2,6,50,13,9,1,5,4,6,6,4,4,1,4,5,2,13,2,9,1,1,C03,7,9,1,10,2,11,,59,59,1,12,4,120.659867,24.171132,2
1893,66000,387130000C,(04)23274275,(04)23288582,2025,2,6,12,29,臺中市,大安區,0,0,0,7,,,90,,,,,,,,,,,,,,,,,,,A31,,,1,,2,,,68,68,1,6,4,120.587855,24.372835,3
1894,66000,387130000C,(04)23274275,(04)23288582,2025,2,6,12,30,臺中市,北區,0,0,0,7,,,30,,,,,,,,,,,,,,17,,,,,B03,,,1,,2,,,84,84,1,13,4,120.668081,24.155581,3
1895,66000,387130000C,(04)23274275,(04)23288582,2025,2,6,12,31,臺中市,西屯區,0,1,0,7,3,6,50,13,8,1,5,4,6,6,4,4,1,3,4,2,16,3,10,5,4,B03,7,5,1,8,2,2,,20,20,1,13,4,120.638819,24.160428,2
1896,66000,387130000C,(04)23274275,(04)23288582,2025,2,6,12,34,臺中市,大里區,0,1,0,7,2,6,50,13,9,1,5,4,6,2,4,4,5,5,5,2,17,2,9,5,4,C03,7,1,1,10,11,14,,51,51,1,12,4,120.70973,24.088915,2
1897,66000,387130000C,(04)23274275,(04)23288582,2025,2,6,12,36,臺中市,大里區,0,2,0,7,2,6,50,4,2,1,5,4,6,6,1,1,10,4,5,1,16,2,9,1,1,C03,7,11,1,10,2,13,12,45,45,1,12,4,120.689083,24.104647,2
1898,66000,387130000C,(04)23274275,(04)23288582,2025,2,6,12,38,臺中市,清水區,0,1,0,7,3,6,40,4,2,1,5,4,6,6,4,4,9,4,5,2,17,2,7,1,1,F03,7,5,7,21,2,12,,59,59,1,12,4,120.576084,24.270913,2
1899,66000,387130000C,(04)23274275,(04)23288582,2025,2,6,12,39,臺中市,西區,0,0,0,7,,,50,,,,,,,,,,,,,,,,,,,B03,,,1,,2,,,84,84,1,13,4,120.666627,24.147146,3
1900,66000,387130000C,(04)23274275,(04)23288582,2025,2,6,12,40,臺中市,豐原區,0,0,0,7,,,30,,,,,,,,,,,,,,25,,,,,A12,,,1,,1,,,78,78,1,12,4,120.725728,24.270182,3
1901,66000,387130000C,(04)23274275,(04)23288582,2025,2,6,12,45,臺中市,大雅區,0,0,0,7,,,40,,,,,,,,,,,,,,13,,,,,C03,,,1,,2,,,7,7,1,13,4,120.630445,24.210295,3
1902,66000,387130000C,(04)23274275,(04)23288582,2025,2,6,12,49,臺中市,西屯區,0,0,0,7,,,50,,,,,,,,,,,,,,13,,,,,B02,,,1,,1,,,7,7,1,12,4,120.635295,24.172867,3
1903,66000,387130000C,(04)23274275,(04)23288582,2025,2,6,12,55,臺中市,北區,0,1,0,7,2,6,50,4,1,1,5,4,6,6,1,1,10,5,5,2,17,2,9,1,1,C03,7,6,3,19,2,13,,48,48,1,13,4,120.679073,24.171236,2
1904,66000,387130000C,(04)23274275,(04)23288582,2025,2,6,12,55,臺中市,西屯區,0,1,0,7,2,6,40,13,8,1,5,4,6,6,4,4,1,4,4,2,17,3,10,4,1,B03,7,13,1,8,2,4,,76,76,1,12,4,120.659304,24.19403,2
1905,66000,387130000C,(04)23274275,(04)23288582,2025,2,6,12,57,臺中市,西屯區,0,1,0,7,2,6,30,4,9,1,5,4,6,6,4,4,10,5,5,2,16,2,9,5,4,C03,7,6,1,10,2,14,,14,14,1,12,4,120.618366,24.188806,2
1906,66000,387130000C,(04)23274275,(04)23288582,2025,2,6,13,1,臺中市,西屯區,0,1,0,7,2,6,50,13,7,1,5,4,6,6,2,1,10,4,4,2,16,3,10,5,4,B03,7,7,1,8,2,2,,35,35,1,13,4,120.658311,24.195146,2
1907,66000,387130000C,(04)23274275,(04)23288582,2025,2,6,13,1,臺中市,太平區,0,2,0,7,2,6,30,13,9,1,5,4,6,6,4,4,10,5,5,2,13,2,9,2,1,C03,7,9,1,10,2,12,,84,84,1,12,4,120.734158,24.14552,2
1908,66000,387130000C,(04)23274275,(04)23288582,2025,2,6,13,4,臺中市,沙鹿區,0,1,0,7,2,6,50,3,2,1,5,4,6,6,2,1,10,5,5,2,17,3,10,3,1,B03,7,5,1,8,2,1,,84,84,1,5,4,120.569942,24.225283,2
1909,66000,387130000C,(04)23274275,(04)23288582,2025,2,6,13,5,臺中市,大安區,0,1,0,7,2,6,90,13,9,1,5,4,6,6,4,4,1,4,5,1,17,3,10,3,1,A31,7,9,1,1,2,16,,68,68,1,6,4,120.589014,24.373725,2
1910,66000,387130000C,(04)23274275,(04)23288582,2025,2,6,13,10,臺中市,北區,0,0,0,7,,,50,,,,,,,,,,,,,,17,,,,,B03,,,1,,2,,,8,8,1,13,4,120.676913,24.169662,3
1911,66000,387130000C,(04)23274275,(04)23288582,2025,2,6,13,12,臺中市,北屯區,0,0,0,7,,,50,,,,,,,,,,,,,,,,,,,B03,,,1,,2,,,84,84,1,12,4,120.72563,24.16693,3