序號,縣市別代碼,機關代碼,市話,傳真,年,月,日,時,分,縣市,區,死亡數量,受傷數量,2-30,天候,道路照明設備,道路類別,道路速限,道路型態,事故位置,路面鋪裝,路面狀態,路面缺陷,障礙物,視距,號誌種類,號誌動作,分向設施,快車道或一般車道間,快慢車道間,路面邊線,事故類型及型態,受傷程度,主要傷處,保護裝備,行動電話或功能裝置,當事者區分(類別),車輛用途,當事者行動狀態,駕照狀態,駕照種類,飲酒情形,車輛撞擊部位最初,車輛撞擊部位其他,肇事因素個別,肇事因素主要,肇事逃逸,職業,共享經濟或外送平台,GPS座標X,GPS座標Y,事故類別
2582,66000,387130000C,(04)23274275,(04)23288582,2025,2,8,8,58,臺中市,南區,0,0,0,7,,,50,,,,,,,,,,,,,,13,,,,,C03,,,1,,2,,,7,7,1,12,4,120.658348,24.127731,3
2583,66000,387130000C,(04)23274275,(04)23288582,2025,2,8,8,58,臺中市,太平區,0,0,0,6,2,6,30,4,2,1,5,4,6,6,4,4,10,5,5,2,14,3,10,3,1,B12,7,2,1,8,2,5,,49,49,1,6,4,120.718075,24.124963,3
2584,66000,387130000C,(04)23274275,(04)23288582,2025,2,8,8,59,臺中市,東區,0,0,0,7,,,50,,,,,,,,,,,,,,13,,,,,B03,,,1,,1,,,84,84,1,13,4,120.6998,24.140047,3
2585,66000,387130000C,(04)23274275,(04)23288582,2025,2,8,9,5,臺中市,北區,0,1,0,7,2,6,40,13,8,1,5,4,6,6,4,4,1,4,4,2,13,2,9,5,4,C03,7,9,1,10,2,11,,84,84,1,12,4,120.677572,24.15325,2
2586,66000,387130000C,(04)23274275,(04)23288582,2025,2,8,9,11,臺中市,中區,0,1,0,7,1,6,50,3,1,1,5,4,6,6,4,4,10,5,5,1,17,3,10,5,4,C03,7,6,1,10,2,13,,39,39,1,12,4,120.681464,24.144027,2
2587,66000,387130000C,(04)23274275,(04)23288582,2025,2,8,9,17,臺中市,太平區,0,0,0,7,,,50,,,,,,,,,,,,,,,,,,,B03,,,1,,1,,,7,7,1,12,4,120.704288,24.14803,3
2588,66000,387130000C,(04)23274275,(04)23288582,2025,2,8,9,20,臺中市,南屯區,0,1,0,7,2,6,50,3,1,1,5,4,6,6,4,4,9,4,4,2,14,3,10,3,1,B03,7,2,1,8,2,3,,49,49,1,12,4,120.629149,24.155264,2
2589,66000,387130000C,(04)23274275,(04)23288582,2025,2,8,9,30,臺中市,龍井區,0,1,0,7,2,6,50,5,1,1,5,4,6,6,1,1,10,5,5,2,24,2,8,1,1,C03,7,9,1,10,2,16,,59,59,1,12,4,120.547485,24.192658,2
2590,66000,387130000C,(04)23274275,(04)23288582,2025,2,8,9,40,臺中市,北屯區,0,0,0,7,,,50,,,,,,,,,,,,,,12,,,,,B03,,,1,,1,,,51,51,1,6,4,120.685853,24.179188,3
2591,66000,387130000C,(04)23274275,(04)23288582,2025,2,8,9,47,臺中市,石岡區,0,1,0,7,2,6,50,3,2,1,5,4,6,6,4,4,5,5,5,1,12,3,10,5,4,B03,7,5,1,8,2,6,,84,84,1,13,4,120.76549,24.277655,2
2592,66000,387130000C,(04)23274275,(04)23288582,2025,2,8,9,48,臺中市,西區,0,1,0,7,3,6,50,13,9,1,5,4,6,6,4,4,1,4,4,1,12,3,10,3,1,B03,7,9,1,8,2,6,,84,84,1,13,4,120.669391,24.143556,2
2593,66000,387130000C,(04)23274275,(04)23288582,2025,2,8,9,49,臺中市,太平區,0,1,0,6,2,6,50,4,9,1,5,4,6,6,2,1,5,2,5,2,13,2,9,1,1,C03,7,5,1,10,2,11,,59,59,1,6,4,120.728598,24.150132,2
2594,66000,387130000C,(04)23274275,(04)23288582,2025,2,8,9,50,臺中市,北區,0,0,0,7,,,50,,,,,,,,,,,,,,13,,,,,B03,,,1,,2,,,84,84,1,12,4,120.686411,24.162876,3
2595,66000,387130000C,(04)23274275,(04)23288582,2025,2,8,9,50,臺中市,北區,0,1,0,7,2,6,50,13,8,1,5,4,6,6,4,4,1,4,4,2,17,2,9,1,4,C03,7,9,1,10,2,11,,59,59,1,13,4,120.671371,24.173106,2
2596,66000,387130000C,(04)23274275,(04)23288582,2025,2,8,9,50,臺中市,北屯區,0,1,0,7,2,6,50,3,1,1,5,4,6,6,1,1,10,5,5,2,17,3,10,3,1,B03,7,5,1,8,2,6,,26,26,1,12,4,120.782606,24.202138,2
2597,66000,387130000C,(04)23274275,(04)23288582,2025,2,8,9,51,臺中市,烏日區,0,0,0,7,,,50,,,,,,,,,,,,,,14,,,,,B03,,,1,,1,,,49,49,1,13,4,120.617295,24.116176,3
2598,66000,387130000C,(04)23274275,(04)23288582,2025,2,8,9,54,臺中市,梧棲區,0,2,0,7,2,6,50,3,1,1,5,4,6,6,4,4,10,5,5,2,16,2,9,1,1,C03,7,6,1,10,2,14,,14,14,1,12,4,120.541962,24.248736,2
2599,66000,387130000C,(04)23274275,(04)23288582,2025,2,8,9,57,臺中市,西屯區,0,2,0,6,2,6,50,3,1,1,5,4,6,6,2,1,10,5,5,2,16,2,9,1,1,C03,7,5,1,10,2,12,,11,11,1,13,4,120.645191,24.162759,2
2600,66000,387130000C,(04)23274275,(04)23288582,2025,2,8,10,1,臺中市,北屯區,0,0,0,7,,,50,,,,,,,,,,,,,,13,,,,,C03,,,1,,1,,,84,84,1,12,4,120.695138,24.166956,3
2601,66000,387130000C,(04)23274275,(04)23288582,2025,2,8,10,2,臺中市,沙鹿區,0,1,0,7,2,6,40,13,8,1,5,4,6,6,4,4,10,4,5,1,17,3,10,4,1,B03,7,14,1,8,2,4,,76,76,1,6,4,120.561593,24.240959,2
2602,66000,387130000C,(04)23274275,(04)23288582,2025,2,8,10,4,臺中市,大里區,0,0,0,7,,,50,,,,,,,,,,,,,,,,,,,B03,,,1,,9,,,8,8,1,12,4,120.668798,24.10648,3
2603,66000,387130000C,(04)23274275,(04)23288582,2025,2,8,10,8,臺中市,西區,0,1,0,7,2,6,50,4,1,1,5,4,6,6,4,4,10,5,5,2,15,2,8,2,1,C03,7,9,1,10,2,12,,12,12,1,12,4,120.658818,24.149002,2
2604,66000,387130000C,(04)23274275,(04)23288582,2025,2,8,10,11,臺中市,太平區,0,3,0,7,3,6,50,4,1,1,5,4,6,6,1,1,10,5,5,2,2,2,7,1,1,C03,7,5,1,10,2,11,,59,59,1,12,4,120.71843,24.12932,2
2605,66000,387130000C,(04)23274275,(04)23288582,2025,2,8,10,13,臺中市,南屯區,0,0,0,7,3,6,40,13,8,1,5,4,6,6,4,4,5,5,4,2,14,,,,,B12,,,1,,1,,,49,49,1,12,4,120.610528,24.145016,3
2606,66000,387130000C,(04)23274275,(04)23288582,2025,2,8,10,18,臺中市,西屯區,0,0,0,7,,,50,,,,,,,,,,,,,,12,,,,,A11,,,1,,2,,,8,8,1,13,4,120.648902,24.162933,3
2607,66000,387130000C,(04)23274275,(04)23288582,2025,2,8,10,18,臺中市,梧棲區,0,0,0,7,,,50,,,,,,,,,,,,,,14,,,,,B12,,,1,,9,,,49,49,1,6,4,120.533722,24.232287,3
2608,66000,387130000C,(04)23274275,(04)23288582,2025,2,8,10,23,臺中市,西屯區,0,0,0,7,,,40,,,,,,,,,,,,,,17,,,,,B03,,,1,,1,,,50,50,1,12,4,120.6418,24.177266,3
2609,66000,387130000C,(04)23274275,(04)23288582,2025,2,8,10,25,臺中市,霧峰區,0,2,0,7,3,6,50,3,1,1,5,4,6,6,1,1,10,5,5,1,16,2,1,1,1,C03,7,6,1,10,2,11,,20,20,1,12,4,120.697334,24.064803,2
2610,66000,387130000C,(04)23274275,(04)23288582,2025,2,8,10,33,臺中市,潭子區,0,2,0,7,3,6,60,3,1,1,5,4,6,6,1,1,1,4,4,1,17,3,10,3,1,B03,7,5,1,8,2,6,,11,11,1,13,4,120.702553,24.192068,2
2611,66000,387130000C,(04)23274275,(04)23288582,2025,2,8,10,35,臺中市,神岡區,0,0,0,7,,,50,,,,,,,,,,,,,,2,,,,,B03,,,1,,1,,,59,59,1,12,4,120.689918,24.266286,3
2612,66000,387130000C,(04)23274275,(04)23288582,2025,2,8,10,39,臺中市,東區,0,1,0,7,2,6,50,4,1,1,5,4,6,6,1,1,10,5,5,2,16,3,10,3,1,B03,7,5,1,8,2,5,,11,11,1,12,4,120.695607,24.141115,2
2613,66000,387130000C,(04)23274275,(04)23288582,2025,2,8,10,45,臺中市,神岡區,0,1,0,7,2,6,30,13,9,1,5,4,6,6,4,4,10,5,5,1,9,2,9,6,5,H01,8,18,7,21,10,17,,98,98,1,13,5,120.703716,24.264877,2
2614,66000,387130000C,(04)23274275,(04)23288582,2025,2,8,10,47,臺中市,北區,0,0,0,7,,,50,,,,,,,,,,,,,,13,,,,,B03,,,1,,1,,,84,84,1,12,4,120.681555,24.159323,3
2615,66000,387130000C,(04)23274275,(04)23288582,2025,2,8,10,47,臺中市,豐原區,0,1,0,7,2,6,50,4,1,1,5,4,6,6,1,1,10,5,5,2,15,2,9,2,1,C03,7,9,1,10,2,11,,21,21,1,13,4,120.724081,24.274326,2
2616,66000,387130000C,(04)23274275,(04)23288582,2025,2,8,10,48,臺中市,龍井區,0,1,0,7,2,6,50,13,24,1,5,4,6,6,4,4,5,4,4,1,12,3,10,3,1,B12,7,9,1,3,2,6,,8,8,1,12,4,120.547523,24.196555,2
2617,66000,387130000C,(04)23274275,(04)23288582,2025,2,8,10,50,臺中市,南屯區,0,1,0,7,2,6,40,13,8,1,5,4,6,6,4,4,5,5,4,2,17,3,10,3,1,B03,7,15,1,8,2,5,,76,76,1,13,4,120.63818,24.139664,2
2618,66000,387130000C,(04)23274275,(04)23288582,2025,2,8,10,55,臺中市,西區,0,0,0,7,,,50,,,,,,,,,,,,,,,,,,,B03,,,1,,2,,,4,4,1,13,4,120.660188,24.141246,3
2619,66000,387130000C,(04)23274275,(04)23288582,2025,2,8,10,55,臺中市,南區,0,1,0,7,3,6,50,4,1,1,5,4,6,6,1,1,10,5,5,2,16,3,10,5,4,B12,7,6,1,8,2,1,,11,11,1,12,4,120.678021,24.129136,2
2620,66000,387130000C,(04)23274275,(04)23288582,2025,2,8,10,56,臺中市,西屯區,0,0,0,7,3,6,50,13,7,1,5,4,6,6,4,4,5,4,4,2,11,,,,,B03,,,1,,1,,,49,49,1,12,4,120.640476,24.161189,3
2621,66000,387130000C,(04)23274275,(04)23288582,2025,2,8,11,2,臺中市,新社區,0,0,0,7,,,50,,,,,,,,,,,,,,,,,,,B12,,,1,,2,,,49,49,1,13,4,120.808501,24.247541,3
2622,66000,387130000C,(04)23274275,(04)23288582,2025,2,8,11,3,臺中市,大甲區,0,1,0,7,2,6,50,5,9,1,5,4,6,6,1,1,10,5,5,2,17,3,10,3,1,B03,7,1,1,4,2,2,,51,51,1,6,4,120.632125,24.355393,2
2623,66000,387130000C,(04)23274275,(04)23288582,2025,2,8,11,5,臺中市,太平區,0,0,0,7,,,50,,,,,,,,,,,,,,14,,,,,B03,,,1,,9,,,49,49,1,12,4,120.704406,24.111447,3
2624,66000,387130000C,(04)23274275,(04)23288582,2025,2,8,11,7,臺中市,西屯區,0,0,0,7,,,30,,,,,,,,,,,,,,17,,,,,B03,,,1,,11,,,77,77,1,13,4,120.615381,24.17937,3
2625,66000,387130000C,(04)23274275,(04)23288582,2025,2,8,11,9,臺中市,南屯區,0,0,0,7,3,6,50,13,9,1,5,4,6,6,1,1,5,5,4,2,13,,,,,B03,,,1,,2,,,84,84,1,12,4,120.641166,24.131963,3
2626,66000,387130000C,(04)23274275,(04)23288582,2025,2,8,11,9,臺中市,大肚區,0,0,0,7,,,50,,,,,,,,,,,,,,,,,,,C03,,,1,,2,,,87,87,1,6,4,120.579256,24.168972,3
2627,66000,387130000C,(04)23274275,(04)23288582,2025,2,8,11,12,臺中市,大甲區,0,0,0,7,,,50,,,,,,,,,,,,,,,,,,,C03,,,1,,2,,,51,51,1,12,4,120.623206,24.347946,3
2628,66000,387130000C,(04)23274275,(04)23288582,2025,2,8,11,14,臺中市,南屯區,0,1,0,7,2,6,50,13,9,1,5,4,6,6,4,4,9,4,5,2,20,3,10,3,1,B03,7,9,1,8,9,1,,53,53,1,12,4,120.647024,24.139573,2
2629,66000,387130000C,(04)23274275,(04)23288582,2025,2,8,11,18,臺中市,大里區,0,0,0,7,,,50,,,,,,,,,,,,,,13,,,,,B03,,,1,,1,,,7,7,1,12,4,120.697117,24.08437,3
2630,66000,387130000C,(04)23274275,(04)23288582,2025,2,8,11,19,臺中市,北區,0,0,0,7,,,50,,,,,,,,,,,,,,15,,,,,B03,,,1,,1,,,24,24,1,12,4,120.673619,24.15419,3
2631,66000,387130000C,(04)23274275,(04)23288582,2025,2,8,11,38,臺中市,東區,0,0,0,7,,,30,,,,,,,,,,,,,,14,,,,,B03,,,1,,1,,,49,49,1,13,4,120.696912,24.126275,3
2632,66000,387130000C,(04)23274275,(04)23288582,2025,2,8,11,44,臺中市,潭子區,0,0,0,7,,,60,,,,,,,,,,,,,,,,,,,B03,,,1,,2,,,84,84,1,13,4,120.703376,24.199518,3
2633,66000,387130000C,(04)23274275,(04)23288582,2025,2,8,11,49,臺中市,太平區,0,0,0,6,2,6,50,4,1,1,5,4,6,6,1,1,5,5,5,2,13,3,10,1,1,C03,7,9,1,10,1,11,,7,7,1,6,4,120.712102,24.141089,3
2634,66000,387130000C,(04)23274275,(04)23288582,2025,2,8,11,50,臺中市,太平區,0,0,0,7,,,50,,,,,,,,,,,,,,14,,,,,B03,,,1,,1,,,49,49,1,12,4,120.719095,24.131689,3
2635,66000,387130000C,(04)23274275,(04)23288582,2025,2,8,11,56,臺中市,東區,0,0,0,7,,,50,,,,,,,,,,,,,,17,,,,,C03,,,1,,1,,,8,8,1,12,4,120.689221,24.140973,3
2636,66000,387130000C,(04)23274275,(04)23288582,2025,2,8,11,56,臺中市,西屯區,0,1,0,7,3,6,30,13,9,1,5,4,6,6,4,4,4,1,5,2,12,3,10,5,4,B12,7,4,1,8,3,6,,1,1,1,13,4,120.639839,24.188689,2
2637,66000,387130000C,(04)23274275,(04)23288582,2025,2,8,11,59,臺中市,北區,0,0,0,7,,,50,,,,,,,,,,,,,,17,,,,,B03,,,1,,1,,,84,84,1,12,4,120.686354,24.152437,3
2638,66000,387130000C,(04)23274275,(04)23288582,2025,2,8,12,0,臺中市,東區,0,0,0,7,,,50,,,,,,,,,,,,,,25,,,,,A12,,,1,,1,,,84,84,1,12,4,120.683479,24.133958,3
2639,66000,387130000C,(04)23274275,(04)23288582,2025,2,8,12,2,臺中市,西屯區,0,0,0,7,,,0,,,,,,,,,,,,,,17,,,,,B03,,,1,,1,,,87,87,1,13,4,120.634385,24.17931,3
2640,66000,387130000C,(04)23274275,(04)23288582,2025,2,8,12,3,臺中市,北區,0,0,0,7,,,50,,,,,,,,,,,,,,13,,,,,B03,,,1,,1,,,56,56,1,13,4,120.681625,24.163302,3
2641,66000,387130000C,(04)23274275,(04)23288582,2025,2,8,12,5,臺中市,豐原區,0,0,0,7,,,50,,,,,,,,,,,,,,13,,,,,B03,,,1,,2,,,7,7,1,12,4,120.713106,24.250733,3
2642,66000,387130000C,(04)23274275,(04)23288582,2025,2,8,12,9,臺中市,梧棲區,0,2,0,7,2,6,50,3,1,1,5,4,6,6,3,1,9,5,5,1,12,2,9,2,1,C03,7,6,1,10,2,12,,34,34,1,13,4,120.538857,24.249954,2
2643,66000,387130000C,(04)23274275,(04)23288582,2025,2,8,12,10,臺中市,西屯區,0,0,0,7,,,40,,,,,,,,,,,,,,17,,,,,B03,,,1,,9,,,58,58,1,13,4,120.633749,24.161646,3
2644,66000,387130000C,(04)23274275,(04)23288582,2025,2,8,12,13,臺中市,西屯區,0,2,0,7,2,6,50,3,7,1,5,4,6,6,4,4,5,5,4,2,3,2,9,5,4,C03,7,9,1,10,2,14,,59,59,1,12,4,120.664027,24.170431,2
2645,66000,387130000C,(04)23274275,(04)23288582,2025,2,8,12,18,臺中市,北屯區,0,1,0,7,2,6,30,4,1,1,5,4,6,6,4,4,10,5,5,2,16,2,9,1,1,C03,7,9,1,10,2,11,,12,12,1,6,4,120.701194,24.185849,2
2646,66000,387130000C,(04)23274275,(04)23288582,2025,2,8,12,20,臺中市,北區,0,0,0,7,,,50,,,,,,,,,,,,,,13,,,,,C03,,,3,,2,,,7,7,1,12,4,120.679101,24.153536,3
2647,66000,387130000C,(04)23274275,(04)23288582,2025,2,8,12,22,臺中市,北區,0,1,0,7,2,6,50,13,8,1,5,4,6,6,4,4,8,3,4,1,12,3,10,3,1,B03,7,5,1,8,2,6,,20,20,1,13,4,120.689774,24.152602,2
2648,66000,387130000C,(04)23274275,(04)23288582,2025,2,8,12,22,臺中市,北屯區,0,1,0,7,3,6,50,4,1,1,5,4,6,6,2,1,10,5,5,2,16,3,10,2,1,C03,7,7,1,10,2,12,,35,35,1,12,4,120.698333,24.172948,2
2649,66000,387130000C,(04)23274275,(04)23288582,2025,2,8,12,23,臺中市,沙鹿區,0,0,0,7,,,40,,,,,,,,,,,,,,14,,,,,B03,,,1,,2,,,8,8,1,6,4,120.563641,24.237311,3
2650,66000,387130000C,(04)23274275,(04)23288582,2025,2,8,12,24,臺中市,西屯區,0,0,0,7,,,50,,,,,,,,,,,,,,12,,,,,A01,,,1,,9,,,40,40,1,12,4,120.633263,24.173476,3
2651,66000,387130000C,(04)23274275,(04)23288582,2025,2,8,12,25,臺中市,西屯區,0,0,0,7,,,50,,,,,,,,,,,,,,16,,,,,C03,,,1,,1,,,40,40,1,13,4,120.651471,24.1661,3
2652,66000,387130000C,(04)23274275,(04)23288582,2025,2,8,12,27,臺中市,北區,0,0,0,7,,,50,,,,,,,,,,,,,,13,,,,,C03,,,1,,1,,,84,84,1,12,4,120.687291,24.149263,4
2653,66000,387130000C,(04)23274275,(04)23288582,2025,2,8,12,34,臺中市,南區,0,0,0,7,,,50,,,,,,,,,,,,,,14,,,,,B03,,,1,,2,,,49,49,1,12,4,120.647889,24.120553,3
2654,66000,387130000C,(04)23274275,(04)23288582,2025,2,8,12,34,臺中市,西屯區,0,0,0,6,3,6,50,13,4,1,5,4,6,6,1,1,1,4,5,2,13,,,,,C03,,,1,,1,,,7,7,1,12,4,120.655048,24.200545,3
2655,66000,387130000C,(04)23274275,(04)23288582,2025,2,8,12,38,臺中市,西屯區,0,0,0,7,,,30,,,,,,,,,,,,,,13,,,,,B03,,,1,,1,,,84,84,1,13,4,120.650793,24.168247,4
2656,66000,387130000C,(04)23274275,(04)23288582,2025,2,8,12,43,臺中市,中區,0,0,0,7,,,50,,,,,,,,,,,,,,,,,,,B03,,,1,,1,,,35,35,1,12,4,120.683609,24.141298,3
2657,66000,387130000C,(04)23274275,(04)23288582,2025,2,8,12,47,臺中市,西屯區,0,1,0,7,3,6,50,13,9,1,5,4,6,6,4,4,4,1,5,2,13,3,10,5,4,C03,7,9,1,10,2,11,,7,7,1,13,4,120.648871,24.168639,2
2658,66000,387130000C,(04)23274275,(04)23288582,2025,2,8,12,48,臺中市,豐原區,0,0,0,7,,,30,,,,,,,,,,,,,,25,,,,,B12,,,1,,2,,,49,49,1,12,4,120.746842,24.264091,3
2659,66000,387130000C,(04)23274275,(04)23288582,2025,2,8,12,51,臺中市,豐原區,0,1,0,7,3,6,50,3,1,1,5,4,6,6,3,1,10,5,5,2,17,3,10,5,1,B03,7,6,1,8,2,4,,48,48,1,13,4,120.704571,24.249653,2
2660,66000,387130000C,(04)23274275,(04)23288582,2025,2,8,12,56,臺中市,潭子區,0,0,0,7,,,50,,,,,,,,,,,,,,,,,,,B03,,,1,,2,,,40,40,1,13,4,120.706949,24.211374,3
2661,66000,387130000C,(04)23274275,(04)23288582,2025,2,8,12,56,臺中市,大肚區,0,1,0,7,2,6,30,13,9,1,5,4,6,6,4,4,10,5,5,2,10,3,10,1,1,G06,7,9,7,21,2,17,,59,59,1,6,4,120.5381,24.152791,2
2662,66000,387130000C,(04)23274275,(04)23288582,2025,2,8,12,57,臺中市,北屯區,0,0,0,7,,,50,,,,,,,,,,,,,,18,,,,,C03,,,1,,2,,,82,82,1,12,4,120.703899,24.180089,4
2663,66000,387130000C,(04)23274275,(04)23288582,2025,2,8,12,57,臺中市,西屯區,0,1,0,6,2,6,30,13,9,1,5,4,6,6,4,4,9,5,5,2,13,2,9,1,1,C03,7,9,1,10,2,11,,7,7,1,12,4,120.652456,24.178091,2
2664,66000,387130000C,(04)23274275,(04)23288582,2025,2,8,13,0,臺中市,北屯區,0,0,0,7,,,50,,,,,,,,,,,,,,13,,,,,B03,,,1,,1,,,84,84,1,6,4,120.693801,24.162,3
2665,66000,387130000C,(04)23274275,(04)23288582,2025,2,8,13,5,臺中市,南區,0,0,0,7,,,50,,,,,,,,,,,,,,16,,,,,C03,,,1,,1,,,84,84,1,12,4,120.666256,24.12295,3
2666,66000,387130000C,(04)23274275,(04)23288582,2025,2,8,13,8,臺中市,潭子區,0,1,0,6,3,6,50,4,9,1,5,4,6,6,1,1,5,5,5,2,17,3,10,1,1,C03,7,1,1,10,2,12,,51,51,1,13,4,120.68766,24.225543,2
2667,66000,387130000C,(04)23274275,(04)23288582,2025,2,8,13,14,臺中市,潭子區,0,1,0,6,2,6,50,4,2,1,5,4,6,6,1,1,5,5,5,2,13,2,8,2,1,C03,7,9,1,10,2,11,,7,7,1,13,4,120.674103,24.204472,2
2668,66000,387130000C,(04)23274275,(04)23288582,2025,2,8,13,14,臺中市,清水區,0,0,0,7,,,50,,,,,,,,,,,,,,,,,,,B03,,,1,,1,,,21,21,1,12,4,120.567408,24.270311,3
2669,66000,387130000C,(04)23274275,(04)23288582,2025,2,8,13,18,臺中市,西區,0,3,0,7,2,6,50,4,1,1,5,4,6,6,1,1,10,5,5,2,16,2,7,1,1,C03,7,4,1,10,2,12,,84,84,1,13,4,120.661888,24.158658,2
2670,66000,387130000C,(04)23274275,(04)23288582,2025,2,8,13,20,臺中市,北屯區,0,1,0,7,2,6,50,13,9,1,5,4,6,6,4,4,1,4,5,2,30,2,9,1,1,C03,7,9,1,10,2,14,,82,82,1,12,4,120.694994,24.165851,2
2671,66000,387130000C,(04)23274275,(04)23288582,2025,2,8,13,21,臺中市,西屯區,0,1,0,7,2,6,50,4,1,1,5,4,6,6,2,1,10,5,5,2,16,3,10,5,4,B03,7,6,1,8,2,6,,11,11,1,13,4,120.635989,24.169183,2
2672,66000,387130000C,(04)23274275,(04)23288582,2025,2,8,13,26,臺中市,南區,0,2,0,7,2,6,40,13,7,1,5,4,6,6,4,4,5,5,4,2,12,2,9,2,1,C03,7,1,1,10,2,11,,51,51,1,13,4,120.675061,24.125871,2
2673,66000,387130000C,(04)23274275,(04)23288582,2025,2,8,13,27,臺中市,西屯區,0,1,0,6,3,6,40,3,1,1,5,4,6,6,1,1,10,5,5,2,16,3,10,3,1,B03,7,5,1,8,2,2,,47,47,1,12,4,120.643304,24.170391,2
2674,66000,387130000C,(04)23274275,(04)23288582,2025,2,8,13,27,臺中市,沙鹿區,0,1,0,7,3,6,50,4,1,1,5,4,6,6,1,1,10,5,5,2,16,3,10,3,1,B03,7,6,1,8,2,2,,11,11,1,12,4,120.558825,24.234814,2
2675,66000,387130000C,(04)23274275,(04)23288582,2025,2,8,13,34,臺中市,北屯區,0,0,0,7,,,50,,,,,,,,,,,,,,17,,,,,C03,,,1,,1,,,13,13,1,12,4,120.68344,24.171653,3
2676,66000,387130000C,(04)23274275,(04)23288582,2025,2,8,13,35,臺中市,豐原區,0,0,0,7,,,30,,,,,,,,,,,,,,17,,,,,B03,,,1,,9,,,84,84,1,13,4,120.72077,24.252621,3
2677,66000,387130000C,(04)23274275,(04)23288582,2025,2,8,13,38,臺中市,大雅區,0,0,0,7,,,30,,,,,,,,,,,,,,9,,,,,B12,,,1,,2,,,50,50,1,13,4,120.652339,24.223513,3
2678,66000,387130000C,(04)23274275,(04)23288582,2025,2,8,13,47,臺中市,東區,0,2,0,7,2,6,30,4,1,1,5,4,6,6,4,4,10,5,5,2,17,2,9,1,1,C03,7,9,1,10,2,11,,20,20,1,12,4,120.683559,24.133991,2
2679,66000,387130000C,(04)23274275,(04)23288582,2025,2,8,13,50,臺中市,北屯區,0,1,0,7,2,6,50,4,1,1,5,4,6,6,4,4,10,5,5,2,16,3,10,3,1,B12,7,9,1,8,2,8,,12,12,1,6,4,120.692201,24.18421,2
2680,66000,387130000C,(04)23274275,(04)23288582,2025,2,8,13,50,臺中市,后里區,0,2,0,6,3,6,50,4,2,1,5,4,6,6,1,1,1,4,4,1,16,3,10,3,1,B03,7,5,1,6,2,6,,11,11,1,6,4,120.72214,24.304437,2
2681,66000,387130000C,(04)23274275,(04)23288582,2025,2,8,13,54,臺中市,中區,0,1,0,7,1,6,50,13,9,1,5,4,6,6,4,4,10,4,5,1,9,3,10,5,4,B01,7,9,1,8,2,4,,84,84,1,12,4,120.681476,24.142458,2
2682,66000,387130000C,(04)23274275,(04)23288582,2025,2,8,13,54,臺中市,豐原區,0,1,0,7,2,6,50,4,2,1,5,4,6,6,1,1,10,5,5,2,17,2,9,2,1,C03,7,1,1,10,2,14,,51,51,1,13,4,120.720597,24.258917,2
2683,66000,387130000C,(04)23274275,(04)23288582,2025,2,8,14,3,臺中市,南屯區,0,0,0,7,,,50,,,,,,,,,,,,,,13,,,,,B03,,,1,,1,,,7,7,1,12,4,120.638113,24.141451,3
2684,66000,387130000C,(04)23274275,(04)23288582,2025,2,8,14,11,臺中市,潭子區,0,1,0,7,3,6,50,3,1,1,5,4,6,6,1,1,5,5,5,1,17,3,10,3,1,B03,7,6,1,8,2,1,,11,11,1,13,4,120.707351,24.215506,2
2685,66000,387130000C,(04)23274275,(04)23288582,2025,2,8,14,12,臺中市,北區,0,1,0,7,2,6,50,4,1,1,5,4,6,6,4,4,10,5,5,2,16,2,9,1,1,C03,7,6,1,10,2,12,,14,14,1,13,4,120.667541,24.163975,2
2686,66000,387130000C,(04)23274275,(04)23288582,2025,2,8,14,13,臺中市,西屯區,0,2,0,7,2,6,50,4,9,1,5,4,6,6,1,1,5,4,5,2,13,2,9,1,4,C03,7,9,1,10,2,11,,7,7,1,13,4,120.66058,24.164191,2
2687,66000,387130000C,(04)23274275,(04)23288582,2025,2,8,14,22,臺中市,南區,0,0,0,7,,,50,,,,,,,,,,,,,,13,,,,,C03,,,1,,1,,,7,7,1,12,4,120.658805,24.11818,3
2688,66000,387130000C,(04)23274275,(04)23288582,2025,2,8,14,32,臺中市,太平區,0,2,0,7,2,6,50,13,9,1,5,4,6,6,4,4,9,4,5,1,16,2,8,1,1,C03,7,1,1,10,2,11,,51,51,1,12,4,120.715794,24.147773,2
2689,66000,387130000C,(04)23274275,(04)23288582,2025,2,8,14,37,臺中市,西屯區,0,1,0,7,3,6,50,4,1,1,5,4,6,6,2,1,1,3,1,2,13,2,9,5,4,C03,7,9,1,10,2,13,,7,7,1,13,4,120.653258,24.160817,2
2690,66000,387130000C,(04)23274275,(04)23288582,2025,2,8,14,40,臺中市,北屯區,0,0,0,7,,,50,,,,,,,,,,,,,,,,,,,B03,,,1,,9,,,50,50,1,12,4,120.688973,24.189355,3
2691,66000,387130000C,(04)23274275,(04)23288582,2025,2,8,15,0,臺中市,大里區,0,1,0,6,1,6,50,4,1,1,5,4,6,6,1,1,10,5,5,2,17,3,10,3,1,B03,7,5,1,8,2,5,,11,11,1,12,4,120.672486,24.104831,2
2692,66000,387130000C,(04)23274275,(04)23288582,2025,2,8,15,4,臺中市,潭子區,0,0,0,7,,,60,,,,,,,,,,,,,,,,,,,B03,,,1,,2,,,59,59,1,13,4,120.703772,24.201856,3
2693,66000,387130000C,(04)23274275,(04)23288582,2025,2,8,15,4,臺中市,大里區,0,0,0,7,,,50,,,,,,,,,,,,,,17,,,,,B03,,,1,,2,,,51,51,1,12,4,120.689527,24.088057,3