序號,縣市別代碼,機關代碼,市話,傳真,年,月,日,時,分,縣市,區,死亡數量,受傷數量,2-30,天候,道路照明設備,道路類別,道路速限,道路型態,事故位置,路面鋪裝,路面狀態,路面缺陷,障礙物,視距,號誌種類,號誌動作,分向設施,快車道或一般車道間,快慢車道間,路面邊線,事故類型及型態,受傷程度,主要傷處,保護裝備,行動電話或功能裝置,當事者區分(類別),車輛用途,當事者行動狀態,駕照狀態,駕照種類,飲酒情形,車輛撞擊部位最初,車輛撞擊部位其他,肇事因素個別,肇事因素主要,肇事逃逸,職業,共享經濟或外送平台,GPS座標X,GPS座標Y,事故類別
2694,66000,387130000C,(04)23274275,(04)23288582,2025,2,8,15,9,臺中市,北區,0,0,0,7,2,6,30,13,9,1,5,4,6,6,4,4,10,5,5,2,17,3,10,6,5,B03,8,13,7,21,10,7,,87,87,1,12,4,120.67226,24.173291,3
2695,66000,387130000C,(04)23274275,(04)23288582,2025,2,8,15,10,臺中市,太平區,0,0,0,7,,,50,,,,,,,,,,,,,,,,,,,B03,,,1,,1,,,84,84,1,12,4,120.705682,24.156993,3
2696,66000,387130000C,(04)23274275,(04)23288582,2025,2,8,15,11,臺中市,南區,0,0,0,7,,,50,,,,,,,,,,,,,,,,,,,B03,,,1,,9,,,76,76,1,13,4,120.670123,24.119584,3
2697,66000,387130000C,(04)23274275,(04)23288582,2025,2,8,15,13,臺中市,北屯區,0,0,0,7,,,50,,,,,,,,,,,,,,14,,,,,B12,,,1,,2,,,49,49,1,6,4,120.709409,24.171024,3
2698,66000,387130000C,(04)23274275,(04)23288582,2025,2,8,15,14,臺中市,大甲區,0,1,0,6,2,6,70,5,1,1,5,4,6,6,1,1,3,4,4,1,15,2,9,3,1,B03,7,9,1,7,2,1,,21,21,1,6,4,120.622485,24.356741,2
2699,66000,387130000C,(04)23274275,(04)23288582,2025,2,8,15,15,臺中市,清水區,0,0,0,7,,,30,,,,,,,,,,,,,,14,,,,,B03,,,1,,1,,,49,49,1,13,4,120.573667,24.270093,3
2700,66000,387130000C,(04)23274275,(04)23288582,2025,2,8,15,17,臺中市,北屯區,0,0,0,7,,,50,,,,,,,,,,,,,,,,,,,B03,,,1,,1,,,78,78,1,12,4,120.6723,24.174133,3
2701,66000,387130000C,(04)23274275,(04)23288582,2025,2,8,15,19,臺中市,北區,0,0,0,7,,,50,,,,,,,,,,,,,,,,,,,C03,,,1,,1,,,84,84,1,12,2,120.682429,24.145896,3
2702,66000,387130000C,(04)23274275,(04)23288582,2025,2,8,15,26,臺中市,大甲區,0,0,0,7,3,6,50,13,9,1,5,4,6,6,1,1,4,5,5,1,16,3,10,1,1,C03,7,10,1,10,1,14,,40,40,1,12,4,120.62602,24.3491,3
2703,66000,387130000C,(04)23274275,(04)23288582,2025,2,8,15,30,臺中市,西區,0,1,0,7,2,6,50,5,1,1,5,4,6,6,1,1,10,5,5,2,17,3,10,3,1,B03,7,5,1,8,2,2,,47,47,1,13,4,120.668775,24.13206,2
2704,66000,387130000C,(04)23274275,(04)23288582,2025,2,8,15,31,臺中市,西區,0,0,0,7,,,50,,,,,,,,,,,,,,13,,,,,B01,,,1,,1,,,7,7,1,13,4,120.663182,24.156542,3
2705,66000,387130000C,(04)23274275,(04)23288582,2025,2,8,15,35,臺中市,北區,0,0,0,7,,,60,,,,,,,,,,,,,,,,,,,B12,,,1,,1,,,7,7,1,12,4,120.664208,24.154416,3
2706,66000,387130000C,(04)23274275,(04)23288582,2025,2,8,15,35,臺中市,西屯區,0,0,0,7,,,50,,,,,,,,,,,,,,,,,,,C03,,,1,,1,,,7,7,1,13,4,120.635375,24.181967,3
2707,66000,387130000C,(04)23274275,(04)23288582,2025,2,8,15,44,臺中市,龍井區,0,1,0,7,2,6,50,4,1,1,5,4,6,6,4,4,10,5,5,2,15,3,10,3,1,B03,7,9,1,8,2,1,5,12,12,1,6,4,120.586328,24.180801,2
2708,66000,387130000C,(04)23274275,(04)23288582,2025,2,8,15,46,臺中市,梧棲區,0,1,0,7,2,6,40,4,1,1,5,4,6,6,1,1,10,5,5,2,15,2,9,1,1,C03,7,9,1,10,2,11,,21,21,1,6,4,120.545679,24.229082,2
2709,66000,387130000C,(04)23274275,(04)23288582,2025,2,8,15,49,臺中市,北區,0,1,0,7,2,6,40,3,2,1,5,4,6,6,1,1,1,4,4,2,17,2,9,1,1,C03,7,6,1,8,2,14,,48,48,1,12,4,120.689119,24.153582,2
2710,66000,387130000C,(04)23274275,(04)23288582,2025,2,8,15,50,臺中市,西屯區,0,0,0,7,,,50,,,,,,,,,,,,,,,,,,,F03,,,,,,,,86,86,1,,,120.642713,24.198813,3
2711,66000,387130000C,(04)23274275,(04)23288582,2025,2,8,16,0,臺中市,大甲區,0,0,0,7,,,60,,,,,,,,,,,,,,,,,,,B03,,,1,,1,,,59,59,1,6,4,120.617326,24.346601,4
2712,66000,387130000C,(04)23274275,(04)23288582,2025,2,8,16,2,臺中市,西屯區,0,0,0,7,,,50,,,,,,,,,,,,,,13,,,,,B01,,,1,,1,,,84,84,1,12,4,120.636576,24.172896,3
2713,66000,387130000C,(04)23274275,(04)23288582,2025,2,8,16,5,臺中市,西屯區,0,0,0,7,,,30,,,,,,,,,,,,,,17,,,,,B03,,,1,,2,,,8,8,1,12,4,120.648818,24.183011,3
2714,66000,387130000C,(04)23274275,(04)23288582,2025,2,8,16,7,臺中市,外埔區,0,0,0,7,2,6,30,3,2,1,5,4,6,6,4,4,4,5,4,1,16,3,10,3,1,B03,7,5,1,8,1,8,,84,84,1,12,4,120.637718,24.342448,3
2715,66000,387130000C,(04)23274275,(04)23288582,2025,2,8,16,10,臺中市,西屯區,0,0,0,7,,,50,,,,,,,,,,,,,,16,,,,,B03,,,1,,1,,,14,14,1,13,4,120.640404,24.166279,3
2716,66000,387130000C,(04)23274275,(04)23288582,2025,2,8,16,13,臺中市,南屯區,0,1,0,7,2,6,50,3,1,1,5,4,6,6,4,4,10,5,5,2,12,3,10,3,1,B12,7,5,1,8,1,6,,14,14,1,12,4,120.652257,24.135818,2
2717,66000,387130000C,(04)23274275,(04)23288582,2025,2,8,16,37,臺中市,北區,0,0,0,7,,,50,,,,,,,,,,,,,,,,,,,B03,,,1,,1,,,84,84,1,13,4,120.68616,24.146227,3
2718,66000,387130000C,(04)23274275,(04)23288582,2025,2,8,16,44,臺中市,南屯區,0,0,0,7,,,50,,,,,,,,,,,,,,17,,,,,B03,,,1,,1,,,8,8,1,12,4,120.650104,24.139848,3
2719,66000,387130000C,(04)23274275,(04)23288582,2025,2,8,16,45,臺中市,西區,0,0,0,7,,,60,,,,,,,,,,,,,,,,,,,B03,,,1,,1,,,59,59,1,12,4,120.662129,24.156116,3
2720,66000,387130000C,(04)23274275,(04)23288582,2025,2,8,16,46,臺中市,南屯區,0,1,0,7,3,6,60,13,7,1,5,4,6,6,4,4,5,2,4,2,16,2,9,1,1,C03,7,8,1,10,2,14,,40,40,1,6,4,120.636126,24.1338,2
2721,66000,387130000C,(04)23274275,(04)23288582,2025,2,8,16,47,臺中市,西屯區,0,1,0,7,2,6,50,4,2,1,5,4,6,6,2,1,10,5,5,2,17,3,10,3,1,B03,7,5,1,8,2,16,,47,47,1,13,4,120.650691,24.175853,2
2722,66000,387130000C,(04)23274275,(04)23288582,2025,2,8,16,48,臺中市,南屯區,0,1,0,6,3,6,50,4,4,1,5,4,6,6,2,1,1,4,5,2,13,2,8,2,4,C03,7,9,1,10,2,11,,7,7,1,6,4,120.625929,24.145026,2
2723,66000,387130000C,(04)23274275,(04)23288582,2025,2,8,16,50,臺中市,北屯區,0,0,0,7,,,50,,,,,,,,,,,,,,16,,,,,C03,,,3,,1,,,20,20,1,13,4,120.692102,24.170397,4
2724,66000,387130000C,(04)23274275,(04)23288582,2025,2,8,16,50,臺中市,大里區,0,0,0,7,,,50,,,,,,,,,,,,,,,,,,,A11,,,1,,2,,,87,87,1,12,4,120.680786,24.09486,3
2725,66000,387130000C,(04)23274275,(04)23288582,2025,2,8,16,52,臺中市,東勢區,0,1,0,7,2,6,40,8,8,1,5,4,6,6,4,4,1,4,4,1,9,3,10,5,4,C03,7,9,1,10,2,11,,84,84,1,13,4,120.779898,24.283894,2
2726,66000,387130000C,(04)23274275,(04)23288582,2025,2,8,16,55,臺中市,西屯區,0,1,0,7,1,6,40,11,9,1,5,4,6,6,4,4,5,4,4,1,30,2,9,1,1,C03,7,9,1,10,2,11,,59,59,1,12,4,120.596197,24.169895,2
2727,66000,387130000C,(04)23274275,(04)23288582,2025,2,8,16,55,臺中市,太平區,0,1,0,7,3,6,50,13,8,1,5,4,6,6,4,4,5,5,4,1,14,3,10,3,1,B03,7,2,1,8,2,3,,49,49,1,12,4,120.720004,24.15734,2
2728,66000,387130000C,(04)23274275,(04)23288582,2025,2,8,16,59,臺中市,西區,0,0,0,7,,,50,,,,,,,,,,,,,,12,,,,,B12,,,1,8,2,,,42,42,1,13,4,120.653097,24.150702,3
2729,66000,387130000C,(04)23274275,(04)23288582,2025,2,8,16,59,臺中市,西屯區,0,1,0,7,2,6,30,4,1,1,5,4,6,6,4,4,10,5,5,2,17,3,10,5,4,B03,7,9,1,7,2,16,,20,20,1,12,4,120.616653,24.189847,2
2730,66000,387130000C,(04)23274275,(04)23288582,2025,2,8,17,6,臺中市,北屯區,0,0,0,7,,,50,,,,,,,,,,,,,,12,,,,,C03,,,3,,1,,,85,85,1,6,4,120.697658,24.170006,3
2731,66000,387130000C,(04)23274275,(04)23288582,2025,2,8,17,10,臺中市,大雅區,0,0,0,7,,,0,,,,,,,,,,,,,,,,,,,C03,,,1,,2,,,39,39,1,12,4,120.635673,24.21565,3
2732,66000,387130000C,(04)23274275,(04)23288582,2025,2,8,17,10,臺中市,北屯區,0,0,0,7,,,30,,,,,,,,,,,,,,17,,,,,B03,,,1,8,1,,,58,58,1,12,4,120.679428,24.176242,3
2733,66000,387130000C,(04)23274275,(04)23288582,2025,2,8,17,12,臺中市,新社區,0,1,0,7,1,6,50,3,1,1,5,4,6,6,4,4,10,5,5,2,17,2,9,2,1,C03,7,6,1,10,1,13,,14,14,1,12,4,120.802798,24.197185,2
2734,66000,387130000C,(04)23274275,(04)23288582,2025,2,8,17,13,臺中市,西屯區,0,0,0,7,,,50,,,,,,,,,,,,,,12,,,,,B03,,,1,,1,,,40,40,1,12,4,120.610814,24.170564,3
2735,66000,387130000C,(04)23274275,(04)23288582,2025,2,8,17,14,臺中市,北屯區,0,1,0,7,2,6,50,13,9,1,5,4,6,6,4,4,5,4,5,2,22,3,10,3,1,B03,7,9,1,8,2,5,,55,55,1,12,4,120.753284,24.199242,2
2736,66000,387130000C,(04)23274275,(04)23288582,2025,2,8,17,15,臺中市,北區,0,0,0,7,,,50,,,,,,,,,,,,,,,,,,,C03,,,1,,1,,,58,58,1,12,4,120.680976,24.163174,3
2737,66000,387130000C,(04)23274275,(04)23288582,2025,2,8,17,16,臺中市,南屯區,0,0,0,7,,,50,,,,,,,,,,,,,,17,,,,,B03,,,1,,9,,,34,34,2,6,4,120.634977,24.152593,3
2738,66000,387130000C,(04)23274275,(04)23288582,2025,2,8,17,16,臺中市,大安區,0,0,0,7,,,50,,,,,,,,,,,,,,18,,,,,C03,,,1,,2,,,87,87,1,6,4,120.608059,24.361321,3
2739,66000,387130000C,(04)23274275,(04)23288582,2025,2,8,17,18,臺中市,北屯區,0,1,0,7,2,6,60,13,8,1,5,4,6,6,4,4,1,4,4,1,16,2,9,1,1,C03,7,9,1,10,2,14,,84,84,1,6,4,120.707202,24.164818,2
2740,66000,387130000C,(04)23274275,(04)23288582,2025,2,8,17,19,臺中市,西屯區,0,0,0,7,,,50,,,,,,,,,,,,,,13,,,,,B03,,,1,,1,,,7,7,1,12,4,120.63638,24.170915,3
2741,66000,387130000C,(04)23274275,(04)23288582,2025,2,8,17,29,臺中市,南區,0,1,0,7,3,6,50,4,2,1,5,4,6,6,1,1,5,5,5,2,12,3,10,3,1,B01,7,3,1,2,2,2,,50,50,1,6,4,120.667079,24.128873,2
2742,66000,387130000C,(04)23274275,(04)23288582,2025,2,8,17,29,臺中市,烏日區,0,0,0,7,,,40,,,,,,,,,,,,,,,,,,,C03,,,1,,2,,,41,41,1,13,4,120.651086,24.066285,3
2743,66000,387130000C,(04)23274275,(04)23288582,2025,2,8,17,33,臺中市,龍井區,0,0,0,7,2,6,50,3,1,1,5,4,6,6,4,4,5,5,5,1,15,3,10,2,1,C03,7,5,1,10,1,11,,12,12,1,6,4,120.585628,24.181767,3
2744,66000,387130000C,(04)23274275,(04)23288582,2025,2,8,17,34,臺中市,北屯區,0,0,0,7,,,50,,,,,,,,,,,,,,17,,,,,B03,,,1,,2,,,58,58,1,6,4,120.685393,24.167515,3
2745,66000,387130000C,(04)23274275,(04)23288582,2025,2,8,17,39,臺中市,北區,0,1,0,7,1,6,50,4,1,1,5,4,6,6,1,1,5,4,5,2,17,2,9,5,1,C03,7,5,1,10,2,12,,7,7,1,13,4,120.683367,24.153387,2
2746,66000,387130000C,(04)23274275,(04)23288582,2025,2,8,17,39,臺中市,神岡區,0,1,0,7,1,6,30,3,1,1,5,4,6,6,4,4,10,5,5,1,16,3,10,5,4,B03,7,6,3,19,2,4,,14,14,1,12,4,120.689138,24.250033,2
2747,66000,387130000C,(04)23274275,(04)23288582,2025,2,8,17,41,臺中市,沙鹿區,0,0,0,7,,,30,,,,,,,,,,,,,,,,,,,C03,,,1,,2,,,24,24,1,12,4,120.568092,24.236835,3
2748,66000,387130000C,(04)23274275,(04)23288582,2025,2,8,17,43,臺中市,南屯區,0,1,0,7,2,6,50,4,1,1,5,4,6,6,1,1,10,5,5,2,18,2,8,1,1,C04,7,9,1,12,2,11,,59,59,1,12,4,120.623497,24.149515,2
2749,66000,387130000C,(04)23274275,(04)23288582,2025,2,8,17,44,臺中市,烏日區,0,0,0,7,1,6,50,13,9,1,5,4,6,6,4,4,5,4,5,2,14,3,10,3,1,B03,7,2,1,8,1,7,,49,49,1,6,4,120.644306,24.110784,3
2750,66000,387130000C,(04)23274275,(04)23288582,2025,2,8,17,48,臺中市,西區,0,0,0,7,1,6,50,4,2,1,5,4,6,6,1,1,3,4,4,2,13,,,,,B03,,,1,,2,,,7,7,1,13,4,120.663691,24.139953,3
2751,66000,387130000C,(04)23274275,(04)23288582,2025,2,8,17,51,臺中市,太平區,0,0,0,7,,,50,,,,,,,,,,,,,,13,,,,,C03,,,1,,2,,,7,7,1,6,4,120.716281,24.133382,3
2752,66000,387130000C,(04)23274275,(04)23288582,2025,2,8,17,55,臺中市,西屯區,0,1,0,7,1,6,50,13,9,1,5,4,6,6,4,4,1,4,1,2,12,3,10,5,4,B12,7,7,1,8,2,2,,8,8,1,13,4,120.665874,24.172717,2
2753,66000,387130000C,(04)23274275,(04)23288582,2025,2,8,17,55,臺中市,后里區,0,0,0,1,1,6,50,13,9,1,5,4,6,6,2,1,1,4,4,1,13,3,10,3,1,B03,7,14,1,8,1,1,,84,84,1,6,4,120.723114,24.289304,3
2754,66000,387130000C,(04)23274275,(04)23288582,2025,2,8,17,56,臺中市,西區,0,1,0,6,1,6,50,13,8,1,5,4,6,6,4,4,1,4,4,2,13,2,8,2,1,C01,7,9,1,9,1,11,,59,59,1,12,4,120.658924,24.155363,2
2755,66000,387130000C,(04)23274275,(04)23288582,2025,2,8,17,57,臺中市,北區,0,0,0,7,1,6,30,13,9,1,5,4,6,6,4,4,10,4,5,2,14,3,10,3,1,B03,7,2,1,7,1,3,,49,49,1,12,4,120.676095,24.149256,3
2756,66000,387130000C,(04)23274275,(04)23288582,2025,2,8,17,58,臺中市,北屯區,0,1,0,7,1,6,50,4,1,1,5,4,6,6,1,1,10,5,5,2,16,3,10,3,1,B02,7,5,1,8,2,2,,20,20,1,13,4,120.694148,24.164934,2
2757,66000,387130000C,(04)23274275,(04)23288582,2025,2,8,17,58,臺中市,大里區,0,1,0,7,1,6,50,4,1,1,5,4,6,6,1,1,10,5,5,2,16,3,10,3,1,B03,7,5,1,8,2,5,,11,11,1,8,4,120.698351,24.080537,2
2758,66000,387130000C,(04)23274275,(04)23288582,2025,2,8,18,0,臺中市,西區,0,0,0,7,,,50,,,,,,,,,,,,,,13,,,,,B03,,,1,8,1,,,84,84,1,13,4,120.68013,24.134983,3
2759,66000,387130000C,(04)23274275,(04)23288582,2025,2,8,18,2,臺中市,大雅區,0,0,0,7,,,30,,,,,,,,,,,,,,,,,,,B03,,,1,,2,,,1,1,1,13,4,120.65086,24.209385,3
2760,66000,387130000C,(04)23274275,(04)23288582,2025,2,8,18,3,臺中市,西區,0,0,0,7,,,50,,,,,,,,,,,,,,,,,,,B12,,,1,,11,,,8,8,1,12,4,120.674026,24.149247,3
2761,66000,387130000C,(04)23274275,(04)23288582,2025,2,8,18,5,臺中市,大里區,0,2,0,6,3,6,30,13,9,1,5,4,6,6,4,4,10,5,5,2,13,2,8,1,1,C03,7,9,1,10,2,11,,7,7,1,12,4,120.700423,24.089114,2
2762,66000,387130000C,(04)23274275,(04)23288582,2025,2,8,18,7,臺中市,南區,0,2,0,7,1,6,50,3,1,1,5,4,6,6,4,4,10,5,5,2,16,2,9,1,1,C03,7,5,1,10,2,12,,14,14,1,12,4,120.66262,24.119974,2
2763,66000,387130000C,(04)23274275,(04)23288582,2025,2,8,18,11,臺中市,南屯區,0,0,0,7,,,50,,,,,,,,,,,,,,13,,,,,B03,,,1,,2,,,59,59,1,6,4,120.646541,24.132061,3
2764,66000,387130000C,(04)23274275,(04)23288582,2025,2,8,18,15,臺中市,沙鹿區,0,0,0,7,,,50,,,,,,,,,,,,,,12,,,,,B03,,,1,,2,,,40,40,1,13,4,120.56032,24.23956,3
2765,66000,387130000C,(04)23274275,(04)23288582,2025,2,8,18,16,臺中市,西屯區,0,0,0,7,,,,,,,,,,,,,,,,,13,,,,,,,,,,,,,7,7,1,,,120.651387,24.162,3
2766,66000,387130000C,(04)23274275,(04)23288582,2025,2,8,18,16,臺中市,石岡區,0,0,0,7,,,40,,,,,,,,,,,,,,12,,,,,C03,,,3,,1,,,84,84,1,13,4,120.802738,24.268251,3
2767,66000,387130000C,(04)23274275,(04)23288582,2025,2,8,18,17,臺中市,大雅區,0,0,0,7,,,60,,,,,,,,,,,,,,13,,,,,B03,,,1,,2,,,84,84,1,13,4,120.649677,24.214232,3
2768,66000,387130000C,(04)23274275,(04)23288582,2025,2,8,18,18,臺中市,北屯區,0,2,0,7,1,6,50,13,8,1,5,4,6,6,4,4,5,5,4,2,3,2,9,6,5,H01,8,16,7,21,10,17,,95,95,1,13,5,120.663242,24.185701,2
2769,66000,387130000C,(04)23274275,(04)23288582,2025,2,8,18,20,臺中市,東區,0,0,0,7,,,50,,,,,,,,,,,,,,17,,,,,B03,,,1,,1,,,50,50,1,12,4,120.696167,24.129436,3
2770,66000,387130000C,(04)23274275,(04)23288582,2025,2,8,18,20,臺中市,北屯區,0,0,0,7,,,50,,,,,,,,,,,,,,17,,,,,B03,,,1,,1,,,45,45,1,6,4,120.698805,24.170286,4
2771,66000,387130000C,(04)23274275,(04)23288582,2025,2,8,18,24,臺中市,西屯區,0,0,0,7,,,30,,,,,,,,,,,,,,9,,,,,B03,,,1,,2,,,8,8,1,12,4,120.644723,24.175593,3
2772,66000,387130000C,(04)23274275,(04)23288582,2025,2,8,18,25,臺中市,西屯區,0,0,0,7,,,30,,,,,,,,,,,,,,,,,,,B03,,,1,,9,,,59,59,1,12,4,120.618122,24.194351,3
2773,66000,387130000C,(04)23274275,(04)23288582,2025,2,8,18,27,臺中市,南區,0,0,0,7,,,50,,,,,,,,,,,,,,,,,,,B03,,,1,,1,,,84,84,1,12,4,120.653516,24.122705,3
2774,66000,387130000C,(04)23274275,(04)23288582,2025,2,8,18,28,臺中市,北屯區,0,0,0,7,,,50,,,,,,,,,,,,,,17,,,,,B03,,,1,,1,,,51,51,1,6,4,120.726556,24.159214,4
2775,66000,387130000C,(04)23274275,(04)23288582,2025,2,8,18,33,臺中市,西區,0,0,0,6,3,6,50,13,8,1,5,4,6,6,2,1,8,3,5,2,13,,,,,C03,,,1,,1,,,7,7,1,13,4,120.663691,24.139953,3
2776,66000,387130000C,(04)23274275,(04)23288582,2025,2,8,18,36,臺中市,大里區,0,1,0,6,1,6,50,4,1,1,5,4,6,6,1,1,10,5,5,2,17,3,10,3,1,B03,7,5,1,8,2,7,,11,11,1,12,4,120.666921,24.105275,2
2777,66000,387130000C,(04)23274275,(04)23288582,2025,2,8,18,38,臺中市,北屯區,0,0,0,7,,,50,,,,,,,,,,,,,,9,,,,,B03,,,1,,1,,,51,51,1,6,4,120.661975,24.188897,4
2778,66000,387130000C,(04)23274275,(04)23288582,2025,2,8,18,38,臺中市,豐原區,0,1,0,7,1,6,30,13,9,1,5,4,6,6,4,4,10,5,5,1,18,2,9,2,1,C03,7,9,1,10,2,14,,58,58,1,13,4,120.721613,24.263184,2
2779,66000,387130000C,(04)23274275,(04)23288582,2025,2,8,18,39,臺中市,龍井區,0,1,0,7,1,6,50,4,1,1,5,4,6,6,4,4,5,5,5,2,16,3,10,2,1,C03,7,9,1,10,2,11,,7,7,1,6,4,120.583172,24.182213,2
2780,66000,387130000C,(04)23274275,(04)23288582,2025,2,8,18,45,臺中市,東區,0,1,0,7,1,6,50,4,1,1,5,4,6,6,1,1,10,5,5,2,16,3,10,1,1,C03,7,6,1,10,2,16,,11,11,1,6,4,120.702063,24.142703,2
2781,66000,387130000C,(04)23274275,(04)23288582,2025,2,8,18,45,臺中市,西屯區,0,1,0,7,1,6,50,4,2,1,5,4,6,6,1,1,10,5,5,2,13,2,8,2,1,C03,7,9,1,8,2,11,,7,7,1,12,4,120.637979,24.180788,2
2782,66000,387130000C,(04)23274275,(04)23288582,2025,2,8,18,45,臺中市,西屯區,0,2,0,7,1,6,40,4,1,1,5,4,6,6,2,1,10,5,5,2,13,2,9,1,1,C03,7,9,1,10,2,11,,7,7,1,13,4,120.655911,24.158976,2
2783,66000,387130000C,(04)23274275,(04)23288582,2025,2,8,18,50,臺中市,大里區,0,0,0,7,,,50,,,,,,,,,,,,,,,,,,,B03,,,1,,1,,,49,49,1,12,4,120.709308,24.107584,3
2784,66000,387130000C,(04)23274275,(04)23288582,2025,2,8,18,54,臺中市,北屯區,0,0,0,7,,,50,,,,,,,,,,,,,,16,,,,,B03,,,1,,2,,,11,11,1,6,4,120.686424,24.190484,3
2785,66000,387130000C,(04)23274275,(04)23288582,2025,2,8,18,55,臺中市,西屯區,0,0,0,7,,,30,,,,,,,,,,,,,,11,,,,,B03,,,1,,2,,,8,8,1,13,4,120.644594,24.181857,3
2786,66000,387130000C,(04)23274275,(04)23288582,2025,2,8,18,55,臺中市,沙鹿區,0,0,0,7,,,50,,,,,,,,,,,,,,,,,,,B12,,,1,,2,,,50,50,1,12,4,120.574633,24.227694,3
2787,66000,387130000C,(04)23274275,(04)23288582,2025,2,8,18,57,臺中市,北區,0,0,0,7,,,50,,,,,,,,,,,,,,,,,,,B03,,,1,,1,,,40,40,1,13,4,120.681298,24.16687,3
2788,66000,387130000C,(04)23274275,(04)23288582,2025,2,8,19,2,臺中市,南區,0,1,0,7,1,6,50,13,7,1,5,4,6,6,4,4,7,4,4,2,17,3,10,5,4,B03,7,9,1,8,2,8,,84,84,1,6,4,120.660654,24.117082,2
2789,66000,387130000C,(04)23274275,(04)23288582,2025,2,8,19,4,臺中市,南屯區,0,1,0,7,1,6,50,4,2,1,5,4,6,6,2,1,8,3,4,1,17,3,10,3,1,B01,7,11,1,4,2,2,,11,11,1,12,4,120.634752,24.153877,2
2790,66000,387130000C,(04)23274275,(04)23288582,2025,2,8,19,5,臺中市,南屯區,0,0,0,7,,,50,,,,,,,,,,,,,,9,,,,,B03,,,1,,2,,,51,51,1,6,4,120.652212,24.149019,3
2791,66000,387130000C,(04)23274275,(04)23288582,2025,2,8,19,5,臺中市,北屯區,0,1,0,7,1,6,50,13,9,1,5,4,6,6,4,4,1,4,5,2,18,2,9,2,1,C03,7,15,1,10,2,14,,84,84,1,12,4,120.680979,24.172903,2
2792,66000,387130000C,(04)23274275,(04)23288582,2025,2,8,19,7,臺中市,豐原區,0,0,0,7,,,50,,,,,,,,,,,,,,13,,,,,C03,,,1,,2,,,59,59,1,13,4,120.733187,24.255503,3
2793,66000,387130000C,(04)23274275,(04)23288582,2025,2,8,19,9,臺中市,太平區,0,0,0,7,,,50,,,,,,,,,,,,,,14,,,,,B03,,,1,,2,,,49,49,1,12,4,120.719454,24.155739,3
2794,66000,387130000C,(04)23274275,(04)23288582,2025,2,8,19,13,臺中市,北屯區,0,0,0,7,,,50,,,,,,,,,,,,,,13,,,,,C03,,,3,,2,,,7,7,1,13,4,120.700155,24.177389,3
2795,66000,387130000C,(04)23274275,(04)23288582,2025,2,8,19,14,臺中市,南屯區,0,0,0,7,,,50,,,,,,,,,,,,,,12,,,,,B03,,,1,,1,,,1,1,1,6,4,120.646685,24.154626,3
2796,66000,387130000C,(04)23274275,(04)23288582,2025,2,8,19,15,臺中市,北屯區,0,0,0,7,,,30,,,,,,,,,,,,,,17,,,,,B03,,,1,,2,,,58,58,1,12,4,120.706982,24.171946,3
2797,66000,387130000C,(04)23274275,(04)23288582,2025,2,8,19,25,臺中市,沙鹿區,0,1,0,7,1,6,30,4,1,1,5,4,6,6,4,4,10,5,5,2,15,2,8,2,1,C03,7,9,1,10,2,11,,12,12,1,13,4,120.569507,24.230328,2
2798,66000,387130000C,(04)23274275,(04)23288582,2025,2,8,19,27,臺中市,南屯區,0,1,0,7,1,6,50,4,1,1,5,4,6,6,1,1,10,5,5,2,11,3,10,3,1,B03,7,6,1,8,2,6,,11,11,1,12,4,120.643846,24.1488,2
2799,66000,387130000C,(04)23274275,(04)23288582,2025,2,8,19,27,臺中市,北屯區,0,0,0,7,,,50,,,,,,,,,,,,,,17,,,,,B03,,,1,,1,,,58,58,1,6,4,120.686237,24.16878,4
2800,66000,387130000C,(04)23274275,(04)23288582,2025,2,8,19,28,臺中市,潭子區,0,2,0,6,1,6,30,3,2,1,5,4,6,6,4,4,10,4,5,1,17,2,9,1,1,C03,7,9,1,10,2,11,,84,84,1,12,4,120.68379,24.229852,2
2801,66000,387130000C,(04)23274275,(04)23288582,2025,2,8,19,29,臺中市,北區,0,0,0,7,,,30,,,,,,,,,,,,,,,,,,,B03,,,1,,2,,,84,84,1,12,4,120.682071,24.161166,3
2802,66000,387130000C,(04)23274275,(04)23288582,2025,2,8,19,30,臺中市,東區,0,3,0,7,1,6,50,3,1,1,5,4,6,6,1,1,10,5,5,2,13,2,9,1,1,C03,7,9,1,10,2,11,,7,7,1,12,4,120.696713,24.142137,2
2803,66000,387130000C,(04)23274275,(04)23288582,2025,2,8,19,31,臺中市,北區,0,0,0,7,,,50,,,,,,,,,,,,,,17,,,,,B03,,,1,,1,,,7,7,1,13,4,120.701327,24.159875,4
2804,66000,387130000C,(04)23274275,(04)23288582,2025,2,8,19,33,臺中市,南屯區,0,1,0,7,1,6,50,4,1,1,5,4,6,6,2,1,10,5,5,2,16,3,10,3,1,B03,7,6,1,8,2,5,,11,11,1,12,4,120.6357,24.148511,2
2805,66000,387130000C,(04)23274275,(04)23288582,2025,2,8,19,34,臺中市,北屯區,0,0,0,7,,,50,,,,,,,,,,,,,,12,,,,,B03,,,1,,1,,,40,40,1,6,4,120.718996,24.171935,3
2806,66000,387130000C,(04)23274275,(04)23288582,2025,2,8,19,52,臺中市,南區,0,0,0,7,,,50,,,,,,,,,,,,,,,,,,,C03,,,1,,1,,,49,49,1,6,2,120.651513,24.107891,3