序號,縣市別代碼,機關代碼,市話,傳真,年,月,日,時,分,縣市,區,死亡數量,受傷數量,2-30,天候,道路照明設備,道路類別,道路速限,道路型態,事故位置,路面鋪裝,路面狀態,路面缺陷,障礙物,視距,號誌種類,號誌動作,分向設施,快車道或一般車道間,快慢車道間,路面邊線,事故類型及型態,受傷程度,主要傷處,保護裝備,行動電話或功能裝置,當事者區分(類別),車輛用途,當事者行動狀態,駕照狀態,駕照種類,飲酒情形,車輛撞擊部位最初,車輛撞擊部位其他,肇事因素個別,肇事因素主要,肇事逃逸,職業,共享經濟或外送平台,GPS座標X,GPS座標Y,事故類別
2918,66000,387130000C,(04)23274275,(04)23288582,2025,2,9,11,30,臺中市,西屯區,0,0,0,7,,,50,,,,,,,,,,,,,,13,,,,,B01,,,1,,1,,,7,7,1,13,4,120.646106,24.172794,3
2919,66000,387130000C,(04)23274275,(04)23288582,2025,2,9,11,31,臺中市,西區,0,0,0,7,,,50,,,,,,,,,,,,,,,,,,,B03,,,1,,2,,,49,49,1,12,4,120.663469,24.135069,3
2920,66000,387130000C,(04)23274275,(04)23288582,2025,2,9,11,31,臺中市,西區,0,1,0,7,2,6,50,4,2,1,5,4,6,6,4,4,5,5,5,2,9,2,1,6,5,H01,8,20,7,21,1,17,,109,109,1,13,5,120.660206,24.147864,2
2921,66000,387130000C,(04)23274275,(04)23288582,2025,2,9,11,38,臺中市,潭子區,0,0,0,7,,,80,,,,,,,,,,,,,,,,,,,A41,,,1,,2,,,40,40,1,13,4,120.721754,24.194197,3
2922,66000,387130000C,(04)23274275,(04)23288582,2025,2,9,11,39,臺中市,大甲區,0,0,0,6,,,40,,,,,,,,,,,,,,17,,,,,B12,,,1,,1,,,93,93,1,13,4,120.646019,24.404503,3
2923,66000,387130000C,(04)23274275,(04)23288582,2025,2,9,11,40,臺中市,北屯區,0,0,0,7,,,50,,,,,,,,,,,,,,17,,,,,B03,,,1,,2,,,45,45,1,12,4,120.683537,24.1736,3
2924,66000,387130000C,(04)23274275,(04)23288582,2025,2,9,11,40,臺中市,大里區,0,0,0,7,,,50,,,,,,,,,,,,,,,,,,,B03,,,1,,2,,,7,7,1,12,4,120.687483,24.094381,3
2925,66000,387130000C,(04)23274275,(04)23288582,2025,2,9,11,40,臺中市,沙鹿區,0,2,0,7,2,6,50,4,1,1,5,4,6,6,4,4,10,5,5,2,15,3,10,2,1,C03,7,9,1,8,2,12,,15,15,1,12,4,120.565438,24.236394,2
2926,66000,387130000C,(04)23274275,(04)23288582,2025,2,9,11,42,臺中市,北屯區,0,0,0,7,,,50,,,,,,,,,,,,,,14,,,,,B03,,,1,,1,,,49,49,1,12,4,120.725336,24.172061,3
2927,66000,387130000C,(04)23274275,(04)23288582,2025,2,9,11,45,臺中市,神岡區,0,2,0,7,2,6,50,13,9,1,5,4,6,6,4,4,9,5,5,1,12,2,9,1,1,C03,7,9,1,10,2,14,,8,8,1,12,4,120.696604,24.25174,2
2928,66000,387130000C,(04)23274275,(04)23288582,2025,2,9,11,49,臺中市,西屯區,0,1,0,7,2,6,50,3,9,1,5,4,6,6,2,1,5,4,5,2,16,3,10,3,1,A11,7,5,1,3,2,5,,20,20,1,12,4,120.601679,24.174237,2
2929,66000,387130000C,(04)23274275,(04)23288582,2025,2,9,11,52,臺中市,大甲區,0,1,0,7,2,6,50,3,1,1,5,4,6,6,1,1,10,4,4,1,16,2,7,2,1,C03,7,15,1,10,2,11,,39,39,1,6,4,120.651106,24.388351,2
2930,66000,387130000C,(04)23274275,(04)23288582,2025,2,9,11,54,臺中市,潭子區,0,1,0,7,3,6,50,4,2,1,5,4,6,6,1,1,5,5,5,1,17,2,7,2,1,F02,7,6,7,21,2,11,,84,84,1,13,4,120.709403,24.202314,2
2931,66000,387130000C,(04)23274275,(04)23288582,2025,2,9,11,55,臺中市,西區,0,1,0,7,2,6,50,13,8,1,5,4,6,6,4,4,9,5,4,2,16,3,10,3,1,B03,7,7,1,8,2,5,,84,84,1,12,4,120.661862,24.137276,2
2932,66000,387130000C,(04)23274275,(04)23288582,2025,2,9,11,56,臺中市,北區,0,0,0,7,,,40,,,,,,,,,,,,,,13,,,,,C03,,,1,,1,,,84,84,1,12,4,120.689869,24.157969,4
2933,66000,387130000C,(04)23274275,(04)23288582,2025,2,9,12,3,臺中市,東區,0,1,0,7,3,6,50,4,1,1,5,4,6,6,1,1,10,5,5,2,12,3,10,5,4,B03,7,15,1,8,2,2,,84,84,1,12,4,120.70151,24.125407,2
2934,66000,387130000C,(04)23274275,(04)23288582,2025,2,9,12,4,臺中市,西屯區,0,1,0,7,2,6,30,4,1,1,5,4,6,6,4,4,10,5,5,2,15,2,9,5,4,C03,7,9,1,10,2,11,12,15,15,1,12,4,120.614324,24.179801,2
2935,66000,387130000C,(04)23274275,(04)23288582,2025,2,9,12,4,臺中市,東勢區,0,0,0,7,,,50,,,,,,,,,,,,,,30,,,,,C02,,,1,,9,,,50,50,1,12,4,120.830435,24.250259,3
2936,66000,387130000C,(04)23274275,(04)23288582,2025,2,9,12,9,臺中市,西區,0,1,0,7,1,6,50,4,2,1,5,4,6,6,1,1,10,5,5,1,17,3,10,5,4,B03,7,9,1,8,2,2,,84,84,1,12,4,120.665269,24.149019,2
2937,66000,387130000C,(04)23274275,(04)23288582,2025,2,9,12,9,臺中市,西區,0,0,0,7,,,50,,,,,,,,,,,,,,14,,,,,B03,,,1,,2,,,49,49,1,13,4,120.662895,24.153078,3
2938,66000,387130000C,(04)23274275,(04)23288582,2025,2,9,12,20,臺中市,沙鹿區,0,1,0,7,2,6,50,4,1,1,5,4,6,6,4,4,10,5,5,2,15,3,10,3,1,B03,7,9,1,8,2,2,,12,12,1,12,4,120.572728,24.21954,2
2939,66000,387130000C,(04)23274275,(04)23288582,2025,2,9,12,22,臺中市,西屯區,0,0,0,7,,,40,,,,,,,,,,,,,,11,,,,,B12,,,1,,1,,,8,8,1,12,4,120.627878,24.187628,3
2940,66000,387130000C,(04)23274275,(04)23288582,2025,2,9,12,23,臺中市,北區,0,3,0,7,2,6,40,13,8,1,5,4,6,6,1,1,1,2,4,2,13,2,9,1,1,C03,7,9,1,10,2,11,,7,7,1,13,4,120.694423,24.159887,2
2941,66000,387130000C,(04)23274275,(04)23288582,2025,2,9,12,23,臺中市,龍井區,0,1,0,7,2,6,30,4,1,1,5,4,6,6,4,4,10,5,5,2,16,2,9,1,1,C03,7,6,1,10,2,14,,48,48,1,12,4,120.552014,24.205273,2
2942,66000,387130000C,(04)23274275,(04)23288582,2025,2,9,12,28,臺中市,龍井區,0,0,0,7,,,50,,,,,,,,,,,,,,,,,,,B03,,,1,,1,,,49,49,1,10,4,120.584068,24.182183,3
2943,66000,387130000C,(04)23274275,(04)23288582,2025,2,9,12,29,臺中市,西區,0,0,0,7,2,6,50,4,2,1,5,4,6,6,4,4,5,5,5,2,14,,,,,B03,,,1,,1,,,49,49,1,13,4,120.659098,24.14767,3
2944,66000,387130000C,(04)23274275,(04)23288582,2025,2,9,12,30,臺中市,南屯區,0,0,0,7,3,6,40,13,8,1,5,4,6,6,4,4,5,5,4,2,12,,,,,B03,,,1,,1,,,50,50,1,12,4,120.643108,24.145248,3
2945,66000,387130000C,(04)23274275,(04)23288582,2025,2,9,12,30,臺中市,西屯區,0,0,0,7,,,50,,,,,,,,,,,,,,17,,,,,B03,,,1,,11,,,84,84,1,13,4,120.657575,24.167808,3
2946,66000,387130000C,(04)23274275,(04)23288582,2025,2,9,12,33,臺中市,北區,0,1,0,7,3,6,50,3,1,1,5,4,6,6,4,4,10,5,5,2,13,3,10,3,1,B03,7,6,1,8,2,1,,59,59,1,12,4,120.689482,24.155063,2
2947,66000,387130000C,(04)23274275,(04)23288582,2025,2,9,12,34,臺中市,北屯區,0,1,0,7,2,6,50,13,9,1,5,4,6,6,4,4,5,4,5,2,12,2,9,6,1,F01,7,9,7,21,2,12,,59,59,1,3,4,120.772999,24.197654,2
2948,66000,387130000C,(04)23274275,(04)23288582,2025,2,9,12,36,臺中市,東區,0,0,0,7,,,50,,,,,,,,,,,,,,,,,,,B03,,,1,,2,,,49,49,1,12,4,120.690358,24.13261,3
2949,66000,387130000C,(04)23274275,(04)23288582,2025,2,9,12,39,臺中市,南區,0,1,0,7,2,6,30,4,1,1,5,4,6,6,4,4,10,5,5,2,18,2,9,2,1,C03,7,9,1,10,2,12,,85,85,1,12,4,120.683069,24.127692,2
2950,66000,387130000C,(04)23274275,(04)23288582,2025,2,9,12,41,臺中市,烏日區,0,1,0,7,2,6,70,13,8,1,5,4,6,6,4,4,1,4,4,1,9,3,10,2,1,C03,7,9,1,10,2,14,,59,59,1,6,4,120.590589,24.113738,2
2951,66000,387130000C,(04)23274275,(04)23288582,2025,2,9,12,41,臺中市,大肚區,0,1,0,7,2,6,50,4,2,1,5,4,6,6,1,1,5,4,5,1,17,3,10,5,4,C03,7,6,1,10,2,15,,39,39,1,6,4,120.580138,24.171657,2
2952,66000,387130000C,(04)23274275,(04)23288582,2025,2,9,12,55,臺中市,沙鹿區,0,2,0,7,2,6,30,3,1,1,5,4,6,6,4,4,10,5,5,2,17,2,9,2,1,C03,7,6,1,10,2,11,,12,12,1,6,4,120.574193,24.22849,2
2953,66000,387130000C,(04)23274275,(04)23288582,2025,2,9,12,57,臺中市,神岡區,0,1,0,7,1,6,30,4,2,1,5,4,6,6,3,1,10,5,5,1,15,2,9,1,4,C03,7,9,1,10,2,12,,24,24,1,12,4,120.664473,24.249281,2
2954,66000,387130000C,(04)23274275,(04)23288582,2025,2,9,13,0,臺中市,南區,0,0,0,7,,,40,,,,,,,,,,,,,,12,,,,,B03,,,1,,2,,,85,85,1,12,4,120.657269,24.116791,3
2955,66000,387130000C,(04)23274275,(04)23288582,2025,2,9,13,0,臺中市,大甲區,0,1,0,1,2,6,70,13,8,1,5,4,6,6,4,4,1,4,5,1,20,2,9,1,1,C03,7,9,1,10,2,12,,59,59,1,6,4,120.645012,24.371184,2
2956,66000,387130000C,(04)23274275,(04)23288582,2025,2,9,13,2,臺中市,北屯區,0,0,0,7,,,50,,,,,,,,,,,,,,30,,,,,A12,,,1,,2,,,84,84,1,6,4,120.684373,24.197857,3
2957,66000,387130000C,(04)23274275,(04)23288582,2025,2,9,13,5,臺中市,北屯區,0,2,0,7,3,6,50,4,1,1,5,4,6,6,1,1,10,5,5,2,13,2,9,2,1,C03,7,9,1,10,2,11,,7,7,1,6,4,120.690387,24.185464,2
2958,66000,387130000C,(04)23274275,(04)23288582,2025,2,9,13,7,臺中市,西屯區,0,0,0,7,3,6,40,3,9,1,5,4,6,6,2,1,1,4,5,2,16,3,10,3,1,B03,7,5,1,8,1,6,,47,47,1,13,4,120.651609,24.197666,3
2959,66000,387130000C,(04)23274275,(04)23288582,2025,2,9,13,11,臺中市,東區,0,2,0,7,3,6,30,4,1,1,5,4,6,6,4,4,10,5,5,2,15,2,9,5,4,C03,7,9,1,10,2,12,,15,15,1,12,4,120.692715,24.147014,2
2960,66000,387130000C,(04)23274275,(04)23288582,2025,2,9,13,12,臺中市,南屯區,0,2,0,7,2,6,30,13,9,1,5,4,6,6,4,4,9,5,5,2,12,2,9,1,1,C03,7,6,1,10,2,14,,84,84,1,12,4,120.638608,24.13793,2
2961,66000,387130000C,(04)23274275,(04)23288582,2025,2,9,13,12,臺中市,北屯區,0,0,0,7,,,50,,,,,,,,,,,,,,13,,,,,C03,,,1,10,2,,,7,7,1,6,4,120.684531,24.172525,4
2962,66000,387130000C,(04)23274275,(04)23288582,2025,2,9,13,15,臺中市,外埔區,0,2,0,7,2,6,40,4,1,1,5,4,6,6,1,1,4,5,4,1,17,2,9,2,1,C03,7,9,3,19,2,12,11,21,21,1,12,4,120.635426,24.34386,2
2963,66000,387130000C,(04)23274275,(04)23288582,2025,2,9,13,16,臺中市,南屯區,0,1,0,7,2,6,50,5,2,1,5,4,6,6,2,1,8,3,4,1,9,3,10,3,1,B03,7,5,1,8,1,2,,10,10,1,12,4,120.634752,24.153877,2
2964,66000,387130000C,(04)23274275,(04)23288582,2025,2,9,13,17,臺中市,西屯區,0,1,0,7,3,6,40,3,1,1,5,4,6,6,4,4,4,3,4,2,16,3,10,5,4,B03,7,6,1,10,2,4,,14,14,1,13,4,120.640391,24.176014,2
2965,66000,387130000C,(04)23274275,(04)23288582,2025,2,9,13,22,臺中市,潭子區,0,1,0,6,2,6,50,4,2,1,5,4,6,6,1,1,5,5,5,1,16,3,10,1,1,C03,7,6,1,10,2,13,,48,48,1,13,4,120.709605,24.20382,2
2966,66000,387130000C,(04)23274275,(04)23288582,2025,2,9,13,22,臺中市,北區,0,0,0,7,,,50,,,,,,,,,,,,,,17,,,,,B03,,,1,,1,,,84,84,1,12,4,120.690875,24.15879,3
2967,66000,387130000C,(04)23274275,(04)23288582,2025,2,9,13,24,臺中市,東勢區,0,0,0,7,,,50,,,,,,,,,,,,,,13,,,,,B03,,,1,,1,,,84,84,1,13,4,120.830477,24.253675,3
2968,66000,387130000C,(04)23274275,(04)23288582,2025,2,9,13,29,臺中市,南區,0,0,0,7,,,50,,,,,,,,,,,,,,,,,,,B03,,,1,,2,,,59,59,1,12,4,120.666662,24.1219,3
2969,66000,387130000C,(04)23274275,(04)23288582,2025,2,9,13,30,臺中市,清水區,0,0,0,7,,,70,,,,,,,,,,,,,,,,,,,B03,,,1,,1,,,7,7,1,12,4,120.590404,24.304204,3
2970,66000,387130000C,(04)23274275,(04)23288582,2025,2,9,13,30,臺中市,沙鹿區,0,1,0,7,3,6,30,4,1,1,5,4,6,6,4,4,10,5,5,2,15,2,9,2,1,C03,7,9,3,19,2,14,,12,12,1,13,4,120.568673,24.230558,2
2971,66000,387130000C,(04)23274275,(04)23288582,2025,2,9,13,32,臺中市,北屯區,0,1,0,7,2,6,50,4,1,1,5,4,6,6,4,4,10,5,5,2,17,3,10,3,1,B03,7,5,1,8,2,5,,14,14,1,12,4,120.69367,24.164999,2
2972,66000,387130000C,(04)23274275,(04)23288582,2025,2,9,13,35,臺中市,豐原區,0,1,0,6,2,6,50,4,1,1,5,4,6,6,1,1,5,5,4,2,12,3,10,5,4,B03,7,11,1,8,2,8,,45,45,1,13,4,120.708857,24.245609,2
2973,66000,387130000C,(04)23274275,(04)23288582,2025,2,9,13,38,臺中市,大里區,0,2,0,6,2,6,30,4,1,1,5,4,6,6,4,4,10,5,5,2,17,2,1,5,4,B03,7,5,1,8,2,5,,84,84,1,13,4,120.698422,24.084075,2
2974,66000,387130000C,(04)23274275,(04)23288582,2025,2,9,13,40,臺中市,南屯區,0,0,0,7,,,40,,,,,,,,,,,,,,11,,,,,C03,,,1,,2,,,71,71,1,6,4,120.610088,24.129262,3
2975,66000,387130000C,(04)23274275,(04)23288582,2025,2,9,13,42,臺中市,大里區,0,1,0,7,3,6,50,3,2,1,5,4,6,6,4,4,10,5,5,1,11,2,8,1,1,C03,7,5,1,10,2,14,,84,84,1,12,4,120.700248,24.092889,2
2976,66000,387130000C,(04)23274275,(04)23288582,2025,2,9,13,45,臺中市,南屯區,0,1,0,6,3,6,60,13,9,1,5,4,6,6,4,4,4,1,4,1,13,2,9,1,1,C03,7,9,1,10,2,11,,7,7,1,6,4,120.649935,24.134581,2
2977,66000,387130000C,(04)23274275,(04)23288582,2025,2,9,13,48,臺中市,大里區,0,1,0,7,2,6,50,3,1,1,5,4,6,6,3,1,1,5,5,1,16,3,10,3,3,B03,7,11,1,8,2,8,,45,45,1,6,4,120.683887,24.097138,2
2978,66000,387130000C,(04)23274275,(04)23288582,2025,2,9,13,55,臺中市,南區,0,0,0,7,,,30,,,,,,,,,,,,,,30,,,,,C03,,,1,,9,,,87,87,1,6,4,120.658112,24.118669,3
2979,66000,387130000C,(04)23274275,(04)23288582,2025,2,9,13,58,臺中市,西區,0,0,0,7,,,50,,,,,,,,,,,,,,,,,,,C03,,,1,,1,,,36,36,1,12,4,120.671342,24.145524,3
2980,66000,387130000C,(04)23274275,(04)23288582,2025,2,9,14,0,臺中市,豐原區,0,0,0,7,,,30,,,,,,,,,,,,,,17,,,,,B03,,,1,,2,,,84,84,1,13,4,120.706126,24.254395,3
2981,66000,387130000C,(04)23274275,(04)23288582,2025,2,9,14,5,臺中市,霧峰區,0,1,0,7,3,6,50,4,1,1,5,4,6,6,3,1,9,5,5,1,15,3,10,3,1,B03,7,9,1,8,2,1,,24,24,1,12,4,120.697275,24.06665,2
2982,66000,387130000C,(04)23274275,(04)23288582,2025,2,9,14,5,臺中市,外埔區,0,1,0,7,2,6,50,13,7,1,5,4,6,6,4,4,9,5,4,1,17,3,10,3,1,B03,7,11,1,8,2,4,,45,45,1,12,4,120.655161,24.33007,2
2983,66000,387130000C,(04)23274275,(04)23288582,2025,2,9,14,7,臺中市,北區,0,1,0,7,2,6,50,13,9,1,5,4,6,6,1,1,5,5,5,2,17,3,10,3,1,B12,7,1,1,8,2,4,,51,51,1,13,4,120.673615,24.155793,2
2984,66000,387130000C,(04)23274275,(04)23288582,2025,2,9,14,7,臺中市,南區,0,0,0,7,,,50,,,,,,,,,,,,,,13,,,,,C03,,,1,,1,,,7,7,1,12,4,120.666784,24.115939,3
2985,66000,387130000C,(04)23274275,(04)23288582,2025,2,9,14,9,臺中市,潭子區,0,1,0,7,3,6,50,3,1,1,5,4,6,6,1,1,5,4,5,1,17,3,10,1,1,C03,7,9,2,19,2,12,,21,21,1,12,4,120.710085,24.232846,2
2986,66000,387130000C,(04)23274275,(04)23288582,2025,2,9,14,14,臺中市,大雅區,0,1,0,6,3,6,60,4,1,1,5,4,6,6,1,1,1,2,4,1,17,3,10,3,1,B03,7,5,1,8,2,2,,11,11,1,12,4,120.648777,24.217913,2
2987,66000,387130000C,(04)23274275,(04)23288582,2025,2,9,14,15,臺中市,烏日區,0,1,0,7,2,6,30,13,9,1,5,4,6,6,4,4,10,5,5,2,18,2,9,2,1,C03,7,9,1,10,2,12,,59,59,1,6,4,120.606221,24.119248,2
2988,66000,387130000C,(04)23274275,(04)23288582,2025,2,9,14,20,臺中市,大里區,0,0,0,7,,,50,,,,,,,,,,,,,,17,,,,,F03,,,1,,2,,,4,4,1,4,4,120.684212,24.09696,3
2989,66000,387130000C,(04)23274275,(04)23288582,2025,2,9,14,24,臺中市,南屯區,0,0,0,7,3,6,50,13,9,1,5,4,6,6,1,1,3,4,5,2,12,,,,,B03,,,1,,1,,,59,59,1,12,4,120.626606,24.151421,3
2990,66000,387130000C,(04)23274275,(04)23288582,2025,2,9,14,29,臺中市,西屯區,0,2,0,6,2,6,40,4,1,1,5,4,6,6,2,1,10,5,5,2,13,2,8,1,1,C03,7,9,1,10,2,11,,7,7,1,13,4,120.656178,24.159323,2
2991,66000,387130000C,(04)23274275,(04)23288582,2025,2,9,14,30,臺中市,西區,0,0,0,7,,,50,,,,,,,,,,,,,,,,,,,B03,,,1,,1,,,84,84,1,12,4,120.660206,24.144096,3
2992,66000,387130000C,(04)23274275,(04)23288582,2025,2,9,14,30,臺中市,西屯區,0,1,0,7,2,6,30,4,1,1,5,4,6,6,4,4,10,5,5,2,15,3,10,2,1,C03,7,9,1,10,2,12,,15,15,1,12,4,120.644063,24.180616,2
2993,66000,387130000C,(04)23274275,(04)23288582,2025,2,9,14,33,臺中市,東區,0,2,0,7,2,6,50,3,1,1,5,4,6,6,1,1,10,5,5,2,16,3,10,3,1,B03,7,5,1,8,2,2,,47,47,1,12,4,120.696008,24.134907,2
2994,66000,387130000C,(04)23274275,(04)23288582,2025,2,9,14,38,臺中市,大雅區,0,1,0,7,1,6,50,5,1,1,5,4,6,6,1,1,1,5,5,2,17,2,9,1,1,C03,7,6,1,10,2,14,,11,11,1,13,4,120.667625,24.215691,2
2995,66000,387130000C,(04)23274275,(04)23288582,2025,2,9,14,40,臺中市,清水區,0,1,0,7,2,6,50,13,9,1,5,4,6,6,4,4,5,2,4,1,16,2,3,3,1,B03,7,5,1,8,11,2,,56,56,1,13,4,120.560721,24.274389,2
2996,66000,387130000C,(04)23274275,(04)23288582,2025,2,9,14,45,臺中市,太平區,0,0,0,7,,,50,,,,,,,,,,,,,,17,,,,,B03,,,1,,2,,,84,84,1,11,4,120.718665,24.127441,3
2997,66000,387130000C,(04)23274275,(04)23288582,2025,2,9,14,50,臺中市,沙鹿區,0,0,0,7,,,50,,,,,,,,,,,,,,13,,,,,B03,,,1,,2,,,7,7,1,6,4,120.558847,24.235445,3
2998,66000,387130000C,(04)23274275,(04)23288582,2025,2,9,14,56,臺中市,霧峰區,0,0,0,6,,,50,,,,,,,,,,,,,,17,,,,,B03,,,1,,2,,,49,49,1,13,4,120.697142,24.06662,3
2999,66000,387130000C,(04)23274275,(04)23288582,2025,2,9,15,0,臺中市,大里區,0,1,0,7,2,6,50,13,9,1,5,4,6,6,4,4,5,5,5,2,17,2,9,1,1,C03,7,9,1,10,2,11,14,84,84,1,12,4,120.695499,24.102077,2
3000,66000,387130000C,(04)23274275,(04)23288582,2025,2,9,15,6,臺中市,西區,0,2,0,7,2,6,30,13,9,1,5,4,6,6,4,4,10,5,5,2,17,2,9,2,1,C03,7,1,1,10,2,12,,51,51,1,13,4,120.662189,24.14812,2
3001,66000,387130000C,(04)23274275,(04)23288582,2025,2,9,15,6,臺中市,西區,0,1,0,7,3,6,50,4,1,1,5,4,6,6,4,4,10,5,5,2,15,3,10,3,1,B03,7,9,1,8,2,5,,12,12,1,6,4,120.673839,24.14706,2
3002,66000,387130000C,(04)23274275,(04)23288582,2025,2,9,15,10,臺中市,神岡區,0,1,0,6,2,6,50,3,2,1,5,4,6,6,4,4,5,5,5,1,16,2,9,1,1,C03,7,6,1,10,2,14,,39,39,1,12,4,120.659134,24.274368,2
3003,66000,387130000C,(04)23274275,(04)23288582,2025,2,9,15,12,臺中市,南屯區,0,0,0,7,,,50,,,,,,,,,,,,,,17,,,,,B03,,,1,,1,,,8,8,1,12,4,120.639072,24.142092,3
3004,66000,387130000C,(04)23274275,(04)23288582,2025,2,9,15,20,臺中市,北屯區,0,1,0,6,3,6,50,4,1,1,5,4,6,6,2,1,10,5,5,2,16,3,10,3,1,B03,7,12,1,8,1,5,,11,11,1,6,4,120.728654,24.169085,2
3005,66000,387130000C,(04)23274275,(04)23288582,2025,2,9,15,30,臺中市,西屯區,0,1,0,6,2,6,50,13,9,1,5,4,6,6,4,4,5,2,5,2,17,3,10,3,1,B03,7,14,1,8,2,4,,76,76,1,12,4,120.617389,24.185143,2
3006,66000,387130000C,(04)23274275,(04)23288582,2025,2,9,15,38,臺中市,豐原區,0,0,0,7,,,50,,,,,,,,,,,,,,14,,,,,B03,,,1,,2,,,49,49,1,13,4,120.720391,24.253482,3
3007,66000,387130000C,(04)23274275,(04)23288582,2025,2,9,15,39,臺中市,烏日區,0,0,0,7,,,30,,,,,,,,,,,,,,9,,,,,B02,,,1,,2,,,84,84,1,6,4,120.59001,24.124101,3
3008,66000,387130000C,(04)23274275,(04)23288582,2025,2,9,15,43,臺中市,西屯區,0,0,0,7,,,30,,,,,,,,,,,,,,12,,,,,B03,,,1,,1,,,8,8,1,13,4,120.651948,24.164322,4
3009,66000,387130000C,(04)23274275,(04)23288582,2025,2,9,15,44,臺中市,沙鹿區,0,0,0,7,,,50,,,,,,,,,,,,,,,,,,,B13,,,3,,9,,,84,84,2,6,4,120.610319,24.242736,3
3010,66000,387130000C,(04)23274275,(04)23288582,2025,2,9,15,45,臺中市,西屯區,0,1,0,7,1,6,30,3,1,1,5,4,6,6,4,4,10,5,5,1,17,3,10,1,1,C03,7,6,1,10,2,14,,48,48,1,12,4,120.655255,24.167264,2
3011,66000,387130000C,(04)23274275,(04)23288582,2025,2,9,15,49,臺中市,西屯區,0,0,0,7,,,1,,,,,,,,,,,,,,14,,,,,B03,,,1,,2,,,49,49,1,12,4,120.649714,24.192263,3
3012,66000,387130000C,(04)23274275,(04)23288582,2025,2,9,15,50,臺中市,清水區,0,1,0,7,2,6,30,13,9,1,5,4,6,6,4,4,10,3,5,1,19,2,9,1,1,C03,7,9,1,10,2,16,,84,84,1,12,4,120.589432,24.277231,2
3013,66000,387130000C,(04)23274275,(04)23288582,2025,2,9,15,57,臺中市,西區,0,0,0,7,,,50,,,,,,,,,,,,,,12,,,,,C03,,,1,,1,,,7,7,1,12,4,120.674373,24.137219,3
3014,66000,387130000C,(04)23274275,(04)23288582,2025,2,9,16,0,臺中市,大雅區,0,1,0,7,1,6,60,4,1,1,5,4,6,6,1,1,1,5,5,2,17,3,10,3,1,B03,7,1,1,8,1,8,,51,51,1,13,4,120.648748,24.217996,2
3015,66000,387130000C,(04)23274275,(04)23288582,2025,2,9,16,0,臺中市,西區,0,0,0,7,,,50,,,,,,,,,,,,,,,,,,,B03,,,1,,1,,,84,84,1,12,4,120.661147,24.156382,3
3016,66000,387130000C,(04)23274275,(04)23288582,2025,2,9,16,2,臺中市,西區,0,0,0,7,,,30,,,,,,,,,,,,,,,,,,,B03,,,1,,1,,,84,84,1,12,4,120.661516,24.138717,3
3017,66000,387130000C,(04)23274275,(04)23288582,2025,2,9,16,6,臺中市,北屯區,0,0,0,7,,,50,,,,,,,,,,,,,,13,,,,,B03,,,1,,1,,,7,7,1,6,4,120.680459,24.20082,3
3018,66000,387130000C,(04)23274275,(04)23288582,2025,2,9,16,8,臺中市,潭子區,0,1,0,7,3,6,60,13,9,1,5,4,6,6,4,4,3,4,5,2,17,3,10,3,1,B03,7,1,1,8,2,4,,51,51,1,12,4,120.703978,24.201803,2
3019,66000,387130000C,(04)23274275,(04)23288582,2025,2,9,16,9,臺中市,南屯區,0,0,0,7,,,50,,,,,,,,,,,,,,17,,,,,B03,,,1,,1,,,59,59,1,12,4,120.649768,24.143007,3
3020,66000,387130000C,(04)23274275,(04)23288582,2025,2,9,16,10,臺中市,南屯區,0,1,0,7,1,6,50,13,9,1,5,4,6,6,4,4,1,4,5,2,17,3,10,5,4,B02,7,1,1,2,2,7,,51,51,1,13,4,120.633169,24.144702,2
3021,66000,387130000C,(04)23274275,(04)23288582,2025,2,9,16,22,臺中市,西屯區,0,1,0,7,2,6,40,13,8,1,5,4,6,6,4,4,3,4,4,2,17,3,10,3,1,B03,7,1,1,8,1,8,,51,51,1,12,4,120.644197,24.16316,2
3022,66000,387130000C,(04)23274275,(04)23288582,2025,2,9,16,24,臺中市,豐原區,0,1,0,7,3,6,50,4,1,1,5,4,6,6,1,1,10,5,5,2,16,3,10,3,4,B03,7,5,1,8,2,2,,8,8,1,13,4,120.720217,24.264003,2
3023,66000,387130000C,(04)23274275,(04)23288582,2025,2,9,16,25,臺中市,西區,0,1,0,7,3,6,40,3,2,1,5,4,6,6,1,1,1,5,4,2,12,2,8,1,1,C03,7,8,1,10,1,13,,40,40,1,6,4,120.665757,24.140083,2
3024,66000,387130000C,(04)23274275,(04)23288582,2025,2,9,16,30,臺中市,南區,0,0,0,7,,,50,,,,,,,,,,,,,,17,,,,,B03,,,1,,1,,,40,40,1,13,4,120.670128,24.112302,3
3025,66000,387130000C,(04)23274275,(04)23288582,2025,2,9,16,40,臺中市,南屯區,0,0,0,6,,,60,,,,,,,,,,,,,,9,,,,,B03,,,1,,2,,,40,40,1,6,4,120.649927,24.140002,4
3026,66000,387130000C,(04)23274275,(04)23288582,2025,2,9,16,50,臺中市,東區,0,0,0,7,,,50,,,,,,,,,,,,,,,,,,,B03,,,1,,1,,,84,84,1,13,4,120.689292,24.136842,3
3027,66000,387130000C,(04)23274275,(04)23288582,2025,2,9,16,50,臺中市,西屯區,0,0,0,6,,,30,,,,,,,,,,,,,,13,,,,,C03,,,1,,1,,,59,59,1,12,4,120.638842,24.180093,4
3028,66000,387130000C,(04)23274275,(04)23288582,2025,2,9,16,55,臺中市,北區,0,2,0,7,2,6,30,4,1,1,5,4,6,6,4,4,10,5,5,2,17,2,9,1,1,C03,7,6,1,11,2,14,,48,48,1,12,4,120.685394,24.159087,2