序號,縣市別代碼,機關代碼,市話,傳真,年,月,日,時,分,縣市,區,死亡數量,受傷數量,2-30,天候,道路照明設備,道路類別,道路速限,道路型態,事故位置,路面鋪裝,路面狀態,路面缺陷,障礙物,視距,號誌種類,號誌動作,分向設施,快車道或一般車道間,快慢車道間,路面邊線,事故類型及型態,受傷程度,主要傷處,保護裝備,行動電話或功能裝置,當事者區分(類別),車輛用途,當事者行動狀態,駕照狀態,駕照種類,飲酒情形,車輛撞擊部位最初,車輛撞擊部位其他,肇事因素個別,肇事因素主要,肇事逃逸,職業,共享經濟或外送平台,GPS座標X,GPS座標Y,事故類別
3142,66000,387130000C,(04)23274275,(04)23288582,2025,2,10,6,32,臺中市,神岡區,0,1,0,7,2,6,50,11,9,1,5,4,6,6,4,4,9,5,5,1,18,2,9,5,4,C03,7,9,1,10,2,11,,59,59,1,12,4,120.688015,24.271973,2
3143,66000,387130000C,(04)23274275,(04)23288582,2025,2,10,6,36,臺中市,大雅區,0,1,0,7,3,6,30,11,9,1,5,4,6,6,4,4,10,5,5,2,17,2,8,2,1,C03,7,9,3,19,2,11,,8,8,1,12,4,120.619542,24.224427,2
3144,66000,387130000C,(04)23274275,(04)23288582,2025,2,10,6,48,臺中市,太平區,0,0,0,7,,,50,,,,,,,,,,,,,,17,,,,,B01,,,1,,9,,,87,87,1,6,4,120.716128,24.150004,3
3145,66000,387130000C,(04)23274275,(04)23288582,2025,2,10,6,54,臺中市,太平區,0,1,0,7,2,6,30,3,2,1,5,4,6,6,4,4,5,5,5,2,16,3,10,3,1,B03,7,5,1,8,2,4,,12,12,1,12,4,120.731927,24.140716,2
3146,66000,387130000C,(04)23274275,(04)23288582,2025,2,10,6,57,臺中市,大甲區,0,1,0,7,3,6,50,13,9,1,5,4,6,6,4,4,10,5,5,2,18,2,9,1,1,C03,7,9,1,10,2,11,,7,7,1,6,4,120.636641,24.375058,2
3147,66000,387130000C,(04)23274275,(04)23288582,2025,2,10,7,7,臺中市,南屯區,0,0,0,7,2,6,50,4,2,1,5,4,6,6,2,1,1,4,4,2,13,3,10,3,1,B12,7,14,4,19,6,1,,84,84,1,12,4,120.628737,24.145024,3
3148,66000,387130000C,(04)23274275,(04)23288582,2025,2,10,7,8,臺中市,大雅區,0,0,0,7,,,30,,,,,,,,,,,,,,,,,,,C03,,,1,,2,,,84,84,1,12,4,120.641508,24.240138,3
3149,66000,387130000C,(04)23274275,(04)23288582,2025,2,10,7,9,臺中市,大肚區,1,0,0,7,1,6,50,13,8,1,5,4,6,6,4,4,1,4,4,1,17,1,9,1,1,C03,7,7,1,10,2,14,,40,40,1,6,4,120.572257,24.12019,1
3150,66000,387130000C,(04)23274275,(04)23288582,2025,2,10,7,18,臺中市,太平區,0,0,0,7,,,50,,,,,,,,,,,,,,13,,,,,B03,,,1,,1,,,7,7,1,12,4,120.710557,24.139459,3
3151,66000,387130000C,(04)23274275,(04)23288582,2025,2,10,7,26,臺中市,梧棲區,0,1,0,7,3,6,50,4,1,1,5,4,6,6,4,4,10,5,5,2,16,3,10,3,1,B03,7,6,1,8,2,8,,14,14,1,6,4,120.533803,24.225267,2
3152,66000,387130000C,(04)23274275,(04)23288582,2025,2,10,7,26,臺中市,大甲區,0,1,0,7,3,6,50,13,9,1,5,4,6,6,4,4,5,5,5,2,18,2,9,5,4,C03,7,9,3,19,2,15,,84,84,1,6,4,120.626208,24.344258,2
3153,66000,387130000C,(04)23274275,(04)23288582,2025,2,10,7,30,臺中市,豐原區,0,2,0,7,2,6,50,4,1,1,5,4,6,6,2,1,1,2,4,1,16,2,9,1,1,C03,7,6,1,10,2,11,,48,48,1,6,4,120.720597,24.258917,2
3154,66000,387130000C,(04)23274275,(04)23288582,2025,2,10,7,31,臺中市,龍井區,0,0,0,7,,,60,,,,,,,,,,,,,,13,,,,,B03,,,1,,2,,,59,59,1,6,4,120.54213,24.218369,3
3155,66000,387130000C,(04)23274275,(04)23288582,2025,2,10,7,37,臺中市,神岡區,0,1,0,7,3,6,30,13,9,1,5,4,6,6,4,4,10,5,5,2,16,2,9,1,1,C03,7,9,1,10,2,11,,7,7,1,13,4,120.674367,24.252749,2
3156,66000,387130000C,(04)23274275,(04)23288582,2025,2,10,7,38,臺中市,南屯區,0,0,0,7,,,50,,,,,,,,,,,,,,13,,,,,C03,,,1,,2,,,7,7,1,6,4,120.610072,24.142199,3
3157,66000,387130000C,(04)23274275,(04)23288582,2025,2,10,7,40,臺中市,大雅區,0,2,0,7,2,6,50,3,1,1,5,4,6,6,1,1,5,2,4,1,16,2,9,1,1,C02,7,9,1,9,2,11,,21,21,1,13,4,120.641082,24.219279,2
3158,66000,387130000C,(04)23274275,(04)23288582,2025,2,10,7,40,臺中市,龍井區,0,0,0,7,,,30,,,,,,,,,,,,,,17,,,,,B03,,,1,,1,,,20,20,1,6,4,120.505292,24.206888,3
3159,66000,387130000C,(04)23274275,(04)23288582,2025,2,10,7,41,臺中市,石岡區,0,0,0,7,,,50,,,,,,,,,,,,,,2,,,,,B03,,,1,,2,,,7,7,1,12,4,120.778857,24.276028,3
3160,66000,387130000C,(04)23274275,(04)23288582,2025,2,10,7,41,臺中市,神岡區,0,0,0,7,,,50,,,,,,,,,,,,,,16,,,,,C03,,,1,,2,,,14,14,1,12,4,120.673224,24.259828,3
3161,66000,387130000C,(04)23274275,(04)23288582,2025,2,10,7,43,臺中市,南屯區,0,0,0,7,,,50,,,,,,,,,,,,,,12,,,,,B03,,,1,,1,,,59,59,1,12,4,120.646789,24.146405,3
3162,66000,387130000C,(04)23274275,(04)23288582,2025,2,10,7,45,臺中市,霧峰區,0,0,0,7,,,40,,,,,,,,,,,,,,,,,,,B03,,,1,,1,,,7,7,1,13,4,120.662944,24.063028,3
3163,66000,387130000C,(04)23274275,(04)23288582,2025,2,10,7,45,臺中市,烏日區,0,0,0,7,,,80,,,,,,,,,,,,,,13,,,,,B03,,,1,,2,,,7,7,1,6,4,120.612659,24.102673,3
3164,66000,387130000C,(04)23274275,(04)23288582,2025,2,10,7,45,臺中市,豐原區,0,0,0,7,,,50,,,,,,,,,,,,,,,,,,,C03,,,1,,2,,,7,7,1,13,4,120.735389,24.261596,3
3165,66000,387130000C,(04)23274275,(04)23288582,2025,2,10,7,47,臺中市,太平區,0,1,0,7,3,6,50,4,1,1,5,4,6,6,4,4,10,5,5,2,15,3,10,1,1,C03,7,9,1,10,2,11,,15,15,1,6,4,120.726078,24.125233,2
3166,66000,387130000C,(04)23274275,(04)23288582,2025,2,10,7,47,臺中市,烏日區,0,0,0,7,,,80,,,,,,,,,,,,,,13,,,,,B12,,,1,,2,,,7,7,1,6,4,120.616521,24.107356,3
3167,66000,387130000C,(04)23274275,(04)23288582,2025,2,10,7,48,臺中市,北屯區,0,1,0,7,1,6,50,13,8,1,5,4,6,6,4,4,3,4,4,2,12,3,10,3,1,B03,7,5,1,8,2,6,,84,84,1,13,4,120.678663,24.184062,2
3168,66000,387130000C,(04)23274275,(04)23288582,2025,2,10,7,50,臺中市,潭子區,0,0,0,7,,,50,,,,,,,,,,,,,,13,,,,,C03,,,1,,2,,,7,7,1,13,4,120.674374,24.203816,3
3169,66000,387130000C,(04)23274275,(04)23288582,2025,2,10,7,50,臺中市,潭子區,0,1,0,7,2,6,60,3,1,1,5,4,6,6,2,1,10,5,5,2,13,3,10,3,1,B03,7,8,1,8,2,8,,84,84,1,12,4,120.703019,24.202714,2
3170,66000,387130000C,(04)23274275,(04)23288582,2025,2,10,7,50,臺中市,霧峰區,0,1,0,7,2,6,50,13,9,1,5,4,6,6,4,4,10,5,5,2,17,2,9,2,1,C03,7,9,1,10,2,12,,84,84,1,6,4,120.685145,24.056749,2
3171,66000,387130000C,(04)23274275,(04)23288582,2025,2,10,7,51,臺中市,西屯區,0,0,0,7,3,6,50,4,9,1,5,4,6,6,2,1,5,4,4,2,17,,,,,B03,,,1,,2,,,76,76,1,12,4,120.652207,24.16581,3
3172,66000,387130000C,(04)23274275,(04)23288582,2025,2,10,7,51,臺中市,豐原區,0,0,0,7,,,60,,,,,,,,,,,,,,13,,,,,B03,,,1,,1,,,7,7,1,13,4,120.703185,24.247409,3
3173,66000,387130000C,(04)23274275,(04)23288582,2025,2,10,7,54,臺中市,北屯區,0,1,0,7,3,6,50,3,1,1,5,4,6,6,1,1,10,5,5,2,16,3,10,3,1,B03,7,9,1,8,2,8,,21,21,1,6,4,120.689318,24.200831,2
3174,66000,387130000C,(04)23274275,(04)23288582,2025,2,10,7,55,臺中市,大里區,0,2,0,7,2,6,50,13,9,1,5,4,6,6,3,1,1,4,5,1,17,2,9,1,1,C03,7,11,1,10,2,12,,45,45,1,12,4,120.684214,24.097173,2
3175,66000,387130000C,(04)23274275,(04)23288582,2025,2,10,7,56,臺中市,神岡區,0,2,0,7,3,6,30,3,1,1,5,4,6,6,4,4,5,5,5,1,16,2,9,1,1,C03,7,9,3,19,2,11,,4,4,1,13,4,120.696324,24.251873,2
3176,66000,387130000C,(04)23274275,(04)23288582,2025,2,10,7,58,臺中市,大里區,0,0,0,7,,,40,,,,,,,,,,,,,,12,,,,,B03,,,1,,2,,,40,40,1,6,4,120.690704,24.098029,3
3177,66000,387130000C,(04)23274275,(04)23288582,2025,2,10,7,59,臺中市,清水區,0,0,0,7,,,50,,,,,,,,,,,,,,,,,,,B03,,,1,,1,,,7,7,1,12,4,120.575409,24.278354,3
3178,66000,387130000C,(04)23274275,(04)23288582,2025,2,10,8,1,臺中市,太平區,0,1,0,7,2,6,50,3,1,1,5,4,6,6,4,4,10,5,5,2,16,3,10,3,1,B03,7,5,1,8,2,2,,47,47,1,12,4,120.71316,24.159955,2
3179,66000,387130000C,(04)23274275,(04)23288582,2025,2,10,8,2,臺中市,大里區,0,1,0,7,2,6,50,13,9,1,5,4,6,6,4,4,1,4,5,1,12,3,10,3,1,B03,7,6,1,8,2,2,,84,84,1,12,4,120.691412,24.100108,2
3180,66000,387130000C,(04)23274275,(04)23288582,2025,2,10,8,5,臺中市,神岡區,0,0,0,7,,,50,,,,,,,,,,,,,,2,,,,,B03,,,1,,1,,,59,59,1,12,4,120.686937,24.247466,3
3181,66000,387130000C,(04)23274275,(04)23288582,2025,2,10,8,7,臺中市,豐原區,0,0,0,7,,,50,,,,,,,,,,,,,,13,,,,,B12,,,1,,2,,,7,7,1,6,4,120.751554,24.270637,3
3182,66000,387130000C,(04)23274275,(04)23288582,2025,2,10,8,9,臺中市,潭子區,0,1,0,7,2,6,50,13,7,1,5,4,6,6,4,4,1,3,4,1,17,2,9,1,1,C03,7,9,1,10,2,12,,84,84,1,13,4,120.682441,24.215724,2
3183,66000,387130000C,(04)23274275,(04)23288582,2025,2,10,8,10,臺中市,清水區,0,0,0,7,,,30,,,,,,,,,,,,,,17,,,,,B02,,,1,,2,,,42,42,1,12,4,120.551958,24.274698,3
3184,66000,387130000C,(04)23274275,(04)23288582,2025,2,10,8,13,臺中市,龍井區,0,1,0,7,3,6,30,4,1,1,5,4,6,6,3,1,10,5,5,2,15,2,9,1,1,C03,7,9,1,10,2,11,,20,20,1,6,4,120.53285,24.194229,2
3185,66000,387130000C,(04)23274275,(04)23288582,2025,2,10,8,14,臺中市,西屯區,0,0,0,7,,,50,,,,,,,,,,,,,,13,,,,,B03,,,1,,1,,,58,58,1,13,4,120.656262,24.199055,3
3186,66000,387130000C,(04)23274275,(04)23288582,2025,2,10,8,15,臺中市,北屯區,0,1,0,7,3,6,50,13,7,1,5,4,6,6,4,4,1,4,5,2,13,2,9,2,1,C03,7,9,1,10,2,11,,7,7,1,6,4,120.701823,24.165121,2
3187,66000,387130000C,(04)23274275,(04)23288582,2025,2,10,8,15,臺中市,西屯區,0,0,0,7,,,50,,,,,,,,,,,,,,12,,,,,A02,,,1,,2,,,59,59,1,13,4,120.593694,24.167477,3
3188,66000,387130000C,(04)23274275,(04)23288582,2025,2,10,8,15,臺中市,西屯區,0,2,0,7,2,6,50,4,1,1,5,4,6,6,4,4,10,4,4,1,17,2,9,1,1,C03,7,9,1,10,2,11,,7,7,1,12,4,120.661066,24.176213,2
3189,66000,387130000C,(04)23274275,(04)23288582,2025,2,10,8,17,臺中市,西屯區,0,0,0,7,,,50,,,,,,,,,,,,,,13,,,,,B03,,,1,,1,,,7,7,1,12,4,120.628763,24.1627,3
3190,66000,387130000C,(04)23274275,(04)23288582,2025,2,10,8,18,臺中市,北屯區,0,0,0,7,,,50,,,,,,,,,,,,,,,,,,,C03,,,1,,2,,,39,39,1,12,4,120.685396,24.172335,3
3191,66000,387130000C,(04)23274275,(04)23288582,2025,2,10,8,19,臺中市,神岡區,0,0,0,7,,,30,,,,,,,,,,,,,,11,,,,,,,,,,,,,86,86,1,,,120.652811,24.264095,3
3192,66000,387130000C,(04)23274275,(04)23288582,2025,2,10,8,23,臺中市,北屯區,0,2,0,7,2,6,50,4,1,1,5,4,6,6,4,4,10,5,5,2,16,2,9,2,1,C03,7,9,1,10,2,11,,84,84,1,12,4,120.663492,24.191791,2
3193,66000,387130000C,(04)23274275,(04)23288582,2025,2,10,8,23,臺中市,神岡區,0,2,0,7,2,6,50,4,1,1,5,4,6,6,1,1,10,5,5,2,12,2,8,5,4,C03,7,9,1,10,2,11,,7,7,1,12,4,120.684441,24.246701,2
3194,66000,387130000C,(04)23274275,(04)23288582,2025,2,10,8,24,臺中市,梧棲區,0,2,0,7,3,6,30,5,1,1,5,4,6,6,1,1,10,5,5,2,15,2,9,3,1,B03,7,9,1,8,2,5,,84,84,1,6,4,120.524021,24.221871,2
3195,66000,387130000C,(04)23274275,(04)23288582,2025,2,10,8,25,臺中市,東區,0,1,0,7,2,6,50,13,9,1,5,4,6,6,4,4,5,4,5,2,16,2,9,4,1,F01,7,6,7,21,2,12,,48,48,1,12,4,120.685949,24.140137,2
3196,66000,387130000C,(04)23274275,(04)23288582,2025,2,10,8,25,臺中市,南屯區,0,0,0,7,3,6,50,13,9,1,5,4,6,6,4,4,3,2,5,2,12,,,,,B03,,,1,,1,,,35,35,1,12,4,120.614876,24.153539,3
3197,66000,387130000C,(04)23274275,(04)23288582,2025,2,10,8,29,臺中市,西屯區,0,0,0,7,3,6,40,3,1,1,5,4,6,6,3,1,5,4,4,2,9,,,,,C03,,,1,,2,,,24,24,1,12,4,120.646457,24.178822,3
3198,66000,387130000C,(04)23274275,(04)23288582,2025,2,10,8,36,臺中市,豐原區,0,1,0,7,3,6,50,13,9,1,5,4,6,6,4,4,5,4,5,1,28,2,9,1,1,C03,7,9,1,10,2,11,,58,58,1,13,4,120.720796,24.24496,2
3199,66000,387130000C,(04)23274275,(04)23288582,2025,2,10,8,38,臺中市,西屯區,0,1,0,7,2,6,50,3,2,1,5,4,6,6,2,1,1,2,4,2,12,3,10,5,4,B03,7,7,1,8,2,5,,35,35,1,12,4,120.64332,24.15993,2
3200,66000,387130000C,(04)23274275,(04)23288582,2025,2,10,8,40,臺中市,西屯區,0,1,0,7,3,6,50,4,1,1,5,4,6,6,1,1,4,3,5,2,18,2,8,2,1,C03,7,5,1,10,2,12,,84,84,1,12,4,120.614002,24.174648,2
3201,66000,387130000C,(04)23274275,(04)23288582,2025,2,10,8,40,臺中市,西屯區,0,0,0,7,,,50,,,,,,,,,,,,,,13,,,,,B03,,,1,,1,,,7,7,1,13,4,120.661401,24.201354,3
3202,66000,387130000C,(04)23274275,(04)23288582,2025,2,10,8,42,臺中市,西屯區,0,2,0,7,2,6,50,13,9,1,5,4,6,6,4,4,5,5,5,2,16,2,9,2,1,C03,7,6,1,10,2,14,,48,48,1,13,4,120.643313,24.158097,2
3203,66000,387130000C,(04)23274275,(04)23288582,2025,2,10,8,42,臺中市,豐原區,0,0,0,7,,,30,,,,,,,,,,,,,,,,,,,B03,,,1,,2,,,84,84,1,12,4,120.73037,24.248891,3
3204,66000,387130000C,(04)23274275,(04)23288582,2025,2,10,8,43,臺中市,西屯區,0,0,0,7,3,6,50,13,9,1,5,4,6,6,4,4,1,4,4,,12,,,,,B03,,,1,,1,,,40,40,1,12,4,120.594331,24.190951,3
3205,66000,387130000C,(04)23274275,(04)23288582,2025,2,10,8,43,臺中市,霧峰區,0,1,0,7,2,6,50,13,8,1,5,4,6,6,4,4,3,4,4,1,16,3,10,3,1,B03,7,5,1,8,2,5,,47,47,1,6,4,120.696356,24.055376,2
3206,66000,387130000C,(04)23274275,(04)23288582,2025,2,10,8,44,臺中市,西區,0,0,0,7,,,50,,,,,,,,,,,,,,,,,,,B03,,,1,,1,,,23,23,1,12,4,120.672721,24.1359,3
3207,66000,387130000C,(04)23274275,(04)23288582,2025,2,10,8,44,臺中市,南屯區,0,0,0,7,,,50,,,,,,,,,,,,,,,,,,,B02,,,1,,1,,,49,49,1,13,4,120.639253,24.142047,3
3208,66000,387130000C,(04)23274275,(04)23288582,2025,2,10,8,46,臺中市,北區,0,1,0,7,2,6,50,3,1,1,5,4,6,6,4,4,10,5,5,2,17,3,10,5,4,B12,7,1,1,8,2,8,,51,51,1,13,4,120.671014,24.171559,2
3209,66000,387130000C,(04)23274275,(04)23288582,2025,2,10,8,46,臺中市,西屯區,0,0,0,7,,,50,,,,,,,,,,,,,,17,,,,,C03,,,1,,2,,,50,50,1,12,4,120.647963,24.156719,3
3210,66000,387130000C,(04)23274275,(04)23288582,2025,2,10,8,48,臺中市,西屯區,0,0,0,7,,,30,,,,,,,,,,,,,,14,,,,,B03,,,1,,1,,,49,49,1,12,4,120.618158,24.180937,3
3211,66000,387130000C,(04)23274275,(04)23288582,2025,2,10,8,50,臺中市,潭子區,0,0,0,7,,,50,,,,,,,,,,,,,,13,,,,,B03,,,1,,2,,,58,58,1,12,4,120.696724,24.194447,3
3212,66000,387130000C,(04)23274275,(04)23288582,2025,2,10,8,50,臺中市,北屯區,0,0,0,7,,,50,,,,,,,,,,,,,,,,,,,C03,,,1,,2,,,84,84,1,13,4,120.68673,24.198277,3
3213,66000,387130000C,(04)23274275,(04)23288582,2025,2,10,8,51,臺中市,南區,0,1,0,7,3,6,50,4,2,1,5,4,6,6,2,1,3,5,5,2,13,2,9,2,1,C03,7,9,1,10,2,11,,59,59,1,6,4,120.65735,24.133725,2
3214,66000,387130000C,(04)23274275,(04)23288582,2025,2,10,8,54,臺中市,南屯區,0,0,0,7,3,3,80,13,9,1,5,4,6,6,4,4,3,4,5,2,13,,,,,B03,,,1,,1,,,7,7,1,12,4,120.623708,24.151686,3
3215,66000,387130000C,(04)23274275,(04)23288582,2025,2,10,8,55,臺中市,大里區,0,1,0,7,2,6,50,13,9,1,5,4,6,6,4,4,10,5,5,1,17,3,10,1,1,C03,7,6,1,10,2,16,,48,48,1,12,4,120.697029,24.106998,2
3216,66000,387130000C,(04)23274275,(04)23288582,2025,2,10,8,57,臺中市,北區,0,0,0,7,2,6,40,13,8,1,5,4,6,6,4,4,9,5,4,2,14,,,,,B03,,,1,,2,,,49,49,1,12,4,120.692895,24.153167,3
3217,66000,387130000C,(04)23274275,(04)23288582,2025,2,10,8,57,臺中市,南區,0,1,0,7,2,6,50,13,9,1,5,4,6,6,4,4,5,5,5,2,12,2,9,2,1,C03,7,4,1,10,2,12,,84,84,1,12,4,120.677987,24.133449,2
3218,66000,387130000C,(04)23274275,(04)23288582,2025,2,10,9,3,臺中市,南區,0,0,0,7,,,50,,,,,,,,,,,,,,,,,,,B03,,,1,,1,,,49,49,1,6,4,120.668414,24.125491,4
3219,66000,387130000C,(04)23274275,(04)23288582,2025,2,10,9,3,臺中市,大里區,0,0,0,7,,,50,,,,,,,,,,,,,,12,,,,,B03,,,1,,2,,,40,40,1,6,4,120.692124,24.102087,3
3220,66000,387130000C,(04)23274275,(04)23288582,2025,2,10,9,3,臺中市,大甲區,0,1,0,7,2,6,50,3,1,1,5,4,6,6,3,1,5,5,5,1,16,3,10,3,1,B03,7,6,1,8,2,5,,24,24,1,6,4,120.626025,24.3558,2
3221,66000,387130000C,(04)23274275,(04)23288582,2025,2,10,9,8,臺中市,大里區,0,2,0,7,3,6,50,4,2,1,5,4,6,6,1,1,5,4,4,1,16,2,9,1,1,C03,7,6,1,10,2,11,,11,11,1,12,4,120.678993,24.10948,2
3222,66000,387130000C,(04)23274275,(04)23288582,2025,2,10,9,8,臺中市,大里區,0,0,0,7,,,50,,,,,,,,,,,,,,,,,,,F02,,,1,,1,,,84,84,1,4,4,120.736398,24.087046,3
3223,66000,387130000C,(04)23274275,(04)23288582,2025,2,10,9,9,臺中市,西屯區,0,0,0,7,,,80,,,,,,,,,,,,,,,,,,,A12,,,1,,9,,,68,68,1,12,4,120.6335,24.173351,3
3224,66000,387130000C,(04)23274275,(04)23288582,2025,2,10,9,12,臺中市,烏日區,0,0,0,7,,,50,,,,,,,,,,,,,,17,,,,,B03,,,1,,1,,,87,87,1,6,4,120.626035,24.101562,3
3225,66000,387130000C,(04)23274275,(04)23288582,2025,2,10,9,13,臺中市,北屯區,0,1,0,7,1,6,50,13,8,1,5,4,6,6,4,4,5,4,4,2,13,2,9,1,1,C03,7,9,1,10,2,11,,84,84,1,13,4,120.676116,24.19504,2
3226,66000,387130000C,(04)23274275,(04)23288582,2025,2,10,9,14,臺中市,大甲區,0,0,0,7,,,50,,,,,,,,,,,,,,,,,,,C03,,,1,,2,,,7,7,1,12,4,120.617046,24.349284,3
3227,66000,387130000C,(04)23274275,(04)23288582,2025,2,10,9,16,臺中市,大里區,0,0,0,7,,,50,,,,,,,,,,,,,,30,,,,,B03,,,1,,2,,,59,59,1,12,4,120.688817,24.10425,3
3228,66000,387130000C,(04)23274275,(04)23288582,2025,2,10,9,18,臺中市,潭子區,0,0,0,7,,,40,,,,,,,,,,,,,,13,,,,,B02,,,1,,1,,,7,7,1,13,4,120.706157,24.200699,3
3229,66000,387130000C,(04)23274275,(04)23288582,2025,2,10,9,19,臺中市,南屯區,0,0,0,7,,,50,,,,,,,,,,,,,,17,,,,,B02,,,1,,2,,,8,8,1,12,4,120.61205,24.1403,3
3230,66000,387130000C,(04)23274275,(04)23288582,2025,2,10,9,21,臺中市,西屯區,0,1,0,7,3,9,50,3,1,2,5,4,6,6,2,1,10,5,5,2,15,3,10,1,1,C03,7,9,1,10,2,11,,21,21,1,12,4,120.650702,24.197912,2
3231,66000,387130000C,(04)23274275,(04)23288582,2025,2,10,9,23,臺中市,西區,0,0,0,7,,,50,,,,,,,,,,,,,,,,,,,C03,,,1,,1,,,7,7,1,12,4,120.665268,24.146718,3
3232,66000,387130000C,(04)23274275,(04)23288582,2025,2,10,9,23,臺中市,新社區,0,1,0,7,2,6,30,13,9,1,5,4,6,6,4,4,10,5,5,2,12,2,8,5,4,C03,7,6,1,10,2,13,,48,48,1,13,4,120.813118,24.249392,2
3233,66000,387130000C,(04)23274275,(04)23288582,2025,2,10,9,27,臺中市,北區,0,1,0,7,2,6,50,3,2,1,5,4,6,6,2,1,10,5,5,2,12,3,10,3,1,B03,7,5,1,8,1,15,,85,85,1,13,4,120.687833,24.156764,2
3234,66000,387130000C,(04)23274275,(04)23288582,2025,2,10,9,30,臺中市,潭子區,0,0,0,7,,,50,,,,,,,,,,,,,,30,,,,,A41,,,1,,2,,,73,73,1,12,4,120.703111,24.226047,3
3235,66000,387130000C,(04)23274275,(04)23288582,2025,2,10,9,32,臺中市,北區,0,0,0,7,,,50,,,,,,,,,,,,,,15,,,,,C03,,,1,,2,,,21,21,1,12,4,120.663487,24.163021,3
3236,66000,387130000C,(04)23274275,(04)23288582,2025,2,10,9,33,臺中市,南屯區,0,0,0,7,,,50,,,,,,,,,,,,,,13,,,,,C03,,,1,,2,,,7,7,1,6,4,120.60987,24.137883,3
3237,66000,387130000C,(04)23274275,(04)23288582,2025,2,10,9,35,臺中市,西屯區,0,0,0,7,,,80,,,,,,,,,,,,,,13,,,,,B03,,,1,,1,,,7,7,1,12,4,120.634948,24.179291,3
3238,66000,387130000C,(04)23274275,(04)23288582,2025,2,10,9,40,臺中市,西區,0,1,0,7,1,6,50,4,1,1,5,4,6,6,1,1,10,5,5,1,17,3,10,5,4,B03,7,9,1,8,2,1,,7,7,1,12,4,120.670485,24.133675,2
3239,66000,387130000C,(04)23274275,(04)23288582,2025,2,10,9,41,臺中市,南屯區,0,0,0,7,,,50,,,,,,,,,,,,,,12,,,,,B03,,,1,,2,,,14,14,1,12,4,120.641686,24.146869,3
3240,66000,387130000C,(04)23274275,(04)23288582,2025,2,10,9,43,臺中市,北屯區,0,2,0,7,3,6,80,13,9,1,5,4,6,6,4,4,1,4,5,2,13,2,5,3,1,B03,7,9,1,8,2,1,,7,7,1,6,4,120.666822,24.201264,2
3241,66000,387130000C,(04)23274275,(04)23288582,2025,2,10,9,45,臺中市,太平區,0,0,0,7,,,50,,,,,,,,,,,,,,17,,,,,B03,,,1,,2,,,51,51,1,12,4,120.7182,24.131385,3
3242,66000,387130000C,(04)23274275,(04)23288582,2025,2,10,9,46,臺中市,東區,0,0,0,7,,,50,,,,,,,,,,,,,,13,,,,,C03,,,1,,1,,,7,7,1,12,4,120.693919,24.142899,3
3243,66000,387130000C,(04)23274275,(04)23288582,2025,2,10,9,52,臺中市,東區,0,0,0,7,,,50,,,,,,,,,,,,,,,,,,,B03,,,1,,2,,,54,54,2,12,4,120.697073,24.146316,3
3244,66000,387130000C,(04)23274275,(04)23288582,2025,2,10,9,53,臺中市,大雅區,0,0,0,7,,,70,,,,,,,,,,,,,,,,,,,B03,,,1,,2,,,40,40,1,12,4,120.638378,24.233306,3
3245,66000,387130000C,(04)23274275,(04)23288582,2025,2,10,9,53,臺中市,中區,0,2,0,7,2,6,50,13,9,1,5,4,6,6,4,4,5,2,5,2,12,3,10,5,4,A04,7,7,1,1,2,2,,35,35,1,13,4,120.683843,24.141839,2
3246,66000,387130000C,(04)23274275,(04)23288582,2025,2,10,9,53,臺中市,石岡區,0,0,0,7,,,70,,,,,,,,,,,,,,13,,,,,A12,,,1,,3,,,84,84,1,13,4,120.784771,24.274637,3
3247,66000,387130000C,(04)23274275,(04)23288582,2025,2,10,9,55,臺中市,東區,0,1,0,7,2,6,50,3,1,1,5,4,6,6,3,1,10,5,5,2,16,2,9,2,1,C03,7,6,1,10,2,11,12,24,24,1,12,4,120.687235,24.140188,2
3248,66000,387130000C,(04)23274275,(04)23288582,2025,2,10,9,57,臺中市,西屯區,0,0,0,7,,,50,,,,,,,,,,,,,,13,,,,,A12,,,1,,1,,,7,7,1,12,4,120.60823,24.169395,3
3249,66000,387130000C,(04)23274275,(04)23288582,2025,2,10,9,58,臺中市,西屯區,0,1,0,7,2,6,50,3,1,1,5,4,6,6,2,1,10,5,5,2,16,3,10,1,1,C03,7,5,1,10,2,12,,47,47,1,13,4,120.645191,24.162759,2
3250,66000,387130000C,(04)23274275,(04)23288582,2025,2,10,10,0,臺中市,潭子區,0,0,0,7,,,50,,,,,,,,,,,,,,,,,,,B03,,,1,,9,,,59,59,1,12,4,120.707091,24.202206,3
3251,66000,387130000C,(04)23274275,(04)23288582,2025,2,10,10,1,臺中市,大里區,0,0,0,7,,,50,,,,,,,,,,,,,,12,,,,,B03,,,1,,2,,,59,59,1,12,4,120.673975,24.097471,3
3252,66000,387130000C,(04)23274275,(04)23288582,2025,2,10,10,2,臺中市,潭子區,0,1,0,7,2,6,30,11,9,1,5,4,6,6,4,4,10,5,5,1,11,3,10,3,1,B03,7,9,1,8,2,4,,41,41,1,13,4,120.73396,24.206724,2
3253,66000,387130000C,(04)23274275,(04)23288582,2025,2,10,10,3,臺中市,大里區,0,2,0,7,2,6,50,4,1,1,5,4,6,6,2,1,5,5,5,1,15,2,7,1,1,C03,7,9,1,10,2,11,,58,58,1,13,4,120.674541,24.102824,2