序號,縣市別代碼,機關代碼,市話,傳真,年,月,日,時,分,縣市,區,死亡數量,受傷數量,2-30,天候,道路照明設備,道路類別,道路速限,道路型態,事故位置,路面鋪裝,路面狀態,路面缺陷,障礙物,視距,號誌種類,號誌動作,分向設施,快車道或一般車道間,快慢車道間,路面邊線,事故類型及型態,受傷程度,主要傷處,保護裝備,行動電話或功能裝置,當事者區分(類別),車輛用途,當事者行動狀態,駕照狀態,駕照種類,飲酒情形,車輛撞擊部位最初,車輛撞擊部位其他,肇事因素個別,肇事因素主要,肇事逃逸,職業,共享經濟或外送平台,GPS座標X,GPS座標Y,事故類別
3477,66000,387130000C,(04)23274275,(04)23288582,2025,2,10,17,33,臺中市,烏日區,0,1,0,7,2,6,50,13,9,1,5,4,6,6,4,4,5,5,5,2,14,3,10,3,1,B03,7,2,1,8,2,6,,49,49,1,12,4,120.610383,24.111494,2
3478,66000,387130000C,(04)23274275,(04)23288582,2025,2,10,17,35,臺中市,西屯區,0,0,0,6,,,50,,,,,,,,,,,,,,,,,,,C03,,,1,,1,,,7,7,1,13,4,120.638783,24.175002,3
3479,66000,387130000C,(04)23274275,(04)23288582,2025,2,10,17,37,臺中市,潭子區,0,1,0,7,3,6,50,4,2,1,5,4,6,6,1,1,5,4,4,2,13,3,10,3,1,B03,7,1,1,8,2,1,,56,56,1,13,4,120.710912,24.229731,2
3480,66000,387130000C,(04)23274275,(04)23288582,2025,2,10,17,40,臺中市,北屯區,0,0,0,7,,,40,,,,,,,,,,,,,,30,,,,,B03,,,1,,1,,,86,86,1,6,4,120.673567,24.199943,3
3481,66000,387130000C,(04)23274275,(04)23288582,2025,2,10,17,42,臺中市,南屯區,0,0,0,7,,,50,,,,,,,,,,,,,,17,,,,,C03,,,1,,1,,,8,8,1,6,4,120.64733,24.142762,3
3482,66000,387130000C,(04)23274275,(04)23288582,2025,2,10,17,42,臺中市,西屯區,0,2,0,7,1,6,50,4,1,1,5,4,6,6,1,1,10,5,5,2,16,3,10,3,1,B03,7,6,1,8,2,2,,11,11,1,12,4,120.621975,24.180996,2
3483,66000,387130000C,(04)23274275,(04)23288582,2025,2,10,17,43,臺中市,北屯區,0,0,0,7,,,50,,,,,,,,,,,,,,,,,,,B03,,,1,,2,,,7,7,1,12,4,120.674342,24.203529,3
3484,66000,387130000C,(04)23274275,(04)23288582,2025,2,10,17,43,臺中市,大里區,0,1,0,7,3,6,40,3,1,1,5,4,6,6,4,4,10,5,5,2,16,3,10,5,4,B03,7,6,1,8,2,6,,20,20,1,6,4,120.693158,24.089808,2
3485,66000,387130000C,(04)23274275,(04)23288582,2025,2,10,17,44,臺中市,西屯區,0,0,0,7,,,30,,,,,,,,,,,,,,13,,,,,C03,,,1,,1,,,61,61,1,13,4,120.598926,24.204402,3
3486,66000,387130000C,(04)23274275,(04)23288582,2025,2,10,17,48,臺中市,大里區,0,2,0,6,1,6,50,4,1,1,5,4,6,6,1,1,10,5,5,2,13,2,9,1,1,C03,7,9,1,10,2,11,,84,84,1,12,4,120.688492,24.110288,2
3487,66000,387130000C,(04)23274275,(04)23288582,2025,2,10,17,50,臺中市,南屯區,0,0,0,7,,,50,,,,,,,,,,,,,,,,,,,C02,,,1,,1,,,7,7,1,6,4,120.616609,24.155162,3
3488,66000,387130000C,(04)23274275,(04)23288582,2025,2,10,17,50,臺中市,豐原區,0,1,0,7,1,6,50,13,9,1,5,4,6,6,4,4,5,5,5,2,18,2,9,1,1,C03,7,9,1,10,2,11,,84,84,1,6,4,120.718953,24.278326,2
3489,66000,387130000C,(04)23274275,(04)23288582,2025,2,10,17,51,臺中市,后里區,0,2,0,7,2,6,30,3,2,1,5,4,6,6,4,4,10,5,5,1,11,2,9,1,1,C03,7,9,2,19,2,14,,8,8,1,12,4,120.71411,24.302369,2
3490,66000,387130000C,(04)23274275,(04)23288582,2025,2,10,17,53,臺中市,豐原區,0,1,0,7,1,6,40,13,8,1,5,4,6,6,4,4,1,4,4,1,17,3,10,5,4,B02,7,14,1,8,2,7,,77,77,1,12,4,120.721176,24.264288,2
3491,66000,387130000C,(04)23274275,(04)23288582,2025,2,10,17,56,臺中市,石岡區,0,0,0,7,,,30,,,,,,,,,,,,,,,,,,,B03,,,1,,2,,,54,54,1,12,4,120.815462,24.258134,3
3492,66000,387130000C,(04)23274275,(04)23288582,2025,2,10,17,57,臺中市,南屯區,0,0,0,7,,,50,,,,,,,,,,,,,,17,,,,,C03,,,1,,2,,,84,84,1,12,4,120.64392,24.136745,3
3493,66000,387130000C,(04)23274275,(04)23288582,2025,2,10,17,59,臺中市,大里區,0,0,0,7,,,50,,,,,,,,,,,,,,13,,,,,B03,,,1,,2,,,7,7,1,13,4,120.703138,24.088128,3
3494,66000,387130000C,(04)23274275,(04)23288582,2025,2,10,18,2,臺中市,西屯區,0,0,0,7,,,1,,,,,,,,,,,,,,14,,,,,B03,,,1,,1,,,49,49,1,12,4,120.60607,24.162362,3
3495,66000,387130000C,(04)23274275,(04)23288582,2025,2,10,18,6,臺中市,北區,0,2,0,7,1,6,50,4,2,1,5,4,6,6,1,1,5,5,5,2,16,3,10,1,1,C03,7,5,1,10,2,12,,11,11,1,12,4,120.669197,24.164034,2
3496,66000,387130000C,(04)23274275,(04)23288582,2025,2,10,18,6,臺中市,北屯區,0,0,0,7,,,50,,,,,,,,,,,,,,13,,,,,C03,,,1,,1,,,7,7,1,12,4,120.67142,24.174314,3
3497,66000,387130000C,(04)23274275,(04)23288582,2025,2,10,18,6,臺中市,清水區,0,0,0,7,1,6,60,4,2,1,5,4,6,,1,1,8,3,4,2,12,,,,,B03,,,1,,1,,,40,40,1,12,4,120.572938,24.262832,3
3498,66000,387130000C,(04)23274275,(04)23288582,2025,2,10,18,8,臺中市,南區,0,1,0,7,3,6,30,3,1,1,5,4,6,6,4,4,10,5,5,2,17,3,10,2,1,C03,7,9,1,10,2,14,,13,13,1,13,4,120.662001,24.127534,2
3499,66000,387130000C,(04)23274275,(04)23288582,2025,2,10,18,10,臺中市,大雅區,0,0,0,7,,,30,,,,,,,,,,,,,,,,,,,B03,,,1,,1,,,8,8,1,12,4,120.633248,24.227688,3
3500,66000,387130000C,(04)23274275,(04)23288582,2025,2,10,18,13,臺中市,南屯區,0,0,0,7,,,50,,,,,,,,,,,,,,,,,,,B03,,,1,,1,,,7,7,1,13,4,120.620761,24.145181,3
3501,66000,387130000C,(04)23274275,(04)23288582,2025,2,10,18,13,臺中市,豐原區,0,0,0,7,1,6,50,3,9,1,5,4,6,6,4,4,5,4,5,2,13,3,10,3,1,B03,7,9,1,8,2,1,,7,7,1,12,4,120.719373,24.237689,3
3502,66000,387130000C,(04)23274275,(04)23288582,2025,2,10,18,14,臺中市,北屯區,0,0,0,7,,,40,,,,,,,,,,,,,,12,,,,,B03,,,1,,1,,,50,50,1,12,4,120.659191,24.190968,3
3503,66000,387130000C,(04)23274275,(04)23288582,2025,2,10,18,15,臺中市,豐原區,0,2,0,7,2,6,50,4,1,1,5,4,6,6,4,4,10,5,5,1,17,3,10,2,1,C03,7,1,1,10,2,14,,51,51,1,13,4,120.723027,24.240096,2
3504,66000,387130000C,(04)23274275,(04)23288582,2025,2,10,18,20,臺中市,北屯區,0,0,0,7,,,40,,,,,,,,,,,,,,17,,,,,C03,,,1,,2,,,51,51,1,6,4,120.695077,24.184281,3
3505,66000,387130000C,(04)23274275,(04)23288582,2025,2,10,18,22,臺中市,東區,0,1,0,7,1,6,50,4,1,1,5,4,6,6,2,1,5,5,5,2,13,2,9,1,1,C03,7,9,1,10,2,11,,7,7,1,6,4,120.690747,24.142792,2
3506,66000,387130000C,(04)23274275,(04)23288582,2025,2,10,18,25,臺中市,南區,0,0,0,7,,,50,,,,,,,,,,,,,,13,,,,,C03,,,1,,2,,,7,7,1,6,4,120.667744,24.114455,3
3507,66000,387130000C,(04)23274275,(04)23288582,2025,2,10,18,25,臺中市,北屯區,0,0,0,7,,,50,,,,,,,,,,,,,,,,,,,B13,,,1,,1,,,8,8,1,12,4,120.692149,24.165181,3
3508,66000,387130000C,(04)23274275,(04)23288582,2025,2,10,18,27,臺中市,西區,0,2,0,7,1,6,50,4,1,1,5,4,6,6,1,1,10,5,5,2,13,2,9,2,1,C03,7,9,1,10,2,11,,7,7,1,13,4,120.661694,24.147867,2
3509,66000,387130000C,(04)23274275,(04)23288582,2025,2,10,18,31,臺中市,西區,0,0,0,7,,,50,,,,,,,,,,,,,,,,,,,C03,,,1,,1,,,84,84,1,6,4,120.664787,24.134408,3
3510,66000,387130000C,(04)23274275,(04)23288582,2025,2,10,18,33,臺中市,北屯區,0,1,0,7,1,6,40,4,1,1,5,4,6,6,1,1,10,5,5,2,16,3,10,2,1,C03,7,5,1,10,2,12,,20,20,1,13,4,120.688953,24.16317,2
3511,66000,387130000C,(04)23274275,(04)23288582,2025,2,10,18,37,臺中市,北屯區,0,1,0,7,1,6,50,3,1,1,5,4,6,6,4,4,1,4,5,1,16,3,10,3,1,B03,7,5,1,8,2,8,,14,14,1,12,4,120.701574,24.180606,2
3512,66000,387130000C,(04)23274275,(04)23288582,2025,2,10,18,38,臺中市,西屯區,0,0,0,7,1,6,50,13,9,1,5,4,6,6,4,4,1,4,5,2,13,3,10,3,1,B03,7,9,1,8,7,1,,53,53,1,12,4,120.640029,24.174186,3
3513,66000,387130000C,(04)23274275,(04)23288582,2025,2,10,18,39,臺中市,北屯區,0,0,0,7,,,80,,,,,,,,,,,,,,13,,,,,B03,,,1,,1,,,7,7,1,12,4,120.721803,24.184088,3
3514,66000,387130000C,(04)23274275,(04)23288582,2025,2,10,18,40,臺中市,北屯區,0,0,0,7,,,50,,,,,,,,,,,,,,14,,,,,B03,,,1,,1,,,49,49,1,6,4,120.713117,24.172747,3
3515,66000,387130000C,(04)23274275,(04)23288582,2025,2,10,18,41,臺中市,北屯區,0,0,0,7,,,80,,,,,,,,,,,,,,13,,,,,B03,,,1,,1,,,84,84,1,12,4,120.72237,24.188509,3
3516,66000,387130000C,(04)23274275,(04)23288582,2025,2,10,18,41,臺中市,豐原區,0,1,0,7,1,6,50,3,8,1,5,4,6,6,4,4,5,5,4,2,12,3,10,3,1,B03,7,6,1,8,2,2,,8,8,1,12,4,120.715377,24.255845,2
3517,66000,387130000C,(04)23274275,(04)23288582,2025,2,10,18,49,臺中市,神岡區,0,1,0,7,1,6,40,3,2,1,5,4,6,6,4,4,9,4,4,2,17,3,10,5,4,B03,7,1,1,8,2,8,,51,51,1,13,4,120.670382,24.256782,2
3518,66000,387130000C,(04)23274275,(04)23288582,2025,2,10,18,52,臺中市,西區,0,0,0,7,,,30,,,,,,,,,,,,,,,,,,,C03,,,1,,10,,,77,77,1,12,5,120.662022,24.151607,3
3519,66000,387130000C,(04)23274275,(04)23288582,2025,2,10,18,54,臺中市,石岡區,0,2,0,7,1,6,70,13,8,1,5,4,6,6,4,4,1,4,1,1,13,2,9,5,4,C03,7,9,1,10,2,11,,84,84,1,12,4,120.812463,24.262805,2
3520,66000,387130000C,(04)23274275,(04)23288582,2025,2,10,18,55,臺中市,豐原區,0,1,0,7,1,6,50,13,9,1,5,4,6,6,1,1,1,2,5,1,14,3,10,5,4,B03,7,2,1,8,11,3,,49,49,1,12,4,120.722248,24.276815,2
3521,66000,387130000C,(04)23274275,(04)23288582,2025,2,10,18,58,臺中市,北區,0,3,0,7,1,6,50,3,1,1,5,4,6,6,4,4,10,5,5,2,12,2,9,1,1,C03,7,7,1,10,2,12,,42,42,1,13,4,120.678064,24.167745,2
3522,66000,387130000C,(04)23274275,(04)23288582,2025,2,10,18,58,臺中市,西屯區,0,0,0,7,,,50,,,,,,,,,,,,,,12,,,,,B03,,,1,,2,,,8,8,1,13,4,120.660102,24.164309,4
3523,66000,387130000C,(04)23274275,(04)23288582,2025,2,10,18,59,臺中市,西屯區,0,0,0,6,,,50,,,,,,,,,,,,,,,,,,,B03,,,1,,1,,,7,7,1,13,4,120.618859,24.178962,3
3524,66000,387130000C,(04)23274275,(04)23288582,2025,2,10,19,0,臺中市,豐原區,0,2,0,7,2,6,50,13,8,1,5,4,6,6,4,4,5,5,4,2,16,2,9,2,1,C03,7,6,1,10,2,11,,39,39,1,13,4,120.713467,24.250798,2
3525,66000,387130000C,(04)23274275,(04)23288582,2025,2,10,19,5,臺中市,北區,0,1,0,7,1,6,50,4,2,1,5,4,6,6,2,1,10,5,5,1,17,3,10,3,1,B03,7,9,1,8,2,5,,21,21,1,13,4,120.684839,24.167099,2
3526,66000,387130000C,(04)23274275,(04)23288582,2025,2,10,19,8,臺中市,東區,0,0,0,7,,,50,,,,,,,,,,,,,,13,,,,,B03,,,1,,1,,,84,84,1,12,4,120.699527,24.128851,3
3527,66000,387130000C,(04)23274275,(04)23288582,2025,2,10,19,9,臺中市,烏日區,0,1,0,7,1,6,50,4,1,1,5,4,6,6,1,1,10,5,4,2,15,2,9,1,1,C03,7,9,1,10,2,11,,21,21,1,6,4,120.640411,24.116672,2
3528,66000,387130000C,(04)23274275,(04)23288582,2025,2,10,19,12,臺中市,梧棲區,0,1,0,7,1,6,50,13,9,1,5,4,6,6,4,4,9,4,5,1,18,2,9,1,1,C03,7,9,1,10,2,12,,59,59,1,6,4,120.54626,24.240114,2
3529,66000,387130000C,(04)23274275,(04)23288582,2025,2,10,19,13,臺中市,大肚區,0,0,0,7,,,50,,,,,,,,,,,,,,13,,,,,B03,,,1,,2,,,56,56,1,6,4,120.558146,24.127133,3
3530,66000,387130000C,(04)23274275,(04)23288582,2025,2,10,19,17,臺中市,大里區,0,0,0,7,,,60,,,,,,,,,,,,,,14,,,,,B03,,,1,,2,,,49,49,1,13,4,120.689082,24.101313,3
3531,66000,387130000C,(04)23274275,(04)23288582,2025,2,10,19,18,臺中市,北區,0,1,0,7,1,6,50,4,1,1,5,4,6,6,2,1,10,5,5,2,17,3,10,3,1,B03,7,6,1,8,2,2,,11,11,1,12,4,120.703854,24.159541,2
3532,66000,387130000C,(04)23274275,(04)23288582,2025,2,10,19,19,臺中市,南屯區,0,0,0,7,,,30,,,,,,,,,,,,,,17,,,,,B02,,,1,,1,,,51,51,1,12,4,120.636217,24.148684,3
3533,66000,387130000C,(04)23274275,(04)23288582,2025,2,10,19,20,臺中市,北區,0,1,0,7,1,6,50,3,1,1,5,4,6,6,2,1,5,4,5,2,17,3,10,3,1,B03,7,5,1,8,2,5,,47,47,1,12,4,120.686453,24.147272,2
3534,66000,387130000C,(04)23274275,(04)23288582,2025,2,10,19,23,臺中市,東區,0,1,0,7,1,6,50,3,1,1,5,4,6,6,2,1,1,5,5,2,11,3,10,3,1,B03,7,6,1,8,2,5,,11,11,1,13,4,120.694464,24.151103,2
3535,66000,387130000C,(04)23274275,(04)23288582,2025,2,10,19,23,臺中市,西屯區,0,1,0,7,1,6,50,13,7,1,5,4,6,6,4,4,5,4,4,1,3,2,9,6,5,H01,8,16,7,21,10,17,,95,95,1,13,5,120.620882,24.190122,2
3536,66000,387130000C,(04)23274275,(04)23288582,2025,2,10,19,32,臺中市,霧峰區,0,1,0,7,1,6,40,13,7,1,5,4,6,6,4,4,10,4,5,1,13,2,1,3,1,B02,7,9,1,8,2,1,,59,59,1,12,1,120.662944,24.063028,2
3537,66000,387130000C,(04)23274275,(04)23288582,2025,2,10,19,32,臺中市,大甲區,0,1,0,7,1,6,40,11,9,1,5,4,6,6,4,4,4,1,5,2,13,3,10,3,1,B03,7,9,1,8,2,8,,84,84,1,12,4,120.629095,24.344906,2
3538,66000,387130000C,(04)23274275,(04)23288582,2025,2,10,19,35,臺中市,北屯區,0,0,0,7,,,50,,,,,,,,,,,,,,14,,,,,B03,,,1,,9,,,49,49,2,12,4,120.710834,24.165978,3
3539,66000,387130000C,(04)23274275,(04)23288582,2025,2,10,19,46,臺中市,大雅區,0,1,0,7,1,6,0,3,2,1,5,4,6,6,1,1,10,5,5,2,17,2,8,2,1,C03,7,9,1,10,2,11,,39,39,1,12,4,120.647564,24.220413,2
3540,66000,387130000C,(04)23274275,(04)23288582,2025,2,10,19,46,臺中市,潭子區,0,0,0,6,,,50,,,,,,,,,,,,,,,,,,,B03,,,1,,2,,,49,49,1,13,4,120.700418,24.212473,3
3541,66000,387130000C,(04)23274275,(04)23288582,2025,2,10,19,50,臺中市,烏日區,0,0,0,7,,,50,,,,,,,,,,,,,,17,,,,,B03,,,1,,2,,,8,8,1,6,4,120.627078,24.106245,3
3542,66000,387130000C,(04)23274275,(04)23288582,2025,2,10,19,51,臺中市,南區,0,1,0,7,1,6,50,4,1,1,5,4,6,6,4,4,1,2,5,2,16,3,10,3,1,B03,7,5,1,8,2,2,,47,47,1,6,4,120.664449,24.119093,2
3543,66000,387130000C,(04)23274275,(04)23288582,2025,2,10,20,5,臺中市,東區,0,0,0,7,,,40,,,,,,,,,,,,,,,,,,,B03,,,1,,2,,,78,78,1,13,4,120.692342,24.147047,3
3544,66000,387130000C,(04)23274275,(04)23288582,2025,2,10,20,5,臺中市,北屯區,0,1,0,7,1,6,50,13,9,1,5,4,6,6,4,4,1,4,5,2,17,3,10,3,1,B03,7,1,1,8,2,4,,51,51,1,12,4,120.658189,24.183886,2
3545,66000,387130000C,(04)23274275,(04)23288582,2025,2,10,20,5,臺中市,沙鹿區,0,0,0,7,,,50,,,,,,,,,,,,,,,,,,,B03,,,1,,2,,,78,78,1,12,4,120.564571,24.239181,3
3546,66000,387130000C,(04)23274275,(04)23288582,2025,2,10,20,12,臺中市,西屯區,0,0,0,6,,,50,,,,,,,,,,,,,,,,,,,B01,,,1,,2,,,59,59,1,13,4,120.643416,24.17706,3
3547,66000,387130000C,(04)23274275,(04)23288582,2025,2,10,20,16,臺中市,北區,0,1,0,7,1,6,50,3,2,1,5,4,6,6,4,4,1,4,4,2,16,3,10,3,1,B03,7,5,1,8,2,5,,14,14,1,12,4,120.667544,24.162963,2
3548,66000,387130000C,(04)23274275,(04)23288582,2025,2,10,20,18,臺中市,太平區,0,1,0,7,1,6,50,5,1,1,5,4,6,6,1,1,10,5,5,2,16,3,10,3,1,B02,7,6,1,8,2,1,,11,11,1,12,4,120.724797,24.149625,2
3549,66000,387130000C,(04)23274275,(04)23288582,2025,2,10,20,20,臺中市,北屯區,0,0,0,7,,,50,,,,,,,,,,,,,,14,,,,,B03,,,1,,2,,,49,49,1,13,4,120.661822,24.190968,3
3550,66000,387130000C,(04)23274275,(04)23288582,2025,2,10,20,25,臺中市,南屯區,0,1,0,7,1,6,60,4,1,1,5,4,6,6,1,1,4,1,4,1,16,3,10,3,1,B03,7,5,1,8,2,2,,11,11,1,6,4,120.649891,24.146771,2
3551,66000,387130000C,(04)23274275,(04)23288582,2025,2,10,20,29,臺中市,清水區,0,0,0,7,1,6,50,4,1,1,1,4,6,6,4,,8,3,4,2,15,,,,,B03,,,1,,1,,,12,12,1,12,4,120.555483,24.263998,3
3552,66000,387130000C,(04)23274275,(04)23288582,2025,2,10,20,32,臺中市,太平區,0,0,0,7,,,30,,,,,,,,,,,,,,17,,,,,B12,,,1,,11,,,49,49,1,13,4,120.730952,24.141356,3
3553,66000,387130000C,(04)23274275,(04)23288582,2025,2,10,20,33,臺中市,西屯區,0,0,0,7,,,50,,,,,,,,,,,,,,16,,,,,C03,,,1,,1,,,4,4,1,12,4,120.607561,24.185663,3
3554,66000,387130000C,(04)23274275,(04)23288582,2025,2,10,20,40,臺中市,北區,0,1,0,7,1,6,50,3,1,1,5,4,6,6,1,1,5,4,4,2,18,2,8,1,1,C03,7,9,1,10,2,14,,84,84,1,12,4,120.678279,24.14853,2
3555,66000,387130000C,(04)23274275,(04)23288582,2025,2,10,20,41,臺中市,沙鹿區,0,2,0,7,1,6,40,13,8,1,5,4,6,6,4,4,1,4,1,1,13,2,9,1,1,C03,7,9,1,10,2,11,,58,58,1,12,4,120.581457,24.204833,2
3556,66000,387130000C,(04)23274275,(04)23288582,2025,2,10,20,47,臺中市,大甲區,0,1,0,7,1,6,40,13,9,1,5,4,6,6,4,4,4,1,5,1,10,3,10,3,1,B03,7,4,1,6,2,1,,82,82,1,12,4,120.619776,24.350739,2
3557,66000,387130000C,(04)23274275,(04)23288582,2025,2,10,20,51,臺中市,太平區,0,0,0,7,,,30,,,,,,,,,,,,,,11,,,,,B03,,,1,,2,,,8,8,1,13,4,120.720882,24.124298,3
3558,66000,387130000C,(04)23274275,(04)23288582,2025,2,10,20,52,臺中市,太平區,0,2,0,7,1,6,50,13,7,1,5,4,6,6,4,4,5,5,4,1,17,2,9,2,1,C03,7,11,1,10,2,14,,39,39,1,12,4,120.725252,24.149555,2
3559,66000,387130000C,(04)23274275,(04)23288582,2025,2,10,20,56,臺中市,西屯區,0,0,0,7,,,50,,,,,,,,,,,,,,11,,,,,B03,,,1,,1,,,40,40,1,12,4,120.646454,24.164454,3
3560,66000,387130000C,(04)23274275,(04)23288582,2025,2,10,21,5,臺中市,霧峰區,0,0,0,7,1,6,50,13,9,1,5,4,6,6,4,4,5,4,5,1,13,,,,,B03,,,1,,2,,,84,84,1,6,4,120.696794,24.055001,3
3561,66000,387130000C,(04)23274275,(04)23288582,2025,2,10,21,10,臺中市,南屯區,0,0,0,7,,,50,,,,,,,,,,,,,,,,,,,C03,,,1,,2,,,51,51,1,13,2,120.636643,24.145981,3
3562,66000,387130000C,(04)23274275,(04)23288582,2025,2,10,21,15,臺中市,大里區,0,0,0,7,,,30,,,,,,,,,,,,,,14,,,,,C03,,,1,,2,,,49,49,1,13,4,120.70705,24.106605,3
3563,66000,387130000C,(04)23274275,(04)23288582,2025,2,10,21,15,臺中市,烏日區,0,2,0,7,1,6,50,5,1,1,5,4,6,6,1,1,5,4,5,1,16,2,8,1,1,C03,7,6,3,19,2,12,11,48,48,1,6,4,120.642998,24.075595,2
3564,66000,387130000C,(04)23274275,(04)23288582,2025,2,10,21,17,臺中市,北區,0,2,0,7,1,6,50,4,2,1,5,4,6,6,4,4,3,4,5,2,13,2,9,1,1,C03,7,9,1,10,2,11,,7,7,1,12,4,120.682208,24.162935,2
3565,66000,387130000C,(04)23274275,(04)23288582,2025,2,10,21,18,臺中市,西屯區,0,0,0,7,,,40,,,,,,,,,,,,,,12,,,,,B01,,,1,,1,,,51,51,1,12,4,120.643944,24.165979,3
3566,66000,387130000C,(04)23274275,(04)23288582,2025,2,10,21,23,臺中市,東勢區,0,0,0,7,,,50,,,,,,,,,,,,,,14,,,,,B03,,,1,,1,,,49,49,1,12,4,120.829146,24.253438,3
3567,66000,387130000C,(04)23274275,(04)23288582,2025,2,10,21,28,臺中市,南屯區,0,1,0,7,1,6,30,11,9,1,5,4,6,6,4,4,10,5,5,2,20,2,9,1,1,C03,7,9,1,10,2,11,,5,5,1,12,4,120.613135,24.128058,2
3568,66000,387130000C,(04)23274275,(04)23288582,2025,2,10,21,32,臺中市,大里區,0,0,0,7,,,50,,,,,,,,,,,,,,14,,,,,B03,,,1,,2,,,49,49,1,12,4,120.681938,24.108921,3
3569,66000,387130000C,(04)23274275,(04)23288582,2025,2,10,21,37,臺中市,大里區,0,0,0,7,,,50,,,,,,,,,,,,,,30,,,,,B03,,,1,,2,,,84,84,1,13,4,120.674836,24.115801,3
3570,66000,387130000C,(04)23274275,(04)23288582,2025,2,10,21,40,臺中市,沙鹿區,0,1,0,7,3,6,50,13,9,1,5,4,6,6,4,4,9,5,5,2,16,3,10,3,1,B03,7,5,1,8,2,6,,20,20,1,12,4,120.580492,24.210657,2
3571,66000,387130000C,(04)23274275,(04)23288582,2025,2,10,21,45,臺中市,外埔區,0,1,0,7,1,6,50,5,1,1,5,4,6,6,1,1,10,5,5,2,16,3,10,3,1,B03,7,5,1,8,2,6,,25,25,1,12,4,120.639224,24.341661,2
3572,66000,387130000C,(04)23274275,(04)23288582,2025,2,10,21,49,臺中市,南區,0,1,0,7,1,6,50,13,9,1,5,4,6,6,4,4,5,5,5,2,17,3,10,3,1,B03,7,11,1,8,2,7,,39,39,1,13,4,120.662056,24.129175,2
3573,66000,387130000C,(04)23274275,(04)23288582,2025,2,10,21,50,臺中市,沙鹿區,0,1,0,7,1,6,40,11,8,1,5,4,6,6,4,4,10,5,5,2,19,2,9,2,1,C03,7,9,1,10,2,14,,6,6,1,11,4,120.591617,24.246052,2
3574,66000,387130000C,(04)23274275,(04)23288582,2025,2,10,22,4,臺中市,北屯區,0,1,0,7,1,6,40,4,1,1,5,4,6,6,2,1,10,5,5,2,16,3,10,1,1,C03,7,5,3,19,2,12,,84,84,1,12,4,120.685303,24.170844,2
3575,66000,387130000C,(04)23274275,(04)23288582,2025,2,10,22,17,臺中市,大甲區,0,2,0,7,2,6,40,4,1,1,5,4,6,6,4,4,4,1,5,1,15,2,9,2,1,C03,7,9,1,10,2,11,,15,15,1,12,2,120.622267,24.346037,2
3576,66000,387130000C,(04)23274275,(04)23288582,2025,2,10,22,27,臺中市,南屯區,0,1,0,7,1,6,50,4,1,1,5,4,6,6,4,4,10,5,5,2,12,3,10,5,4,B01,7,1,1,8,2,2,,51,51,1,13,4,120.610341,24.135681,2
3577,66000,387130000C,(04)23274275,(04)23288582,2025,2,10,22,31,臺中市,西屯區,0,2,0,6,2,6,40,4,2,1,5,4,6,6,2,1,10,5,5,2,13,2,9,1,1,C03,7,9,1,10,2,11,,7,7,1,13,4,120.602633,24.182917,2
3578,66000,387130000C,(04)23274275,(04)23288582,2025,2,10,22,32,臺中市,北屯區,0,0,0,7,,,50,,,,,,,,,,,,,,30,,,,,B12,,,1,,2,,,78,78,1,6,4,120.701838,24.18288,3
3579,66000,387130000C,(04)23274275,(04)23288582,2025,2,10,22,48,臺中市,太平區,0,1,0,7,1,6,50,13,9,1,5,4,6,6,4,4,5,4,5,2,18,2,9,2,1,C03,7,9,1,10,2,14,,84,84,1,12,4,120.705156,24.159497,2
3580,66000,387130000C,(04)23274275,(04)23288582,2025,2,10,23,0,臺中市,北區,0,2,0,7,1,6,50,3,1,1,5,4,6,6,1,1,10,5,5,2,16,2,9,5,4,C03,7,6,1,10,2,11,,11,11,1,13,4,120.699014,24.154039,2
3581,66000,387130000C,(04)23274275,(04)23288582,2025,2,10,23,11,臺中市,龍井區,0,1,0,7,1,6,50,3,1,1,5,4,6,6,4,4,10,5,5,2,17,2,9,1,1,C03,7,9,1,10,2,16,,6,6,1,6,4,120.589353,24.180678,2
3582,66000,387130000C,(04)23274275,(04)23288582,2025,2,10,23,13,臺中市,潭子區,0,1,0,7,1,6,50,3,1,1,5,4,6,6,4,4,10,5,5,2,14,3,10,3,1,B03,7,2,1,8,2,3,,49,49,1,12,4,120.700652,24.210957,2
3583,66000,387130000C,(04)23274275,(04)23288582,2025,2,10,23,24,臺中市,烏日區,0,0,0,7,,,50,,,,,,,,,,,,,,,,,,,B03,,,1,,2,,,23,23,1,6,4,120.624964,24.106272,3
3584,66000,387130000C,(04)23274275,(04)23288582,2025,2,10,23,30,臺中市,東區,0,0,0,7,,,50,,,,,,,,,,,,,,17,,,,,B03,,,1,,9,,,84,84,1,13,4,120.686578,24.143595,3
3585,66000,387130000C,(04)23274275,(04)23288582,2025,2,10,23,33,臺中市,豐原區,0,2,0,7,1,6,50,11,9,1,5,4,6,6,4,4,5,5,5,1,17,2,9,1,1,C03,7,9,1,10,9,12,,84,84,1,12,4,120.734549,24.237032,2
3586,66000,387130000C,(04)23274275,(04)23288582,2025,2,10,23,39,臺中市,沙鹿區,0,1,0,7,1,6,50,11,8,1,5,4,6,6,4,4,5,5,4,2,18,2,9,2,1,C03,7,15,1,10,2,14,,6,6,1,12,4,120.582699,24.244437,2