序號,縣市別代碼,機關代碼,市話,傳真,年,月,日,時,分,縣市,區,死亡數量,受傷數量,2-30,天候,道路照明設備,道路類別,道路速限,道路型態,事故位置,路面鋪裝,路面狀態,路面缺陷,障礙物,視距,號誌種類,號誌動作,分向設施,快車道或一般車道間,快慢車道間,路面邊線,事故類型及型態,受傷程度,主要傷處,保護裝備,行動電話或功能裝置,當事者區分(類別),車輛用途,當事者行動狀態,駕照狀態,駕照種類,飲酒情形,車輛撞擊部位最初,車輛撞擊部位其他,肇事因素個別,肇事因素主要,肇事逃逸,職業,共享經濟或外送平台,GPS座標X,GPS座標Y,事故類別
3587,66000,387130000C,(04)23274275,(04)23288582,2025,2,10,23,49,臺中市,東區,0,0,0,7,,,50,,,,,,,,,,,,,,17,,,,,B03,,,1,,2,,,84,84,1,12,4,120.710375,24.148446,3
3588,66000,387130000C,(04)23274275,(04)23288582,2025,2,11,0,59,臺中市,西屯區,0,1,0,7,1,6,40,4,1,1,5,4,6,6,4,4,5,5,4,2,15,2,9,2,1,C03,7,9,1,10,1,11,,12,12,1,5,4,120.644934,24.175421,2
3589,66000,387130000C,(04)23274275,(04)23288582,2025,2,11,1,46,臺中市,霧峰區,0,0,0,7,,,50,,,,,,,,,,,,,,20,,,,,B03,,,1,,11,,,59,59,1,5,4,120.698238,24.062121,3
3590,66000,387130000C,(04)23274275,(04)23288582,2025,2,11,2,17,臺中市,清水區,0,1,0,7,1,6,50,4,1,1,5,4,6,6,3,1,5,5,5,1,15,3,10,3,1,B03,7,9,1,8,2,2,,24,24,1,12,4,120.55745,24.262483,2
3591,66000,387130000C,(04)23274275,(04)23288582,2025,2,11,3,19,臺中市,南屯區,0,1,0,7,1,6,50,13,9,1,5,4,6,6,4,4,5,5,5,2,18,2,9,1,1,C03,7,9,1,10,2,16,,59,59,1,13,4,120.583295,24.141356,2
3592,66000,387130000C,(04)23274275,(04)23288582,2025,2,11,5,50,臺中市,北屯區,0,2,0,7,1,6,50,13,9,1,5,4,6,6,4,4,5,4,5,2,13,2,8,1,1,C03,7,9,1,10,2,11,,59,59,1,13,4,120.700889,24.160141,2
3593,66000,387130000C,(04)23274275,(04)23288582,2025,2,11,5,59,臺中市,南屯區,0,1,0,7,1,6,50,3,1,1,5,4,6,6,4,4,10,5,5,2,12,3,10,3,1,B12,7,5,1,8,2,6,,14,14,1,12,4,120.623977,24.145183,2
3594,66000,387130000C,(04)23274275,(04)23288582,2025,2,11,6,2,臺中市,大里區,0,1,0,7,1,6,50,11,9,1,5,4,6,6,4,4,5,2,5,1,9,3,10,3,1,B03,7,9,1,8,2,2,,84,84,1,6,4,120.68694,24.097244,2
3595,66000,387130000C,(04)23274275,(04)23288582,2025,2,11,6,28,臺中市,東區,0,1,0,7,2,6,50,5,1,1,5,4,6,6,1,1,5,3,5,2,17,3,10,3,1,B03,7,1,1,8,2,4,,51,51,1,13,4,120.702715,24.131483,2
3596,66000,387130000C,(04)23274275,(04)23288582,2025,2,11,6,36,臺中市,西屯區,0,0,0,7,,,50,,,,,,,,,,,,,,,,,,,B02,,,3,,1,,,7,7,1,11,4,120.639967,24.185145,3
3597,66000,387130000C,(04)23274275,(04)23288582,2025,2,11,6,43,臺中市,大里區,0,1,0,7,3,6,40,4,1,1,5,4,6,6,4,4,10,5,5,2,17,3,10,3,1,B03,7,1,1,8,2,8,,51,51,1,13,4,120.686254,24.095428,2
3598,66000,387130000C,(04)23274275,(04)23288582,2025,2,11,6,46,臺中市,南屯區,0,1,0,7,2,6,50,13,9,1,5,4,6,6,4,4,5,5,5,2,17,3,10,1,1,C03,7,1,1,10,2,14,,51,51,1,13,4,120.642842,24.135914,2
3599,66000,387130000C,(04)23274275,(04)23288582,2025,2,11,6,49,臺中市,北屯區,0,1,0,7,1,6,50,13,9,1,5,4,6,6,4,4,1,4,5,2,13,2,9,5,4,C03,7,9,1,10,2,11,,7,7,1,13,4,120.699246,24.177995,2
3600,66000,387130000C,(04)23274275,(04)23288582,2025,2,11,6,50,臺中市,東區,0,1,0,7,2,6,50,3,1,1,5,4,6,6,4,4,9,4,4,2,17,3,10,1,1,C03,7,1,1,10,1,16,,51,51,1,12,4,120.698059,24.144685,2
3601,66000,387130000C,(04)23274275,(04)23288582,2025,2,11,6,53,臺中市,大雅區,0,2,0,7,1,6,50,4,1,1,5,4,6,6,1,1,1,4,5,2,17,2,9,1,1,C03,7,1,1,10,2,11,,51,51,1,13,4,120.629083,24.206211,2
3602,66000,387130000C,(04)23274275,(04)23288582,2025,2,11,6,53,臺中市,神岡區,0,1,0,7,3,6,30,3,1,1,5,4,6,6,4,4,10,5,5,1,16,3,10,3,1,B03,7,6,1,8,2,8,,20,20,1,13,4,120.695656,24.247883,2
3603,66000,387130000C,(04)23274275,(04)23288582,2025,2,11,6,54,臺中市,太平區,0,2,0,7,2,6,30,3,1,1,5,4,6,6,4,4,5,5,5,2,17,2,9,5,4,C03,7,6,1,10,2,14,,13,13,1,6,4,120.700931,24.147997,2
3604,66000,387130000C,(04)23274275,(04)23288582,2025,2,11,6,57,臺中市,沙鹿區,0,0,0,7,2,6,50,11,9,1,5,4,6,6,4,4,5,5,5,2,20,3,10,3,1,B03,7,5,1,8,2,2,,8,8,1,6,4,120.563775,24.235659,3
3605,66000,387130000C,(04)23274275,(04)23288582,2025,2,11,7,1,臺中市,神岡區,0,1,0,7,2,6,30,4,1,1,5,4,6,6,4,4,10,5,5,2,17,3,10,3,1,B03,7,6,1,8,2,8,,14,14,1,6,4,120.662704,24.277101,2
3606,66000,387130000C,(04)23274275,(04)23288582,2025,2,11,7,2,臺中市,大雅區,0,0,0,7,,,70,,,,,,,,,,,,,,,,,,,C03,,,1,,2,,,40,40,1,13,4,120.632793,24.238366,3
3607,66000,387130000C,(04)23274275,(04)23288582,2025,2,11,7,2,臺中市,北屯區,0,1,0,7,2,6,50,4,19,1,5,4,6,6,4,4,10,4,4,2,3,3,10,3,1,B01,7,9,1,8,2,1,,10,10,1,6,4,120.672121,24.175571,2
3608,66000,387130000C,(04)23274275,(04)23288582,2025,2,11,7,2,臺中市,西屯區,0,2,0,7,2,6,50,3,2,1,5,4,6,6,1,1,1,4,4,2,12,2,9,1,1,C03,7,9,5,19,8,11,,7,7,1,13,4,120.653062,24.204283,2
3609,66000,387130000C,(04)23274275,(04)23288582,2025,2,11,7,5,臺中市,大里區,0,1,0,7,2,6,50,13,9,1,5,4,6,6,4,4,5,5,5,1,12,2,9,1,1,F03,7,4,7,21,2,14,,8,8,1,12,4,120.702023,24.110993,2
3610,66000,387130000C,(04)23274275,(04)23288582,2025,2,11,7,7,臺中市,北屯區,0,1,0,7,3,6,50,4,1,1,5,4,6,6,1,1,10,5,5,2,16,3,10,2,1,C03,7,5,1,10,2,12,,47,47,1,12,4,120.695377,24.164938,2
3611,66000,387130000C,(04)23274275,(04)23288582,2025,2,11,7,10,臺中市,大甲區,0,0,0,7,,,50,,,,,,,,,,,,,,17,,,,,B03,,,1,,2,,,51,51,1,6,4,120.637606,24.415891,3
3612,66000,387130000C,(04)23274275,(04)23288582,2025,2,11,7,11,臺中市,霧峰區,0,2,0,7,2,6,50,3,2,1,5,4,6,6,4,4,4,3,5,1,17,2,9,2,1,C03,7,9,1,10,2,11,,7,7,1,6,4,120.709436,24.07676,2
3613,66000,387130000C,(04)23274275,(04)23288582,2025,2,11,7,11,臺中市,烏日區,0,1,0,7,2,6,50,4,1,1,5,4,6,6,2,1,10,5,5,2,12,3,10,5,4,C03,7,7,1,10,2,13,,20,20,1,13,4,120.600376,24.110613,2
3614,66000,387130000C,(04)23274275,(04)23288582,2025,2,11,7,15,臺中市,潭子區,0,0,0,7,,,50,,,,,,,,,,,,,,,,,,,B03,,,1,,2,,,59,59,1,13,4,120.705362,24.207155,3
3615,66000,387130000C,(04)23274275,(04)23288582,2025,2,11,7,15,臺中市,后里區,0,0,0,7,,,50,,,,,,,,,,,,,,13,,,,,B03,,,1,,2,,,7,7,1,12,4,120.693158,24.317819,3
3616,66000,387130000C,(04)23274275,(04)23288582,2025,2,11,7,20,臺中市,北屯區,0,2,0,7,3,6,50,3,1,1,5,4,6,6,4,4,10,5,5,2,16,2,9,2,1,C03,7,6,1,10,1,12,,14,14,1,6,4,120.667773,24.17422,2
3617,66000,387130000C,(04)23274275,(04)23288582,2025,2,11,7,23,臺中市,北屯區,0,1,0,7,3,6,50,3,1,1,5,4,6,6,4,4,10,5,5,2,16,3,10,3,1,B03,7,6,1,2,2,8,,14,14,1,6,4,120.702406,24.171928,2
3618,66000,387130000C,(04)23274275,(04)23288582,2025,2,11,7,24,臺中市,神岡區,0,0,0,7,,,50,,,,,,,,,,,,,,13,,,,,B03,,,1,,1,,,84,84,1,6,4,120.664582,24.258199,3
3619,66000,387130000C,(04)23274275,(04)23288582,2025,2,11,7,26,臺中市,大肚區,0,0,0,7,,,50,,,,,,,,,,,,,,,,,,,B03,,,1,,1,,,11,11,1,6,4,120.545098,24.152019,3
3620,66000,387130000C,(04)23274275,(04)23288582,2025,2,11,7,29,臺中市,神岡區,0,0,0,7,,,50,,,,,,,,,,,,,,12,,,,,B03,,,1,,1,,,84,84,1,13,4,120.699979,24.263868,3
3621,66000,387130000C,(04)23274275,(04)23288582,2025,2,11,7,30,臺中市,新社區,0,2,0,7,3,6,30,11,9,1,5,4,6,6,4,4,10,5,5,1,10,2,9,5,4,C03,7,9,3,19,2,14,,41,41,1,13,4,120.791378,24.233968,2
3622,66000,387130000C,(04)23274275,(04)23288582,2025,2,11,7,31,臺中市,南屯區,0,1,0,7,2,6,50,4,1,1,5,4,6,6,4,4,5,5,5,2,15,3,10,3,1,B03,7,9,1,8,2,1,,12,12,1,12,4,120.613072,24.14546,2
3623,66000,387130000C,(04)23274275,(04)23288582,2025,2,11,7,32,臺中市,太平區,0,0,0,7,,,50,,,,,,,,,,,,,,13,,,,,C03,,,1,,1,,,7,7,1,12,4,120.700571,24.147974,3
3624,66000,387130000C,(04)23274275,(04)23288582,2025,2,11,7,33,臺中市,西屯區,0,0,0,7,,,30,,,,,,,,,,,,,,11,,,,,B03,,,1,,1,,,59,59,1,12,4,120.599577,24.204182,3
3625,66000,387130000C,(04)23274275,(04)23288582,2025,2,11,7,33,臺中市,太平區,0,1,0,7,2,6,50,4,1,1,5,4,6,6,1,1,10,5,5,2,12,2,9,2,1,C03,7,9,1,10,2,14,,8,8,1,13,4,120.719106,24.142401,2
3626,66000,387130000C,(04)23274275,(04)23288582,2025,2,11,7,35,臺中市,中區,0,0,0,7,,,50,,,,,,,,,,,,,,,,,,,C02,,,1,,1,,,7,7,1,13,4,120.678911,24.147113,3
3627,66000,387130000C,(04)23274275,(04)23288582,2025,2,11,7,35,臺中市,南屯區,0,0,0,7,,,50,,,,,,,,,,,,,,,,,,,B03,,,1,,1,,,40,40,1,6,4,120.623141,24.145201,4
3628,66000,387130000C,(04)23274275,(04)23288582,2025,2,11,7,35,臺中市,沙鹿區,0,1,0,7,2,6,50,13,8,1,5,4,6,6,4,4,3,3,3,1,17,3,10,5,4,B03,7,5,1,8,2,2,,20,20,1,13,4,120.570193,24.240566,2
3629,66000,387130000C,(04)23274275,(04)23288582,2025,2,11,7,36,臺中市,梧棲區,0,1,0,7,2,6,30,4,1,1,5,4,6,6,4,4,10,5,5,2,15,2,9,2,1,C03,7,9,1,10,2,12,,15,15,1,12,4,120.515643,24.224969,2
3630,66000,387130000C,(04)23274275,(04)23288582,2025,2,11,7,37,臺中市,北區,0,1,0,7,3,6,50,13,9,1,5,4,6,6,1,1,1,4,5,2,18,2,9,1,1,C03,7,15,1,10,2,15,,84,84,1,13,4,120.677083,24.151034,2
3631,66000,387130000C,(04)23274275,(04)23288582,2025,2,11,7,39,臺中市,沙鹿區,0,1,0,7,2,6,60,4,1,1,5,4,6,6,1,1,10,5,5,2,17,3,10,5,1,B03,7,13,1,8,2,4,,76,76,1,6,4,120.562263,24.240132,2
3632,66000,387130000C,(04)23274275,(04)23288582,2025,2,11,7,42,臺中市,梧棲區,0,0,0,7,,,90,,,,,,,,,,,,,,16,,,,,B03,,,1,,1,,,20,20,1,6,4,120.531427,24.238839,3
3633,66000,387130000C,(04)23274275,(04)23288582,2025,2,11,7,43,臺中市,南屯區,0,0,0,7,3,6,40,13,17,1,5,4,6,6,4,4,10,5,5,2,13,,,,,B03,,,1,,1,,,7,7,1,12,4,120.620196,24.117726,3
3634,66000,387130000C,(04)23274275,(04)23288582,2025,2,11,7,43,臺中市,北屯區,0,3,0,7,2,6,50,5,1,1,5,4,6,6,2,1,10,5,5,2,12,2,9,2,1,C03,7,9,1,10,2,11,,26,26,1,12,4,120.697696,24.170503,2
3635,66000,387130000C,(04)23274275,(04)23288582,2025,2,11,7,45,臺中市,東區,0,1,0,7,2,6,50,4,2,1,5,4,6,6,2,1,3,4,5,2,17,2,9,1,1,C03,7,9,1,10,2,11,,84,84,1,12,4,120.691062,24.142783,2
3636,66000,387130000C,(04)23274275,(04)23288582,2025,2,11,7,45,臺中市,后里區,0,0,0,7,,,30,,,,,,,,,,,,,,13,,,,,B03,,,1,,2,,,7,7,1,6,4,120.712553,24.329479,3
3637,66000,387130000C,(04)23274275,(04)23288582,2025,2,11,7,46,臺中市,西屯區,0,1,0,7,2,6,50,3,9,1,5,4,6,6,4,4,1,4,5,2,16,3,10,3,1,B03,7,5,1,8,2,6,,85,85,1,12,4,120.66051,24.201212,2
3638,66000,387130000C,(04)23274275,(04)23288582,2025,2,11,7,47,臺中市,大里區,0,1,0,7,2,6,30,13,9,1,5,4,6,6,4,4,1,4,5,1,17,3,10,3,1,B03,7,14,1,8,2,8,,85,85,1,12,4,120.680539,24.106507,2
3639,66000,387130000C,(04)23274275,(04)23288582,2025,2,11,7,48,臺中市,西屯區,0,2,0,7,2,6,50,13,9,1,5,4,6,6,4,4,10,4,5,2,12,2,9,2,1,C03,7,4,1,10,2,12,,85,85,1,13,4,120.658181,24.19955,2
3640,66000,387130000C,(04)23274275,(04)23288582,2025,2,11,7,48,臺中市,大里區,0,0,0,7,,,50,,,,,,,,,,,,,,,,,,,C03,,,1,,2,,,40,40,1,13,4,120.715429,24.094675,3
3641,66000,387130000C,(04)23274275,(04)23288582,2025,2,11,7,48,臺中市,梧棲區,0,0,0,7,,,60,,,,,,,,,,,,,,13,,,,,B03,,,1,,1,,,58,58,1,12,4,120.531116,24.269025,3
3642,66000,387130000C,(04)23274275,(04)23288582,2025,2,11,7,48,臺中市,石岡區,0,2,0,7,2,6,30,3,9,1,5,4,6,6,4,4,10,5,5,1,17,2,8,5,4,C03,7,6,1,10,2,11,,41,41,1,13,4,120.787088,24.275239,2
3643,66000,387130000C,(04)23274275,(04)23288582,2025,2,11,7,50,臺中市,沙鹿區,0,0,0,7,,,50,,,,,,,,,,,,,,,,,,,B12,,,1,,2,,,49,49,1,6,4,120.560378,24.240703,3
3644,66000,387130000C,(04)23274275,(04)23288582,2025,2,11,7,50,臺中市,梧棲區,0,1,0,7,3,6,50,13,9,1,5,4,6,6,4,4,5,5,5,1,13,2,9,1,1,C03,7,9,1,10,2,11,,7,7,1,6,4,120.538881,24.252762,2
3645,66000,387130000C,(04)23274275,(04)23288582,2025,2,11,7,50,臺中市,神岡區,0,0,0,7,,,30,,,,,,,,,,,,,,14,,,,,B03,,,1,,1,,,49,49,1,6,4,120.678837,24.251316,3
3646,66000,387130000C,(04)23274275,(04)23288582,2025,2,11,7,51,臺中市,沙鹿區,0,1,0,7,2,6,50,13,7,1,5,4,6,6,4,4,3,4,3,2,17,3,10,3,1,B03,7,9,1,10,1,1,,84,84,1,13,4,120.565909,24.238734,2
3647,66000,387130000C,(04)23274275,(04)23288582,2025,2,11,7,52,臺中市,西屯區,0,1,0,7,2,6,50,13,9,1,5,4,6,6,4,4,9,5,5,2,14,3,10,3,1,B03,7,2,1,10,1,3,,49,49,1,12,4,120.639995,24.179184,2
3648,66000,387130000C,(04)23274275,(04)23288582,2025,2,11,7,52,臺中市,大甲區,0,0,0,7,,,,,,,,,,,,,,,,,,,,,,,,,,,,,,87,87,1,,,120.66086,24.384873,3
3649,66000,387130000C,(04)23274275,(04)23288582,2025,2,11,7,53,臺中市,龍井區,0,1,0,7,3,6,30,3,9,1,5,4,6,6,4,4,10,5,5,1,17,3,10,3,1,B02,7,6,1,8,2,16,,48,48,1,6,4,120.531539,24.198893,2
3650,66000,387130000C,(04)23274275,(04)23288582,2025,2,11,7,54,臺中市,大里區,0,1,0,7,2,6,50,13,9,1,5,4,6,6,4,4,1,4,5,1,12,2,9,1,1,C04,7,8,1,10,2,14,,8,8,1,12,4,120.687426,24.094864,2
3651,66000,387130000C,(04)23274275,(04)23288582,2025,2,11,7,55,臺中市,大雅區,0,0,0,7,,,30,,,,,,,,,,,,,,,,,,,B03,,,1,,1,,,7,7,1,12,4,120.630965,24.220085,4
3652,66000,387130000C,(04)23274275,(04)23288582,2025,2,11,7,55,臺中市,南屯區,0,0,0,7,,,50,,,,,,,,,,,,,,13,,,,,C03,,,1,,2,,,7,7,1,12,4,120.622888,24.140467,3
3653,66000,387130000C,(04)23274275,(04)23288582,2025,2,11,7,56,臺中市,潭子區,0,0,0,7,,,50,,,,,,,,,,,,,,13,,,,,B03,,,1,,2,,,59,59,1,13,4,120.712237,24.213252,3
3654,66000,387130000C,(04)23274275,(04)23288582,2025,2,11,7,57,臺中市,霧峰區,0,1,0,7,2,6,40,13,8,1,5,4,6,6,4,4,1,4,1,1,13,2,9,1,1,C03,7,9,1,10,2,11,,58,58,1,12,4,120.666907,24.08346,2
3655,66000,387130000C,(04)23274275,(04)23288582,2025,2,11,7,58,臺中市,東區,0,0,0,7,,,50,,,,,,,,,,,,,,,,,,,B03,,,1,,1,,,59,59,1,12,4,120.699357,24.14797,3
3656,66000,387130000C,(04)23274275,(04)23288582,2025,2,11,8,0,臺中市,南屯區,0,0,0,7,,,40,,,,,,,,,,,,,,13,,,,,C03,,,1,,1,,,7,7,1,12,4,120.635711,24.143383,4
3657,66000,387130000C,(04)23274275,(04)23288582,2025,2,11,8,0,臺中市,北屯區,0,0,0,7,,,50,,,,,,,,,,,,,,12,,,,,B12,,,1,,9,,,84,84,1,6,4,120.722543,24.176029,3
3658,66000,387130000C,(04)23274275,(04)23288582,2025,2,11,8,1,臺中市,神岡區,0,1,0,7,3,6,30,13,9,1,5,4,6,6,4,4,9,5,5,1,16,3,10,3,1,B03,7,1,1,8,2,1,,51,51,1,13,4,120.647347,24.288962,2
3659,66000,387130000C,(04)23274275,(04)23288582,2025,2,11,8,2,臺中市,西屯區,0,0,0,7,,,50,,,,,,,,,,,,,,12,,,,,B03,,,1,,1,,,51,51,1,12,4,120.621563,24.186667,3
3660,66000,387130000C,(04)23274275,(04)23288582,2025,2,11,8,6,臺中市,梧棲區,0,0,0,7,,,70,,,,,,,,,,,,,,16,,,,,B03,,,1,,2,,,47,47,1,13,4,120.551006,24.244907,3
3661,66000,387130000C,(04)23274275,(04)23288582,2025,2,11,8,7,臺中市,南屯區,0,2,0,7,2,6,50,4,2,1,5,4,6,6,2,1,1,4,4,2,13,2,8,3,1,B12,7,9,1,8,2,1,,7,7,1,12,4,120.646388,24.134797,2
3662,66000,387130000C,(04)23274275,(04)23288582,2025,2,11,8,7,臺中市,大里區,0,2,0,7,2,6,50,4,1,1,5,4,6,6,4,4,10,5,5,2,15,2,7,2,1,C03,7,9,1,10,2,11,,15,15,1,13,4,120.702497,24.082973,2
3663,66000,387130000C,(04)23274275,(04)23288582,2025,2,11,8,8,臺中市,太平區,0,1,0,7,2,6,50,13,9,1,5,4,6,6,4,4,5,5,5,1,17,3,10,5,4,B03,7,15,1,8,2,4,,76,76,1,6,4,120.716617,24.124192,2
3664,66000,387130000C,(04)23274275,(04)23288582,2025,2,11,8,9,臺中市,北屯區,0,1,0,7,3,6,50,4,1,1,5,4,6,6,2,1,10,5,5,2,16,3,10,3,1,B03,7,5,1,8,2,2,,47,47,1,6,4,120.700355,24.164663,2
3665,66000,387130000C,(04)23274275,(04)23288582,2025,2,11,8,10,臺中市,南屯區,0,0,0,7,,,50,,,,,,,,,,,,,,13,,,,,C03,,,1,,1,,,7,7,1,12,4,120.622888,24.140467,3
3666,66000,387130000C,(04)23274275,(04)23288582,2025,2,11,8,10,臺中市,北屯區,0,1,0,7,3,6,30,4,1,1,5,4,6,6,4,4,10,5,5,2,15,3,10,3,1,B03,7,9,1,8,1,1,,15,15,1,6,4,120.708488,24.175343,2
3667,66000,387130000C,(04)23274275,(04)23288582,2025,2,11,8,11,臺中市,南屯區,0,0,0,7,,,50,,,,,,,,,,,,,,,,,,,B03,,,1,,1,,,50,50,1,6,4,120.63525,24.152154,4
3668,66000,387130000C,(04)23274275,(04)23288582,2025,2,11,8,14,臺中市,西區,0,0,0,7,,,1,,,,,,,,,,,,,,14,,,,,B03,,,1,,2,,,49,49,1,12,4,120.674083,24.139372,3
3669,66000,387130000C,(04)23274275,(04)23288582,2025,2,11,8,14,臺中市,西屯區,0,1,0,7,2,6,50,13,9,1,5,4,6,6,4,4,9,5,5,2,18,2,9,1,1,C04,7,1,1,10,2,11,,51,51,1,12,4,120.667155,24.176015,2
3670,66000,387130000C,(04)23274275,(04)23288582,2025,2,11,8,14,臺中市,大里區,0,0,0,7,,,50,,,,,,,,,,,,,,17,,,,,C03,,,1,,1,,,51,51,1,12,4,120.69875,24.109346,3
3671,66000,387130000C,(04)23274275,(04)23288582,2025,2,11,8,15,臺中市,西屯區,0,1,0,7,2,6,50,4,1,1,5,4,6,6,1,1,9,5,4,2,11,3,10,3,1,B03,7,6,1,15,2,1,,11,11,1,13,4,120.649935,24.172279,2
3672,66000,387130000C,(04)23274275,(04)23288582,2025,2,11,8,17,臺中市,南屯區,0,0,0,7,,,50,,,,,,,,,,,,,,13,,,,,B03,,,1,,1,,,59,59,1,12,4,120.64703,24.139317,3
3673,66000,387130000C,(04)23274275,(04)23288582,2025,2,11,8,17,臺中市,北屯區,0,1,0,7,2,6,50,13,8,1,5,4,6,6,4,4,9,4,4,2,12,3,10,3,1,B03,7,7,1,8,2,2,,40,40,1,12,4,120.691941,24.186838,2
3674,66000,387130000C,(04)23274275,(04)23288582,2025,2,11,8,18,臺中市,北屯區,0,0,0,7,,,40,,,,,,,,,,,,,,13,,,,,B03,,,1,,1,,,84,84,1,12,4,120.720907,24.174865,3
3675,66000,387130000C,(04)23274275,(04)23288582,2025,2,11,8,20,臺中市,中區,0,1,0,7,3,6,50,13,9,1,5,4,6,6,4,4,5,4,5,2,17,2,8,1,1,C03,7,8,1,10,9,14,,40,40,2,13,4,120.676747,24.140707,2
3676,66000,387130000C,(04)23274275,(04)23288582,2025,2,11,8,23,臺中市,神岡區,0,0,0,7,,,1,,,,,,,,,,,,,,30,,,,,A11,,,1,,2,,,50,50,1,6,4,120.649883,24.282533,3
3677,66000,387130000C,(04)23274275,(04)23288582,2025,2,11,8,25,臺中市,烏日區,0,1,0,7,1,6,50,13,8,1,5,4,6,6,3,1,5,5,4,2,12,3,10,2,1,C03,7,9,1,10,2,12,,7,7,1,6,4,120.607281,24.110486,2
3678,66000,387130000C,(04)23274275,(04)23288582,2025,2,11,8,25,臺中市,沙鹿區,0,0,0,7,,,50,,,,,,,,,,,,,,,,,,,A02,,,1,,2,,,84,84,1,13,4,120.565545,24.237111,3
3679,66000,387130000C,(04)23274275,(04)23288582,2025,2,11,8,27,臺中市,南屯區,0,3,0,7,3,6,40,13,8,1,5,4,6,6,1,1,3,4,4,2,13,2,9,1,1,C03,7,9,1,10,1,11,,7,7,1,12,4,120.6514,24.150796,2
3680,66000,387130000C,(04)23274275,(04)23288582,2025,2,11,8,28,臺中市,北屯區,0,0,0,7,,,50,,,,,,,,,,,,,,12,,,,,B03,,,1,,1,,,39,39,1,6,4,120.680569,24.171881,3
3681,66000,387130000C,(04)23274275,(04)23288582,2025,2,11,8,29,臺中市,大雅區,0,1,0,7,1,6,30,3,1,1,5,4,6,6,4,4,10,5,5,2,17,3,10,3,1,B03,7,6,1,8,2,1,,14,14,1,13,4,120.63757,24.210727,2
3682,66000,387130000C,(04)23274275,(04)23288582,2025,2,11,8,29,臺中市,西屯區,0,2,0,7,3,6,30,3,1,1,5,4,6,6,4,4,10,5,5,2,16,2,9,1,1,C03,7,6,1,10,2,11,,14,14,1,12,4,120.613171,24.173226,2
3683,66000,387130000C,(04)23274275,(04)23288582,2025,2,11,8,31,臺中市,大里區,0,1,0,7,2,6,50,3,1,1,5,4,6,6,3,1,10,5,5,1,15,2,9,1,1,C03,7,11,1,10,2,14,,46,46,1,12,4,120.683887,24.097138,2
3684,66000,387130000C,(04)23274275,(04)23288582,2025,2,11,8,32,臺中市,北區,0,0,0,7,,,50,,,,,,,,,,,,,,17,,,,,C03,,,1,,1,,,51,51,1,12,4,120.676763,24.16033,3
3685,66000,387130000C,(04)23274275,(04)23288582,2025,2,11,8,32,臺中市,北區,0,2,0,7,2,6,50,13,9,1,5,4,6,6,4,4,1,4,5,2,17,2,9,1,1,C03,7,9,1,10,2,12,,85,85,1,12,4,120.683216,24.148024,2
3686,66000,387130000C,(04)23274275,(04)23288582,2025,2,11,8,34,臺中市,北屯區,0,1,0,7,3,6,50,3,1,1,5,4,6,6,1,1,10,5,5,2,18,2,9,2,1,C03,7,15,1,10,2,14,,84,84,1,12,4,120.699096,24.170364,2
3687,66000,387130000C,(04)23274275,(04)23288582,2025,2,11,8,37,臺中市,霧峰區,0,0,0,7,,,30,,,,,,,,,,,,,,14,,,,,B03,,,1,,11,,,49,49,1,13,4,120.682112,24.063658,3
3688,66000,387130000C,(04)23274275,(04)23288582,2025,2,11,8,38,臺中市,西屯區,0,0,0,7,,,50,,,,,,,,,,,,,,13,,,,,B03,,,1,,1,,,7,7,1,13,4,120.638688,24.168713,3
3689,66000,387130000C,(04)23274275,(04)23288582,2025,2,11,8,38,臺中市,西屯區,0,1,0,7,2,6,50,3,1,1,5,4,6,6,1,1,10,5,5,2,16,3,10,3,1,B03,7,6,1,8,2,1,,11,11,1,12,4,120.616508,24.182689,2
3690,66000,387130000C,(04)23274275,(04)23288582,2025,2,11,8,39,臺中市,北區,0,1,0,7,2,6,50,4,2,1,5,4,6,6,4,4,10,5,5,2,15,3,10,3,1,B03,7,9,1,8,2,1,,15,15,1,13,4,120.680257,24.162697,2
3691,66000,387130000C,(04)23274275,(04)23288582,2025,2,11,8,40,臺中市,西屯區,0,1,0,7,2,6,30,13,9,1,5,4,6,6,4,4,10,5,5,2,17,3,10,3,1,B03,7,15,1,8,1,4,,76,76,1,12,4,120.660918,24.173581,2
3692,66000,387130000C,(04)23274275,(04)23288582,2025,2,11,8,45,臺中市,北屯區,0,1,0,7,3,6,50,3,1,1,5,4,6,6,4,4,10,5,5,2,17,3,10,3,1,B03,7,6,1,8,2,8,,59,59,1,6,4,120.672078,24.175547,2
3693,66000,387130000C,(04)23274275,(04)23288582,2025,2,11,8,46,臺中市,中區,0,0,0,5,,,50,,,,,,,,,,,,,,,,,,,C03,,,1,,1,,,84,84,1,13,4,120.679128,24.147681,3
3694,66000,387130000C,(04)23274275,(04)23288582,2025,2,11,8,46,臺中市,北屯區,0,1,0,7,3,6,50,4,1,1,5,4,6,6,2,1,10,5,5,2,16,2,9,2,1,C03,7,6,1,10,2,14,,23,23,1,6,4,120.705646,24.164669,2
3695,66000,387130000C,(04)23274275,(04)23288582,2025,2,11,8,47,臺中市,大甲區,0,1,0,7,2,6,50,3,1,1,5,4,6,6,4,4,10,5,5,2,13,2,7,2,1,C03,7,6,1,10,2,11,,7,7,1,6,4,120.658858,24.399286,2
3696,66000,387130000C,(04)23274275,(04)23288582,2025,2,11,8,50,臺中市,西屯區,0,1,0,7,2,6,30,3,1,1,5,4,6,6,4,4,5,5,4,2,16,3,10,3,1,B03,7,6,1,8,2,1,,13,13,1,12,4,120.607255,24.163475,2