序號,縣市別代碼,機關代碼,市話,傳真,年,月,日,時,分,縣市,區,死亡數量,受傷數量,2-30,天候,道路照明設備,道路類別,道路速限,道路型態,事故位置,路面鋪裝,路面狀態,路面缺陷,障礙物,視距,號誌種類,號誌動作,分向設施,快車道或一般車道間,快慢車道間,路面邊線,事故類型及型態,受傷程度,主要傷處,保護裝備,行動電話或功能裝置,當事者區分(類別),車輛用途,當事者行動狀態,駕照狀態,駕照種類,飲酒情形,車輛撞擊部位最初,車輛撞擊部位其他,肇事因素個別,肇事因素主要,肇事逃逸,職業,共享經濟或外送平台,GPS座標X,GPS座標Y,事故類別
3697,66000,387130000C,(04)23274275,(04)23288582,2025,2,11,8,51,臺中市,北區,0,2,0,7,3,6,50,4,1,1,5,4,6,6,4,4,5,5,5,2,17,2,8,1,1,C03,7,6,1,10,2,14,,84,84,1,13,4,120.676141,24.161707,2
3698,66000,387130000C,(04)23274275,(04)23288582,2025,2,11,8,53,臺中市,太平區,0,1,0,7,3,6,30,3,9,1,5,4,6,6,4,4,10,5,5,2,16,2,8,2,1,C03,7,6,1,10,2,11,,41,41,1,12,4,120.72741,24.151124,2
3699,66000,387130000C,(04)23274275,(04)23288582,2025,2,11,8,55,臺中市,東區,0,0,0,7,,,50,,,,,,,,,,,,,,14,,,,,B12,,,1,,2,,,49,49,1,12,4,120.694186,24.13375,3
3700,66000,387130000C,(04)23274275,(04)23288582,2025,2,11,8,59,臺中市,后里區,0,1,0,7,2,6,50,4,2,1,5,4,6,6,4,4,9,4,5,1,16,2,9,2,1,C03,7,5,1,10,2,14,,14,14,1,12,4,120.713241,24.307658,2
3701,66000,387130000C,(04)23274275,(04)23288582,2025,2,11,9,0,臺中市,太平區,0,0,0,7,,,30,,,,,,,,,,,,,,11,,,,,B12,,,1,,1,,,8,8,1,12,4,120.707101,24.126682,3
3702,66000,387130000C,(04)23274275,(04)23288582,2025,2,11,9,0,臺中市,太平區,0,0,0,7,,,50,,,,,,,,,,,,,,,,,,,A12,,,1,,2,,,49,49,1,6,4,120.717522,24.102676,3
3703,66000,387130000C,(04)23274275,(04)23288582,2025,2,11,9,0,臺中市,大甲區,0,0,0,7,,,50,,,,,,,,,,,,,,,,,,,B12,,,1,,1,,,14,14,1,6,4,120.647354,24.406625,4
3704,66000,387130000C,(04)23274275,(04)23288582,2025,2,11,9,1,臺中市,南區,0,2,0,7,2,6,50,4,1,1,5,4,6,6,1,1,10,5,5,2,17,2,9,1,1,C03,7,15,3,19,2,11,,84,84,1,12,4,120.664535,24.122587,2
3705,66000,387130000C,(04)23274275,(04)23288582,2025,2,11,9,1,臺中市,北屯區,0,0,0,7,,,50,,,,,,,,,,,,,,,,,,,B03,,,1,,2,,,84,84,1,12,4,120.697658,24.170006,3
3706,66000,387130000C,(04)23274275,(04)23288582,2025,2,11,9,2,臺中市,神岡區,0,1,0,7,3,6,50,3,1,1,5,4,6,6,1,1,5,4,4,1,16,3,10,3,1,A12,7,5,1,6,2,2,,87,87,1,13,4,120.671102,24.25632,2
3707,66000,387130000C,(04)23274275,(04)23288582,2025,2,11,9,3,臺中市,北屯區,0,0,0,7,,,50,,,,,,,,,,,,,,13,,,,,C03,,,1,10,1,,,7,7,1,12,4,120.677494,24.186482,3
3708,66000,387130000C,(04)23274275,(04)23288582,2025,2,11,9,5,臺中市,北區,0,0,0,7,,,50,,,,,,,,,,,,,,16,,,,,C03,,,1,,2,,,47,47,1,13,4,120.681689,24.165037,3
3709,66000,387130000C,(04)23274275,(04)23288582,2025,2,11,9,18,臺中市,西屯區,0,1,0,7,2,6,50,4,1,1,5,4,6,6,2,1,10,5,5,2,16,3,10,5,4,B03,7,5,1,8,1,5,,11,11,1,12,4,120.647873,24.169797,2
3710,66000,387130000C,(04)23274275,(04)23288582,2025,2,11,9,20,臺中市,豐原區,0,0,0,7,,,30,,,,,,,,,,,,,,,,,,,B03,,,1,,2,,,58,58,1,13,4,120.748161,24.252876,3
3711,66000,387130000C,(04)23274275,(04)23288582,2025,2,11,9,27,臺中市,西屯區,0,0,0,7,3,3,80,13,17,1,5,4,6,6,4,4,1,4,5,2,13,,,,,B03,,,1,,2,,,7,7,1,12,4,120.626898,24.159517,3
3712,66000,387130000C,(04)23274275,(04)23288582,2025,2,11,9,28,臺中市,西屯區,0,1,0,7,2,6,50,3,1,1,5,4,6,6,1,1,5,2,5,2,16,3,10,3,1,B12,7,9,1,8,2,5,,21,21,1,12,4,120.655331,24.174999,2
3713,66000,387130000C,(04)23274275,(04)23288582,2025,2,11,9,30,臺中市,南屯區,0,0,0,7,,,80,,,,,,,,,,,,,,11,,,,,A42,,,1,,2,,,40,40,1,12,4,120.622883,24.140243,3
3714,66000,387130000C,(04)23274275,(04)23288582,2025,2,11,9,33,臺中市,沙鹿區,0,1,0,7,2,6,40,13,8,1,5,4,6,6,4,4,1,4,4,2,17,2,3,1,1,C03,7,9,1,10,2,11,12,59,59,1,6,4,120.557739,24.225878,2
3715,66000,387130000C,(04)23274275,(04)23288582,2025,2,11,9,37,臺中市,南屯區,0,1,0,7,2,6,50,3,1,1,5,4,6,6,4,4,10,5,5,2,16,3,10,3,1,B03,7,5,1,7,2,8,,14,14,1,6,4,120.619015,24.15151,2
3716,66000,387130000C,(04)23274275,(04)23288582,2025,2,11,9,37,臺中市,東勢區,0,1,0,7,2,6,50,13,9,1,5,4,6,6,4,4,10,5,5,1,17,2,9,2,1,C03,7,9,1,10,2,16,,84,84,1,12,4,120.890008,24.221321,2
3717,66000,387130000C,(04)23274275,(04)23288582,2025,2,11,9,37,臺中市,豐原區,0,0,0,7,2,6,50,18,21,1,5,4,6,6,4,4,1,5,5,2,17,3,10,3,1,B03,7,9,1,8,2,1,,51,51,1,12,4,120.71155,24.2619,3
3718,66000,387130000C,(04)23274275,(04)23288582,2025,2,11,9,38,臺中市,大里區,0,1,0,7,2,6,50,4,1,1,5,4,6,6,1,1,5,5,5,1,13,3,10,3,1,B03,7,9,3,19,2,8,,84,84,1,13,4,120.67174,24.108033,2
3719,66000,387130000C,(04)23274275,(04)23288582,2025,2,11,9,41,臺中市,東區,0,0,0,7,,,50,,,,,,,,,,,,,,11,,,,,B12,,,1,,2,,,78,78,1,13,4,120.699789,24.127411,3
3720,66000,387130000C,(04)23274275,(04)23288582,2025,2,11,9,42,臺中市,太平區,0,0,0,7,,,50,,,,,,,,,,,,,,6,,,,,B12,,,1,,2,,,39,39,1,12,4,120.725861,24.123571,3
3721,66000,387130000C,(04)23274275,(04)23288582,2025,2,11,9,44,臺中市,北屯區,0,2,0,7,3,6,50,4,1,1,5,4,6,6,2,1,10,5,5,2,15,2,9,1,1,C03,7,9,1,10,2,11,,21,21,1,6,4,120.717609,24.159896,2
3722,66000,387130000C,(04)23274275,(04)23288582,2025,2,11,9,45,臺中市,北區,0,2,0,7,2,6,40,5,9,1,5,4,6,6,1,1,1,4,5,2,16,2,9,5,4,C03,7,15,1,10,2,12,,42,42,1,13,4,120.686497,24.155216,2
3723,66000,387130000C,(04)23274275,(04)23288582,2025,2,11,9,49,臺中市,神岡區,0,1,0,7,2,6,50,4,1,1,5,4,6,6,4,4,10,5,5,1,17,3,10,3,1,B11,7,6,1,8,2,5,,14,14,1,6,4,120.695627,24.247675,2
3724,66000,387130000C,(04)23274275,(04)23288582,2025,2,11,9,52,臺中市,霧峰區,0,1,0,7,2,6,50,13,9,1,5,4,6,6,4,4,10,5,5,2,17,3,10,1,1,C03,7,9,1,10,2,11,,82,82,1,6,4,120.700372,24.065891,2
3725,66000,387130000C,(04)23274275,(04)23288582,2025,2,11,9,56,臺中市,潭子區,0,0,0,7,,,60,,,,,,,,,,,,,,,,,,,C03,,,1,,2,,,8,8,2,13,4,120.702514,24.193999,3
3726,66000,387130000C,(04)23274275,(04)23288582,2025,2,11,9,58,臺中市,太平區,0,1,0,7,2,6,50,13,9,1,5,4,6,6,4,4,5,5,5,1,12,3,10,3,1,B12,7,9,1,8,2,15,,85,85,1,13,4,120.704745,24.111417,2
3727,66000,387130000C,(04)23274275,(04)23288582,2025,2,11,9,58,臺中市,豐原區,0,0,0,7,,,30,,,,,,,,,,,,,,16,,,,,B03,,,1,,2,,,14,14,1,12,4,120.7188,24.264647,3
3728,66000,387130000C,(04)23274275,(04)23288582,2025,2,11,9,59,臺中市,北屯區,0,1,0,7,3,6,50,4,1,1,5,4,6,6,1,1,10,5,5,2,16,3,10,2,1,C03,7,5,1,10,2,12,,47,47,1,12,4,120.689327,24.201289,2
3729,66000,387130000C,(04)23274275,(04)23288582,2025,2,11,9,59,臺中市,豐原區,0,2,0,7,3,6,50,3,1,1,5,4,6,6,4,4,10,5,5,2,16,2,9,2,1,C03,7,5,1,10,2,12,,14,14,1,13,4,120.71641,24.243461,2
3730,66000,387130000C,(04)23274275,(04)23288582,2025,2,11,10,0,臺中市,西屯區,0,0,0,7,,,50,,,,,,,,,,,,,,14,,,,,B01,,,1,,1,,,49,49,1,13,4,120.645191,24.162759,3
3731,66000,387130000C,(04)23274275,(04)23288582,2025,2,11,10,12,臺中市,大雅區,0,0,0,7,,,50,,,,,,,,,,,,,,,,,,,B03,,,1,,1,,,7,7,1,13,4,120.649071,24.225063,3
3732,66000,387130000C,(04)23274275,(04)23288582,2025,2,11,10,13,臺中市,西區,0,1,0,7,2,6,50,4,1,1,5,4,6,6,4,4,5,5,5,2,15,2,9,2,1,C03,7,9,1,10,2,12,,15,15,1,12,4,120.662369,24.157003,2
3733,66000,387130000C,(04)23274275,(04)23288582,2025,2,11,10,14,臺中市,梧棲區,0,1,0,7,3,6,30,4,1,1,5,4,6,6,4,4,10,5,5,2,15,3,10,3,1,B12,7,9,1,8,2,5,,12,12,1,6,4,120.556208,24.258779,2
3734,66000,387130000C,(04)23274275,(04)23288582,2025,2,11,10,29,臺中市,南區,0,1,0,7,2,6,50,4,2,1,5,4,6,6,2,1,3,4,5,2,13,2,8,1,1,C03,7,9,1,10,2,11,,7,7,1,12,4,120.679112,24.126971,2
3735,66000,387130000C,(04)23274275,(04)23288582,2025,2,11,10,31,臺中市,西區,0,2,0,7,3,6,50,4,1,1,5,4,6,6,2,1,10,5,5,2,13,2,9,1,1,C03,7,9,1,10,2,11,,84,84,1,13,4,120.67127,24.145647,2
3736,66000,387130000C,(04)23274275,(04)23288582,2025,2,11,10,35,臺中市,霧峰區,0,0,0,7,,,30,,,,,,,,,,,,,,,,,,,G02,,,1,,2,,,41,41,1,13,4,120.665435,24.072508,3
3737,66000,387130000C,(04)23274275,(04)23288582,2025,2,11,10,36,臺中市,西屯區,0,1,0,7,2,6,50,13,9,1,5,4,6,6,4,4,1,4,5,2,12,2,9,1,1,C03,7,7,1,10,2,11,,7,7,1,13,4,120.650451,24.164061,2
3738,66000,387130000C,(04)23274275,(04)23288582,2025,2,11,10,37,臺中市,大里區,0,0,0,7,,,50,,,,,,,,,,,,,,9,,,,,B03,,,1,,2,,,50,50,1,12,4,120.683317,24.115133,3
3739,66000,387130000C,(04)23274275,(04)23288582,2025,2,11,10,40,臺中市,東區,0,1,0,7,1,6,50,4,1,1,5,4,6,6,4,4,9,4,5,2,12,2,9,1,1,C03,7,9,1,10,2,12,,15,15,1,12,4,120.70443,24.14217,2
3740,66000,387130000C,(04)23274275,(04)23288582,2025,2,11,10,40,臺中市,東勢區,0,1,0,7,3,6,50,5,1,1,5,4,5,5,4,4,9,4,5,1,15,3,10,5,4,B03,7,9,1,8,2,5,,12,12,1,12,4,120.82761,24.258797,2
3741,66000,387130000C,(04)23274275,(04)23288582,2025,2,11,10,41,臺中市,霧峰區,0,0,0,7,,,50,,,,,,,,,,,,,,19,,,,,B03,,,5,,2,,,84,84,1,13,4,120.674143,24.046768,3
3742,66000,387130000C,(04)23274275,(04)23288582,2025,2,11,10,42,臺中市,烏日區,0,0,0,7,2,6,50,13,7,1,5,4,6,6,4,4,1,4,1,2,12,3,10,3,1,B03,7,8,1,8,2,4,,40,40,1,6,4,120.613809,24.102978,3
3743,66000,387130000C,(04)23274275,(04)23288582,2025,2,11,10,51,臺中市,東勢區,0,0,0,7,,,50,,,,,,,,,,,,,,14,,,,,B12,,,1,,1,,,49,49,1,13,4,120.828982,24.248993,3
3744,66000,387130000C,(04)23274275,(04)23288582,2025,2,11,10,52,臺中市,南區,0,0,0,7,,,50,,,,,,,,,,,,,,,,,,,B03,,,1,,2,,,84,84,1,6,4,120.684305,24.13059,3
3745,66000,387130000C,(04)23274275,(04)23288582,2025,2,11,10,52,臺中市,南屯區,0,2,0,7,2,6,50,4,1,1,5,4,6,6,1,1,9,4,1,2,12,2,9,1,1,C03,7,7,1,10,2,12,,40,40,1,12,4,120.625929,24.145026,2
3746,66000,387130000C,(04)23274275,(04)23288582,2025,2,11,10,57,臺中市,西屯區,0,0,0,7,,,50,,,,,,,,,,,,,,14,,,,,B03,,,1,,2,,,49,49,1,12,4,120.629523,24.158706,3
3747,66000,387130000C,(04)23274275,(04)23288582,2025,2,11,10,59,臺中市,大里區,0,2,0,7,2,6,40,4,12,1,5,4,6,6,1,1,1,2,4,1,12,2,9,1,1,C03,7,9,1,10,2,11,,7,7,1,12,4,120.669674,24.103566,2
3748,66000,387130000C,(04)23274275,(04)23288582,2025,2,11,10,59,臺中市,豐原區,0,0,0,7,2,6,50,13,14,1,5,4,6,6,4,4,5,3,4,1,12,3,10,1,1,C03,7,9,1,10,9,14,,84,84,1,12,4,120.720971,24.239747,3
3749,66000,387130000C,(04)23274275,(04)23288582,2025,2,11,11,0,臺中市,北屯區,0,0,0,7,,,30,,,,,,,,,,,,,,12,,,,,B13,,,1,,2,,,50,50,1,6,4,120.661717,24.19566,3
3750,66000,387130000C,(04)23274275,(04)23288582,2025,2,11,11,2,臺中市,南區,0,1,0,7,2,6,50,4,1,1,5,4,6,6,2,1,10,5,5,2,3,3,10,3,1,B01,7,6,1,4,2,1,,10,10,1,12,4,120.673393,24.130374,2
3751,66000,387130000C,(04)23274275,(04)23288582,2025,2,11,11,5,臺中市,大雅區,0,0,0,7,,,30,,,,,,,,,,,,,,,,,,,C03,,,1,,1,,,20,20,1,12,4,120.655052,24.215687,3
3752,66000,387130000C,(04)23274275,(04)23288582,2025,2,11,11,7,臺中市,北區,0,1,0,7,2,6,50,4,1,1,5,4,6,6,1,1,5,5,5,2,17,3,10,5,1,C03,7,9,1,10,9,12,,59,59,1,13,4,120.677213,24.152675,2
3753,66000,387130000C,(04)23274275,(04)23288582,2025,2,11,11,12,臺中市,中區,0,1,0,7,2,6,50,4,19,1,5,4,6,6,4,4,10,5,5,2,3,2,9,1,1,C03,7,9,1,10,2,11,12,10,10,1,12,4,120.677111,24.144534,2
3754,66000,387130000C,(04)23274275,(04)23288582,2025,2,11,11,13,臺中市,西區,0,0,0,7,,,50,,,,,,,,,,,,,,,,,,,B03,,,1,,1,,,84,84,1,12,4,120.66864,24.139734,3
3755,66000,387130000C,(04)23274275,(04)23288582,2025,2,11,11,18,臺中市,北屯區,0,0,0,7,,,50,,,,,,,,,,,,,,17,,,,,B03,,,1,,1,,,7,7,1,12,4,120.669504,24.177266,3
3756,66000,387130000C,(04)23274275,(04)23288582,2025,2,11,11,21,臺中市,東區,0,1,0,7,2,6,50,4,2,1,5,4,6,6,2,1,5,5,5,2,13,3,10,3,1,B03,7,9,1,8,2,1,,56,56,1,12,4,120.706347,24.136694,2
3757,66000,387130000C,(04)23274275,(04)23288582,2025,2,11,11,23,臺中市,北屯區,0,1,0,7,2,6,50,3,9,1,5,4,6,6,2,1,1,4,5,2,17,3,10,3,1,B03,7,1,1,8,2,8,,51,51,1,6,4,120.697449,24.169365,2
3758,66000,387130000C,(04)23274275,(04)23288582,2025,2,11,11,27,臺中市,西屯區,0,1,0,7,2,6,50,3,1,1,5,4,6,6,4,4,10,5,5,2,16,2,9,2,1,C03,7,6,1,10,2,11,,84,84,1,13,2,120.618753,24.188829,2
3759,66000,387130000C,(04)23274275,(04)23288582,2025,2,11,11,28,臺中市,梧棲區,0,0,0,7,,,50,,,,,,,,,,,,,,12,,,,,C03,,,1,,1,,,84,84,1,12,4,120.531512,24.25713,3
3760,66000,387130000C,(04)23274275,(04)23288582,2025,2,11,11,30,臺中市,西區,0,0,0,7,,,30,,,,,,,,,,,,,,17,,,,,B12,,,1,,1,,,49,49,1,12,4,120.670203,24.148404,3
3761,66000,387130000C,(04)23274275,(04)23288582,2025,2,11,11,32,臺中市,西屯區,0,1,0,7,3,6,50,4,1,1,5,4,6,6,4,4,10,5,5,2,15,2,9,1,1,C03,7,9,1,10,2,13,,13,13,1,12,4,120.627807,24.159398,2
3762,66000,387130000C,(04)23274275,(04)23288582,2025,2,11,11,38,臺中市,神岡區,0,1,0,7,3,6,60,13,9,1,5,4,6,6,4,4,3,4,5,2,12,3,10,3,1,B03,7,14,1,8,2,8,,77,77,1,13,4,120.69266,24.232197,2
3763,66000,387130000C,(04)23274275,(04)23288582,2025,2,11,11,39,臺中市,北屯區,0,0,0,7,,,50,,,,,,,,,,,,,,,,,,,B03,,,1,,1,,,84,84,1,12,4,120.663718,24.186353,3
3764,66000,387130000C,(04)23274275,(04)23288582,2025,2,11,11,40,臺中市,沙鹿區,0,0,0,7,,,50,,,,,,,,,,,,,,,,,,,B03,,,1,,2,,,84,84,1,13,4,120.556856,24.224911,3
3765,66000,387130000C,(04)23274275,(04)23288582,2025,2,11,11,40,臺中市,梧棲區,0,0,0,7,,,30,,,,,,,,,,,,,,14,,,,,A41,,,1,,1,,,49,49,1,13,4,120.538511,24.257293,3
3766,66000,387130000C,(04)23274275,(04)23288582,2025,2,11,11,41,臺中市,大雅區,0,1,0,7,1,6,50,4,1,1,5,4,6,6,1,1,5,2,5,1,17,2,9,1,1,C03,7,9,3,19,2,12,,26,26,1,13,4,120.653545,24.221255,2
3767,66000,387130000C,(04)23274275,(04)23288582,2025,2,11,11,44,臺中市,北區,0,1,0,7,2,6,50,13,9,1,5,4,6,6,4,4,10,5,5,1,12,2,9,2,1,C02,7,9,1,9,2,12,,84,84,1,13,4,120.686299,24.165372,2
3768,66000,387130000C,(04)23274275,(04)23288582,2025,2,11,11,44,臺中市,沙鹿區,0,1,0,7,2,6,50,4,1,1,5,4,6,6,4,4,10,5,5,2,17,2,7,2,1,C03,7,9,1,10,2,11,,7,7,1,6,4,120.570885,24.229705,2
3769,66000,387130000C,(04)23274275,(04)23288582,2025,2,11,11,45,臺中市,烏日區,0,0,0,7,,,50,,,,,,,,,,,,,,11,,,,,C03,,,1,,1,,,39,39,1,13,4,120.63787,24.108401,3
3770,66000,387130000C,(04)23274275,(04)23288582,2025,2,11,11,45,臺中市,大甲區,0,1,0,7,1,6,50,13,7,1,5,4,6,6,4,4,5,5,4,1,18,2,9,1,1,C03,7,9,1,10,2,11,11,54,54,1,12,4,120.625396,24.343646,2
3771,66000,387130000C,(04)23274275,(04)23288582,2025,2,11,11,45,臺中市,豐原區,0,0,0,7,,,50,,,,,,,,,,,,,,,,,,,B03,,,1,,2,,,84,84,1,13,4,120.709778,24.250532,3
3772,66000,387130000C,(04)23274275,(04)23288582,2025,2,11,11,48,臺中市,太平區,0,0,0,7,,,50,,,,,,,,,,,,,,12,,,,,B13,,,1,,2,,,8,8,1,12,4,120.708909,24.128095,3
3773,66000,387130000C,(04)23274275,(04)23288582,2025,2,11,11,48,臺中市,神岡區,0,0,0,7,,,50,,,,,,,,,,,,,,17,,,,,B12,,,1,,1,,,50,50,1,6,4,120.685104,24.246392,3
3774,66000,387130000C,(04)23274275,(04)23288582,2025,2,11,11,49,臺中市,大甲區,0,1,0,7,2,6,50,4,2,1,5,4,6,6,4,4,5,5,5,1,13,3,10,3,1,B03,7,9,5,19,2,1,,56,56,1,6,4,120.617318,24.346883,2
3775,66000,387130000C,(04)23274275,(04)23288582,2025,2,11,11,54,臺中市,豐原區,0,1,0,7,2,6,50,3,8,1,5,4,6,6,4,4,5,5,4,2,17,3,10,1,1,C03,7,6,1,10,2,12,,14,14,1,12,4,120.720252,24.25171,2
3776,66000,387130000C,(04)23274275,(04)23288582,2025,2,11,11,55,臺中市,烏日區,0,1,0,7,2,6,30,13,9,1,5,4,6,6,4,4,10,5,5,2,13,2,7,2,1,C03,7,9,1,10,2,11,,7,7,1,6,4,120.605745,24.118576,2
3777,66000,387130000C,(04)23274275,(04)23288582,2025,2,11,11,57,臺中市,北屯區,0,1,0,7,3,6,50,4,1,1,5,4,6,6,4,4,10,5,5,2,17,2,9,3,1,B03,7,12,1,8,2,3,,84,84,1,13,4,120.735932,24.177851,2
3778,66000,387130000C,(04)23274275,(04)23288582,2025,2,11,11,58,臺中市,南屯區,0,1,0,7,1,6,50,4,2,1,5,4,6,6,2,1,1,4,4,2,13,3,10,5,4,B03,7,9,1,8,2,1,,59,59,1,13,4,120.634384,24.13003,2
3779,66000,387130000C,(04)23274275,(04)23288582,2025,2,11,11,58,臺中市,北屯區,0,0,0,7,,,50,,,,,,,,,,,,,,14,,,,,B03,,,1,8,1,,,49,49,1,6,4,120.693593,24.182816,3
3780,66000,387130000C,(04)23274275,(04)23288582,2025,2,11,12,0,臺中市,大雅區,0,0,0,7,,,50,,,,,,,,,,,,,,,,,,,C03,,,1,,1,,,7,7,1,12,4,120.646499,24.229384,3
3781,66000,387130000C,(04)23274275,(04)23288582,2025,2,11,12,0,臺中市,西屯區,0,0,0,7,,,50,,,,,,,,,,,,,,13,,,,,B03,,,1,,1,,,7,7,1,12,4,120.653074,24.161724,4
3782,66000,387130000C,(04)23274275,(04)23288582,2025,2,11,12,0,臺中市,太平區,0,0,0,7,,,50,,,,,,,,,,,,,,,,,,,A12,,,1,,2,,,84,84,1,12,4,120.706957,24.118384,3
3783,66000,387130000C,(04)23274275,(04)23288582,2025,2,11,12,1,臺中市,西屯區,0,2,0,7,2,6,50,4,2,1,5,4,6,6,2,1,5,5,4,1,13,2,9,1,1,C03,7,9,1,10,2,11,,7,7,1,12,4,120.63391,24.159589,2
3784,66000,387130000C,(04)23274275,(04)23288582,2025,2,11,12,1,臺中市,神岡區,0,0,0,7,,,50,,,,,,,,,,,,,,12,,,,,C03,,,1,,1,,,7,7,1,13,4,120.699017,24.251108,3
3785,66000,387130000C,(04)23274275,(04)23288582,2025,2,11,12,6,臺中市,大里區,0,0,0,7,,,50,,,,,,,,,,,,,,17,,,,,B12,,,1,,1,,,87,87,1,6,4,120.703494,24.089194,3
3786,66000,387130000C,(04)23274275,(04)23288582,2025,2,11,12,20,臺中市,南屯區,0,1,0,7,2,6,40,4,1,1,5,4,6,6,4,4,8,3,5,1,15,2,9,1,1,C01,7,9,1,9,2,12,,12,12,1,11,4,120.652161,24.141837,2
3787,66000,387130000C,(04)23274275,(04)23288582,2025,2,11,12,20,臺中市,西屯區,0,0,0,7,,,40,,,,,,,,,,,,,,,,,,,B03,,,1,,2,,,8,8,1,12,4,120.646659,24.182028,3
3788,66000,387130000C,(04)23274275,(04)23288582,2025,2,11,12,21,臺中市,龍井區,0,0,0,7,,,30,,,,,,,,,,,,,,16,,,,,B03,,,1,,2,,,48,48,1,6,4,120.52311,24.197105,3
3789,66000,387130000C,(04)23274275,(04)23288582,2025,2,11,12,24,臺中市,潭子區,0,0,0,7,,,60,,,,,,,,,,,,,,,,,,,B03,,,1,,2,,,8,8,1,13,4,120.703019,24.202714,3
3790,66000,387130000C,(04)23274275,(04)23288582,2025,2,11,12,25,臺中市,西區,0,0,0,7,,,50,,,,,,,,,,,,,,,,,,,B12,,,1,,1,,,84,84,1,13,4,120.665296,24.1475,3
3791,66000,387130000C,(04)23274275,(04)23288582,2025,2,11,12,25,臺中市,北屯區,0,0,0,7,,,50,,,,,,,,,,,,,,13,,,,,B03,,,1,8,1,,,84,84,1,12,4,120.66874,24.178176,3
3792,66000,387130000C,(04)23274275,(04)23288582,2025,2,11,12,26,臺中市,西屯區,0,0,0,7,2,6,50,13,9,1,5,4,6,6,4,4,9,4,5,2,13,,,,,B03,,,1,,2,,,50,50,1,13,4,120.610351,24.188413,3
3793,66000,387130000C,(04)23274275,(04)23288582,2025,2,11,12,30,臺中市,大雅區,0,2,0,7,3,6,40,13,8,1,5,4,6,6,4,4,4,3,4,1,17,2,7,1,1,C03,7,7,1,10,2,11,,7,7,1,12,4,120.632568,24.213084,2
3794,66000,387130000C,(04)23274275,(04)23288582,2025,2,11,12,30,臺中市,烏日區,0,1,0,7,2,6,30,5,2,1,5,4,6,6,4,4,10,5,5,2,18,2,9,5,4,C03,7,6,1,10,2,14,,59,59,1,13,4,120.606159,24.107045,2
3795,66000,387130000C,(04)23274275,(04)23288582,2025,2,11,12,35,臺中市,豐原區,0,0,0,7,,,50,,,,,,,,,,,,,,13,,,,,B03,,,1,,2,,,56,56,1,6,4,120.715435,24.255981,3
3796,66000,387130000C,(04)23274275,(04)23288582,2025,2,11,12,36,臺中市,東區,0,1,0,7,1,6,50,4,1,1,5,4,6,6,4,4,9,4,5,2,16,3,10,3,1,B13,7,6,1,8,2,1,,14,14,1,12,4,120.688669,24.134674,2
3797,66000,387130000C,(04)23274275,(04)23288582,2025,2,11,12,36,臺中市,豐原區,0,1,0,7,3,6,50,4,2,1,5,4,6,6,1,1,5,5,5,2,17,2,5,1,4,C03,7,9,1,10,2,12,,84,84,1,12,4,120.714377,24.251709,2
3798,66000,387130000C,(04)23274275,(04)23288582,2025,2,11,12,37,臺中市,烏日區,0,1,0,7,3,6,30,11,9,1,5,4,6,6,4,4,10,5,5,1,18,2,9,1,1,C03,7,9,1,10,2,11,,84,84,1,6,4,120.59001,24.124101,2
3799,66000,387130000C,(04)23274275,(04)23288582,2025,2,11,12,38,臺中市,大雅區,0,0,0,7,,,50,,,,,,,,,,,,,,,,,,,B03,,,1,,1,,,8,8,1,13,4,120.654103,24.229273,3
3800,66000,387130000C,(04)23274275,(04)23288582,2025,2,11,12,40,臺中市,大雅區,0,1,0,7,2,6,30,13,9,1,5,4,6,6,4,4,5,4,5,2,28,,,,,,,,,,,,,118,118,1,,,120.648797,24.224336,2
3801,66000,387130000C,(04)23274275,(04)23288582,2025,2,11,12,41,臺中市,北區,0,1,0,7,3,6,50,3,1,1,5,4,6,6,1,1,5,5,4,2,17,3,10,3,1,B03,7,6,1,8,2,15,,11,11,1,13,4,120.686634,24.159093,2
3802,66000,387130000C,(04)23274275,(04)23288582,2025,2,11,12,42,臺中市,太平區,0,0,0,7,,,50,,,,,,,,,,,,,,,,,,,B12,,,1,,1,,,50,50,1,6,4,120.704757,24.162697,3
3803,66000,387130000C,(04)23274275,(04)23288582,2025,2,11,12,45,臺中市,西屯區,0,1,0,7,2,6,50,4,1,1,5,4,6,6,2,1,10,5,5,2,16,2,9,2,1,C03,7,6,3,19,9,12,,48,48,1,13,4,120.656109,24.169599,2
3804,66000,387130000C,(04)23274275,(04)23288582,2025,2,11,12,47,臺中市,西屯區,0,0,0,7,2,6,50,3,9,1,5,4,6,6,2,1,5,5,5,2,25,,,,,B03,,,1,,2,,,59,59,1,12,4,120.626496,24.189137,3
3805,66000,387130000C,(04)23274275,(04)23288582,2025,2,11,12,48,臺中市,西屯區,0,0,0,7,,,30,,,,,,,,,,,,,,16,,,,,B03,,,1,,1,,,14,14,1,12,4,120.623399,24.186594,3
3806,66000,387130000C,(04)23274275,(04)23288582,2025,2,11,12,48,臺中市,霧峰區,0,0,0,7,,,50,,,,,,,,,,,,,,,,,,,B03,,,1,,2,,,84,84,1,13,4,120.67408,24.046746,3
3807,66000,387130000C,(04)23274275,(04)23288582,2025,2,11,12,50,臺中市,太平區,0,1,0,7,2,6,50,4,1,1,5,4,6,6,1,1,10,5,5,2,17,3,10,3,1,B03,7,6,1,8,2,2,,11,11,1,12,4,120.705251,24.153173,2