序號,縣市別代碼,機關代碼,市話,傳真,年,月,日,時,分,縣市,區,死亡數量,受傷數量,2-30,天候,道路照明設備,道路類別,道路速限,道路型態,事故位置,路面鋪裝,路面狀態,路面缺陷,障礙物,視距,號誌種類,號誌動作,分向設施,快車道或一般車道間,快慢車道間,路面邊線,事故類型及型態,受傷程度,主要傷處,保護裝備,行動電話或功能裝置,當事者區分(類別),車輛用途,當事者行動狀態,駕照狀態,駕照種類,飲酒情形,車輛撞擊部位最初,車輛撞擊部位其他,肇事因素個別,肇事因素主要,肇事逃逸,職業,共享經濟或外送平台,GPS座標X,GPS座標Y,事故類別
3808,66000,387130000C,(04)23274275,(04)23288582,2025,2,11,12,52,臺中市,南區,0,0,0,7,,,50,,,,,,,,,,,,,,,,,,,C03,,,1,,2,,,34,34,1,12,4,120.666089,24.128393,4
3809,66000,387130000C,(04)23274275,(04)23288582,2025,2,11,12,58,臺中市,大甲區,0,0,0,7,,,30,,,,,,,,,,,,,,14,,,,,B03,,,1,,2,,,49,49,1,12,4,120.633418,24.360028,3
3810,66000,387130000C,(04)23274275,(04)23288582,2025,2,11,12,59,臺中市,西區,0,0,0,7,,,40,,,,,,,,,,,,,,,,,,,B12,,,1,,2,,,49,49,1,12,4,120.658392,24.154541,3
3811,66000,387130000C,(04)23274275,(04)23288582,2025,2,11,13,1,臺中市,龍井區,0,0,0,7,2,6,50,4,2,1,5,4,6,6,2,1,10,5,5,1,14,3,10,3,1,B03,7,2,1,8,2,7,,49,49,1,6,4,120.584073,24.181987,3
3812,66000,387130000C,(04)23274275,(04)23288582,2025,2,11,13,8,臺中市,南屯區,0,1,0,7,3,6,50,13,8,1,5,4,6,6,4,4,1,4,4,2,13,2,9,5,4,C03,7,9,1,10,2,11,14,54,54,1,6,4,120.638288,24.14648,2
3813,66000,387130000C,(04)23274275,(04)23288582,2025,2,11,13,11,臺中市,神岡區,0,0,0,7,,,50,,,,,,,,,,,,,,25,,,,,B03,,,1,,2,,,59,59,1,13,4,120.693417,24.237524,3
3814,66000,387130000C,(04)23274275,(04)23288582,2025,2,11,13,25,臺中市,龍井區,0,0,0,7,,,30,,,,,,,,,,,,,,15,,,,,B03,,,1,,2,,,20,20,1,6,4,120.545718,24.217349,3
3815,66000,387130000C,(04)23274275,(04)23288582,2025,2,11,13,27,臺中市,大安區,0,0,0,7,2,6,50,3,1,1,5,4,6,6,4,4,10,5,5,2,16,3,10,2,1,C03,7,6,1,10,2,14,,14,14,1,6,4,120.605655,24.362538,3
3816,66000,387130000C,(04)23274275,(04)23288582,2025,2,11,13,28,臺中市,南屯區,0,0,0,7,,,50,,,,,,,,,,,,,,13,,,,,B03,,,1,,2,,,84,84,1,12,4,120.616893,24.153667,3
3817,66000,387130000C,(04)23274275,(04)23288582,2025,2,11,13,29,臺中市,西屯區,0,0,0,7,,,50,,,,,,,,,,,,,,13,,,,,B12,,,1,,1,,,59,59,1,12,4,120.654426,24.202954,3
3818,66000,387130000C,(04)23274275,(04)23288582,2025,2,11,13,30,臺中市,北區,0,2,0,7,3,6,50,3,9,1,5,4,6,6,1,1,10,5,5,2,13,2,9,1,1,C03,7,9,1,10,2,11,,59,59,1,12,4,120.667098,24.15804,2
3819,66000,387130000C,(04)23274275,(04)23288582,2025,2,11,13,32,臺中市,北屯區,0,1,0,7,2,6,50,3,1,1,5,4,6,6,4,4,10,5,5,2,16,3,10,3,1,B03,7,5,1,8,2,2,,65,65,1,7,4,120.696218,24.164236,2
3820,66000,387130000C,(04)23274275,(04)23288582,2025,2,11,13,38,臺中市,北屯區,0,1,0,7,2,6,50,13,9,1,5,4,6,6,4,4,1,4,5,2,17,3,10,3,1,B02,7,9,1,4,2,15,,8,8,1,6,4,120.685351,24.171451,2
3821,66000,387130000C,(04)23274275,(04)23288582,2025,2,11,13,40,臺中市,烏日區,0,1,0,7,2,6,30,13,9,1,5,4,6,6,4,4,10,5,5,1,11,3,10,3,1,B03,7,9,1,8,2,2,,87,87,1,6,4,120.589239,24.123114,2
3822,66000,387130000C,(04)23274275,(04)23288582,2025,2,11,13,48,臺中市,梧棲區,0,2,0,7,3,6,70,4,1,1,5,4,6,6,3,1,10,5,5,2,16,3,10,3,1,B03,7,5,1,8,2,5,,20,20,1,6,4,120.534666,24.250133,2
3823,66000,387130000C,(04)23274275,(04)23288582,2025,2,11,13,50,臺中市,北屯區,0,1,0,7,2,6,50,4,1,1,5,4,6,6,2,1,10,5,5,2,16,3,10,3,1,B12,7,6,1,8,2,2,,11,11,1,6,4,120.703106,24.169635,2
3824,66000,387130000C,(04)23274275,(04)23288582,2025,2,11,13,53,臺中市,烏日區,0,1,0,7,3,6,30,13,9,1,5,4,6,6,4,4,10,5,5,2,11,3,10,3,1,B03,7,9,1,8,2,4,,8,8,1,6,4,120.643379,24.112317,2
3825,66000,387130000C,(04)23274275,(04)23288582,2025,2,11,13,54,臺中市,北區,0,0,0,7,,,50,,,,,,,,,,,,,,17,,,,,B03,,,1,,2,,,49,49,1,13,4,120.681106,24.160184,3
3826,66000,387130000C,(04)23274275,(04)23288582,2025,2,11,13,55,臺中市,西屯區,0,0,0,7,,,50,,,,,,,,,,,,,,,,,,,B03,,,1,,1,,,51,51,1,12,4,120.63607,24.170969,3
3827,66000,387130000C,(04)23274275,(04)23288582,2025,2,11,13,58,臺中市,北區,0,0,0,7,,,40,,,,,,,,,,,,,,,,,,,B03,,,1,,1,,,51,51,1,13,4,120.680491,24.157326,3
3828,66000,387130000C,(04)23274275,(04)23288582,2025,2,11,13,58,臺中市,北屯區,0,0,0,7,,,50,,,,,,,,,,,,,,13,,,,,B03,,,1,,2,,,84,84,1,12,4,120.690206,24.17707,3
3829,66000,387130000C,(04)23274275,(04)23288582,2025,2,11,13,58,臺中市,神岡區,0,1,0,7,3,6,50,13,7,1,5,4,6,6,4,4,9,4,4,2,12,3,10,3,1,A12,7,9,1,7,2,1,,56,56,1,13,4,120.656581,24.251477,2
3830,66000,387130000C,(04)23274275,(04)23288582,2025,2,11,13,59,臺中市,東區,0,0,0,7,,,50,,,,,,,,,,,,,,13,,,,,C03,,,1,,2,,,7,7,1,12,4,120.705568,24.130358,3
3831,66000,387130000C,(04)23274275,(04)23288582,2025,2,11,14,0,臺中市,東區,0,0,0,7,,,50,,,,,,,,,,,,,,17,,,,,B03,,,1,,9,,,49,49,1,12,4,120.686074,24.133282,3
3832,66000,387130000C,(04)23274275,(04)23288582,2025,2,11,14,0,臺中市,大里區,0,2,0,7,2,6,50,3,9,1,5,4,6,6,1,1,5,5,5,1,13,2,8,2,1,C03,7,9,1,10,2,11,,59,59,1,13,4,120.702021,24.099053,2
3833,66000,387130000C,(04)23274275,(04)23288582,2025,2,11,14,3,臺中市,北屯區,0,0,0,7,,,50,,,,,,,,,,,,,,13,,,,,,,,,,,,,86,86,1,,,120.687298,24.183483,3
3834,66000,387130000C,(04)23274275,(04)23288582,2025,2,11,14,5,臺中市,大雅區,0,2,0,7,3,6,60,13,9,1,5,4,6,6,4,4,1,3,5,1,17,3,10,3,1,A12,7,7,1,7,2,5,,40,40,1,12,4,120.650589,24.211072,2
3835,66000,387130000C,(04)23274275,(04)23288582,2025,2,11,14,6,臺中市,梧棲區,0,2,0,7,2,6,70,4,1,1,5,4,6,6,2,1,1,4,1,2,16,2,3,3,1,B02,7,5,1,8,2,6,,11,11,1,12,4,120.551641,24.244039,2
3836,66000,387130000C,(04)23274275,(04)23288582,2025,2,11,14,7,臺中市,南屯區,0,0,0,7,,,50,,,,,,,,,,,,,,,,,,,B03,,,1,,2,,,56,56,1,6,4,120.630439,24.113584,3
3837,66000,387130000C,(04)23274275,(04)23288582,2025,2,11,14,7,臺中市,大甲區,0,0,0,7,,,50,,,,,,,,,,,,,,17,,,,,A11,,,1,,2,,,76,76,1,12,4,120.641193,24.403024,3
3838,66000,387130000C,(04)23274275,(04)23288582,2025,2,11,14,10,臺中市,西屯區,0,0,0,6,,,50,,,,,,,,,,,,,,17,,,,,C03,,,1,,1,,,51,51,1,12,4,120.655896,24.160588,3
3839,66000,387130000C,(04)23274275,(04)23288582,2025,2,11,14,14,臺中市,西區,0,1,0,7,3,6,50,4,1,1,5,4,6,6,1,1,10,5,5,2,13,2,8,2,1,C03,7,9,1,10,1,11,,7,7,1,12,4,120.667619,24.131176,2
3840,66000,387130000C,(04)23274275,(04)23288582,2025,2,11,14,14,臺中市,西屯區,0,0,0,7,2,3,80,13,9,1,5,4,6,6,4,4,1,4,5,2,24,,,,,B03,,,1,,2,,,59,59,1,13,4,120.636149,24.184005,3
3841,66000,387130000C,(04)23274275,(04)23288582,2025,2,11,14,16,臺中市,西屯區,0,2,0,7,2,6,50,13,9,1,5,4,6,6,4,4,5,4,5,2,13,2,8,5,4,C03,7,9,1,10,2,11,,7,7,1,12,4,120.651757,24.159013,2
3842,66000,387130000C,(04)23274275,(04)23288582,2025,2,11,14,20,臺中市,西屯區,0,1,0,7,3,6,30,3,1,1,5,4,6,6,4,4,10,5,5,2,16,3,10,3,1,B12,7,5,1,8,2,8,,14,14,1,12,4,120.637048,24.182356,2
3843,66000,387130000C,(04)23274275,(04)23288582,2025,2,11,14,20,臺中市,大里區,0,0,0,7,,,50,,,,,,,,,,,,,,17,,,,,B12,,,1,,1,,,58,58,1,6,4,120.697117,24.08437,3
3844,66000,387130000C,(04)23274275,(04)23288582,2025,2,11,14,20,臺中市,大甲區,0,0,0,7,,,50,,,,,,,,,,,,,,14,,,,,B03,,,1,,2,,,49,49,1,6,4,120.652203,24.382347,3
3845,66000,387130000C,(04)23274275,(04)23288582,2025,2,11,14,25,臺中市,北屯區,0,0,0,7,,,50,,,,,,,,,,,,,,9,,,,,B03,,,1,,1,,,40,40,1,6,4,120.701831,24.182039,3
3846,66000,387130000C,(04)23274275,(04)23288582,2025,2,11,14,25,臺中市,西屯區,0,0,0,7,3,6,40,13,9,1,5,4,6,6,1,1,1,4,5,1,13,,,,,C03,,,1,,2,,,61,61,1,12,2,120.598802,24.192052,3
3847,66000,387130000C,(04)23274275,(04)23288582,2025,2,11,14,26,臺中市,南屯區,0,0,0,7,,,50,,,,,,,,,,,,,,,,,,,B03,,,1,,2,,,59,59,1,13,4,120.655211,24.141624,3
3848,66000,387130000C,(04)23274275,(04)23288582,2025,2,11,14,28,臺中市,南區,0,0,0,7,,,30,,,,,,,,,,,,,,35,,,,,A12,,,1,,2,,,84,84,1,12,4,120.65516,24.111293,3
3849,66000,387130000C,(04)23274275,(04)23288582,2025,2,11,14,30,臺中市,潭子區,0,0,0,7,,,60,,,,,,,,,,,,,,,,,,,B03,,,1,,2,,,84,84,1,13,4,120.705842,24.217477,3
3850,66000,387130000C,(04)23274275,(04)23288582,2025,2,11,14,31,臺中市,南區,0,1,0,7,2,6,50,3,1,1,5,4,6,6,2,1,2,4,2,2,17,3,10,3,1,B03,7,6,1,8,2,2,,11,11,1,12,4,120.659907,24.12476,2
3851,66000,387130000C,(04)23274275,(04)23288582,2025,2,11,14,40,臺中市,東區,0,0,0,7,,,50,,,,,,,,,,,,,,,,,,,C03,,,1,,2,,,49,49,1,6,4,120.698189,24.14022,3
3852,66000,387130000C,(04)23274275,(04)23288582,2025,2,11,14,40,臺中市,北屯區,0,1,0,7,2,6,50,13,9,1,5,4,6,6,4,4,1,4,5,2,16,3,10,5,4,B03,7,15,1,8,2,2,,84,84,1,12,4,120.669743,24.176827,2
3853,66000,387130000C,(04)23274275,(04)23288582,2025,2,11,14,44,臺中市,大雅區,0,1,0,7,3,6,30,3,9,1,5,4,6,6,4,4,1,4,5,1,17,3,10,3,1,B12,7,2,1,8,2,7,,49,49,1,12,4,120.668527,24.236426,2
3854,66000,387130000C,(04)23274275,(04)23288582,2025,2,11,14,45,臺中市,大雅區,0,2,0,7,2,6,30,4,1,1,5,4,6,6,4,4,10,5,5,2,15,2,9,1,1,C03,7,9,1,10,2,11,,12,12,1,13,4,120.673776,24.231221,2
3855,66000,387130000C,(04)23274275,(04)23288582,2025,2,11,14,58,臺中市,清水區,0,0,0,7,,,50,,,,,,,,,,,,,,,,,,,B03,,,1,,2,,,58,58,1,12,4,120.545033,24.285747,3
3856,66000,387130000C,(04)23274275,(04)23288582,2025,2,11,15,5,臺中市,東區,0,1,0,7,2,6,50,3,2,1,5,4,6,6,1,1,1,4,5,2,17,3,10,3,1,B03,7,9,1,8,2,5,,59,59,1,12,4,120.69632,24.140436,2
3857,66000,387130000C,(04)23274275,(04)23288582,2025,2,11,15,14,臺中市,西區,0,1,0,7,3,6,40,13,8,1,5,4,6,6,4,4,1,4,4,2,12,2,7,1,1,C04,7,15,1,10,2,11,,84,84,1,6,4,120.666953,24.133242,2
3858,66000,387130000C,(04)23274275,(04)23288582,2025,2,11,15,14,臺中市,西屯區,0,0,0,7,,,30,,,,,,,,,,,,,,13,,,,,B03,,,1,,1,,,59,59,1,12,4,120.661469,24.167876,3
3859,66000,387130000C,(04)23274275,(04)23288582,2025,2,11,15,14,臺中市,大里區,0,1,0,7,2,6,50,3,1,1,5,4,6,6,4,4,10,5,5,2,16,2,9,2,1,C04,7,6,1,10,2,12,,14,14,1,12,4,120.688043,24.110182,2
3860,66000,387130000C,(04)23274275,(04)23288582,2025,2,11,15,17,臺中市,西屯區,0,0,0,7,,,40,,,,,,,,,,,,,,12,,,,,B02,,,1,,1,,,50,50,1,12,4,120.647662,24.165317,3
3861,66000,387130000C,(04)23274275,(04)23288582,2025,2,11,15,19,臺中市,沙鹿區,0,0,0,7,,,50,,,,,,,,,,,,,,,,,,,B03,,,1,,1,,,84,84,1,13,4,120.59665,24.249999,3
3862,66000,387130000C,(04)23274275,(04)23288582,2025,2,11,15,34,臺中市,北區,0,1,0,7,2,6,50,4,2,1,5,4,6,6,2,1,10,5,5,2,11,3,10,3,1,B03,7,6,1,8,2,8,,11,11,1,13,4,120.666426,24.157457,2
3863,66000,387130000C,(04)23274275,(04)23288582,2025,2,11,15,34,臺中市,霧峰區,0,0,0,7,,,50,,,,,,,,,,,,,,,,,,,B03,,,1,,2,,,84,84,1,6,4,120.664648,24.059994,3
3864,66000,387130000C,(04)23274275,(04)23288582,2025,2,11,15,42,臺中市,西屯區,0,2,0,7,2,6,50,3,1,1,5,4,6,6,4,4,5,5,5,2,16,3,10,5,4,B03,7,6,1,8,2,4,,14,14,1,13,4,120.637439,24.178416,2
3865,66000,387130000C,(04)23274275,(04)23288582,2025,2,11,15,44,臺中市,東區,0,1,0,7,2,6,50,4,2,1,5,4,6,6,1,1,9,4,5,1,16,3,10,3,1,B03,7,5,1,8,2,2,,20,20,1,13,4,120.69447,24.14746,2
3866,66000,387130000C,(04)23274275,(04)23288582,2025,2,11,15,45,臺中市,西屯區,0,0,0,7,,,60,,,,,,,,,,,,,,13,,,,,B03,,,1,,1,,,84,84,1,12,4,120.615268,24.182938,3
3867,66000,387130000C,(04)23274275,(04)23288582,2025,2,11,15,48,臺中市,西屯區,0,0,0,7,,,50,,,,,,,,,,,,,,16,,,,,B03,,,5,,1,,,51,51,1,12,4,120.647366,24.170958,3
3868,66000,387130000C,(04)23274275,(04)23288582,2025,2,11,15,48,臺中市,沙鹿區,0,0,0,7,,,30,,,,,,,,,,,,,,,,,,,B03,,,1,,2,,,49,49,1,13,4,120.568105,24.217859,3
3869,66000,387130000C,(04)23274275,(04)23288582,2025,2,11,15,53,臺中市,烏日區,0,0,0,7,,,30,,,,,,,,,,,,,,14,,,,,B03,,,1,,2,,,49,49,1,6,4,120.636985,24.10964,3
3870,66000,387130000C,(04)23274275,(04)23288582,2025,2,11,16,1,臺中市,南屯區,0,0,0,7,,,50,,,,,,,,,,,,,,,,,,,B02,,,1,,1,,,49,49,1,13,4,120.649147,24.148043,3
3871,66000,387130000C,(04)23274275,(04)23288582,2025,2,11,16,2,臺中市,大里區,0,1,0,7,3,6,30,4,1,1,5,4,6,6,4,4,1,5,4,2,15,2,9,6,1,F01,7,9,7,21,2,11,,12,12,1,13,4,120.683647,24.105966,2
3872,66000,387130000C,(04)23274275,(04)23288582,2025,2,11,16,4,臺中市,西區,0,1,0,7,3,6,50,5,1,1,5,4,6,6,1,1,10,5,5,2,13,2,9,1,1,C04,7,9,1,10,2,11,,84,84,1,13,4,120.670075,24.150983,2
3873,66000,387130000C,(04)23274275,(04)23288582,2025,2,11,16,5,臺中市,太平區,0,1,0,7,2,6,50,13,9,1,5,4,6,6,4,4,5,5,5,2,12,2,9,5,4,C03,7,9,1,10,2,11,,7,7,1,6,4,120.72,24.123802,2
3874,66000,387130000C,(04)23274275,(04)23288582,2025,2,11,16,6,臺中市,北屯區,0,1,0,7,3,6,50,4,1,1,5,4,6,6,2,1,10,5,5,2,16,2,8,1,1,C03,7,9,1,10,2,11,,84,84,1,5,4,120.72073,24.175961,2
3875,66000,387130000C,(04)23274275,(04)23288582,2025,2,11,16,6,臺中市,西屯區,0,0,0,7,,,30,,,,,,,,,,,,,,17,,,,,B12,,,1,,2,,,8,8,1,12,4,120.592006,24.186661,3
3876,66000,387130000C,(04)23274275,(04)23288582,2025,2,11,16,7,臺中市,大里區,0,1,0,7,2,6,50,4,1,1,5,4,6,6,1,1,5,5,4,2,12,2,9,1,1,C03,7,6,1,10,2,12,,23,23,1,13,4,120.676396,24.112054,2
3877,66000,387130000C,(04)23274275,(04)23288582,2025,2,11,16,7,臺中市,后里區,0,1,0,7,3,6,50,13,9,1,5,4,6,6,4,4,10,5,5,2,1,3,10,3,1,B03,7,9,1,8,2,4,,8,8,1,12,4,120.749728,24.324341,2
3878,66000,387130000C,(04)23274275,(04)23288582,2025,2,11,16,10,臺中市,太平區,0,0,0,7,,,50,,,,,,,,,,,,,,,,,,,B03,,,1,,2,,,15,15,1,12,4,120.727817,24.126416,3
3879,66000,387130000C,(04)23274275,(04)23288582,2025,2,11,16,17,臺中市,南屯區,0,0,0,7,,,50,,,,,,,,,,,,,,17,,,,,B03,,,1,,2,,,59,59,1,6,4,120.632231,24.141247,3
3880,66000,387130000C,(04)23274275,(04)23288582,2025,2,11,16,17,臺中市,北屯區,0,0,0,7,,,50,,,,,,,,,,,,,,13,,,,,C02,,,1,,1,,,59,59,1,6,4,120.697563,24.170281,3
3881,66000,387130000C,(04)23274275,(04)23288582,2025,2,11,16,19,臺中市,太平區,0,0,0,7,,,30,,,,,,,,,,,,,,,,,,,B03,,,1,,2,,,58,58,1,12,4,120.728427,24.128364,3
3882,66000,387130000C,(04)23274275,(04)23288582,2025,2,11,16,23,臺中市,大里區,0,1,0,7,2,6,50,13,8,1,5,4,6,6,4,4,9,5,4,1,13,3,10,1,1,C03,7,9,1,10,2,11,,7,7,1,12,4,120.674156,24.097471,2
3883,66000,387130000C,(04)23274275,(04)23288582,2025,2,11,16,34,臺中市,北區,0,0,0,7,,,50,,,,,,,,,,,,,,17,,,,,B03,,,1,,1,,,59,59,1,12,4,120.678165,24.151884,3
3884,66000,387130000C,(04)23274275,(04)23288582,2025,2,11,16,36,臺中市,豐原區,0,1,0,7,2,6,50,13,8,1,5,4,6,6,1,1,5,4,4,2,17,3,10,3,1,B03,7,5,1,8,2,2,,26,26,1,12,4,120.71609,24.239459,2
3885,66000,387130000C,(04)23274275,(04)23288582,2025,2,11,16,39,臺中市,北屯區,0,0,0,7,,,50,,,,,,,,,,,,,,12,,,,,B12,,,1,,1,,,59,59,1,6,4,120.700136,24.164975,3
3886,66000,387130000C,(04)23274275,(04)23288582,2025,2,11,16,40,臺中市,清水區,0,0,0,7,2,3,80,13,7,1,5,4,6,6,4,4,8,3,5,1,12,,,,,B03,,,1,,9,,,40,40,1,12,4,120.553015,24.296798,3
3887,66000,387130000C,(04)23274275,(04)23288582,2025,2,11,16,40,臺中市,豐原區,0,0,0,7,,,50,,,,,,,,,,,,,,13,,,,,B03,,,1,,1,,,59,59,1,12,4,120.749462,24.268165,3
3888,66000,387130000C,(04)23274275,(04)23288582,2025,2,11,16,41,臺中市,南屯區,0,0,0,7,,,40,,,,,,,,,,,,,,17,,,,,B03,,,1,,1,,,8,8,1,12,4,120.643592,24.153968,3
3889,66000,387130000C,(04)23274275,(04)23288582,2025,2,11,16,44,臺中市,西屯區,0,0,0,7,,,50,,,,,,,,,,,,,,13,,,,,C03,,,1,,2,,,7,7,1,13,4,120.610708,24.170473,3
3890,66000,387130000C,(04)23274275,(04)23288582,2025,2,11,16,44,臺中市,太平區,0,1,0,7,2,6,50,4,19,1,5,4,6,6,1,1,10,5,5,2,3,3,10,3,1,B03,7,6,1,8,2,1,,10,10,1,12,4,120.721502,24.119897,2
3891,66000,387130000C,(04)23274275,(04)23288582,2025,2,11,16,45,臺中市,太平區,0,1,0,7,2,6,50,13,9,1,5,4,6,6,4,4,9,4,5,1,12,3,10,3,1,B03,7,9,1,8,2,2,,85,85,1,12,4,120.703408,24.112989,2
3892,66000,387130000C,(04)23274275,(04)23288582,2025,2,11,16,45,臺中市,豐原區,0,0,0,7,2,6,50,3,2,1,5,4,6,6,4,4,5,5,4,2,15,3,10,1,1,C03,7,6,1,10,9,11,,14,14,1,12,4,120.723625,24.252543,3
3893,66000,387130000C,(04)23274275,(04)23288582,2025,2,11,16,53,臺中市,豐原區,0,1,0,7,3,6,50,4,1,1,5,4,6,6,3,1,1,4,5,1,16,3,10,5,4,B03,7,6,1,8,2,8,,24,24,1,12,4,120.708936,24.251138,2
3894,66000,387130000C,(04)23274275,(04)23288582,2025,2,11,16,54,臺中市,南區,0,1,0,7,2,6,50,4,1,1,5,4,6,6,2,1,10,5,5,2,16,3,10,3,1,B03,7,11,3,19,2,2,,45,45,1,12,4,120.653644,24.122242,2
3895,66000,387130000C,(04)23274275,(04)23288582,2025,2,11,16,54,臺中市,大里區,0,0,0,7,,,50,,,,,,,,,,,,,,13,,,,,F03,,,7,,2,,,7,7,1,12,4,120.714898,24.093573,3
3896,66000,387130000C,(04)23274275,(04)23288582,2025,2,11,16,55,臺中市,北區,0,1,0,7,2,6,50,4,1,1,5,4,6,6,1,1,10,5,5,2,15,3,10,3,1,B03,7,9,1,8,2,1,,21,21,1,12,4,120.669047,24.165348,2
3897,66000,387130000C,(04)23274275,(04)23288582,2025,2,11,16,58,臺中市,神岡區,0,0,0,7,,,50,,,,,,,,,,,,,,13,,,,,B03,,,1,,2,,,59,59,1,13,4,120.655457,24.259292,3
3898,66000,387130000C,(04)23274275,(04)23288582,2025,2,11,17,0,臺中市,北屯區,0,0,0,7,,,50,,,,,,,,,,,,,,13,,,,,B03,,,1,,1,,,7,7,1,12,4,120.667314,24.200659,3
3899,66000,387130000C,(04)23274275,(04)23288582,2025,2,11,17,0,臺中市,北屯區,0,2,0,7,3,6,40,3,1,1,5,4,6,6,4,4,10,5,5,2,16,2,7,4,1,F01,7,6,7,21,2,14,,14,14,1,3,4,120.687913,24.173611,2
3900,66000,387130000C,(04)23274275,(04)23288582,2025,2,11,17,3,臺中市,西區,0,1,0,7,3,6,50,13,9,1,5,4,6,6,4,4,5,4,5,2,8,3,10,1,1,C03,7,9,1,9,2,11,,84,84,1,12,4,120.654646,24.14662,2
3901,66000,387130000C,(04)23274275,(04)23288582,2025,2,11,17,7,臺中市,北區,0,0,0,7,,,50,,,,,,,,,,,,,,13,,,,,B03,,,1,,2,,,7,7,1,13,4,120.676202,24.150492,3
3902,66000,387130000C,(04)23274275,(04)23288582,2025,2,11,17,7,臺中市,東區,0,2,0,7,3,6,50,3,1,1,5,4,6,6,4,4,10,5,5,2,16,2,9,2,1,C03,7,6,1,10,2,12,,14,14,1,13,4,120.696252,24.12722,2
3903,66000,387130000C,(04)23274275,(04)23288582,2025,2,11,17,8,臺中市,大甲區,0,0,0,7,1,6,50,4,1,1,4,4,6,6,4,4,5,5,5,1,15,3,10,1,1,C03,7,9,1,8,2,1,,7,7,1,12,4,120.620688,24.342405,3
3904,66000,387130000C,(04)23274275,(04)23288582,2025,2,11,17,9,臺中市,北區,0,0,0,7,,,50,,,,,,,,,,,,,,17,,,,,C03,,,1,,1,,,59,59,1,13,4,120.676706,24.161533,3
3905,66000,387130000C,(04)23274275,(04)23288582,2025,2,11,17,9,臺中市,大里區,0,0,0,7,,,30,,,,,,,,,,,,,,13,,,,,C03,,,1,,2,,,7,7,1,13,4,120.67902,24.096616,3
3906,66000,387130000C,(04)23274275,(04)23288582,2025,2,11,17,10,臺中市,沙鹿區,0,1,0,7,2,6,50,13,9,1,5,4,6,6,4,4,4,3,4,2,18,2,9,2,1,C03,7,9,1,10,2,14,,59,59,1,11,4,120.567236,24.250167,2
3907,66000,387130000C,(04)23274275,(04)23288582,2025,2,11,17,15,臺中市,東區,0,2,0,7,3,6,30,4,1,1,5,4,6,6,4,4,10,5,5,2,15,2,9,2,1,C03,7,9,1,10,2,14,,6,6,1,13,4,120.691784,24.143088,2
3908,66000,387130000C,(04)23274275,(04)23288582,2025,2,11,17,15,臺中市,龍井區,0,1,0,7,3,6,50,13,9,1,5,4,6,6,4,4,9,4,5,1,16,3,10,3,1,B03,7,6,5,19,2,8,,84,84,1,6,4,120.545729,24.187498,2
3909,66000,387130000C,(04)23274275,(04)23288582,2025,2,11,17,18,臺中市,北屯區,0,0,0,7,,,50,,,,,,,,,,,,,,15,,,,,C03,,,1,,2,,,24,24,1,12,4,120.694488,24.188181,3
3910,66000,387130000C,(04)23274275,(04)23288582,2025,2,11,17,20,臺中市,大雅區,0,2,0,7,3,6,30,4,9,1,5,4,6,6,4,4,10,5,5,2,15,2,8,2,1,C04,7,9,1,11,2,11,,15,15,1,12,4,120.666164,24.238147,2
3911,66000,387130000C,(04)23274275,(04)23288582,2025,2,11,17,21,臺中市,南屯區,0,1,0,7,2,6,50,13,9,1,5,4,6,6,1,1,9,5,5,2,17,3,10,2,1,C03,7,4,1,10,2,11,,84,84,1,13,4,120.637184,24.15155,2
3912,66000,387130000C,(04)23274275,(04)23288582,2025,2,11,17,21,臺中市,大里區,0,0,0,7,,,50,,,,,,,,,,,,,,,,,,,B03,,,1,,2,,,84,84,1,6,4,120.695581,24.096634,3
3913,66000,387130000C,(04)23274275,(04)23288582,2025,2,11,17,21,臺中市,大里區,0,0,0,7,,,50,,,,,,,,,,,,,,17,,,,,C03,,,2,,2,,,59,59,1,6,4,120.68962,24.088283,3
3914,66000,387130000C,(04)23274275,(04)23288582,2025,2,11,17,23,臺中市,沙鹿區,0,0,0,7,,,40,,,,,,,,,,,,,,,,,,,C03,,,1,,1,,,84,84,1,13,4,120.566332,24.202487,3
3915,66000,387130000C,(04)23274275,(04)23288582,2025,2,11,17,25,臺中市,西屯區,0,1,0,7,2,6,50,3,1,1,5,4,6,6,1,1,10,5,5,2,17,3,10,5,4,C03,7,9,1,10,2,12,,59,59,1,12,4,120.650691,24.175853,2
3916,66000,387130000C,(04)23274275,(04)23288582,2025,2,11,17,27,臺中市,大甲區,0,1,0,7,2,6,70,13,9,1,5,4,6,6,4,4,1,4,5,1,12,2,9,1,1,C03,7,9,3,19,2,11,,59,59,1,6,4,120.652086,24.384729,2
3917,66000,387130000C,(04)23274275,(04)23288582,2025,2,11,17,30,臺中市,東區,0,2,0,7,1,6,50,4,1,1,5,4,6,5,1,1,5,5,5,2,17,2,9,2,1,C03,7,6,1,10,2,12,,11,11,1,13,4,120.698057,24.14276,2
3918,66000,387130000C,(04)23274275,(04)23288582,2025,2,11,17,32,臺中市,南屯區,0,2,0,7,2,6,40,4,2,1,5,4,6,6,1,1,8,3,5,1,17,2,9,6,1,F01,7,6,7,21,2,12,,11,11,1,12,4,120.651395,24.149933,2