序號,縣市別代碼,機關代碼,市話,傳真,年,月,日,時,分,縣市,區,死亡數量,受傷數量,2-30,天候,道路照明設備,道路類別,道路速限,道路型態,事故位置,路面鋪裝,路面狀態,路面缺陷,障礙物,視距,號誌種類,號誌動作,分向設施,快車道或一般車道間,快慢車道間,路面邊線,事故類型及型態,受傷程度,主要傷處,保護裝備,行動電話或功能裝置,當事者區分(類別),車輛用途,當事者行動狀態,駕照狀態,駕照種類,飲酒情形,車輛撞擊部位最初,車輛撞擊部位其他,肇事因素個別,肇事因素主要,肇事逃逸,職業,共享經濟或外送平台,GPS座標X,GPS座標Y,事故類別
3919,66000,387130000C,(04)23274275,(04)23288582,2025,2,11,17,33,臺中市,烏日區,0,1,0,7,2,6,40,13,8,1,5,4,6,6,4,4,1,4,4,1,12,2,9,5,4,C03,7,9,1,10,2,11,,59,59,1,13,4,120.635566,24.106897,2
3920,66000,387130000C,(04)23274275,(04)23288582,2025,2,11,17,34,臺中市,沙鹿區,0,1,0,7,1,6,40,13,9,1,5,4,6,6,4,4,1,4,1,1,17,3,10,3,1,B03,7,5,1,2,2,2,,85,85,1,12,4,120.580646,24.20086,2
3921,66000,387130000C,(04)23274275,(04)23288582,2025,2,11,17,35,臺中市,南屯區,0,1,0,7,2,6,50,4,1,1,5,4,6,6,1,1,10,5,5,2,16,3,10,3,1,B03,7,5,1,8,2,2,,47,47,1,6,4,120.635522,24.136069,2
3922,66000,387130000C,(04)23274275,(04)23288582,2025,2,11,17,35,臺中市,北屯區,0,2,0,7,2,6,50,4,2,1,5,4,6,6,4,4,10,5,5,2,17,2,9,2,1,C03,7,5,1,10,2,14,,84,84,1,6,4,120.684589,24.170913,2
3923,66000,387130000C,(04)23274275,(04)23288582,2025,2,11,17,35,臺中市,西屯區,0,1,0,7,1,6,50,4,2,1,5,4,6,6,1,1,4,3,4,2,13,3,10,3,1,B03,7,8,1,8,2,1,,87,87,1,12,4,120.610037,24.185915,2
3924,66000,387130000C,(04)23274275,(04)23288582,2025,2,11,17,36,臺中市,大里區,0,1,0,7,1,6,50,5,1,1,5,4,6,6,1,1,9,5,5,1,15,3,10,1,1,C03,7,9,1,9,2,13,,39,39,1,12,2,120.699587,24.085355,2
3925,66000,387130000C,(04)23274275,(04)23288582,2025,2,11,17,42,臺中市,南區,0,0,0,7,,,30,,,,,,,,,,,,,,14,,,,,B03,,,1,,1,,,49,49,1,6,4,120.656752,24.122058,4
3926,66000,387130000C,(04)23274275,(04)23288582,2025,2,11,17,42,臺中市,龍井區,0,1,0,6,2,6,50,4,1,1,5,4,6,6,2,1,10,5,5,2,16,3,10,3,1,B03,7,5,1,8,2,1,,22,22,1,6,4,120.580238,24.18925,2
3927,66000,387130000C,(04)23274275,(04)23288582,2025,2,11,17,46,臺中市,西屯區,0,3,0,7,2,6,30,3,1,1,5,4,6,6,4,4,5,5,5,2,16,2,9,2,1,C03,7,6,1,10,2,11,,12,12,1,12,4,120.62207,24.201789,2
3928,66000,387130000C,(04)23274275,(04)23288582,2025,2,11,17,46,臺中市,龍井區,0,0,0,6,,,30,,,,,,,,,,,,,,11,,,,,B03,,,1,,1,,,8,8,1,6,4,120.576535,24.180109,3
3929,66000,387130000C,(04)23274275,(04)23288582,2025,2,11,17,48,臺中市,梧棲區,0,0,0,7,,,70,,,,,,,,,,,,,,17,,,,,B03,,,1,,2,,,87,87,1,6,4,120.536344,24.249771,3
3930,66000,387130000C,(04)23274275,(04)23288582,2025,2,11,17,49,臺中市,西屯區,0,1,0,7,2,6,40,4,1,1,5,4,6,6,2,1,10,5,5,2,15,3,10,5,1,C03,7,9,1,10,2,11,,21,21,1,12,4,120.649796,24.162755,2
3931,66000,387130000C,(04)23274275,(04)23288582,2025,2,11,17,50,臺中市,沙鹿區,0,1,0,7,2,6,50,4,9,1,5,4,6,6,1,1,4,5,5,2,13,2,8,2,1,C03,7,6,1,10,2,13,,36,36,1,11,4,120.580544,24.209606,2
3932,66000,387130000C,(04)23274275,(04)23288582,2025,2,11,17,52,臺中市,西屯區,0,0,0,7,,,50,,,,,,,,,,,,,,17,,,,,B03,,,1,,2,,,59,59,1,12,4,120.636984,24.182984,3
3933,66000,387130000C,(04)23274275,(04)23288582,2025,2,11,17,54,臺中市,太平區,0,0,0,7,,,30,,,,,,,,,,,,,,17,,,,,B03,,,1,,1,,,14,14,1,12,4,120.720628,24.156711,3
3934,66000,387130000C,(04)23274275,(04)23288582,2025,2,11,17,55,臺中市,南區,0,0,0,7,,,50,,,,,,,,,,,,,,13,,,,,B03,,,1,,1,,,7,7,1,13,4,120.660102,24.124382,3
3935,66000,387130000C,(04)23274275,(04)23288582,2025,2,11,17,56,臺中市,北屯區,0,0,0,7,,,50,,,,,,,,,,,,,,,,,,,B03,,,1,,1,,,15,15,1,12,4,120.716723,24.168066,3
3936,66000,387130000C,(04)23274275,(04)23288582,2025,2,11,17,56,臺中市,西屯區,0,0,0,7,,,50,,,,,,,,,,,,,,17,,,,,A11,,,1,,1,,,40,40,1,13,4,120.650546,24.191075,3
3937,66000,387130000C,(04)23274275,(04)23288582,2025,2,11,17,56,臺中市,烏日區,0,0,0,7,,,40,,,,,,,,,,,,,,13,,,,,C03,,,1,,2,,,7,7,1,6,4,120.618668,24.102721,3
3938,66000,387130000C,(04)23274275,(04)23288582,2025,2,11,17,57,臺中市,太平區,0,0,0,7,,,50,,,,,,,,,,,,,,13,,,,,B03,,,1,,2,,,84,84,1,12,4,120.721589,24.153371,3
3939,66000,387130000C,(04)23274275,(04)23288582,2025,2,11,17,58,臺中市,北屯區,0,1,0,7,1,6,50,5,4,1,5,4,6,6,2,1,9,4,5,2,13,3,10,3,1,B03,7,9,1,8,1,1,,7,7,1,12,4,120.697849,24.170421,2
3940,66000,387130000C,(04)23274275,(04)23288582,2025,2,11,17,58,臺中市,大甲區,0,0,0,7,,,30,,,,,,,,,,,,,,14,,,,,B03,,,1,,2,,,49,49,1,12,4,120.617893,24.346818,3
3941,66000,387130000C,(04)23274275,(04)23288582,2025,2,11,17,59,臺中市,南區,0,0,0,7,,,50,,,,,,,,,,,,,,,,,,,B03,,,1,,2,,,49,49,1,13,4,120.683515,24.132025,3
3942,66000,387130000C,(04)23274275,(04)23288582,2025,2,11,17,59,臺中市,西屯區,0,0,0,7,,,40,,,,,,,,,,,,,,12,,,,,C03,,,1,,1,,,8,8,1,12,4,120.647411,24.173609,4
3943,66000,387130000C,(04)23274275,(04)23288582,2025,2,11,18,0,臺中市,南屯區,0,0,0,7,,,50,,,,,,,,,,,,,,,,,,,C03,,,1,,1,,,59,59,1,13,4,120.640748,24.153709,3
3944,66000,387130000C,(04)23274275,(04)23288582,2025,2,11,18,0,臺中市,西屯區,0,0,0,7,,,50,,,,,,,,,,,,,,17,,,,,C03,,,1,,2,,,59,59,1,12,4,120.638222,24.182209,3
3945,66000,387130000C,(04)23274275,(04)23288582,2025,2,11,18,3,臺中市,東區,0,1,0,7,1,6,50,4,1,1,5,4,6,6,1,1,10,5,5,2,16,3,10,3,1,B12,7,6,1,8,2,8,,48,48,1,6,4,120.70604,24.141653,2
3946,66000,387130000C,(04)23274275,(04)23288582,2025,2,11,18,4,臺中市,北屯區,0,0,0,7,,,50,,,,,,,,,,,,,,13,,,,,B12,,,1,,1,,,59,59,1,12,4,120.700766,24.178423,3
3947,66000,387130000C,(04)23274275,(04)23288582,2025,2,11,18,5,臺中市,東區,0,2,0,7,3,6,50,4,1,1,5,4,6,6,1,1,10,5,5,2,16,2,9,2,1,C03,7,6,1,10,2,14,,48,48,1,13,4,120.68874,24.1324,2
3948,66000,387130000C,(04)23274275,(04)23288582,2025,2,11,18,8,臺中市,北屯區,0,2,0,7,1,6,50,13,7,1,5,4,6,6,4,4,9,5,4,2,3,2,8,2,1,C03,7,9,1,10,2,11,,58,58,1,6,4,120.697244,24.171117,2
3949,66000,387130000C,(04)23274275,(04)23288582,2025,2,11,18,8,臺中市,東勢區,0,0,0,7,,,60,,,,,,,,,,,,,,,,,,,B03,,,1,,2,,,40,40,1,12,4,120.82683,24.252398,3
3950,66000,387130000C,(04)23274275,(04)23288582,2025,2,11,18,9,臺中市,大里區,0,0,0,7,2,6,30,18,23,4,5,4,6,6,4,4,10,5,5,2,30,,,,,B03,,,1,,2,,,84,84,1,12,4,120.678853,24.103416,3
3951,66000,387130000C,(04)23274275,(04)23288582,2025,2,11,18,10,臺中市,北屯區,0,0,0,7,,,50,,,,,,,,,,,,,,17,,,,,B03,,,1,,2,,,59,59,1,12,4,120.699448,24.166034,4
3952,66000,387130000C,(04)23274275,(04)23288582,2025,2,11,18,11,臺中市,西屯區,0,0,0,7,,,50,,,,,,,,,,,,,,13,,,,,B03,,,1,,2,,,7,7,1,12,4,120.617498,24.185346,3
3953,66000,387130000C,(04)23274275,(04)23288582,2025,2,11,18,12,臺中市,大里區,0,0,0,7,,,30,,,,,,,,,,,,,,16,,,,,C03,,,1,,1,,,12,12,1,13,2,120.703481,24.092029,3
3954,66000,387130000C,(04)23274275,(04)23288582,2025,2,11,18,12,臺中市,烏日區,0,0,0,7,1,6,50,13,8,1,5,4,6,6,4,4,1,4,4,1,17,3,10,3,1,B03,7,15,1,8,2,1,,82,82,1,6,4,120.631838,24.102971,3
3955,66000,387130000C,(04)23274275,(04)23288582,2025,2,11,18,13,臺中市,大里區,0,0,0,7,,,50,,,,,,,,,,,,,,17,,,,,B03,,,1,,2,,,35,35,1,12,4,120.689535,24.114431,3
3956,66000,387130000C,(04)23274275,(04)23288582,2025,2,11,18,14,臺中市,南屯區,0,0,0,7,,,50,,,,,,,,,,,,,,13,,,,,B03,,,1,,1,,,7,7,1,13,4,120.646813,24.143717,3
3957,66000,387130000C,(04)23274275,(04)23288582,2025,2,11,18,15,臺中市,南屯區,0,0,0,7,,,50,,,,,,,,,,,,,,17,,,,,B03,,,1,,2,,,47,47,1,12,4,120.633248,24.124221,3
3958,66000,387130000C,(04)23274275,(04)23288582,2025,2,11,18,16,臺中市,南屯區,0,0,0,7,,,50,,,,,,,,,,,,,,,,,,,B03,,,1,,1,,,40,40,1,13,4,120.62339,24.1497,3
3959,66000,387130000C,(04)23274275,(04)23288582,2025,2,11,18,17,臺中市,大雅區,0,2,0,7,1,6,30,4,9,1,5,4,6,6,4,4,10,5,5,1,15,2,3,3,1,B03,7,9,1,10,2,1,,85,85,1,13,4,120.661567,24.226545,2
3960,66000,387130000C,(04)23274275,(04)23288582,2025,2,11,18,17,臺中市,北區,0,0,0,7,,,50,,,,,,,,,,,,,,17,,,,,C03,,,3,,2,,,51,51,1,13,4,120.686662,24.16309,3
3961,66000,387130000C,(04)23274275,(04)23288582,2025,2,11,18,18,臺中市,北區,0,2,0,7,1,6,50,13,9,1,5,4,6,6,4,4,1,4,5,2,13,2,8,1,1,C03,7,9,1,10,2,11,,8,8,1,12,4,120.674465,24.173612,2
3962,66000,387130000C,(04)23274275,(04)23288582,2025,2,11,18,18,臺中市,大里區,0,1,0,7,1,6,50,3,7,1,5,4,6,6,4,4,1,4,4,2,12,3,10,3,1,B03,7,10,1,8,2,5,,20,20,1,13,4,120.690909,24.100987,2
3963,66000,387130000C,(04)23274275,(04)23288582,2025,2,11,18,21,臺中市,大雅區,0,0,0,7,,,60,,,,,,,,,,,,,,,,,,,B03,,,1,,2,,,6,6,1,12,4,120.650661,24.210941,3
3964,66000,387130000C,(04)23274275,(04)23288582,2025,2,11,18,21,臺中市,霧峰區,0,0,0,7,,,50,,,,,,,,,,,,,,16,,,,,B03,,,1,,2,,,11,11,1,6,4,120.697669,24.057188,3
3965,66000,387130000C,(04)23274275,(04)23288582,2025,2,11,18,22,臺中市,大里區,0,0,0,7,1,6,60,4,2,1,5,4,6,6,1,1,1,4,4,1,13,,,,,B03,,,1,,2,,,84,84,1,13,4,120.674393,24.102507,3
3966,66000,387130000C,(04)23274275,(04)23288582,2025,2,11,18,23,臺中市,西區,0,0,0,7,,,50,,,,,,,,,,,,,,,,,,,B03,,,1,,1,,,7,7,1,6,4,120.659936,24.14023,3
3967,66000,387130000C,(04)23274275,(04)23288582,2025,2,11,18,23,臺中市,大里區,0,0,0,7,,,50,,,,,,,,,,,,,,13,,,,,B03,,,1,,2,,,84,84,1,12,4,120.679339,24.115,3
3968,66000,387130000C,(04)23274275,(04)23288582,2025,2,11,18,24,臺中市,南區,0,0,0,7,,,30,,,,,,,,,,,,,,17,,,,,C03,,,1,,1,,,7,7,1,13,4,120.679195,24.118819,3
3969,66000,387130000C,(04)23274275,(04)23288582,2025,2,11,18,24,臺中市,南屯區,0,0,0,7,,,50,,,,,,,,,,,,,,12,,,,,B02,,,1,,1,,,40,40,1,6,4,120.624074,24.152001,3
3970,66000,387130000C,(04)23274275,(04)23288582,2025,2,11,18,25,臺中市,太平區,0,1,0,7,1,6,50,4,1,1,5,4,6,6,1,1,10,5,5,2,17,2,9,1,1,C03,7,9,1,10,2,11,,21,21,1,12,4,120.710465,24.154783,2
3971,66000,387130000C,(04)23274275,(04)23288582,2025,2,11,18,27,臺中市,北屯區,0,0,0,7,,,50,,,,,,,,,,,,,,12,,,,,B03,,,1,,1,,,87,87,1,12,4,120.70196,24.182002,3
3972,66000,387130000C,(04)23274275,(04)23288582,2025,2,11,18,29,臺中市,南屯區,0,0,0,7,,,50,,,,,,,,,,,,,,,,,,,C03,,,1,,2,,,8,8,1,13,4,120.612764,24.13896,3
3973,66000,387130000C,(04)23274275,(04)23288582,2025,2,11,18,30,臺中市,西區,0,0,0,7,1,6,50,4,1,1,5,4,6,6,1,1,10,5,5,2,30,,,,,B12,,,1,,2,,,87,87,1,13,4,120.663732,24.157521,3
3974,66000,387130000C,(04)23274275,(04)23288582,2025,2,11,18,30,臺中市,龍井區,0,0,0,3,,,60,,,,,,,,,,,,,,12,,,,,B03,,,1,,1,,,47,47,1,6,4,120.580005,24.189363,3
3975,66000,387130000C,(04)23274275,(04)23288582,2025,2,11,18,35,臺中市,霧峰區,0,1,0,7,1,6,50,13,8,1,5,4,6,6,4,4,1,5,4,2,13,2,9,2,1,C03,7,9,1,10,2,11,,84,84,1,6,4,120.664163,24.0759,2
3976,66000,387130000C,(04)23274275,(04)23288582,2025,2,11,18,42,臺中市,太平區,0,1,0,7,1,6,50,13,7,1,5,4,6,6,4,4,5,4,4,2,13,2,8,2,1,C03,7,9,1,10,2,11,,84,84,1,12,4,120.717395,24.152515,2
3977,66000,387130000C,(04)23274275,(04)23288582,2025,2,11,18,43,臺中市,大里區,0,0,0,7,1,6,50,13,14,1,5,4,6,6,4,4,5,4,5,1,17,,,,,B03,,,1,,2,,,84,84,1,13,4,120.688663,24.103085,3
3978,66000,387130000C,(04)23274275,(04)23288582,2025,2,11,18,46,臺中市,北屯區,0,1,0,7,1,6,50,13,9,1,5,4,6,6,4,4,4,4,5,2,16,3,10,3,1,B03,7,6,1,8,2,5,,84,84,1,12,4,120.747026,24.192508,2
3979,66000,387130000C,(04)23274275,(04)23288582,2025,2,11,18,47,臺中市,南屯區,0,0,0,7,,,50,,,,,,,,,,,,,,,,,,,C03,,,1,,2,,,84,84,1,13,4,120.646629,24.140096,3
3980,66000,387130000C,(04)23274275,(04)23288582,2025,2,11,18,49,臺中市,西屯區,0,0,0,7,,,50,,,,,,,,,,,,,,13,,,,,B03,,,1,,1,,,7,7,1,13,4,120.632747,24.182657,3
3981,66000,387130000C,(04)23274275,(04)23288582,2025,2,11,18,49,臺中市,烏日區,0,0,0,7,,,50,,,,,,,,,,,,,,13,,,,,C03,,,3,,2,,,7,7,1,6,4,120.62518,24.106137,3
3982,66000,387130000C,(04)23274275,(04)23288582,2025,2,11,18,50,臺中市,石岡區,0,0,0,7,,,40,,,,,,,,,,,,,,,,,,,B03,,,1,,1,,,49,49,1,12,4,120.772314,24.275188,3
3983,66000,387130000C,(04)23274275,(04)23288582,2025,2,11,18,51,臺中市,沙鹿區,0,1,0,7,1,6,50,13,9,1,5,4,6,6,4,4,1,4,4,2,13,2,9,1,1,C03,7,9,1,10,2,11,,84,84,1,12,4,120.560237,24.239563,2
3984,66000,387130000C,(04)23274275,(04)23288582,2025,2,11,18,53,臺中市,大里區,0,1,0,7,1,6,50,13,9,1,5,4,6,6,4,4,1,4,5,2,18,2,9,1,1,C03,7,9,1,10,2,12,,84,84,1,13,4,120.701372,24.125132,2
3985,66000,387130000C,(04)23274275,(04)23288582,2025,2,11,18,54,臺中市,北屯區,0,0,0,7,,,50,,,,,,,,,,,,,,13,,,,,B03,,,1,,1,,,7,7,1,6,4,120.72149,24.182663,3
3986,66000,387130000C,(04)23274275,(04)23288582,2025,2,11,18,55,臺中市,大里區,0,2,0,7,1,6,50,3,1,1,5,4,6,6,4,4,10,5,5,2,15,2,9,2,1,F03,7,9,7,21,2,11,,15,15,1,3,4,120.694814,24.099937,2
3987,66000,387130000C,(04)23274275,(04)23288582,2025,2,11,18,56,臺中市,南屯區,0,2,0,7,1,6,50,4,1,1,5,4,6,6,2,1,10,5,5,2,15,2,9,2,4,C03,7,9,1,10,2,12,14,21,21,1,13,4,120.640567,24.153715,2
3988,66000,387130000C,(04)23274275,(04)23288582,2025,2,11,19,0,臺中市,西屯區,0,0,0,7,,,50,,,,,,,,,,,,,,13,,,,,B03,,,1,,1,,,8,8,1,12,4,120.618304,24.1774,3
3989,66000,387130000C,(04)23274275,(04)23288582,2025,2,11,19,0,臺中市,石岡區,0,1,0,7,1,6,50,13,9,1,5,4,6,6,4,4,1,4,5,1,17,2,9,1,4,C03,7,9,1,10,2,11,,84,84,1,12,4,120.762106,24.277052,2
3990,66000,387130000C,(04)23274275,(04)23288582,2025,2,11,19,2,臺中市,北屯區,0,0,0,7,,,50,,,,,,,,,,,,,,,,,,,B03,,,1,,9,,,56,56,2,6,4,120.681808,24.169787,3
3991,66000,387130000C,(04)23274275,(04)23288582,2025,2,11,19,2,臺中市,烏日區,0,0,0,7,,,50,,,,,,,,,,,,,,12,,,,,B03,,,1,,1,,,8,8,1,6,4,120.624982,24.107271,3
3992,66000,387130000C,(04)23274275,(04)23288582,2025,2,11,19,6,臺中市,南區,0,0,0,7,,,50,,,,,,,,,,,,,,,,,,,C03,,,1,,1,,,20,20,1,13,4,120.676666,24.132298,3
3993,66000,387130000C,(04)23274275,(04)23288582,2025,2,11,19,9,臺中市,北屯區,0,0,0,7,,,50,,,,,,,,,,,,,,13,,,,,B01,,,1,,1,,,59,59,1,12,4,120.661244,24.188109,3
3994,66000,387130000C,(04)23274275,(04)23288582,2025,2,11,19,12,臺中市,北屯區,0,1,0,7,3,6,50,4,1,1,5,4,6,6,1,1,10,5,5,2,17,3,10,3,1,B03,7,6,1,8,2,6,,87,87,1,12,4,120.677494,24.186482,2
3995,66000,387130000C,(04)23274275,(04)23288582,2025,2,11,19,13,臺中市,西區,0,1,0,7,1,6,50,4,1,1,5,4,6,6,2,1,10,5,5,2,16,3,10,5,1,B03,7,6,1,8,2,5,,11,11,1,6,4,120.661694,24.147867,2
3996,66000,387130000C,(04)23274275,(04)23288582,2025,2,11,19,14,臺中市,大雅區,0,0,0,7,,,50,,,,,,,,,,,,,,13,,,,,C03,,,1,,2,,,7,7,1,13,4,120.665732,24.21105,3
3997,66000,387130000C,(04)23274275,(04)23288582,2025,2,11,19,17,臺中市,南屯區,0,1,0,7,1,6,50,3,1,1,5,4,6,6,4,4,10,5,5,2,17,2,9,1,1,C03,7,11,1,10,2,14,,45,45,1,5,4,120.647802,24.153614,2
3998,66000,387130000C,(04)23274275,(04)23288582,2025,2,11,19,18,臺中市,潭子區,0,0,0,7,,,50,,,,,,,,,,,,,,13,,,,,B12,,,1,,2,,,58,58,1,12,4,120.702037,24.200944,3
3999,66000,387130000C,(04)23274275,(04)23288582,2025,2,11,19,19,臺中市,西屯區,0,1,0,7,1,6,40,3,1,1,5,4,6,6,4,4,5,5,4,2,16,2,9,4,1,F01,7,6,7,21,2,12,,48,48,1,12,4,120.641477,24.176803,2
4000,66000,387130000C,(04)23274275,(04)23288582,2025,2,11,19,22,臺中市,東區,0,0,0,7,,,50,,,,,,,,,,,,,,12,,,,,B03,,,1,,1,,,40,40,1,6,4,120.690626,24.132126,3
4001,66000,387130000C,(04)23274275,(04)23288582,2025,2,11,19,25,臺中市,北屯區,0,0,0,7,,,50,,,,,,,,,,,,,,12,,,,,B03,,,1,,1,,,40,40,1,12,4,120.660744,24.191464,3
4002,66000,387130000C,(04)23274275,(04)23288582,2025,2,11,19,31,臺中市,南區,0,0,0,7,,,50,,,,,,,,,,,,,,13,,,,,B03,,,1,,1,,,59,59,1,13,4,120.658539,24.11317,3
4003,66000,387130000C,(04)23274275,(04)23288582,2025,2,11,19,35,臺中市,大里區,0,1,0,7,1,6,50,3,1,1,5,4,6,6,4,4,5,5,4,2,13,2,9,1,1,C03,7,9,1,10,2,11,,7,7,1,13,4,120.680592,24.109648,2
4004,66000,387130000C,(04)23274275,(04)23288582,2025,2,11,19,38,臺中市,西屯區,0,0,0,7,,,50,,,,,,,,,,,,,,14,,,,,B03,,,1,,1,,,49,49,1,12,4,120.624279,24.17819,3
4005,66000,387130000C,(04)23274275,(04)23288582,2025,2,11,19,40,臺中市,太平區,0,0,0,7,,,50,,,,,,,,,,,,,,17,,,,,B03,,,1,,2,,,50,50,1,13,4,120.716735,24.128108,3
4006,66000,387130000C,(04)23274275,(04)23288582,2025,2,11,19,41,臺中市,北區,0,1,0,7,1,6,50,3,1,1,5,4,6,6,4,4,3,4,4,2,3,2,9,6,5,H01,8,18,7,21,10,17,,95,95,1,12,5,120.694553,24.160702,2
4007,66000,387130000C,(04)23274275,(04)23288582,2025,2,11,19,43,臺中市,南屯區,0,0,0,7,,,50,,,,,,,,,,,,,,,,,,,B03,,,1,,1,,,87,87,1,13,4,120.615571,24.147425,3
4008,66000,387130000C,(04)23274275,(04)23288582,2025,2,11,19,48,臺中市,豐原區,0,1,0,7,1,6,50,4,1,1,5,4,6,6,1,1,5,4,4,2,15,3,10,5,4,C03,7,9,1,10,2,11,,21,21,1,12,4,120.71864,24.238098,2
4009,66000,387130000C,(04)23274275,(04)23288582,2025,2,11,19,51,臺中市,北屯區,0,1,0,7,1,6,50,3,2,1,5,4,6,6,1,1,5,2,5,2,16,3,10,3,1,B03,7,11,1,8,2,8,,45,45,1,12,4,120.716408,24.175104,2
4010,66000,387130000C,(04)23274275,(04)23288582,2025,2,11,19,52,臺中市,后里區,0,1,0,7,1,6,60,13,7,1,5,4,6,6,4,4,3,4,4,2,13,2,9,1,1,C03,7,9,1,10,2,11,14,7,7,1,12,4,120.72415,24.314605,2
4011,66000,387130000C,(04)23274275,(04)23288582,2025,2,11,19,53,臺中市,豐原區,0,1,0,7,1,6,50,13,7,1,5,4,6,6,4,4,9,5,4,2,17,2,4,5,4,C03,7,8,1,10,2,11,,85,85,1,12,4,120.728919,24.253936,2
4012,66000,387130000C,(04)23274275,(04)23288582,2025,2,11,19,55,臺中市,北區,0,1,0,7,1,6,50,4,2,1,5,4,6,6,1,1,1,4,4,2,17,3,10,5,1,B03,7,11,1,8,2,5,,38,38,1,13,4,120.667784,24.163092,2
4013,66000,387130000C,(04)23274275,(04)23288582,2025,2,11,19,55,臺中市,沙鹿區,0,0,0,7,,,40,,,,,,,,,,,,,,,,,,,F03,,,2,,2,,,8,8,1,13,4,120.574349,24.229017,3
4014,66000,387130000C,(04)23274275,(04)23288582,2025,2,11,19,56,臺中市,大里區,0,0,0,7,,,30,,,,,,,,,,,,,,13,,,,,F01,,,1,,1,,,7,7,1,2,4,120.701996,24.105771,3
4015,66000,387130000C,(04)23274275,(04)23288582,2025,2,11,20,5,臺中市,龍井區,0,1,0,6,1,6,40,3,1,1,5,4,6,6,2,1,10,5,5,2,16,2,8,2,1,C03,7,9,1,10,2,11,,21,21,1,6,4,120.587624,24.185457,2
4016,66000,387130000C,(04)23274275,(04)23288582,2025,2,11,20,6,臺中市,西屯區,0,0,0,7,,,30,,,,,,,,,,,,,,17,,,,,B03,,,1,,9,,,87,87,1,12,4,120.638797,24.17367,3
4017,66000,387130000C,(04)23274275,(04)23288582,2025,2,11,20,8,臺中市,西屯區,0,0,0,7,,,50,,,,,,,,,,,,,,14,,,,,B03,,,1,,2,,,49,49,1,13,4,120.641238,24.184242,3
4018,66000,387130000C,(04)23274275,(04)23288582,2025,2,11,20,9,臺中市,南屯區,0,0,0,7,,,50,,,,,,,,,,,,,,,,,,,B03,,,1,,1,,,84,84,1,13,4,120.620761,24.145181,3
4019,66000,387130000C,(04)23274275,(04)23288582,2025,2,11,20,10,臺中市,大甲區,0,0,0,7,,,40,,,,,,,,,,,,,,,,,,,B03,,,1,,2,,,11,11,1,12,4,120.62388,24.345332,4
4020,66000,387130000C,(04)23274275,(04)23288582,2025,2,11,20,12,臺中市,西屯區,0,3,0,7,1,6,50,4,1,1,5,4,6,6,1,1,10,5,5,2,16,2,9,5,4,C03,7,6,1,10,1,12,,11,11,1,12,4,120.643345,24.178426,2
4021,66000,387130000C,(04)23274275,(04)23288582,2025,2,11,20,15,臺中市,西區,0,0,0,7,,,30,,,,,,,,,,,,,,,,,,,C03,,,7,,10,,,84,84,1,6,4,120.660469,24.147187,3
4022,66000,387130000C,(04)23274275,(04)23288582,2025,2,11,20,16,臺中市,南屯區,0,2,0,7,1,6,50,13,9,1,5,4,6,6,4,4,8,3,5,1,17,3,10,3,1,B03,7,1,1,8,2,8,,51,51,1,12,4,120.60424,24.147318,2
4023,66000,387130000C,(04)23274275,(04)23288582,2025,2,11,20,19,臺中市,西屯區,0,1,0,7,1,6,30,4,1,1,5,4,6,6,1,1,5,5,5,2,13,2,8,2,1,C03,7,9,1,10,1,14,,7,7,1,12,4,120.657524,24.190254,2
4024,66000,387130000C,(04)23274275,(04)23288582,2025,2,11,20,20,臺中市,西屯區,0,0,0,7,,,50,,,,,,,,,,,,,,12,,,,,B01,,,1,,1,,,35,35,1,12,4,120.643529,24.165605,3
4025,66000,387130000C,(04)23274275,(04)23288582,2025,2,11,20,21,臺中市,北屯區,0,1,0,7,1,6,30,4,1,1,5,4,6,6,4,4,10,5,5,2,16,2,8,1,1,C03,7,6,1,10,2,11,,14,14,1,12,4,120.741023,24.179918,2
4026,66000,387130000C,(04)23274275,(04)23288582,2025,2,11,20,21,臺中市,西屯區,0,1,0,7,1,6,50,13,9,1,5,4,6,6,4,4,8,5,5,2,28,2,8,2,1,C03,7,9,1,10,2,12,11,43,43,1,12,4,120.613129,24.171265,2
4027,66000,387130000C,(04)23274275,(04)23288582,2025,2,11,20,26,臺中市,龍井區,0,1,0,6,1,6,50,13,9,1,5,4,6,6,4,4,9,4,5,1,17,2,8,2,1,C03,7,1,1,10,2,11,,82,82,1,13,4,120.584458,24.182473,2
4028,66000,387130000C,(04)23274275,(04)23288582,2025,2,11,20,35,臺中市,清水區,0,2,0,7,1,6,70,4,7,1,5,4,6,6,3,1,8,3,4,1,11,3,10,3,1,B03,7,6,1,8,2,5,,14,14,1,12,4,120.558089,24.273588,2
4029,66000,387130000C,(04)23274275,(04)23288582,2025,2,11,20,35,臺中市,豐原區,0,0,0,7,,,50,,,,,,,,,,,,,,13,,,,,B03,,,1,,2,,,59,59,1,12,4,120.72515,24.252172,4
4030,66000,387130000C,(04)23274275,(04)23288582,2025,2,11,20,36,臺中市,大雅區,0,3,0,7,1,6,50,4,1,1,5,4,6,6,1,1,10,5,5,2,9,2,8,2,1,C03,7,9,3,19,2,14,,10,10,1,12,4,120.660694,24.212213,2