序號,縣市別代碼,機關代碼,市話,傳真,年,月,日,時,分,縣市,區,死亡數量,受傷數量,2-30,天候,道路照明設備,道路類別,道路速限,道路型態,事故位置,路面鋪裝,路面狀態,路面缺陷,障礙物,視距,號誌種類,號誌動作,分向設施,快車道或一般車道間,快慢車道間,路面邊線,事故類型及型態,受傷程度,主要傷處,保護裝備,行動電話或功能裝置,當事者區分(類別),車輛用途,當事者行動狀態,駕照狀態,駕照種類,飲酒情形,車輛撞擊部位最初,車輛撞擊部位其他,肇事因素個別,肇事因素主要,肇事逃逸,職業,共享經濟或外送平台,GPS座標X,GPS座標Y,事故類別
4253,66000,387130000C,(04)23274275,(04)23288582,2025,2,12,11,17,臺中市,烏日區,0,0,0,5,,,50,,,,,,,,,,,,,,14,,,,,B03,,,1,,2,,,49,49,1,12,4,120.597404,24.109271,3
4254,66000,387130000C,(04)23274275,(04)23288582,2025,2,12,11,23,臺中市,西屯區,0,2,0,5,2,6,50,3,1,1,4,4,6,6,4,4,10,5,5,2,16,2,8,5,4,C03,7,6,1,10,2,11,,14,14,1,13,4,120.638355,24.181655,2
4255,66000,387130000C,(04)23274275,(04)23288582,2025,2,12,11,23,臺中市,西屯區,0,2,0,5,3,6,50,4,1,1,4,4,6,6,2,1,10,5,5,2,16,2,9,3,1,B01,7,6,1,4,2,1,,11,11,1,12,4,120.644674,24.15773,2
4256,66000,387130000C,(04)23274275,(04)23288582,2025,2,12,11,24,臺中市,大甲區,0,0,0,5,,,50,,,,,,,,,,,,,,16,,,,,B02,,,1,,1,,,51,51,1,6,4,120.630007,24.400427,3
4257,66000,387130000C,(04)23274275,(04)23288582,2025,2,12,11,25,臺中市,清水區,0,0,0,5,,,50,,,,,,,,,,,,,,17,,,,,B03,,,1,,2,,,51,51,1,12,4,120.533699,24.26882,3
4258,66000,387130000C,(04)23274275,(04)23288582,2025,2,12,11,26,臺中市,北屯區,0,0,0,5,,,50,,,,,,,,,,,,,,,,,,,B03,,,1,,1,,,84,84,1,13,4,120.718978,24.174874,3
4259,66000,387130000C,(04)23274275,(04)23288582,2025,2,12,11,31,臺中市,大里區,0,0,0,5,,,50,,,,,,,,,,,,,,17,,,,,B12,,,1,,2,,,78,78,1,12,4,120.6811,24.100121,3
4260,66000,387130000C,(04)23274275,(04)23288582,2025,2,12,11,32,臺中市,沙鹿區,0,1,0,5,1,6,40,13,9,1,4,4,6,6,4,4,5,4,4,2,17,3,10,3,1,B12,7,15,1,8,2,4,,76,76,1,13,4,120.565457,24.243182,2
4261,66000,387130000C,(04)23274275,(04)23288582,2025,2,12,11,41,臺中市,大雅區,0,2,0,5,3,6,50,4,1,1,4,4,6,6,1,1,10,5,5,2,17,3,10,3,1,B03,7,1,1,8,2,2,,51,51,1,11,4,120.64711,24.229801,2
4262,66000,387130000C,(04)23274275,(04)23288582,2025,2,12,11,46,臺中市,豐原區,0,1,0,5,2,6,50,3,1,1,4,4,6,6,1,1,10,5,5,2,16,2,8,1,1,C03,7,9,1,10,2,12,,21,21,1,6,4,120.704783,24.240028,2
4263,66000,387130000C,(04)23274275,(04)23288582,2025,2,12,11,49,臺中市,南屯區,0,0,0,5,,,50,,,,,,,,,,,,,,,,,,,A11,,,1,,9,,,59,59,1,6,4,120.615378,24.142886,3
4264,66000,387130000C,(04)23274275,(04)23288582,2025,2,12,11,50,臺中市,石岡區,0,1,0,5,1,6,50,13,9,1,4,4,6,6,4,4,8,5,5,2,2,3,10,3,1,B03,7,9,1,8,2,2,,43,43,1,12,4,120.775193,24.276847,2
4265,66000,387130000C,(04)23274275,(04)23288582,2025,2,12,11,51,臺中市,南屯區,0,1,0,5,2,6,50,4,1,1,4,4,6,6,2,1,4,3,4,2,15,2,7,2,1,C03,7,9,1,10,2,14,,21,21,1,12,4,120.637475,24.138079,2
4266,66000,387130000C,(04)23274275,(04)23288582,2025,2,12,11,52,臺中市,南屯區,0,0,0,5,,,50,,,,,,,,,,,,,,17,,,,,A41,,,1,,2,,,90,90,1,12,4,120.629185,24.123276,3
4267,66000,387130000C,(04)23274275,(04)23288582,2025,2,12,11,58,臺中市,北區,0,0,0,7,,,50,,,,,,,,,,,,,,13,,,,,C03,,,1,,1,,,7,7,1,13,4,120.682226,24.163651,3
4268,66000,387130000C,(04)23274275,(04)23288582,2025,2,12,11,58,臺中市,西屯區,0,0,0,5,,,50,,,,,,,,,,,,,,14,,,,,B12,,,1,,2,,,49,49,1,12,4,120.667578,24.174948,3
4269,66000,387130000C,(04)23274275,(04)23288582,2025,2,12,11,59,臺中市,太平區,0,0,0,5,,,80,,,,,,,,,,,,,,,,,,,A12,,,1,,2,,,7,7,1,12,4,120.710725,24.141557,3
4270,66000,387130000C,(04)23274275,(04)23288582,2025,2,12,12,0,臺中市,潭子區,0,1,0,5,2,6,50,13,7,1,4,4,6,6,4,4,1,4,5,1,16,2,8,2,1,C02,7,9,1,9,2,14,,7,7,1,12,4,120.708982,24.227462,2
4271,66000,387130000C,(04)23274275,(04)23288582,2025,2,12,12,0,臺中市,西區,0,1,0,7,3,6,50,3,1,1,4,4,6,6,1,1,10,5,5,2,15,3,10,3,1,B12,7,9,5,8,2,4,,21,21,1,12,4,120.658977,24.155921,2
4272,66000,387130000C,(04)23274275,(04)23288582,2025,2,12,12,0,臺中市,烏日區,0,0,0,7,,,30,,,,,,,,,,,,,,14,,,,,B03,,,1,,1,,,49,49,1,6,4,120.646504,24.066366,3
4273,66000,387130000C,(04)23274275,(04)23288582,2025,2,12,12,2,臺中市,北屯區,0,0,0,5,,,50,,,,,,,,,,,,,,17,,,,,B03,,,1,,2,,,8,8,1,12,4,120.693738,24.173581,3
4274,66000,387130000C,(04)23274275,(04)23288582,2025,2,12,12,7,臺中市,霧峰區,0,1,0,5,2,6,50,13,9,1,4,4,6,6,4,4,10,5,5,2,17,2,8,1,1,C03,7,9,3,19,2,16,,84,84,1,6,4,120.699037,24.072983,2
4275,66000,387130000C,(04)23274275,(04)23288582,2025,2,12,12,8,臺中市,南屯區,0,0,0,5,,,50,,,,,,,,,,,,,,12,,,,,B03,,,1,,1,,,59,59,1,12,4,120.653029,24.140766,3
4276,66000,387130000C,(04)23274275,(04)23288582,2025,2,12,12,9,臺中市,北區,0,0,0,5,,,50,,,,,,,,,,,,,,13,,,,,B03,,,1,,1,,,7,7,1,13,4,120.679298,24.165404,3
4277,66000,387130000C,(04)23274275,(04)23288582,2025,2,12,12,10,臺中市,北區,0,0,0,5,,,50,,,,,,,,,,,,,,,,,,,B03,,,1,,1,,,48,48,1,13,4,120.674027,24.164847,3
4278,66000,387130000C,(04)23274275,(04)23288582,2025,2,12,12,11,臺中市,后里區,0,1,0,5,2,6,50,4,1,1,4,4,6,6,4,4,10,5,5,2,15,2,9,2,1,C03,7,9,1,10,2,12,,15,15,1,12,4,120.712002,24.305646,2
4279,66000,387130000C,(04)23274275,(04)23288582,2025,2,12,12,20,臺中市,中區,0,0,0,5,,,50,,,,,,,,,,,,,,17,,,,,B03,,,1,,1,,,51,51,1,12,4,120.674776,24.143194,3
4280,66000,387130000C,(04)23274275,(04)23288582,2025,2,12,12,21,臺中市,南區,0,1,0,5,3,6,50,4,1,1,4,4,6,6,4,4,10,5,5,2,15,2,9,2,1,C03,7,9,1,10,2,12,,13,13,1,6,4,120.660778,24.110895,2
4281,66000,387130000C,(04)23274275,(04)23288582,2025,2,12,12,22,臺中市,北區,0,1,0,5,2,6,40,13,8,1,4,4,6,6,4,4,3,4,4,2,17,3,10,5,1,B03,7,9,1,8,2,1,,7,7,1,13,4,120.674251,24.163439,2
4282,66000,387130000C,(04)23274275,(04)23288582,2025,2,12,12,22,臺中市,北屯區,0,1,0,5,1,6,50,13,7,1,4,4,6,6,4,4,3,4,4,2,13,2,9,1,1,C03,7,9,1,10,2,11,,7,7,1,13,4,120.664387,24.184831,2
4283,66000,387130000C,(04)23274275,(04)23288582,2025,2,12,12,24,臺中市,北屯區,0,0,0,5,,,50,,,,,,,,,,,,,,13,,,,,B03,,,1,,1,,,59,59,1,6,4,120.700117,24.182782,3
4284,66000,387130000C,(04)23274275,(04)23288582,2025,2,12,12,25,臺中市,東區,0,0,0,7,,,50,,,,,,,,,,,,,,,,,,,B12,,,1,,9,,,84,84,1,12,4,120.699162,24.140195,3
4285,66000,387130000C,(04)23274275,(04)23288582,2025,2,12,12,27,臺中市,大甲區,0,1,0,5,1,6,60,8,7,1,4,4,6,6,4,4,1,4,4,1,23,2,9,3,1,B03,7,9,5,19,8,1,,53,53,1,12,4,120.645012,24.371184,2
4286,66000,387130000C,(04)23274275,(04)23288582,2025,2,12,12,29,臺中市,北區,0,1,0,5,2,6,50,4,1,1,4,4,6,6,1,1,2,4,4,2,16,3,10,3,1,B03,7,5,1,8,2,2,,11,11,1,13,4,120.68726,24.15571,2
4287,66000,387130000C,(04)23274275,(04)23288582,2025,2,12,12,30,臺中市,清水區,0,3,0,5,3,6,30,4,1,1,4,4,6,1,4,4,10,5,5,2,17,2,9,2,1,C03,7,9,1,10,2,12,,15,15,1,12,4,120.556796,24.27567,2
4288,66000,387130000C,(04)23274275,(04)23288582,2025,2,12,12,32,臺中市,北屯區,0,0,0,5,,,50,,,,,,,,,,,,,,,,,,,B03,,,1,,2,,,50,50,1,13,4,120.685139,24.16998,3
4289,66000,387130000C,(04)23274275,(04)23288582,2025,2,12,12,34,臺中市,梧棲區,0,1,0,5,2,6,70,13,8,1,4,4,6,6,1,1,1,4,1,1,13,2,8,1,1,C03,7,9,1,10,2,11,,88,88,1,12,4,120.550052,24.245119,2
4290,66000,387130000C,(04)23274275,(04)23288582,2025,2,12,12,40,臺中市,西屯區,0,0,0,5,,,30,,,,,,,,,,,,,,14,,,,,B03,,,1,,1,,,49,49,1,11,4,120.622013,24.184842,3
4291,66000,387130000C,(04)23274275,(04)23288582,2025,2,12,12,41,臺中市,北屯區,0,0,0,5,,,50,,,,,,,,,,,,,,11,,,,,B12,,,1,8,1,,,8,8,1,6,4,120.681173,24.191891,4
4292,66000,387130000C,(04)23274275,(04)23288582,2025,2,12,12,43,臺中市,潭子區,0,1,0,7,3,6,80,3,1,1,5,4,6,6,1,1,1,4,4,1,17,3,10,3,1,B03,7,5,1,8,2,2,,11,11,1,13,4,120.702633,24.196934,2
4293,66000,387130000C,(04)23274275,(04)23288582,2025,2,12,12,43,臺中市,北區,0,1,0,5,3,6,50,4,1,1,4,4,6,6,1,1,5,5,5,2,15,2,9,1,1,C03,7,9,1,10,2,12,,21,21,1,13,4,120.68234,24.161605,2
4294,66000,387130000C,(04)23274275,(04)23288582,2025,2,12,12,43,臺中市,北區,0,0,0,5,,,30,,,,,,,,,,,,,,17,,,,,C03,,,1,,1,,,84,84,1,13,4,120.669688,24.156576,3
4295,66000,387130000C,(04)23274275,(04)23288582,2025,2,12,12,43,臺中市,石岡區,0,0,0,5,,,60,,,,,,,,,,,,,,,,,,,A41,,,1,,2,,,7,7,1,12,4,120.813172,24.262105,3
4296,66000,387130000C,(04)23274275,(04)23288582,2025,2,12,12,46,臺中市,南屯區,0,0,0,7,,,50,,,,,,,,,,,,,,,,,,,B03,,,1,,2,,,84,84,1,13,4,120.649253,24.135882,3
4297,66000,387130000C,(04)23274275,(04)23288582,2025,2,12,12,50,臺中市,南屯區,0,1,0,7,2,6,40,3,1,1,4,4,6,6,2,1,9,4,3,2,18,2,9,1,1,C03,7,9,1,10,2,12,,59,59,1,12,4,120.597872,24.155393,2
4298,66000,387130000C,(04)23274275,(04)23288582,2025,2,12,12,51,臺中市,北屯區,0,0,0,5,,,50,,,,,,,,,,,,,,15,,,,,B03,,,1,,1,,,15,15,1,12,4,120.683983,24.180976,3
4299,66000,387130000C,(04)23274275,(04)23288582,2025,2,12,12,54,臺中市,清水區,0,0,0,7,,,30,,,,,,,,,,,,,,,,,,,B03,,,1,,1,,,15,15,1,12,4,120.560141,24.257949,3
4300,66000,387130000C,(04)23274275,(04)23288582,2025,2,12,12,55,臺中市,北屯區,0,0,0,5,,,50,,,,,,,,,,,,,,,,,,,B03,,,1,,1,,,49,49,1,13,4,120.725904,24.176158,3
4301,66000,387130000C,(04)23274275,(04)23288582,2025,2,12,12,55,臺中市,清水區,0,0,0,5,,,50,,,,,,,,,,,,,,17,,,,,B03,,,1,,2,,,13,13,1,12,4,120.577301,24.266652,3
4302,66000,387130000C,(04)23274275,(04)23288582,2025,2,12,13,2,臺中市,北區,0,1,0,5,3,6,50,18,9,1,4,4,6,6,1,1,5,5,4,2,17,2,9,1,1,C04,7,15,5,19,2,14,,42,42,1,13,4,120.669165,24.159131,2
4303,66000,387130000C,(04)23274275,(04)23288582,2025,2,12,13,5,臺中市,大甲區,0,1,0,7,2,6,50,4,1,1,4,4,6,6,4,4,10,5,5,2,16,2,9,2,1,C03,7,6,1,10,2,14,,48,48,1,6,4,120.630444,24.350208,2
4304,66000,387130000C,(04)23274275,(04)23288582,2025,2,12,13,7,臺中市,西屯區,0,0,0,5,,,60,,,,,,,,,,,,,,13,,,,,B03,,,1,,1,,,7,7,1,12,4,120.643844,24.165857,3
4305,66000,387130000C,(04)23274275,(04)23288582,2025,2,12,13,8,臺中市,梧棲區,0,0,0,5,,,50,,,,,,,,,,,,,,14,,,,,B03,,,1,,1,,,49,49,1,6,4,120.561645,24.255748,3
4306,66000,387130000C,(04)23274275,(04)23288582,2025,2,12,13,9,臺中市,北屯區,0,0,0,5,,,50,,,,,,,,,,,,,,12,,,,,B03,,,3,,1,,,50,50,1,6,4,120.719205,24.174477,3
4307,66000,387130000C,(04)23274275,(04)23288582,2025,2,12,13,9,臺中市,梧棲區,0,0,0,5,,,70,,,,,,,,,,,,,,13,,,,,B13,,,1,,1,,,84,84,1,12,4,120.556538,24.242493,3
4308,66000,387130000C,(04)23274275,(04)23288582,2025,2,12,13,10,臺中市,北區,0,0,0,7,,,50,,,,,,,,,,,,,,17,,,,,B03,,,1,,1,,,7,7,1,13,4,120.669997,24.155561,3
4309,66000,387130000C,(04)23274275,(04)23288582,2025,2,12,13,17,臺中市,豐原區,0,1,0,5,2,6,50,4,1,1,4,4,6,6,3,1,5,5,5,1,17,3,10,5,4,C03,7,6,1,10,2,15,,48,48,1,12,4,120.726571,24.245559,2
4310,66000,387130000C,(04)23274275,(04)23288582,2025,2,12,13,24,臺中市,東區,0,0,0,5,,,50,,,,,,,,,,,,,,16,,,,,B03,,,1,,1,,,11,11,1,12,4,120.698801,24.132848,3
4311,66000,387130000C,(04)23274275,(04)23288582,2025,2,12,13,26,臺中市,西屯區,0,1,0,5,2,6,40,4,1,1,4,4,6,6,2,1,10,5,5,2,16,3,10,3,1,B03,7,5,1,8,2,2,,11,11,1,12,4,120.635049,24.161217,2
4312,66000,387130000C,(04)23274275,(04)23288582,2025,2,12,13,27,臺中市,南屯區,0,0,0,7,,,50,,,,,,,,,,,,,,,,,,,B03,,,1,,1,,,59,59,1,13,4,120.638482,24.142172,3
4313,66000,387130000C,(04)23274275,(04)23288582,2025,2,12,13,27,臺中市,西屯區,0,1,0,5,2,6,50,13,9,1,4,4,6,6,4,4,1,4,5,2,12,2,9,5,4,C03,7,9,1,10,2,12,,8,8,1,13,4,120.655097,24.169104,2
4314,66000,387130000C,(04)23274275,(04)23288582,2025,2,12,13,30,臺中市,潭子區,0,0,0,5,,,50,,,,,,,,,,,,,,,,,,,B03,,,1,,2,,,7,7,1,13,4,120.707119,24.200383,3
4315,66000,387130000C,(04)23274275,(04)23288582,2025,2,12,13,41,臺中市,西區,0,0,0,5,,,50,,,,,,,,,,,,,,,,,,,B03,,,1,,1,,,7,7,1,13,4,120.655894,24.146766,3
4316,66000,387130000C,(04)23274275,(04)23288582,2025,2,12,13,43,臺中市,西屯區,0,0,0,5,,,30,,,,,,,,,,,,,,13,,,,,C03,,,1,,1,,,7,7,1,12,4,120.646163,24.181177,3
4317,66000,387130000C,(04)23274275,(04)23288582,2025,2,12,13,44,臺中市,北區,0,0,0,5,,,50,,,,,,,,,,,,,,13,,,,,C03,,,1,,1,,,7,7,1,13,4,120.670491,24.157514,3
4318,66000,387130000C,(04)23274275,(04)23288582,2025,2,12,13,50,臺中市,烏日區,0,1,0,5,2,6,50,3,1,1,4,4,6,6,4,4,1,5,5,2,16,3,10,3,1,B01,7,5,1,3,2,3,,14,14,1,6,4,120.583628,24.110589,2
4319,66000,387130000C,(04)23274275,(04)23288582,2025,2,12,13,54,臺中市,北屯區,0,1,0,5,3,6,40,4,1,1,4,4,6,6,2,1,10,5,5,2,16,2,8,2,1,C03,7,9,1,10,2,14,,21,21,1,5,4,120.721335,24.175046,2
4320,66000,387130000C,(04)23274275,(04)23288582,2025,2,12,14,0,臺中市,后里區,0,0,0,5,,,50,,,,,,,,,,,,,,,,,,,B03,,,1,,2,,,45,45,1,12,4,120.711676,24.310449,3
4321,66000,387130000C,(04)23274275,(04)23288582,2025,2,12,14,2,臺中市,西屯區,0,1,0,5,2,6,50,13,9,1,4,4,6,6,4,4,5,5,5,2,16,3,10,5,4,B12,7,1,1,8,2,8,,51,51,1,12,4,120.600273,24.172305,2
4322,66000,387130000C,(04)23274275,(04)23288582,2025,2,12,14,4,臺中市,北屯區,0,0,0,5,,,50,,,,,,,,,,,,,,15,,,,,B03,,,1,,2,,,20,20,1,12,4,120.668819,24.192767,3
4323,66000,387130000C,(04)23274275,(04)23288582,2025,2,12,14,6,臺中市,大甲區,0,0,0,7,,,50,,,,,,,,,,,,,,13,,,,,B03,,,1,,1,,,7,7,1,12,4,120.632554,24.34586,3
4324,66000,387130000C,(04)23274275,(04)23288582,2025,2,12,14,9,臺中市,烏日區,0,2,0,5,2,6,80,13,7,1,4,4,6,6,4,4,1,4,5,1,20,2,9,5,4,B03,7,9,1,8,2,1,3,84,84,1,13,4,120.612642,24.102566,2
4325,66000,387130000C,(04)23274275,(04)23288582,2025,2,12,14,15,臺中市,沙鹿區,0,0,0,5,,,50,,,,,,,,,,,,,,13,,,,,B12,,,1,,1,,,56,56,1,6,4,120.61496,24.241705,3
4326,66000,387130000C,(04)23274275,(04)23288582,2025,2,12,14,17,臺中市,北屯區,0,2,0,5,1,6,50,4,2,1,4,4,6,6,1,1,3,4,4,2,15,2,9,1,1,C03,7,9,1,10,2,12,,21,21,1,13,4,120.694672,24.16561,2
4327,66000,387130000C,(04)23274275,(04)23288582,2025,2,12,14,20,臺中市,西屯區,0,0,0,5,,,50,,,,,,,,,,,,,,14,,,,,B03,,,1,,2,,,49,49,1,12,4,120.587793,24.170142,3
4328,66000,387130000C,(04)23274275,(04)23288582,2025,2,12,14,22,臺中市,豐原區,0,0,0,5,,,50,,,,,,,,,,,,,,17,,,,,B03,,,1,,2,,,50,50,1,12,4,120.712658,24.255447,3
4329,66000,387130000C,(04)23274275,(04)23288582,2025,2,12,14,23,臺中市,南屯區,0,0,0,5,,,40,,,,,,,,,,,,,,13,,,,,G03,,,1,,1,,,7,7,1,6,4,120.634038,24.12342,3
4330,66000,387130000C,(04)23274275,(04)23288582,2025,2,12,14,29,臺中市,西屯區,0,2,0,5,3,6,0,4,21,1,4,4,6,6,4,4,10,5,5,2,17,2,9,3,1,B03,7,9,1,8,1,8,4,84,84,1,12,4,120.624797,24.195978,2
4331,66000,387130000C,(04)23274275,(04)23288582,2025,2,12,14,30,臺中市,東勢區,0,0,0,5,2,6,40,13,2,1,5,4,6,6,1,1,9,4,5,2,13,3,10,5,4,B03,7,1,1,4,1,1,,59,59,1,13,4,120.833731,24.246729,3
4332,66000,387130000C,(04)23274275,(04)23288582,2025,2,12,14,33,臺中市,西區,0,0,0,5,3,6,50,3,2,1,4,4,6,6,4,4,10,5,5,2,12,,,,,B03,,,1,,1,,,51,51,1,13,4,120.667587,24.147503,3
4333,66000,387130000C,(04)23274275,(04)23288582,2025,2,12,14,37,臺中市,西屯區,0,0,0,5,,,50,,,,,,,,,,,,,,14,,,,,B03,,,1,,1,,,50,50,1,12,4,120.645134,24.176779,3
4334,66000,387130000C,(04)23274275,(04)23288582,2025,2,12,14,39,臺中市,外埔區,0,1,0,5,2,6,50,3,2,1,4,4,6,6,4,4,9,5,4,1,13,2,7,2,1,C03,7,9,1,10,2,11,,7,7,1,12,4,120.637131,24.342813,2
4335,66000,387130000C,(04)23274275,(04)23288582,2025,2,12,14,39,臺中市,神岡區,0,1,0,5,2,6,50,13,9,1,4,4,6,6,4,4,9,5,5,1,14,2,8,5,4,C03,7,9,1,10,2,14,,59,59,1,12,4,120.682875,24.259619,2
4336,66000,387130000C,(04)23274275,(04)23288582,2025,2,12,14,40,臺中市,北區,0,1,0,5,3,6,50,3,1,1,4,4,6,6,4,4,5,5,4,2,17,3,10,3,1,B03,7,5,1,8,2,2,,47,47,1,13,4,120.666652,24.155566,2
4337,66000,387130000C,(04)23274275,(04)23288582,2025,2,12,14,40,臺中市,東區,0,1,0,5,2,6,50,13,8,1,4,4,6,6,4,4,1,4,4,2,17,3,10,3,1,B03,7,15,1,8,2,2,,42,42,1,12,4,120.681804,24.128328,2
4338,66000,387130000C,(04)23274275,(04)23288582,2025,2,12,14,43,臺中市,北屯區,0,0,0,5,,,50,,,,,,,,,,,,,,,,,,,B03,,,1,,1,,,51,51,1,13,4,120.697205,24.176123,3
4339,66000,387130000C,(04)23274275,(04)23288582,2025,2,12,14,45,臺中市,北區,0,1,0,5,2,6,50,4,1,1,4,4,6,6,3,1,10,5,5,2,15,2,9,1,1,C03,7,9,1,10,2,11,,24,24,1,12,4,120.697336,24.158387,2
4340,66000,387130000C,(04)23274275,(04)23288582,2025,2,12,14,46,臺中市,北區,0,1,0,5,3,6,40,13,8,1,4,4,6,6,4,4,5,5,4,2,12,3,10,3,1,B03,7,10,1,8,2,4,,42,42,1,12,4,120.664693,24.157031,2
4341,66000,387130000C,(04)23274275,(04)23288582,2025,2,12,14,47,臺中市,西區,0,0,0,5,,,50,,,,,,,,,,,,,,,,,,,B03,,,1,,1,,,84,84,1,12,4,120.671515,24.136759,3
4342,66000,387130000C,(04)23274275,(04)23288582,2025,2,12,14,50,臺中市,太平區,0,0,0,5,,,30,,,,,,,,,,,,,,17,,,,,B03,,,1,,2,,,84,84,1,6,4,120.713734,24.137926,3
4343,66000,387130000C,(04)23274275,(04)23288582,2025,2,12,14,57,臺中市,北屯區,0,0,0,5,,,0,,,,,,,,,,,,,,14,,,,,B12,,,1,8,2,,,49,49,1,6,4,120.70031,24.177764,3
4344,66000,387130000C,(04)23274275,(04)23288582,2025,2,12,14,57,臺中市,西屯區,0,0,0,5,,,40,,,,,,,,,,,,,,21,,,,,B03,,,1,,2,,,59,59,1,12,4,120.635897,24.181704,3
4345,66000,387130000C,(04)23274275,(04)23288582,2025,2,12,15,0,臺中市,沙鹿區,0,0,0,7,2,6,30,4,9,1,5,4,6,6,4,4,10,5,5,2,14,,,,,B03,,,1,,1,,,49,49,1,12,4,120.566703,24.236472,3
4346,66000,387130000C,(04)23274275,(04)23288582,2025,2,12,15,1,臺中市,沙鹿區,0,0,0,7,,,50,,,,,,,,,,,,,,12,,,,,B03,,,1,,1,,,51,51,1,12,4,120.571761,24.229645,3
4347,66000,387130000C,(04)23274275,(04)23288582,2025,2,12,15,9,臺中市,南屯區,0,1,0,5,2,6,50,4,1,1,4,4,6,6,4,4,9,5,5,2,17,2,8,2,1,C04,7,9,1,8,2,14,,13,13,1,13,4,120.647507,24.155639,2
4348,66000,387130000C,(04)23274275,(04)23288582,2025,2,12,15,12,臺中市,東區,0,1,0,5,2,6,50,3,1,1,4,4,6,6,4,4,10,5,5,2,16,3,10,3,1,B03,7,5,1,8,2,2,,14,14,1,12,4,120.702694,24.12628,2
4349,66000,387130000C,(04)23274275,(04)23288582,2025,2,12,15,12,臺中市,西屯區,0,0,0,5,,,50,,,,,,,,,,,,,,13,,,,,B03,,,1,,2,,,7,7,1,12,4,120.659481,24.175598,3
4350,66000,387130000C,(04)23274275,(04)23288582,2025,2,12,15,16,臺中市,西屯區,0,0,0,5,,,50,,,,,,,,,,,,,,12,,,,,B03,,,1,,2,,,40,40,1,12,4,120.641018,24.167806,3
4351,66000,387130000C,(04)23274275,(04)23288582,2025,2,12,15,17,臺中市,北屯區,0,0,0,7,,,30,,,,,,,,,,,,,,9,,,,,B03,,,1,8,2,,,8,8,1,12,4,120.667437,24.184353,3
4352,66000,387130000C,(04)23274275,(04)23288582,2025,2,12,15,19,臺中市,龍井區,0,1,0,5,3,6,40,4,1,1,4,4,6,6,3,1,10,5,5,2,17,2,7,1,1,C03,7,9,1,10,2,14,,59,59,1,6,4,120.509249,24.200586,2
4353,66000,387130000C,(04)23274275,(04)23288582,2025,2,12,15,20,臺中市,西區,0,0,0,5,,,40,,,,,,,,,,,,,,12,,,,,B03,,,1,,1,,,8,8,1,12,4,120.660244,24.158135,3
4354,66000,387130000C,(04)23274275,(04)23288582,2025,2,12,15,22,臺中市,北區,0,0,0,5,,,50,,,,,,,,,,,,,,,,,,,B03,,,1,,2,,,59,59,1,13,4,120.680546,24.157651,3
4355,66000,387130000C,(04)23274275,(04)23288582,2025,2,12,15,24,臺中市,南屯區,0,0,0,5,,,50,,,,,,,,,,,,,,13,,,,,B03,,,1,,1,,,59,59,1,6,4,120.597618,24.154948,3
4356,66000,387130000C,(04)23274275,(04)23288582,2025,2,12,15,24,臺中市,大甲區,0,0,0,5,,,30,,,,,,,,,,,,,,,,,,,B03,,,1,,1,,,59,59,1,6,4,120.632877,24.346452,3
4357,66000,387130000C,(04)23274275,(04)23288582,2025,2,12,15,25,臺中市,大雅區,0,2,0,5,3,6,50,13,9,1,4,4,6,6,4,4,9,4,5,1,12,3,10,3,1,B13,7,9,1,8,2,2,,8,8,1,13,4,120.674549,24.232922,2
4358,66000,387130000C,(04)23274275,(04)23288582,2025,2,12,15,28,臺中市,神岡區,0,0,0,5,,,50,,,,,,,,,,,,,,2,,,,,B03,,,1,,1,,,2,2,1,12,4,120.680252,24.248215,3
4359,66000,387130000C,(04)23274275,(04)23288582,2025,2,12,15,29,臺中市,南區,0,1,0,5,2,6,50,4,1,1,3,4,6,6,1,1,10,5,5,2,16,3,10,2,1,C03,7,5,1,10,2,12,,47,47,1,6,4,120.651958,24.11471,2
4360,66000,387130000C,(04)23274275,(04)23288582,2025,2,12,15,30,臺中市,大雅區,0,2,0,5,3,6,30,13,9,1,4,4,6,6,4,4,10,5,5,1,30,2,1,3,1,B03,7,9,1,8,2,1,,84,84,1,12,4,120.668776,24.221164,2
4361,66000,387130000C,(04)23274275,(04)23288582,2025,2,12,15,35,臺中市,南區,0,0,0,5,,,50,,,,,,,,,,,,,,,,,,,B03,,,1,,1,,,7,7,1,13,4,120.653495,24.122737,3
4362,66000,387130000C,(04)23274275,(04)23288582,2025,2,12,15,37,臺中市,西屯區,0,0,0,5,2,6,50,3,1,1,4,4,6,6,4,4,10,5,5,2,16,,,,,B03,,,1,,1,,,14,14,1,12,4,120.638809,24.158134,3
4363,66000,387130000C,(04)23274275,(04)23288582,2025,2,12,15,39,臺中市,中區,0,0,0,5,,,50,,,,,,,,,,,,,,,,,,,A02,,,1,,9,,,40,40,1,6,4,120.681131,24.140918,3
4364,66000,387130000C,(04)23274275,(04)23288582,2025,2,12,15,40,臺中市,北屯區,0,0,0,5,,,50,,,,,,,,,,,,,,17,,,,,B03,,,1,,2,,,50,50,1,12,4,120.693893,24.167972,3