序號,縣市別代碼,機關代碼,市話,傳真,年,月,日,時,分,縣市,區,死亡數量,受傷數量,2-30,天候,道路照明設備,道路類別,道路速限,道路型態,事故位置,路面鋪裝,路面狀態,路面缺陷,障礙物,視距,號誌種類,號誌動作,分向設施,快車道或一般車道間,快慢車道間,路面邊線,事故類型及型態,受傷程度,主要傷處,保護裝備,行動電話或功能裝置,當事者區分(類別),車輛用途,當事者行動狀態,駕照狀態,駕照種類,飲酒情形,車輛撞擊部位最初,車輛撞擊部位其他,肇事因素個別,肇事因素主要,肇事逃逸,職業,共享經濟或外送平台,GPS座標X,GPS座標Y,事故類別
4365,66000,387130000C,(04)23274275,(04)23288582,2025,2,12,15,40,臺中市,太平區,0,1,0,5,3,6,50,13,9,1,4,4,6,6,4,4,9,3,5,2,14,3,10,3,1,B12,7,2,1,7,2,7,,49,49,1,6,4,120.707993,24.1519,2
4366,66000,387130000C,(04)23274275,(04)23288582,2025,2,12,15,43,臺中市,北區,0,0,0,5,,,50,,,,,,,,,,,,,,17,,,,,B03,,,1,,1,,,84,84,1,12,4,120.685568,24.156019,3
4367,66000,387130000C,(04)23274275,(04)23288582,2025,2,12,15,45,臺中市,南區,0,1,0,5,1,6,50,3,1,1,4,4,6,6,4,4,10,5,5,2,17,3,10,3,1,B02,7,6,1,8,2,4,,14,14,1,12,4,120.651199,24.113497,2
4368,66000,387130000C,(04)23274275,(04)23288582,2025,2,12,15,47,臺中市,神岡區,0,1,0,5,1,6,30,11,9,1,4,4,6,1,4,4,10,5,5,1,11,3,10,3,1,B03,7,9,1,8,2,4,,41,41,1,12,4,120.654166,24.280029,2
4369,66000,387130000C,(04)23274275,(04)23288582,2025,2,12,15,48,臺中市,烏日區,0,0,0,5,2,6,40,13,7,1,4,4,6,6,4,4,1,4,5,1,13,3,10,3,1,B11,7,12,1,4,2,1,,7,7,1,6,4,120.617427,24.118631,3
4370,66000,387130000C,(04)23274275,(04)23288582,2025,2,12,15,48,臺中市,沙鹿區,0,0,0,5,,,50,,,,,,,,,,,,,,17,,,,,B03,,,1,,2,,,7,7,1,6,4,120.55892,24.234515,3
4371,66000,387130000C,(04)23274275,(04)23288582,2025,2,12,15,50,臺中市,清水區,0,0,0,7,,,50,,,,,,,,,,,,,,,,,,,B12,,,1,,1,,,84,84,1,12,4,120.574646,24.270664,3
4372,66000,387130000C,(04)23274275,(04)23288582,2025,2,12,15,52,臺中市,西屯區,0,0,0,7,,,60,,,,,,,,,,,,,,12,,,,,B03,,,1,,1,,,40,40,1,12,4,120.646454,24.164454,3
4373,66000,387130000C,(04)23274275,(04)23288582,2025,2,12,15,52,臺中市,大里區,0,0,0,5,,,50,,,,,,,,,,,,,,,,,,,C03,,,1,,2,,,50,50,1,12,4,120.688781,24.103048,4
4374,66000,387130000C,(04)23274275,(04)23288582,2025,2,12,15,53,臺中市,北區,0,1,0,5,3,6,50,4,1,1,4,4,6,6,4,4,5,5,5,2,16,3,10,3,1,B03,7,6,1,8,2,1,,14,14,1,12,4,120.665559,24.163972,2
4375,66000,387130000C,(04)23274275,(04)23288582,2025,2,12,15,54,臺中市,北區,0,0,0,5,,,50,,,,,,,,,,,,,,,,,,,B12,,,1,,2,,,84,84,1,13,4,120.676911,24.150669,3
4376,66000,387130000C,(04)23274275,(04)23288582,2025,2,12,15,58,臺中市,潭子區,0,0,0,5,,,50,,,,,,,,,,,,,,2,,,,,B03,,,1,,2,,,8,8,1,12,4,120.706031,24.200805,3
4377,66000,387130000C,(04)23274275,(04)23288582,2025,2,12,15,58,臺中市,中區,0,1,0,5,3,6,50,4,1,1,4,4,6,6,2,1,10,5,5,2,18,2,9,1,1,C03,7,9,3,19,2,12,,84,84,1,13,4,120.684316,24.142292,2
4378,66000,387130000C,(04)23274275,(04)23288582,2025,2,12,15,59,臺中市,北區,0,1,0,5,2,6,50,4,1,1,4,4,6,6,1,1,5,4,4,2,17,3,10,3,1,B03,7,6,1,8,2,5,,11,11,1,12,4,120.668073,24.154308,2
4379,66000,387130000C,(04)23274275,(04)23288582,2025,2,12,16,4,臺中市,大雅區,0,2,0,5,3,6,30,4,9,1,4,4,6,6,1,1,10,4,5,1,11,2,9,1,1,C03,7,6,1,10,2,12,,11,11,1,13,4,120.653236,24.217596,2
4380,66000,387130000C,(04)23274275,(04)23288582,2025,2,12,16,4,臺中市,太平區,0,1,0,5,2,6,50,4,1,1,4,4,6,6,1,1,10,5,5,2,17,3,10,3,1,B03,7,6,1,8,2,1,,11,11,1,12,4,120.7032,24.155757,2
4381,66000,387130000C,(04)23274275,(04)23288582,2025,2,12,16,5,臺中市,東區,0,2,0,5,2,6,40,4,1,1,4,4,6,6,2,1,5,5,4,2,13,2,9,2,1,C03,7,9,1,10,2,11,,84,84,1,13,4,120.696485,24.138879,2
4382,66000,387130000C,(04)23274275,(04)23288582,2025,2,12,16,5,臺中市,沙鹿區,0,0,0,7,2,6,60,4,7,1,4,4,6,6,1,1,1,3,1,2,13,,,,,B03,,,1,,2,,,7,7,1,12,4,120.580758,24.201702,3
4383,66000,387130000C,(04)23274275,(04)23288582,2025,2,12,16,7,臺中市,南屯區,0,0,0,5,,,50,,,,,,,,,,,,,,,,,,,B03,,,1,,1,,,7,7,1,13,4,120.646708,24.151101,3
4384,66000,387130000C,(04)23274275,(04)23288582,2025,2,12,16,8,臺中市,龍井區,0,0,0,5,,,50,,,,,,,,,,,,,,,,,,,B03,,,1,,2,,,20,20,1,6,4,120.562444,24.192196,3
4385,66000,387130000C,(04)23274275,(04)23288582,2025,2,12,16,10,臺中市,北區,0,0,0,5,,,50,,,,,,,,,,,,,,17,,,,,B03,,,6,,9,,,85,85,1,13,4,120.693163,24.160262,4
4386,66000,387130000C,(04)23274275,(04)23288582,2025,2,12,16,15,臺中市,北屯區,0,0,0,5,3,6,50,13,9,1,4,4,6,6,4,4,9,5,5,2,16,3,10,3,1,B03,7,11,1,8,2,5,,45,45,1,12,4,120.705517,24.191304,3
4387,66000,387130000C,(04)23274275,(04)23288582,2025,2,12,16,17,臺中市,南屯區,0,1,0,5,3,6,50,3,2,1,4,4,6,6,2,1,5,5,5,2,16,3,10,5,4,B03,7,11,1,8,2,4,,39,39,1,6,4,120.610345,24.13447,2
4388,66000,387130000C,(04)23274275,(04)23288582,2025,2,12,16,23,臺中市,大里區,0,0,0,5,,,50,,,,,,,,,,,,,,17,,,,,B12,,,1,,2,,,50,50,1,12,4,120.688578,24.111276,3
4389,66000,387130000C,(04)23274275,(04)23288582,2025,2,12,16,24,臺中市,大甲區,0,0,0,7,,,30,,,,,,,,,,,,,,14,,,,,B03,,,1,,1,,,49,49,1,12,4,120.630852,24.35562,3
4390,66000,387130000C,(04)23274275,(04)23288582,2025,2,12,16,29,臺中市,南區,0,0,0,5,,,50,,,,,,,,,,,,,,13,,,,,B03,,,1,,1,,,84,84,1,12,4,120.653925,24.116751,3
4391,66000,387130000C,(04)23274275,(04)23288582,2025,2,12,16,30,臺中市,梧棲區,0,1,0,5,2,6,50,4,1,1,4,4,6,6,4,4,10,5,5,2,14,3,10,3,1,B03,7,2,1,8,2,6,,49,49,1,12,4,120.535951,24.245174,2
4392,66000,387130000C,(04)23274275,(04)23288582,2025,2,12,16,31,臺中市,北屯區,0,0,0,6,,,50,,,,,,,,,,,,,,16,,,,,B03,,,1,,1,,,20,20,1,12,4,120.700729,24.170088,3
4393,66000,387130000C,(04)23274275,(04)23288582,2025,2,12,16,32,臺中市,潭子區,0,0,0,5,,,50,,,,,,,,,,,,,,,,,,,C03,,,1,,2,,,8,8,1,13,4,120.712628,24.226085,3
4394,66000,387130000C,(04)23274275,(04)23288582,2025,2,12,16,32,臺中市,梧棲區,0,2,0,5,3,6,70,4,1,1,4,4,6,6,1,1,10,5,5,2,16,2,5,3,1,B03,7,6,1,8,2,2,,11,11,1,6,4,120.542459,24.219265,2
4395,66000,387130000C,(04)23274275,(04)23288582,2025,2,12,16,35,臺中市,北區,0,1,0,5,2,6,50,4,1,1,4,4,6,6,1,1,1,4,4,2,17,3,10,3,1,B03,7,11,1,8,2,6,,45,45,1,12,4,120.675114,24.161787,2
4396,66000,387130000C,(04)23274275,(04)23288582,2025,2,12,16,36,臺中市,西屯區,0,1,0,5,2,6,50,3,1,1,4,4,6,6,1,1,1,4,5,2,16,3,10,3,1,B03,7,6,1,8,2,5,,11,11,1,12,4,120.603668,24.185571,2
4397,66000,387130000C,(04)23274275,(04)23288582,2025,2,12,16,36,臺中市,西屯區,0,1,0,5,2,6,50,4,1,1,4,4,6,6,1,1,5,4,5,2,18,2,9,2,1,C03,7,9,1,10,2,14,,84,84,1,8,4,120.649453,24.15979,2
4398,66000,387130000C,(04)23274275,(04)23288582,2025,2,12,16,38,臺中市,神岡區,0,0,0,5,1,6,60,4,2,1,4,4,6,6,1,1,1,4,4,1,13,,,,,B03,,,1,,2,,,84,84,1,12,4,120.665349,24.273991,3
4399,66000,387130000C,(04)23274275,(04)23288582,2025,2,12,16,39,臺中市,豐原區,0,1,0,5,2,6,50,3,1,1,4,4,6,6,4,4,5,5,5,2,16,3,10,3,1,B03,7,11,1,8,2,8,,45,45,1,12,4,120.720642,24.250079,2
4400,66000,387130000C,(04)23274275,(04)23288582,2025,2,12,16,40,臺中市,大里區,0,2,0,5,2,6,50,13,7,1,4,4,6,6,4,4,5,4,4,1,12,2,9,2,1,C03,7,1,1,10,2,14,,51,51,1,13,4,120.698624,24.084871,2
4401,66000,387130000C,(04)23274275,(04)23288582,2025,2,12,16,41,臺中市,大里區,0,0,0,5,,,50,,,,,,,,,,,,,,,,,,,B03,,,1,,1,,,49,49,1,13,4,120.69146,24.080663,3
4402,66000,387130000C,(04)23274275,(04)23288582,2025,2,12,16,41,臺中市,大肚區,0,0,0,5,,,30,,,,,,,,,,,,,,14,,,,,B03,,,1,,2,,,49,49,1,6,4,120.57335,24.170005,3
4403,66000,387130000C,(04)23274275,(04)23288582,2025,2,12,16,45,臺中市,太平區,0,0,0,5,,,50,,,,,,,,,,,,,,13,,,,,B03,,,1,,2,,,84,84,1,12,4,120.721502,24.119897,3
4404,66000,387130000C,(04)23274275,(04)23288582,2025,2,12,16,48,臺中市,北屯區,0,0,0,5,,,50,,,,,,,,,,,,,,,,,,,B03,,,1,,1,,,58,58,1,6,4,120.670819,24.178972,3
4405,66000,387130000C,(04)23274275,(04)23288582,2025,2,12,16,50,臺中市,東區,0,1,0,5,2,6,50,4,1,1,4,4,6,6,1,1,10,5,5,2,16,3,10,3,1,B03,7,5,1,10,2,6,,47,47,1,6,4,120.689312,24.131402,2
4406,66000,387130000C,(04)23274275,(04)23288582,2025,2,12,16,50,臺中市,西屯區,0,0,0,5,,,50,,,,,,,,,,,,,,13,,,,,B03,,,1,,2,,,7,7,1,12,4,120.639069,24.168932,3
4407,66000,387130000C,(04)23274275,(04)23288582,2025,2,12,16,53,臺中市,大里區,0,1,0,5,2,6,60,4,1,1,4,4,6,6,1,1,1,2,4,1,16,3,10,3,1,B02,7,6,1,8,2,2,,11,11,1,13,4,120.680076,24.104644,2
4408,66000,387130000C,(04)23274275,(04)23288582,2025,2,12,16,53,臺中市,后里區,0,0,0,5,,,50,,,,,,,,,,,,,,12,,,,,B03,,,1,,2,,,51,51,1,6,4,120.712575,24.304575,3
4409,66000,387130000C,(04)23274275,(04)23288582,2025,2,12,16,55,臺中市,北區,0,2,0,5,3,6,50,3,1,1,4,4,6,6,4,4,5,5,5,2,16,2,9,2,1,C03,7,6,1,10,2,11,,14,14,1,12,4,120.668264,24.168031,2
4410,66000,387130000C,(04)23274275,(04)23288582,2025,2,12,16,56,臺中市,南屯區,0,0,0,5,,,50,,,,,,,,,,,,,,17,,,,,C01,,,1,,2,,,59,59,1,6,4,120.612227,24.140191,3
4411,66000,387130000C,(04)23274275,(04)23288582,2025,2,12,16,58,臺中市,西屯區,0,1,0,5,2,6,50,5,1,1,4,4,6,6,1,1,5,2,5,2,17,2,9,2,1,C03,7,9,1,10,2,14,,85,85,1,12,4,120.604394,24.173253,2
4412,66000,387130000C,(04)23274275,(04)23288582,2025,2,12,16,59,臺中市,北屯區,0,1,0,5,3,6,50,4,1,1,4,4,6,6,4,4,10,5,5,2,17,3,10,3,1,B03,7,9,1,8,2,1,,13,13,1,12,4,120.683076,24.186926,2
4413,66000,387130000C,(04)23274275,(04)23288582,2025,2,12,16,59,臺中市,豐原區,0,1,0,5,1,6,50,5,1,1,4,4,6,6,2,1,5,4,5,2,18,2,8,2,4,C03,7,9,1,10,2,16,,59,59,1,12,4,120.715404,24.24819,2
4414,66000,387130000C,(04)23274275,(04)23288582,2025,2,12,17,0,臺中市,豐原區,0,0,0,5,,,50,,,,,,,,,,,,,,13,,,,,B12,,,1,,2,,,7,7,1,12,4,120.70327,24.247127,3
4415,66000,387130000C,(04)23274275,(04)23288582,2025,2,12,17,3,臺中市,大里區,0,0,0,5,,,50,,,,,,,,,,,,,,,,,,,B03,,,1,,2,,,84,84,1,12,4,120.673388,24.097476,3
4416,66000,387130000C,(04)23274275,(04)23288582,2025,2,12,17,4,臺中市,梧棲區,0,1,0,5,2,6,50,4,1,1,4,4,6,6,4,4,10,5,5,2,15,3,10,3,1,B03,7,9,1,8,2,5,,15,15,1,12,4,120.532971,24.25836,2
4417,66000,387130000C,(04)23274275,(04)23288582,2025,2,12,17,6,臺中市,北屯區,0,0,0,5,,,50,,,,,,,,,,,,,,16,,,,,C03,,,1,10,1,,,84,84,1,12,4,120.701339,24.182357,3
4418,66000,387130000C,(04)23274275,(04)23288582,2025,2,12,17,7,臺中市,西屯區,0,2,0,6,1,6,50,4,1,1,4,4,6,6,4,4,10,5,5,2,16,3,10,3,1,B03,7,6,1,8,2,8,,84,84,1,12,4,120.646243,24.184308,2
4419,66000,387130000C,(04)23274275,(04)23288582,2025,2,12,17,10,臺中市,太平區,0,1,0,5,2,6,40,4,1,1,4,4,6,6,4,4,10,5,5,2,15,2,9,2,1,C03,7,9,1,10,2,11,,15,15,1,12,4,120.715259,24.116677,2
4420,66000,387130000C,(04)23274275,(04)23288582,2025,2,12,17,10,臺中市,大甲區,0,0,0,5,,,70,,,,,,,,,,,,,,,,,,,B03,,,1,,1,,,7,7,1,6,4,120.645012,24.371184,3
4421,66000,387130000C,(04)23274275,(04)23288582,2025,2,12,17,11,臺中市,大雅區,0,1,0,5,1,6,30,5,9,1,4,4,6,6,4,4,10,5,5,2,17,2,9,1,1,C03,7,9,1,10,2,14,,7,7,1,13,4,120.630642,24.206371,2
4422,66000,387130000C,(04)23274275,(04)23288582,2025,2,12,17,11,臺中市,烏日區,0,0,0,5,,,50,,,,,,,,,,,,,,12,,,,,B03,,,1,,1,,,39,39,1,13,4,120.621817,24.104969,3
4423,66000,387130000C,(04)23274275,(04)23288582,2025,2,12,17,12,臺中市,南區,0,0,0,5,,,50,,,,,,,,,,,,,,,,,,,B03,,,1,,1,,,84,84,1,13,4,120.678278,24.133497,3
4424,66000,387130000C,(04)23274275,(04)23288582,2025,2,12,17,14,臺中市,沙鹿區,0,0,0,5,,,50,,,,,,,,,,,,,,13,,,,,B03,,,1,,1,,,84,84,1,12,4,120.621055,24.241981,3
4425,66000,387130000C,(04)23274275,(04)23288582,2025,2,12,17,17,臺中市,大甲區,0,1,0,5,1,6,50,3,1,1,4,4,6,6,4,4,5,5,4,2,12,2,9,1,1,C03,7,9,1,10,2,14,,84,84,1,12,4,120.651915,24.405089,2
4426,66000,387130000C,(04)23274275,(04)23288582,2025,2,12,17,26,臺中市,北屯區,0,0,0,5,,,50,,,,,,,,,,,,,,13,,,,,B03,,,1,,1,,,7,7,1,12,4,120.699208,24.175883,3
4427,66000,387130000C,(04)23274275,(04)23288582,2025,2,12,17,28,臺中市,西屯區,0,0,0,5,,,50,,,,,,,,,,,,,,13,,,,,C03,,,1,,1,,,7,7,1,12,4,120.627286,24.184067,3
4428,66000,387130000C,(04)23274275,(04)23288582,2025,2,12,17,33,臺中市,南屯區,0,2,0,5,1,6,50,4,1,1,4,4,6,6,1,1,9,5,5,2,17,3,10,3,1,B03,7,6,1,8,2,8,,11,11,1,13,4,120.634095,24.158268,2
4429,66000,387130000C,(04)23274275,(04)23288582,2025,2,12,17,35,臺中市,潭子區,0,0,0,5,,,50,,,,,,,,,,,,,,14,,,,,B03,,,1,,2,,,84,84,1,12,4,120.70648,24.201064,3
4430,66000,387130000C,(04)23274275,(04)23288582,2025,2,12,17,35,臺中市,西屯區,0,2,0,5,1,6,0,13,9,1,4,4,6,6,4,4,5,4,5,2,17,2,9,2,1,C03,7,1,1,10,2,11,,51,51,1,12,4,120.637444,24.17927,2
4431,66000,387130000C,(04)23274275,(04)23288582,2025,2,12,17,36,臺中市,北區,0,0,0,5,,,50,,,,,,,,,,,,,,,,,,,B03,,,1,,1,,,7,7,1,13,4,120.678653,24.152005,3
4432,66000,387130000C,(04)23274275,(04)23288582,2025,2,12,17,36,臺中市,西屯區,0,1,0,5,1,6,50,4,1,1,4,4,6,6,1,1,10,5,5,2,18,2,9,1,4,C03,7,12,1,10,2,16,14,43,43,1,12,4,120.650876,24.166689,2
4433,66000,387130000C,(04)23274275,(04)23288582,2025,2,12,17,36,臺中市,龍井區,0,1,0,5,1,6,30,3,1,1,4,4,6,6,4,4,10,5,5,2,17,3,10,3,1,B03,7,5,1,8,2,16,,14,14,1,12,4,120.575757,24.183124,2
4434,66000,387130000C,(04)23274275,(04)23288582,2025,2,12,17,40,臺中市,大里區,0,2,0,5,1,6,50,3,1,1,4,4,6,6,1,1,10,5,5,2,16,2,9,1,1,C03,7,6,1,10,2,12,,11,11,1,12,4,120.692813,24.107311,2
4435,66000,387130000C,(04)23274275,(04)23288582,2025,2,12,17,44,臺中市,大甲區,0,0,0,5,,,60,,,,,,,,,,,,,,13,,,,,B03,,,1,,2,,,84,84,1,13,4,120.636327,24.331213,3
4436,66000,387130000C,(04)23274275,(04)23288582,2025,2,12,17,45,臺中市,西區,0,0,0,5,,,50,,,,,,,,,,,,,,13,,,,,B03,,,1,,1,,,84,84,1,12,4,120.655499,24.146695,3
4437,66000,387130000C,(04)23274275,(04)23288582,2025,2,12,17,45,臺中市,北屯區,0,2,0,5,1,6,50,4,1,1,4,4,6,6,1,1,10,5,5,2,16,2,8,1,1,C03,7,6,1,10,2,12,,11,11,1,12,4,120.687222,24.169309,2
4438,66000,387130000C,(04)23274275,(04)23288582,2025,2,12,17,46,臺中市,霧峰區,0,1,0,5,2,6,50,4,1,1,4,4,6,6,4,4,10,5,5,2,17,3,10,3,1,B03,7,6,1,8,2,1,,39,39,1,13,4,120.699244,24.069107,2
4439,66000,387130000C,(04)23274275,(04)23288582,2025,2,12,17,48,臺中市,新社區,0,0,0,5,,,50,,,,,,,,,,,,,,16,,,,,B03,,,1,,2,,,12,12,1,12,4,120.797498,24.203181,3
4440,66000,387130000C,(04)23274275,(04)23288582,2025,2,12,17,50,臺中市,西屯區,0,0,0,7,,,50,,,,,,,,,,,,,,12,,,,,B03,,,1,,1,,,47,47,1,12,4,120.655652,24.17247,3
4441,66000,387130000C,(04)23274275,(04)23288582,2025,2,12,17,52,臺中市,西屯區,0,0,0,5,,,50,,,,,,,,,,,,,,17,,,,,B03,,,1,,1,,,50,50,1,12,4,120.624613,24.180762,3
4442,66000,387130000C,(04)23274275,(04)23288582,2025,2,12,17,52,臺中市,神岡區,0,3,0,5,1,6,50,13,8,1,4,4,6,6,4,4,5,4,4,2,17,2,9,2,1,C03,7,6,1,10,2,12,,39,39,1,6,4,120.702333,24.262581,2
4443,66000,387130000C,(04)23274275,(04)23288582,2025,2,12,17,56,臺中市,神岡區,0,0,0,5,,,50,,,,,,,,,,,,,,2,,,,,B03,,,1,,1,,,7,7,1,12,4,120.704297,24.261769,3
4444,66000,387130000C,(04)23274275,(04)23288582,2025,2,12,17,57,臺中市,大雅區,0,0,0,5,,,50,,,,,,,,,,,,,,13,,,,,C03,,,1,,2,,,7,7,1,12,4,120.645924,24.222265,3
4445,66000,387130000C,(04)23274275,(04)23288582,2025,2,12,18,0,臺中市,南區,0,0,0,5,1,6,50,13,7,1,4,4,6,6,4,4,1,4,4,2,13,3,10,3,1,B03,7,9,1,8,1,1,,84,84,1,12,4,120.660832,24.123513,3
4446,66000,387130000C,(04)23274275,(04)23288582,2025,2,12,18,1,臺中市,北屯區,0,0,0,5,,,80,,,,,,,,,,,,,,13,,,,,B12,,,1,,1,,,84,84,1,6,4,120.720699,24.170299,3
4447,66000,387130000C,(04)23274275,(04)23288582,2025,2,12,18,2,臺中市,霧峰區,0,0,0,5,,,50,,,,,,,,,,,,,,,,,,,C03,,,1,,1,,,84,84,1,5,4,120.680208,24.04971,3
4448,66000,387130000C,(04)23274275,(04)23288582,2025,2,12,18,3,臺中市,東區,0,1,0,5,1,6,50,13,9,1,4,4,6,6,4,4,9,5,5,2,16,2,9,2,1,C03,7,6,1,10,2,12,,20,20,1,13,4,120.702041,24.140474,2
4449,66000,387130000C,(04)23274275,(04)23288582,2025,2,12,18,3,臺中市,霧峰區,0,0,0,5,,,50,,,,,,,,,,,,,,16,,,,,B03,,,1,,2,,,14,14,1,13,4,120.696989,24.065077,3
4450,66000,387130000C,(04)23274275,(04)23288582,2025,2,12,18,4,臺中市,大里區,0,1,0,5,1,6,50,13,9,1,4,4,6,6,4,4,5,5,5,2,17,3,10,3,1,B12,7,11,1,8,2,5,,39,39,1,13,4,120.695007,24.087764,2
4451,66000,387130000C,(04)23274275,(04)23288582,2025,2,12,18,5,臺中市,北屯區,0,1,0,5,1,6,50,3,1,1,4,4,6,6,1,1,10,5,5,2,17,3,10,3,1,B03,7,5,1,8,2,5,,85,85,1,12,4,120.661571,24.185025,2
4452,66000,387130000C,(04)23274275,(04)23288582,2025,2,12,18,5,臺中市,大肚區,0,0,0,5,,,60,,,,,,,,,,,,,,13,,,,,B02,,,1,,2,,,84,84,1,6,4,120.582601,24.172666,3
4453,66000,387130000C,(04)23274275,(04)23288582,2025,2,12,18,6,臺中市,北屯區,0,0,0,5,,,50,,,,,,,,,,,,,,,,,,,B12,,,1,,1,,,14,14,1,6,4,120.684929,24.196146,3
4454,66000,387130000C,(04)23274275,(04)23288582,2025,2,12,18,6,臺中市,后里區,0,1,0,5,1,6,50,3,1,1,4,4,6,6,1,1,10,5,5,2,16,3,10,3,1,B03,7,5,1,8,2,2,,11,11,1,12,4,120.718414,24.314659,2
4455,66000,387130000C,(04)23274275,(04)23288582,2025,2,12,18,7,臺中市,龍井區,0,0,0,5,,,50,,,,,,,,,,,,,,,,,,,B03,,,1,,2,,,59,59,1,6,4,120.54019,24.210471,3
4456,66000,387130000C,(04)23274275,(04)23288582,2025,2,12,18,8,臺中市,西屯區,0,0,0,5,1,6,50,3,9,1,4,4,6,6,1,1,5,4,4,2,13,,,,,B03,,,1,,1,,,7,7,1,12,4,120.647364,24.170388,3
4457,66000,387130000C,(04)23274275,(04)23288582,2025,2,12,18,10,臺中市,大雅區,0,2,0,5,1,6,50,13,7,1,4,4,6,5,4,4,9,5,4,2,17,2,8,2,1,C03,7,9,1,10,2,11,,85,85,1,12,4,120.618212,24.221291,2
4458,66000,387130000C,(04)23274275,(04)23288582,2025,2,12,18,10,臺中市,西屯區,0,0,0,5,,,50,,,,,,,,,,,,,,,,,,,B01,,,1,,9,,,27,27,1,12,4,120.638223,24.172401,3
4459,66000,387130000C,(04)23274275,(04)23288582,2025,2,12,18,10,臺中市,烏日區,0,0,0,7,,,50,,,,,,,,,,,,,,12,,,,,B03,,,1,,1,,,35,35,1,6,4,120.629273,24.10149,3
4460,66000,387130000C,(04)23274275,(04)23288582,2025,2,12,18,12,臺中市,北屯區,0,0,0,5,,,50,,,,,,,,,,,,,,,,,,,B03,,,1,,1,,,84,84,1,12,4,120.695089,24.185355,3
4461,66000,387130000C,(04)23274275,(04)23288582,2025,2,12,18,12,臺中市,烏日區,0,0,0,5,1,6,50,13,7,1,4,4,6,6,4,4,1,4,5,2,13,3,10,3,1,B03,7,9,1,8,1,1,,7,7,1,6,4,120.616916,24.11617,3
4462,66000,387130000C,(04)23274275,(04)23288582,2025,2,12,18,13,臺中市,西區,0,1,0,5,1,6,50,13,9,1,4,4,3,6,4,4,5,4,5,2,12,2,8,1,1,C03,7,15,1,10,2,14,,43,43,1,6,4,120.675506,24.138204,2
4463,66000,387130000C,(04)23274275,(04)23288582,2025,2,12,18,16,臺中市,西區,0,1,0,7,1,6,50,4,1,1,4,4,6,6,1,1,10,5,5,2,17,2,6,3,1,B03,7,7,1,8,2,5,,35,35,1,12,4,120.657964,24.158163,2
4464,66000,387130000C,(04)23274275,(04)23288582,2025,2,12,18,16,臺中市,北屯區,0,2,0,5,1,6,50,13,8,1,4,4,6,6,2,1,5,5,4,2,13,2,9,1,1,C03,7,9,1,10,2,11,,84,84,1,12,4,120.668725,24.192738,2
4465,66000,387130000C,(04)23274275,(04)23288582,2025,2,12,18,17,臺中市,南屯區,0,1,0,5,1,6,50,3,1,1,4,4,6,6,4,4,5,5,5,2,13,3,10,5,4,B03,7,9,1,8,2,1,,7,7,1,13,4,120.640931,24.138351,2
4466,66000,387130000C,(04)23274275,(04)23288582,2025,2,12,18,17,臺中市,烏日區,0,0,0,5,,,80,,,,,,,,,,,,,,12,,,,,B03,,,1,,1,,,85,85,1,13,4,120.612873,24.102875,3
4467,66000,387130000C,(04)23274275,(04)23288582,2025,2,12,18,18,臺中市,北區,0,1,0,5,2,6,50,4,1,1,4,4,6,6,2,1,10,4,5,2,17,3,10,1,1,C03,7,8,1,10,2,14,,42,42,1,12,4,120.682344,24.165307,2
4468,66000,387130000C,(04)23274275,(04)23288582,2025,2,12,18,18,臺中市,北屯區,0,0,0,5,,,50,,,,,,,,,,,,,,13,,,,,C03,,,1,,1,,,7,7,1,12,4,120.69473,24.172359,3
4469,66000,387130000C,(04)23274275,(04)23288582,2025,2,12,18,20,臺中市,烏日區,0,0,0,5,,,50,,,,,,,,,,,,,,9,,,,,B02,,,1,,1,,,84,84,1,6,4,120.616367,24.116216,3
4470,66000,387130000C,(04)23274275,(04)23288582,2025,2,12,18,22,臺中市,太平區,0,0,0,5,,,50,,,,,,,,,,,,,,,,,,,B03,,,1,,2,,,7,7,1,12,4,120.717337,24.148549,3
4471,66000,387130000C,(04)23274275,(04)23288582,2025,2,12,18,23,臺中市,大里區,0,0,0,5,1,6,50,8,7,1,4,4,6,6,1,1,1,4,4,2,13,,,,,B03,,,1,,2,,,84,84,1,13,4,120.697952,24.110838,3
4472,66000,387130000C,(04)23274275,(04)23288582,2025,2,12,18,25,臺中市,西屯區,0,1,0,7,1,6,50,12,7,1,4,4,6,6,4,4,9,4,4,2,12,2,9,1,1,C03,7,9,1,10,9,14,,84,84,1,12,4,120.613269,24.192395,2
4473,66000,387130000C,(04)23274275,(04)23288582,2025,2,12,18,25,臺中市,大里區,0,0,0,5,,,50,,,,,,,,,,,,,,,,,,,C03,,,1,,2,,,8,8,1,12,4,120.699726,24.10588,3
4474,66000,387130000C,(04)23274275,(04)23288582,2025,2,12,18,27,臺中市,北區,0,1,0,5,1,6,40,3,2,1,4,4,6,6,4,4,1,4,4,2,17,2,9,1,1,C03,7,9,1,10,2,14,,85,85,1,12,4,120.685152,24.165997,2
4475,66000,387130000C,(04)23274275,(04)23288582,2025,2,12,18,29,臺中市,西屯區,0,0,0,5,,,30,,,,,,,,,,,,,,17,,,,,C03,,,1,,9,,,87,87,1,12,4,120.653284,24.162659,3