序號,縣市別代碼,機關代碼,市話,傳真,年,月,日,時,分,縣市,區,死亡數量,受傷數量,2-30,天候,道路照明設備,道路類別,道路速限,道路型態,事故位置,路面鋪裝,路面狀態,路面缺陷,障礙物,視距,號誌種類,號誌動作,分向設施,快車道或一般車道間,快慢車道間,路面邊線,事故類型及型態,受傷程度,主要傷處,保護裝備,行動電話或功能裝置,當事者區分(類別),車輛用途,當事者行動狀態,駕照狀態,駕照種類,飲酒情形,車輛撞擊部位最初,車輛撞擊部位其他,肇事因素個別,肇事因素主要,肇事逃逸,職業,共享經濟或外送平台,GPS座標X,GPS座標Y,事故類別
4476,66000,387130000C,(04)23274275,(04)23288582,2025,2,12,18,29,臺中市,大里區,0,1,0,5,1,6,50,13,12,1,4,4,6,6,4,4,3,4,4,1,17,3,10,3,1,B03,7,6,1,8,2,6,,20,20,1,13,4,120.69527,24.088937,2
4477,66000,387130000C,(04)23274275,(04)23288582,2025,2,12,18,31,臺中市,大雅區,0,0,0,5,,,50,,,,,,,,,,,,,,12,,,,,B03,,,1,,1,,,8,8,1,13,4,120.651724,24.228033,3
4478,66000,387130000C,(04)23274275,(04)23288582,2025,2,12,18,32,臺中市,東區,0,0,0,5,,,50,,,,,,,,,,,,,,13,,,,,B03,,,1,,1,,,84,84,1,12,4,120.700134,24.139978,3
4479,66000,387130000C,(04)23274275,(04)23288582,2025,2,12,18,32,臺中市,南區,0,0,0,5,,,50,,,,,,,,,,,,,,13,,,,,B12,,,1,,1,,,7,7,1,6,4,120.657915,24.111259,3
4480,66000,387130000C,(04)23274275,(04)23288582,2025,2,12,18,32,臺中市,大里區,0,0,0,5,,,30,,,,,,,,,,,,,,19,,,,,B03,,,1,,2,,,84,84,1,13,4,120.711181,24.087692,3
4481,66000,387130000C,(04)23274275,(04)23288582,2025,2,12,18,32,臺中市,后里區,0,1,0,5,1,6,30,4,1,1,4,4,6,6,4,4,10,5,5,2,15,3,10,3,1,B03,7,9,1,8,2,2,,59,59,1,6,4,120.720357,24.30546,2
4482,66000,387130000C,(04)23274275,(04)23288582,2025,2,12,18,34,臺中市,南屯區,0,1,0,5,1,6,50,3,2,1,4,4,6,6,1,1,8,3,5,1,17,3,10,3,1,B03,7,5,1,8,1,8,,12,12,1,12,4,120.646816,24.138209,2
4483,66000,387130000C,(04)23274275,(04)23288582,2025,2,12,18,34,臺中市,西屯區,0,0,0,7,,,60,,,,,,,,,,,,,,12,,,,,B03,,,1,,9,,,40,40,1,12,4,120.651428,24.16218,3
4484,66000,387130000C,(04)23274275,(04)23288582,2025,2,12,18,34,臺中市,烏日區,0,0,0,5,1,6,50,4,1,1,4,4,6,6,1,1,1,4,4,2,16,3,10,1,1,C03,7,6,1,10,2,12,,25,25,1,6,4,120.587065,24.113269,3
4485,66000,387130000C,(04)23274275,(04)23288582,2025,2,12,18,37,臺中市,南屯區,0,1,0,5,1,6,50,4,1,1,4,4,6,6,1,1,10,5,5,2,18,2,9,1,1,C03,7,9,1,10,2,12,,84,84,1,12,4,120.649825,24.149932,2
4486,66000,387130000C,(04)23274275,(04)23288582,2025,2,12,18,38,臺中市,北屯區,0,1,0,5,1,6,50,4,1,1,4,4,6,6,2,1,10,5,5,2,3,3,10,3,1,B03,7,5,1,8,2,5,,10,10,1,6,4,120.663563,24.190146,2
4487,66000,387130000C,(04)23274275,(04)23288582,2025,2,12,18,40,臺中市,西屯區,0,0,0,5,,,50,,,,,,,,,,,,,,13,,,,,B03,,,1,,1,,,7,7,1,12,4,120.616758,24.174067,3
4488,66000,387130000C,(04)23274275,(04)23288582,2025,2,12,18,45,臺中市,太平區,0,0,0,5,,,50,,,,,,,,,,,,,,13,,,,,B03,,,1,,2,,,84,84,1,12,4,120.704509,24.148117,3
4489,66000,387130000C,(04)23274275,(04)23288582,2025,2,12,18,47,臺中市,北屯區,0,0,0,5,,,50,,,,,,,,,,,,,,,,,,,B03,,,1,,1,,,49,49,1,12,4,120.692794,24.162343,3
4490,66000,387130000C,(04)23274275,(04)23288582,2025,2,12,18,49,臺中市,東區,0,0,0,7,,,50,,,,,,,,,,,,,,9,,,,,B03,,,1,,9,,,84,84,1,12,4,120.697224,24.129808,3
4491,66000,387130000C,(04)23274275,(04)23288582,2025,2,12,18,49,臺中市,南屯區,0,1,0,5,1,6,50,4,1,1,4,4,6,6,2,1,10,5,5,2,16,3,10,3,1,B03,7,6,1,8,2,1,,11,11,1,6,4,120.641377,24.13484,2
4492,66000,387130000C,(04)23274275,(04)23288582,2025,2,12,18,50,臺中市,東區,0,0,0,5,1,6,50,13,7,1,4,3,6,6,4,4,9,4,5,2,17,3,10,3,1,B03,7,15,1,8,1,3,,84,84,1,12,4,120.686706,24.136653,3
4493,66000,387130000C,(04)23274275,(04)23288582,2025,2,12,18,50,臺中市,南屯區,0,2,0,5,1,6,50,4,1,1,4,4,6,6,1,1,9,5,5,2,17,2,8,2,1,C03,7,9,1,10,2,11,,59,59,1,13,4,120.640641,24.142577,2
4494,66000,387130000C,(04)23274275,(04)23288582,2025,2,12,18,50,臺中市,西屯區,0,2,0,7,1,6,50,3,1,1,4,4,6,6,4,4,10,5,5,2,16,2,9,1,1,C03,7,6,1,10,2,11,,14,14,1,12,4,120.649525,24.175226,2
4495,66000,387130000C,(04)23274275,(04)23288582,2025,2,12,18,53,臺中市,北屯區,0,1,0,5,1,6,50,13,9,1,4,4,6,6,4,4,1,4,5,2,17,2,9,1,1,C03,7,9,1,8,2,11,,5,5,1,12,4,120.687117,24.172174,2
4496,66000,387130000C,(04)23274275,(04)23288582,2025,2,12,18,54,臺中市,北屯區,0,1,0,5,1,6,50,5,1,1,4,4,6,6,1,1,10,5,5,2,13,2,9,1,1,C03,7,9,1,10,2,11,,59,59,1,5,4,120.696492,24.179845,2
4497,66000,387130000C,(04)23274275,(04)23288582,2025,2,12,18,54,臺中市,西屯區,0,2,0,5,2,6,50,13,9,1,4,4,6,6,4,4,1,4,5,2,13,3,10,2,1,C03,7,9,5,19,2,11,,7,7,1,12,4,120.654884,24.168926,2
4498,66000,387130000C,(04)23274275,(04)23288582,2025,2,12,18,57,臺中市,神岡區,0,0,0,5,,,50,,,,,,,,,,,,,,17,,,,,B03,,,1,,2,,,59,59,1,6,4,120.694682,24.248382,3
4499,66000,387130000C,(04)23274275,(04)23288582,2025,2,12,18,59,臺中市,清水區,0,1,0,7,3,9,50,13,8,1,5,4,6,6,4,4,9,3,4,1,28,2,9,1,1,C03,7,9,1,10,2,11,,58,58,1,12,4,120.534121,24.276191,2
4500,66000,387130000C,(04)23274275,(04)23288582,2025,2,12,19,0,臺中市,北區,0,1,0,5,1,6,50,4,1,1,4,4,6,6,1,1,1,4,4,2,16,3,10,3,1,B03,7,11,1,8,2,1,,45,45,1,12,4,120.685089,24.161558,2
4501,66000,387130000C,(04)23274275,(04)23288582,2025,2,12,19,0,臺中市,北屯區,0,0,0,5,,,50,,,,,,,,,,,,,,13,,,,,B03,,,1,,1,,,7,7,1,6,4,120.695063,24.183279,4
4502,66000,387130000C,(04)23274275,(04)23288582,2025,2,12,19,4,臺中市,南屯區,0,1,0,5,1,6,50,4,2,1,4,4,6,6,2,1,5,4,4,2,18,2,9,2,1,C03,7,9,1,10,2,11,,59,59,1,12,4,120.646789,24.146405,2
4503,66000,387130000C,(04)23274275,(04)23288582,2025,2,12,19,10,臺中市,大里區,0,1,0,5,1,6,50,4,1,1,4,4,6,6,4,4,10,5,5,2,14,3,10,3,1,B03,7,2,1,8,2,7,,49,49,1,12,4,120.68615,24.114968,2
4504,66000,387130000C,(04)23274275,(04)23288582,2025,2,12,19,11,臺中市,大甲區,0,0,0,5,,,40,,,,,,,,,,,,,,,,,,,B03,,,1,,2,,,49,49,1,12,4,120.627427,24.348672,3
4505,66000,387130000C,(04)23274275,(04)23288582,2025,2,12,19,12,臺中市,南屯區,0,1,0,5,1,6,50,3,1,1,4,4,6,6,3,1,10,5,5,2,18,2,9,1,1,C03,7,9,1,10,2,14,,84,84,1,12,4,120.616983,24.155285,2
4506,66000,387130000C,(04)23274275,(04)23288582,2025,2,12,19,13,臺中市,南屯區,0,1,0,5,1,6,50,13,9,1,4,4,6,6,4,4,5,4,4,2,17,3,10,3,1,B03,7,13,1,8,1,4,,76,76,1,12,4,120.646433,24.141489,2
4507,66000,387130000C,(04)23274275,(04)23288582,2025,2,12,19,13,臺中市,西屯區,0,1,0,5,1,6,50,3,1,1,4,4,6,6,2,1,10,5,5,2,16,3,10,3,1,B03,7,6,1,8,2,8,,11,11,1,12,4,120.613999,24.174713,2
4508,66000,387130000C,(04)23274275,(04)23288582,2025,2,12,19,15,臺中市,西區,0,0,0,5,1,6,50,18,21,4,4,4,6,6,4,4,10,5,5,2,14,,,,,C03,,,1,,2,,,49,49,1,13,4,120.666698,24.131137,3
4509,66000,387130000C,(04)23274275,(04)23288582,2025,2,12,19,15,臺中市,西屯區,0,0,0,5,,,30,,,,,,,,,,,,,,16,,,,,C03,,,1,,1,,,12,12,1,12,2,120.64023,24.175963,3
4510,66000,387130000C,(04)23274275,(04)23288582,2025,2,12,19,15,臺中市,太平區,0,0,0,5,,,80,,,,,,,,,,,,,,13,,,,,B12,,,1,,2,,,7,7,1,12,4,120.717147,24.156438,3
4511,66000,387130000C,(04)23274275,(04)23288582,2025,2,12,19,16,臺中市,西區,0,1,0,7,1,6,50,4,1,1,4,4,6,6,1,1,10,5,5,2,16,3,10,3,1,B03,7,5,1,8,1,5,,84,84,1,12,4,120.674635,24.142809,2
4512,66000,387130000C,(04)23274275,(04)23288582,2025,2,12,19,26,臺中市,北屯區,0,0,0,5,,,50,,,,,,,,,,,,,,13,,,,,B03,,,1,,1,,,59,59,1,12,4,120.685498,24.172177,4
4513,66000,387130000C,(04)23274275,(04)23288582,2025,2,12,19,29,臺中市,太平區,0,1,0,5,1,6,50,13,12,1,4,4,6,6,4,4,9,4,4,1,13,2,9,2,1,C03,7,9,1,10,2,11,,7,7,1,12,4,120.706983,24.159146,2
4514,66000,387130000C,(04)23274275,(04)23288582,2025,2,12,19,30,臺中市,東區,0,1,0,5,1,6,50,4,1,1,4,4,6,6,2,1,5,5,4,2,16,3,10,3,1,B03,7,5,1,8,2,5,,11,11,1,13,4,120.696485,24.138879,2
4515,66000,387130000C,(04)23274275,(04)23288582,2025,2,12,19,32,臺中市,沙鹿區,0,0,0,5,,,50,,,,,,,,,,,,,,13,,,,,B03,,,1,,2,,,82,82,1,12,4,120.569447,24.225326,3
4516,66000,387130000C,(04)23274275,(04)23288582,2025,2,12,19,33,臺中市,西屯區,0,1,0,5,1,6,50,11,9,1,4,4,6,6,1,1,1,4,5,2,18,2,9,2,1,C03,7,5,1,10,2,12,,59,59,1,12,4,120.652263,24.198459,2
4517,66000,387130000C,(04)23274275,(04)23288582,2025,2,12,19,37,臺中市,北區,0,0,0,5,,,40,,,,,,,,,,,,,,,,,,,F03,,,7,,9,,,84,84,1,13,4,120.675809,24.159715,4
4518,66000,387130000C,(04)23274275,(04)23288582,2025,2,12,19,41,臺中市,西屯區,0,0,0,5,,,50,,,,,,,,,,,,,,13,,,,,B03,,,1,,1,,,7,7,1,12,4,120.61582,24.190194,3
4519,66000,387130000C,(04)23274275,(04)23288582,2025,2,12,19,43,臺中市,西屯區,0,0,0,5,,,30,,,,,,,,,,,,,,15,,,,,B03,,,1,,1,,,24,24,1,12,4,120.636817,24.177605,3
4520,66000,387130000C,(04)23274275,(04)23288582,2025,2,12,19,44,臺中市,大甲區,0,1,0,5,1,6,40,4,1,1,4,4,6,6,1,1,4,1,5,2,11,3,10,3,1,B03,7,6,1,8,2,2,,11,11,1,12,4,120.624387,24.340706,2
4521,66000,387130000C,(04)23274275,(04)23288582,2025,2,12,19,45,臺中市,沙鹿區,0,0,0,7,,,50,,,,,,,,,,,,,,14,,,,,B03,,,1,,2,,,49,49,1,12,4,120.573521,24.229228,3
4522,66000,387130000C,(04)23274275,(04)23288582,2025,2,12,19,50,臺中市,西區,0,0,0,7,,,50,,,,,,,,,,,,,,17,,,,,B03,,,1,,2,,,50,50,1,12,4,120.657238,24.134476,3
4523,66000,387130000C,(04)23274275,(04)23288582,2025,2,12,19,51,臺中市,大里區,0,0,0,5,,,50,,,,,,,,,,,,,,,,,,,B03,,,1,,2,,,7,7,1,13,4,120.697074,24.082853,3
4524,66000,387130000C,(04)23274275,(04)23288582,2025,2,12,19,53,臺中市,北屯區,0,0,0,7,,,50,,,,,,,,,,,,,,,,,,,C03,,,1,,2,,,20,20,1,12,4,120.662522,24.189747,3
4525,66000,387130000C,(04)23274275,(04)23288582,2025,2,12,19,58,臺中市,中區,0,1,0,5,1,6,50,3,20,1,4,4,6,6,1,1,10,5,5,2,6,2,9,6,5,H01,8,18,7,21,1,17,,96,96,1,6,5,120.683697,24.142876,2
4526,66000,387130000C,(04)23274275,(04)23288582,2025,2,12,19,59,臺中市,西屯區,0,1,0,5,1,6,50,13,7,1,4,4,6,6,4,4,5,5,4,2,17,2,9,2,1,C03,7,9,1,10,2,14,,7,7,1,12,4,120.633885,24.162455,2
4527,66000,387130000C,(04)23274275,(04)23288582,2025,2,12,20,0,臺中市,沙鹿區,0,0,0,5,,,40,,,,,,,,,,,,,,12,,,,,B03,,,1,,1,,,8,8,1,12,4,120.567377,24.227006,3
4528,66000,387130000C,(04)23274275,(04)23288582,2025,2,12,20,1,臺中市,西屯區,0,0,0,5,,,50,,,,,,,,,,,,,,,,,,,B03,,,1,,1,,,40,40,1,12,4,120.632424,24.204725,3
4529,66000,387130000C,(04)23274275,(04)23288582,2025,2,12,20,1,臺中市,大甲區,0,2,0,5,1,6,40,13,11,1,4,4,6,6,4,4,4,3,4,1,13,2,9,1,1,C03,7,9,1,10,2,11,,7,7,1,12,4,120.618839,24.35405,2
4530,66000,387130000C,(04)23274275,(04)23288582,2025,2,12,20,7,臺中市,南屯區,0,1,0,5,1,6,50,4,1,1,4,4,6,6,1,1,9,5,5,2,9,3,10,2,1,C03,7,5,1,10,2,11,,10,10,1,13,4,120.629286,24.150923,2
4531,66000,387130000C,(04)23274275,(04)23288582,2025,2,12,20,8,臺中市,南屯區,0,0,0,5,,,50,,,,,,,,,,,,,,13,,,,,B03,,,1,,2,,,40,40,1,6,4,120.64552,24.140034,3
4532,66000,387130000C,(04)23274275,(04)23288582,2025,2,12,20,15,臺中市,霧峰區,0,1,0,5,1,6,50,13,9,1,4,4,6,6,4,4,5,5,5,2,18,2,9,2,1,C03,7,9,1,10,2,12,,84,84,1,6,4,120.660386,24.080556,2
4533,66000,387130000C,(04)23274275,(04)23288582,2025,2,12,20,16,臺中市,北屯區,0,1,0,5,1,6,50,4,1,1,4,4,6,6,1,1,10,5,5,2,16,3,10,5,4,B03,7,5,1,8,2,5,,85,85,1,12,4,120.720527,24.159079,2
4534,66000,387130000C,(04)23274275,(04)23288582,2025,2,12,20,17,臺中市,北區,0,1,0,5,1,6,50,5,1,1,4,4,6,6,2,1,5,5,5,2,17,2,9,1,1,C03,7,9,1,10,2,12,,8,8,1,12,4,120.675757,24.157227,2
4535,66000,387130000C,(04)23274275,(04)23288582,2025,2,12,20,17,臺中市,南屯區,0,1,0,5,1,6,50,4,2,1,4,4,6,6,2,1,1,2,1,2,18,2,9,5,4,C03,7,9,1,10,2,12,,84,84,1,13,4,120.62339,24.1497,2
4536,66000,387130000C,(04)23274275,(04)23288582,2025,2,12,20,18,臺中市,大甲區,0,0,0,5,,,60,,,,,,,,,,,,,,3,,,,,B03,,,1,,2,,,39,39,1,12,4,120.63045,24.350201,3
4537,66000,387130000C,(04)23274275,(04)23288582,2025,2,12,20,26,臺中市,大里區,0,1,0,5,1,6,50,13,11,1,4,4,6,6,4,4,10,5,5,2,13,3,10,1,1,C03,7,9,1,10,2,11,,84,84,1,12,4,120.698688,24.110525,2
4538,66000,387130000C,(04)23274275,(04)23288582,2025,2,12,20,28,臺中市,清水區,0,1,0,5,1,9,40,13,8,1,4,4,6,6,4,4,8,3,4,1,17,3,10,3,1,B03,7,5,1,8,1,3,,47,47,1,12,4,120.533955,24.274789,2
4539,66000,387130000C,(04)23274275,(04)23288582,2025,2,12,20,30,臺中市,北屯區,0,0,0,7,,,50,,,,,,,,,,,,,,12,,,,,B03,,,1,,1,,,8,8,1,12,4,120.719463,24.177521,3
4540,66000,387130000C,(04)23274275,(04)23288582,2025,2,12,20,31,臺中市,西屯區,0,1,0,5,2,6,40,3,1,1,4,4,6,6,1,1,1,3,4,2,18,2,9,2,1,C03,7,12,1,10,2,14,,84,84,1,12,4,120.643301,24.159925,2
4541,66000,387130000C,(04)23274275,(04)23288582,2025,2,12,20,34,臺中市,西屯區,0,1,0,5,1,6,30,13,11,1,4,4,6,6,1,1,10,5,5,2,13,3,10,5,1,C03,7,9,1,10,2,11,12,7,7,1,12,4,120.638347,24.203173,2
4542,66000,387130000C,(04)23274275,(04)23288582,2025,2,12,20,36,臺中市,潭子區,0,2,0,5,1,6,60,3,1,1,4,4,6,6,2,1,10,5,5,2,13,3,10,3,1,B03,7,5,1,8,2,1,,58,58,1,12,4,120.707632,24.225728,2
4543,66000,387130000C,(04)23274275,(04)23288582,2025,2,12,20,36,臺中市,潭子區,0,0,0,5,,,50,,,,,,,,,,,,,,,,,,,B03,,,1,,1,,,78,78,1,13,4,120.710474,24.23379,3
4544,66000,387130000C,(04)23274275,(04)23288582,2025,2,12,20,47,臺中市,北區,0,1,0,5,1,6,40,4,1,1,4,4,6,6,1,1,1,4,4,2,18,2,9,1,1,C03,7,15,1,10,2,11,,84,84,1,12,4,120.684796,24.161457,2
4545,66000,387130000C,(04)23274275,(04)23288582,2025,2,12,20,50,臺中市,西屯區,0,1,0,5,1,6,50,13,9,1,4,4,5,5,4,4,1,4,5,2,26,2,9,2,1,C03,7,9,1,10,2,11,,84,84,1,12,4,120.59471,24.196283,2
4546,66000,387130000C,(04)23274275,(04)23288582,2025,2,12,20,54,臺中市,北屯區,0,0,0,5,,,50,,,,,,,,,,,,,,13,,,,,B03,,,1,,1,,,84,84,1,12,4,120.718826,24.162131,3
4547,66000,387130000C,(04)23274275,(04)23288582,2025,2,12,21,0,臺中市,霧峰區,0,0,0,5,,,40,,,,,,,,,,,,,,,,,,,B03,,,1,,2,,,49,49,1,6,4,120.699487,24.064365,3
4548,66000,387130000C,(04)23274275,(04)23288582,2025,2,12,21,8,臺中市,北屯區,0,2,0,5,1,6,50,13,9,1,4,4,3,5,4,4,9,5,5,2,17,2,9,2,1,C03,7,9,1,10,2,12,,8,8,1,6,4,120.731247,24.161991,2
4549,66000,387130000C,(04)23274275,(04)23288582,2025,2,12,21,8,臺中市,梧棲區,0,3,0,5,1,6,70,4,1,1,4,4,6,6,1,1,10,5,5,2,16,2,9,3,1,B03,7,11,1,8,2,5,,25,25,1,6,4,120.549823,24.239449,2
4550,66000,387130000C,(04)23274275,(04)23288582,2025,2,12,21,9,臺中市,神岡區,0,1,0,5,1,6,30,4,1,1,4,4,6,6,4,4,10,5,5,2,17,3,10,3,1,B03,7,6,1,8,2,5,,14,14,1,6,4,120.683553,24.244631,2
4551,66000,387130000C,(04)23274275,(04)23288582,2025,2,12,21,13,臺中市,西屯區,0,1,0,5,1,6,50,3,1,1,4,4,6,6,1,1,10,5,5,2,9,3,10,5,4,B03,7,1,1,8,2,8,,51,51,1,12,4,120.646487,24.175024,2
4552,66000,387130000C,(04)23274275,(04)23288582,2025,2,12,21,15,臺中市,南屯區,0,0,0,5,1,6,50,13,8,1,4,4,6,6,1,1,1,2,5,2,14,,,,,B03,,,1,,1,,,49,49,1,12,4,120.62293,24.145363,3
4553,66000,387130000C,(04)23274275,(04)23288582,2025,2,12,21,17,臺中市,潭子區,0,0,0,5,,,30,,,,,,,,,,,,,,,,,,,B03,,,1,,2,,,49,49,1,13,4,120.680548,24.205619,3
4554,66000,387130000C,(04)23274275,(04)23288582,2025,2,12,21,17,臺中市,西屯區,0,2,0,5,1,6,0,13,11,1,4,4,6,6,4,4,5,4,4,2,8,2,9,6,5,H01,8,17,7,21,10,17,,109,109,1,12,5,120.666357,24.170474,2
4555,66000,387130000C,(04)23274275,(04)23288582,2025,2,12,21,22,臺中市,烏日區,0,1,0,5,1,6,50,4,1,1,4,4,6,6,2,1,5,2,5,1,17,2,8,1,1,C03,7,9,1,10,2,12,11,43,43,1,6,4,120.624964,24.106272,2
4556,66000,387130000C,(04)23274275,(04)23288582,2025,2,12,21,28,臺中市,西屯區,0,2,0,5,1,6,50,4,1,1,4,4,6,6,1,1,5,5,4,2,16,2,9,2,1,C03,7,6,1,10,2,12,,11,11,1,12,4,120.647873,24.169797,2
4557,66000,387130000C,(04)23274275,(04)23288582,2025,2,12,21,28,臺中市,豐原區,0,1,0,5,1,6,30,3,1,1,4,4,6,6,4,4,10,5,5,2,16,3,10,1,1,C03,7,6,1,10,2,14,,14,14,1,12,4,120.717885,24.249975,2
4558,66000,387130000C,(04)23274275,(04)23288582,2025,2,12,21,37,臺中市,沙鹿區,0,0,0,4,,,50,,,,,,,,,,,,,,12,,,,,B03,,,1,,2,,,84,84,1,12,4,120.554519,24.228368,3
4559,66000,387130000C,(04)23274275,(04)23288582,2025,2,12,21,37,臺中市,豐原區,0,1,0,5,1,6,30,13,9,4,4,4,6,6,4,4,10,5,5,2,9,3,10,2,4,C03,7,9,1,10,1,11,,59,59,2,12,2,120.721873,24.250549,2
4560,66000,387130000C,(04)23274275,(04)23288582,2025,2,12,21,39,臺中市,南區,0,0,0,5,,,40,,,,,,,,,,,,,,13,,,,,C03,,,3,,1,,,84,84,1,12,4,120.657316,24.116687,3
4561,66000,387130000C,(04)23274275,(04)23288582,2025,2,12,21,40,臺中市,北屯區,0,2,0,5,1,6,50,13,9,1,4,4,6,6,4,4,10,5,5,2,17,2,9,1,1,C03,7,1,1,10,2,13,,51,51,1,12,4,120.695758,24.165849,2
4562,66000,387130000C,(04)23274275,(04)23288582,2025,2,12,21,42,臺中市,南區,0,0,0,5,,,50,,,,,,,,,,,,,,12,,,,,B03,,,1,,2,,,40,40,1,6,4,120.682963,24.134355,3
4563,66000,387130000C,(04)23274275,(04)23288582,2025,2,12,21,49,臺中市,南屯區,0,1,0,5,1,6,50,3,1,1,4,4,6,6,4,4,10,5,5,2,16,3,10,3,1,B03,7,6,1,8,2,1,,48,48,1,12,4,120.605846,24.138846,2
4564,66000,387130000C,(04)23274275,(04)23288582,2025,2,12,21,49,臺中市,烏日區,0,0,0,5,1,6,30,4,1,1,4,4,6,1,4,4,10,5,5,2,15,3,10,1,1,C03,7,9,1,10,2,11,,15,15,1,6,4,120.641585,24.102795,3
4565,66000,387130000C,(04)23274275,(04)23288582,2025,2,12,21,53,臺中市,北屯區,0,0,0,5,,,50,,,,,,,,,,,,,,,,,,,C03,,,1,,1,,,59,59,1,12,4,120.688365,24.168704,4
4566,66000,387130000C,(04)23274275,(04)23288582,2025,2,12,21,58,臺中市,東區,0,0,0,5,,,50,,,,,,,,,,,,,,,,,,,B03,,,1,,2,,,48,48,1,13,4,120.692395,24.139415,3
4567,66000,387130000C,(04)23274275,(04)23288582,2025,2,12,22,0,臺中市,大雅區,0,1,0,5,1,6,50,13,7,1,4,4,6,6,4,4,1,4,4,2,17,3,10,3,1,B11,7,8,1,4,2,7,,40,40,1,12,4,120.657125,24.220428,2
4568,66000,387130000C,(04)23274275,(04)23288582,2025,2,12,22,0,臺中市,龍井區,0,0,0,7,,,,,,,,,,,,,,,,,,,,,,,,,,,,,,119,119,1,,,120.540118,24.193609,3
4569,66000,387130000C,(04)23274275,(04)23288582,2025,2,12,22,2,臺中市,太平區,0,2,0,5,1,6,40,13,8,1,4,4,6,6,4,4,5,5,4,1,2,2,9,6,5,H01,8,16,7,21,10,17,,109,109,1,6,5,120.722328,24.131434,2
4570,66000,387130000C,(04)23274275,(04)23288582,2025,2,12,22,10,臺中市,北屯區,0,1,0,5,1,6,30,4,1,1,4,4,6,6,4,4,10,5,5,2,16,3,10,5,4,B03,7,5,1,8,2,8,,13,13,1,12,4,120.663799,24.199678,2
4571,66000,387130000C,(04)23274275,(04)23288582,2025,2,12,22,14,臺中市,潭子區,0,1,0,5,1,6,40,4,1,1,4,4,6,1,4,4,10,5,5,2,15,2,8,1,1,C03,7,9,5,19,2,11,,15,15,1,13,4,120.706874,24.203444,2
4572,66000,387130000C,(04)23274275,(04)23288582,2025,2,12,22,20,臺中市,西屯區,0,1,0,5,1,6,50,4,1,1,4,4,6,6,3,1,10,5,5,2,18,2,9,5,1,C03,7,9,1,10,2,14,,59,59,1,12,4,120.645896,24.191409,2
4573,66000,387130000C,(04)23274275,(04)23288582,2025,2,12,22,23,臺中市,大里區,0,1,0,5,1,6,50,5,2,1,4,4,6,6,1,1,5,2,5,2,16,3,10,3,1,B03,7,5,1,8,2,2,,47,47,1,12,4,120.68983,24.113086,2
4574,66000,387130000C,(04)23274275,(04)23288582,2025,2,12,22,32,臺中市,大里區,0,3,0,5,1,6,50,4,1,1,4,4,6,6,1,1,10,5,5,2,12,2,9,2,1,C03,7,6,1,10,2,14,,11,11,1,12,4,120.687678,24.110246,2
4575,66000,387130000C,(04)23274275,(04)23288582,2025,2,12,22,35,臺中市,中區,0,3,0,5,1,6,50,4,1,1,4,4,6,6,4,4,10,5,5,2,17,2,9,2,1,C03,7,1,1,10,2,12,,51,51,1,12,4,120.677151,24.144523,2
4576,66000,387130000C,(04)23274275,(04)23288582,2025,2,12,22,46,臺中市,北區,0,1,0,5,1,6,50,4,19,1,4,4,6,6,1,1,10,5,5,2,3,3,10,5,4,B03,7,6,1,8,2,8,,10,10,1,13,4,120.685302,24.164939,2
4577,66000,387130000C,(04)23274275,(04)23288582,2025,2,12,22,54,臺中市,西區,0,0,0,5,,,50,,,,,,,,,,,,,,,,,,,B03,,,1,,2,,,49,49,1,12,4,120.652589,24.146633,3
4578,66000,387130000C,(04)23274275,(04)23288582,2025,2,12,23,6,臺中市,北區,0,0,0,5,,,50,,,,,,,,,,,,,,16,,,,,B03,,,1,,2,,,11,11,1,12,4,120.686521,24.154624,3
4579,66000,387130000C,(04)23274275,(04)23288582,2025,2,12,23,12,臺中市,烏日區,0,0,0,5,,,50,,,,,,,,,,,,,,12,,,,,B03,,,1,,1,,,59,59,1,6,4,120.597735,24.110131,3
4580,66000,387130000C,(04)23274275,(04)23288582,2025,2,12,23,13,臺中市,西屯區,0,0,0,7,,,50,,,,,,,,,,,,,,17,,,,,B03,,,1,,2,,,51,51,1,12,4,120.616508,24.182689,3
4581,66000,387130000C,(04)23274275,(04)23288582,2025,2,12,23,19,臺中市,北屯區,0,1,0,7,1,6,50,4,2,1,4,4,6,6,2,1,1,4,4,2,13,2,9,2,1,C03,7,9,2,19,2,11,,84,84,1,12,4,120.68627,24.185439,2
4582,66000,387130000C,(04)23274275,(04)23288582,2025,2,12,23,38,臺中市,北屯區,0,1,0,5,2,6,50,4,1,1,4,4,6,6,2,1,10,5,5,2,13,2,9,1,1,C03,7,9,1,10,2,11,,84,84,1,12,4,120.676136,24.200773,2
4583,66000,387130000C,(04)23274275,(04)23288582,2025,2,12,23,42,臺中市,西屯區,0,0,0,5,,,50,,,,,,,,,,,,,,13,,,,,B03,,,3,,1,,,7,7,1,12,4,120.609608,24.184261,3
4584,66000,387130000C,(04)23274275,(04)23288582,2025,2,12,23,47,臺中市,西屯區,0,2,0,5,1,6,80,13,9,1,4,4,6,6,4,4,1,4,5,2,17,2,9,5,4,B03,7,15,1,4,2,5,,84,84,1,12,4,120.634948,24.179291,2
4585,66000,387130000C,(04)23274275,(04)23288582,2025,2,12,23,56,臺中市,北區,0,0,0,5,,,50,,,,,,,,,,,,,,17,,,,,B03,,,1,,1,,,84,84,1,13,4,120.673654,24.166921,3