序號,縣市別代碼,機關代碼,市話,傳真,年,月,日,時,分,縣市,區,死亡數量,受傷數量,2-30,天候,道路照明設備,道路類別,道路速限,道路型態,事故位置,路面鋪裝,路面狀態,路面缺陷,障礙物,視距,號誌種類,號誌動作,分向設施,快車道或一般車道間,快慢車道間,路面邊線,事故類型及型態,受傷程度,主要傷處,保護裝備,行動電話或功能裝置,當事者區分(類別),車輛用途,當事者行動狀態,駕照狀態,駕照種類,飲酒情形,車輛撞擊部位最初,車輛撞擊部位其他,肇事因素個別,肇事因素主要,肇事逃逸,職業,共享經濟或外送平台,GPS座標X,GPS座標Y,事故類別
4586,66000,387130000C,(04)23274275,(04)23288582,2025,2,12,23,57,臺中市,西屯區,0,1,0,5,1,6,50,13,9,1,4,4,5,5,4,4,1,4,5,2,26,2,7,1,1,C03,7,9,1,10,2,14,,84,84,1,6,4,120.594818,24.197157,2
4587,66000,387130000C,(04)23274275,(04)23288582,2025,2,13,0,3,臺中市,南區,0,0,0,5,,,50,,,,,,,,,,,,,,17,,,,,B03,,,1,,2,,,84,84,1,12,4,120.654699,24.121324,3
4588,66000,387130000C,(04)23274275,(04)23288582,2025,2,13,0,32,臺中市,中區,0,0,0,5,,,50,,,,,,,,,,,,,,17,,,,,B01,,,1,,1,,,47,47,1,12,4,120.678825,24.147146,3
4589,66000,387130000C,(04)23274275,(04)23288582,2025,2,13,0,38,臺中市,太平區,0,1,0,5,1,6,50,4,1,1,4,4,6,6,1,1,10,5,5,2,17,3,10,3,1,B01,7,6,1,3,2,1,,11,11,1,12,4,120.711492,24.149869,2
4590,66000,387130000C,(04)23274275,(04)23288582,2025,2,13,1,32,臺中市,太平區,0,0,0,5,1,6,50,4,1,1,4,4,6,6,4,4,5,5,4,2,15,3,10,3,1,B01,7,9,1,4,2,6,,24,24,1,6,4,120.715001,24.15925,3
4591,66000,387130000C,(04)23274275,(04)23288582,2025,2,13,1,52,臺中市,北區,0,0,0,5,,,50,,,,,,,,,,,,,,30,,,,,B02,,,1,,2,,,84,84,1,13,4,120.694231,24.155194,3
4592,66000,387130000C,(04)23274275,(04)23288582,2025,2,13,2,13,臺中市,大里區,0,2,0,5,1,6,50,4,1,1,4,4,6,6,1,1,10,5,5,2,15,3,10,3,1,B03,7,9,1,4,2,8,,21,21,1,6,4,120.680032,24.095616,2
4593,66000,387130000C,(04)23274275,(04)23288582,2025,2,13,2,27,臺中市,潭子區,0,0,0,5,,,50,,,,,,,,,,,,,,,,,,,B12,,,1,,2,,,84,84,1,13,4,120.719202,24.218089,3
4594,66000,387130000C,(04)23274275,(04)23288582,2025,2,13,3,40,臺中市,南屯區,0,1,0,5,1,6,50,13,9,1,4,4,6,6,4,4,5,2,5,2,16,3,10,3,1,B02,7,5,2,19,2,8,,20,20,1,12,4,120.641686,24.146869,2
4595,66000,387130000C,(04)23274275,(04)23288582,2025,2,13,4,5,臺中市,南區,0,0,0,5,,,50,,,,,,,,,,,,,,30,,,,,B01,,,1,,2,,,87,87,1,12,4,120.684164,24.122897,3
4596,66000,387130000C,(04)23274275,(04)23288582,2025,2,13,4,30,臺中市,北屯區,0,0,0,7,,,40,,,,,,,,,,,,,,17,,,,,B03,,,,,11,,,85,85,1,12,4,120.692876,24.162064,3
4597,66000,387130000C,(04)23274275,(04)23288582,2025,2,13,4,38,臺中市,烏日區,0,0,0,5,,,40,,,,,,,,,,,,,,,,,,,B03,,,1,,1,,,59,59,1,12,4,120.649636,24.09344,3
4598,66000,387130000C,(04)23274275,(04)23288582,2025,2,13,5,20,臺中市,龍井區,0,0,0,5,,,50,,,,,,,,,,,,,,,,,,,B03,,,1,,2,,,6,6,1,12,4,120.548608,24.193783,3
4599,66000,387130000C,(04)23274275,(04)23288582,2025,2,13,5,49,臺中市,霧峰區,0,0,0,5,,,30,,,,,,,,,,,,,,17,,,,,B03,,,1,,2,,,59,59,1,13,4,120.711184,24.077323,3
4600,66000,387130000C,(04)23274275,(04)23288582,2025,2,13,6,2,臺中市,太平區,0,1,0,5,1,6,30,4,1,1,4,4,6,6,4,4,10,5,5,2,17,3,10,5,1,B03,7,14,1,6,2,16,,84,84,1,6,4,120.71318,24.11483,2
4601,66000,387130000C,(04)23274275,(04)23288582,2025,2,13,6,15,臺中市,北區,0,0,0,7,,,50,,,,,,,,,,,,,,17,,,,,A04,,,1,,1,,,51,51,1,13,4,120.683647,24.153817,4
4602,66000,387130000C,(04)23274275,(04)23288582,2025,2,13,6,20,臺中市,大雅區,0,1,0,5,3,6,50,3,1,1,4,4,6,5,1,1,10,5,5,2,17,3,10,3,1,B13,7,9,1,8,2,5,,7,7,1,12,4,120.660075,24.219517,2
4603,66000,387130000C,(04)23274275,(04)23288582,2025,2,13,6,20,臺中市,中區,0,0,0,5,,,50,,,,,,,,,,,,,,,,,,,B03,,,1,,2,,,84,84,1,13,4,120.689278,24.153931,3
4604,66000,387130000C,(04)23274275,(04)23288582,2025,2,13,6,29,臺中市,神岡區,0,0,0,5,1,6,30,4,1,1,4,4,6,1,4,4,10,5,5,1,15,,,,,B03,,,1,,1,,,12,12,1,12,4,120.660483,24.259498,3
4605,66000,387130000C,(04)23274275,(04)23288582,2025,2,13,6,39,臺中市,大雅區,0,0,0,5,,,50,,,,,,,,,,,,,,,,,,,B03,,,1,,2,,,84,84,1,12,4,120.650968,24.217829,3
4606,66000,387130000C,(04)23274275,(04)23288582,2025,2,13,6,43,臺中市,西區,0,1,0,5,2,6,50,3,1,1,4,4,6,6,4,4,10,5,5,2,18,2,9,2,1,C03,7,9,1,10,2,12,,84,84,1,12,4,120.671076,24.133161,2
4607,66000,387130000C,(04)23274275,(04)23288582,2025,2,13,6,43,臺中市,北屯區,0,0,0,5,,,50,,,,,,,,,,,,,,13,,,,,C03,,,1,,1,,,84,84,1,12,4,120.661819,24.189421,4
4608,66000,387130000C,(04)23274275,(04)23288582,2025,2,13,6,43,臺中市,太平區,0,0,0,5,2,6,50,,,,,,,,,,,,,,,,,,,B01,,,1,,2,1,,59,59,1,12,4,120.727307,24.156828,3
4609,66000,387130000C,(04)23274275,(04)23288582,2025,2,13,6,46,臺中市,東區,0,0,0,5,,,50,,,,,,,,,,,,,,21,,,,,A04,,,1,,2,,,84,84,1,12,4,120.685919,24.141769,3
4610,66000,387130000C,(04)23274275,(04)23288582,2025,2,13,6,48,臺中市,潭子區,0,1,0,5,3,6,60,4,1,1,4,4,6,6,2,1,10,5,5,2,16,3,10,3,1,B03,7,6,1,8,2,2,,11,11,1,13,4,120.709016,24.233109,2
4611,66000,387130000C,(04)23274275,(04)23288582,2025,2,13,6,48,臺中市,沙鹿區,0,0,0,5,,,30,,,,,,,,,,,,,,,,,,,B03,,,1,,2,,,20,20,1,13,4,120.594638,24.218855,3
4612,66000,387130000C,(04)23274275,(04)23288582,2025,2,13,6,51,臺中市,南區,0,1,0,5,2,6,50,4,1,1,4,4,6,6,1,1,9,4,4,1,16,3,10,3,1,B03,7,6,1,8,2,2,,11,11,1,13,4,120.679273,24.126395,2
4613,66000,387130000C,(04)23274275,(04)23288582,2025,2,13,6,58,臺中市,沙鹿區,0,0,0,5,,,60,,,,,,,,,,,,,,,,,,,A11,,,1,,2,,,7,7,1,13,4,120.567871,24.202988,3
4614,66000,387130000C,(04)23274275,(04)23288582,2025,2,13,7,0,臺中市,霧峰區,0,1,0,5,2,6,50,13,7,1,4,4,6,6,4,4,5,4,4,1,13,3,10,3,1,B03,7,9,1,8,2,1,,7,7,1,6,4,120.698981,24.065857,2
4615,66000,387130000C,(04)23274275,(04)23288582,2025,2,13,7,0,臺中市,梧棲區,0,0,0,5,,,50,,,,,,,,,,,,,,14,,,,,B12,,,1,,1,,,49,49,1,13,4,120.547708,24.250109,3
4616,66000,387130000C,(04)23274275,(04)23288582,2025,2,13,7,3,臺中市,潭子區,0,1,0,5,3,6,60,4,4,1,4,4,6,6,1,1,1,4,4,1,17,3,10,3,1,A05,7,9,1,2,2,1,,84,84,1,13,4,120.70515,24.215575,2
4617,66000,387130000C,(04)23274275,(04)23288582,2025,2,13,7,4,臺中市,龍井區,0,1,0,5,1,6,50,13,9,1,4,4,6,6,4,4,10,4,5,1,16,3,10,3,1,B03,7,11,1,8,2,5,,45,45,1,6,4,120.575566,24.179632,2
4618,66000,387130000C,(04)23274275,(04)23288582,2025,2,13,7,8,臺中市,北屯區,0,0,0,5,,,50,,,,,,,,,,,,,,13,,,,,C03,,,3,,1,,,7,7,1,6,4,120.687018,24.175754,3
4619,66000,387130000C,(04)23274275,(04)23288582,2025,2,13,7,9,臺中市,潭子區,0,1,0,5,2,6,40,3,2,1,4,4,6,6,4,4,10,5,5,1,13,2,9,1,1,C03,7,9,1,10,2,11,,6,6,1,13,4,120.716626,24.21541,2
4620,66000,387130000C,(04)23274275,(04)23288582,2025,2,13,7,9,臺中市,豐原區,0,0,0,5,2,6,50,13,8,1,4,4,6,6,4,4,5,5,4,2,12,3,10,3,1,B03,7,8,1,8,2,4,,40,40,1,12,4,120.716344,24.239813,3
4621,66000,387130000C,(04)23274275,(04)23288582,2025,2,13,7,10,臺中市,豐原區,0,0,0,5,,,40,,,,,,,,,,,,,,12,,,,,B03,,,1,,2,,,51,51,1,13,4,120.703424,24.244284,3
4622,66000,387130000C,(04)23274275,(04)23288582,2025,2,13,7,11,臺中市,外埔區,0,0,0,5,2,6,30,13,9,1,4,4,6,6,4,4,10,5,5,2,11,3,10,3,1,B03,7,9,1,8,2,4,,8,8,1,12,4,120.650412,24.339884,3
4623,66000,387130000C,(04)23274275,(04)23288582,2025,2,13,7,12,臺中市,東區,0,1,0,5,3,6,50,4,9,1,4,4,6,6,4,4,5,5,5,2,16,3,10,5,4,B03,7,6,1,8,9,8,,12,12,1,6,4,120.699856,24.127118,2
4624,66000,387130000C,(04)23274275,(04)23288582,2025,2,13,7,12,臺中市,烏日區,0,1,0,5,2,6,40,3,2,1,4,4,6,6,1,1,1,2,4,2,18,2,9,5,4,C03,7,9,1,10,2,14,,84,84,1,13,4,120.626055,24.108802,2
4625,66000,387130000C,(04)23274275,(04)23288582,2025,2,13,7,13,臺中市,清水區,0,0,0,7,,,50,,,,,,,,,,,,,,14,,,,,A02,,,1,,2,,,49,49,1,6,4,120.56252,24.267818,3
4626,66000,387130000C,(04)23274275,(04)23288582,2025,2,13,7,15,臺中市,大雅區,0,2,0,5,3,6,50,13,9,1,4,4,6,5,4,4,5,5,5,2,17,2,8,2,1,C03,7,6,1,10,2,12,,20,20,1,12,4,120.650635,24.22322,2
4627,66000,387130000C,(04)23274275,(04)23288582,2025,2,13,7,16,臺中市,大雅區,0,0,0,5,,,50,,,,,,,,,,,,,,,,,,,B03,,,1,,1,,,84,84,1,12,4,120.652211,24.228248,3
4628,66000,387130000C,(04)23274275,(04)23288582,2025,2,13,7,19,臺中市,西屯區,0,0,0,5,,,50,,,,,,,,,,,,,,13,,,,,B03,,,1,,1,,,7,7,1,13,4,120.617592,24.185384,3
4629,66000,387130000C,(04)23274275,(04)23288582,2025,2,13,7,19,臺中市,大甲區,0,0,0,5,1,6,50,5,1,1,4,4,3,6,4,4,4,5,5,1,15,3,10,5,4,B03,7,9,1,8,1,5,,13,13,1,12,4,120.652707,24.379132,3
4630,66000,387130000C,(04)23274275,(04)23288582,2025,2,13,7,21,臺中市,北區,0,2,0,5,2,6,40,13,8,1,4,4,6,6,4,4,5,5,4,2,17,3,10,3,1,B03,7,14,1,8,2,2,,76,76,1,12,4,120.687124,24.159062,2
4631,66000,387130000C,(04)23274275,(04)23288582,2025,2,13,7,23,臺中市,北屯區,0,0,0,5,,,50,,,,,,,,,,,,,,,,,,,B03,,,1,,2,,,84,84,1,13,4,120.676145,24.20127,3
4632,66000,387130000C,(04)23274275,(04)23288582,2025,2,13,7,25,臺中市,清水區,0,0,0,7,,,50,,,,,,,,,,,,,,17,,,,,B03,,,1,,2,,,40,40,1,12,4,120.577798,24.300576,3
4633,66000,387130000C,(04)23274275,(04)23288582,2025,2,13,7,29,臺中市,大里區,0,0,0,5,,,50,,,,,,,,,,,,,,17,,,,,C03,,,1,,2,,,84,84,1,12,4,120.67205,24.114976,3
4634,66000,387130000C,(04)23274275,(04)23288582,2025,2,13,7,29,臺中市,梧棲區,0,0,0,5,,,40,,,,,,,,,,,,,,13,,,,,B03,,,1,,1,,,59,59,1,6,4,120.538721,24.256716,3
4635,66000,387130000C,(04)23274275,(04)23288582,2025,2,13,7,29,臺中市,豐原區,0,0,0,5,,,60,,,,,,,,,,,,,,13,,,,,B03,,,1,,2,,,7,7,1,12,4,120.716822,24.236613,3
4636,66000,387130000C,(04)23274275,(04)23288582,2025,2,13,7,30,臺中市,東區,0,0,0,5,,,50,,,,,,,,,,,,,,13,,,,,B03,,,1,,1,,,7,7,1,12,4,120.695607,24.141115,3
4637,66000,387130000C,(04)23274275,(04)23288582,2025,2,13,7,30,臺中市,大甲區,0,0,0,5,,,50,,,,,,,,,,,,,,,,,,,B03,,,1,,1,,,59,59,1,12,4,120.650483,24.40468,3
4638,66000,387130000C,(04)23274275,(04)23288582,2025,2,13,7,30,臺中市,大甲區,0,0,0,5,,,50,,,,,,,,,,,,,,,,,,,B03,,,1,,1,,,42,42,1,6,4,120.647086,24.406185,3
4639,66000,387130000C,(04)23274275,(04)23288582,2025,2,13,7,30,臺中市,大甲區,0,2,0,7,2,6,60,5,1,1,4,4,6,6,1,1,10,5,5,2,13,2,9,2,1,C03,7,9,1,10,2,11,,7,7,1,6,4,120.62249,24.356796,2
4640,66000,387130000C,(04)23274275,(04)23288582,2025,2,13,7,31,臺中市,北屯區,0,2,0,5,2,6,50,4,1,1,4,4,6,6,2,1,10,5,5,2,16,2,9,1,1,C03,7,9,1,10,2,11,,21,21,1,6,4,120.705738,24.1648,2
4641,66000,387130000C,(04)23274275,(04)23288582,2025,2,13,7,31,臺中市,大甲區,0,0,0,7,,,50,,,,,,,,,,,,,,16,,,,,B03,,,1,,2,,,84,84,1,6,4,120.654902,24.38894,3
4642,66000,387130000C,(04)23274275,(04)23288582,2025,2,13,7,34,臺中市,南屯區,0,0,0,5,,,50,,,,,,,,,,,,,,13,,,,,B03,,,1,,1,,,51,51,1,6,4,120.646977,24.146008,3
4643,66000,387130000C,(04)23274275,(04)23288582,2025,2,13,7,35,臺中市,西屯區,0,1,0,5,2,6,30,4,1,1,4,4,6,6,3,1,10,5,5,2,15,3,10,5,4,B03,7,9,1,8,2,5,,24,24,1,12,4,120.6524,24.163366,2
4644,66000,387130000C,(04)23274275,(04)23288582,2025,2,13,7,36,臺中市,西區,0,0,0,5,,,50,,,,,,,,,,,,,,,,,,,B03,,,1,,9,,,84,84,1,12,4,120.663284,24.146559,3
4645,66000,387130000C,(04)23274275,(04)23288582,2025,2,13,7,37,臺中市,太平區,0,1,0,5,2,6,50,4,1,1,4,4,6,6,4,4,10,5,5,2,17,3,10,5,4,B03,7,6,1,8,2,1,,14,14,1,6,4,120.714962,24.137897,2
4646,66000,387130000C,(04)23274275,(04)23288582,2025,2,13,7,38,臺中市,西屯區,0,0,0,5,,,30,,,,,,,,,,,,,,30,,,,,B03,,,1,,2,,,59,59,1,12,4,120.622097,24.188704,3
4647,66000,387130000C,(04)23274275,(04)23288582,2025,2,13,7,39,臺中市,南區,0,0,0,5,,,50,,,,,,,,,,,,,,,,,,,B03,,,1,,2,,,14,14,1,12,4,120.684192,24.119913,3
4648,66000,387130000C,(04)23274275,(04)23288582,2025,2,13,7,39,臺中市,霧峰區,0,1,0,5,2,6,50,13,9,1,4,4,6,6,4,4,9,5,5,1,13,3,10,1,1,C03,7,9,1,10,2,11,,7,7,1,12,4,120.703224,24.072213,2
4649,66000,387130000C,(04)23274275,(04)23288582,2025,2,13,7,40,臺中市,北屯區,0,0,0,5,,,50,,,,,,,,,,,,,,12,,,,,B11,,,1,,1,,,84,84,1,6,4,120.72129,24.177777,3
4650,66000,387130000C,(04)23274275,(04)23288582,2025,2,13,7,41,臺中市,南屯區,0,1,0,5,3,6,50,13,9,1,4,4,6,6,4,4,8,3,5,2,16,3,10,3,1,B03,7,1,1,8,2,1,,51,51,1,12,4,120.630063,24.113169,2
4651,66000,387130000C,(04)23274275,(04)23288582,2025,2,13,7,41,臺中市,北屯區,0,1,0,5,2,6,50,3,1,1,4,4,6,6,2,1,10,5,5,2,13,2,9,1,1,C03,7,9,2,19,2,11,,7,7,1,12,4,120.696928,24.169045,2
4652,66000,387130000C,(04)23274275,(04)23288582,2025,2,13,7,42,臺中市,南區,0,1,0,5,3,6,50,3,1,1,4,4,6,6,2,1,5,5,5,2,16,3,10,3,1,B03,7,6,1,8,2,5,,84,84,1,6,4,120.657425,24.113175,2
4653,66000,387130000C,(04)23274275,(04)23288582,2025,2,13,7,42,臺中市,東區,0,0,0,5,,,50,,,,,,,,,,,,,,,,,,,B03,,,1,,1,,,7,7,1,6,4,120.708419,24.134347,3
4654,66000,387130000C,(04)23274275,(04)23288582,2025,2,13,7,42,臺中市,東區,0,1,0,5,3,6,50,13,7,1,4,4,6,6,4,4,5,4,4,2,17,2,9,5,4,C03,7,9,1,10,2,11,,84,84,1,6,4,120.705898,24.137183,2
4655,66000,387130000C,(04)23274275,(04)23288582,2025,2,13,7,43,臺中市,南屯區,0,2,0,7,2,6,50,11,9,1,4,4,6,6,4,4,10,5,5,2,2,2,9,2,1,C03,7,9,1,10,2,11,,59,59,1,12,4,120.640009,24.13966,2
4656,66000,387130000C,(04)23274275,(04)23288582,2025,2,13,7,43,臺中市,沙鹿區,0,0,0,5,,,50,,,,,,,,,,,,,,,,,,,B03,,,1,,1,,,84,84,1,12,4,120.553619,24.231154,3
4657,66000,387130000C,(04)23274275,(04)23288582,2025,2,13,7,44,臺中市,太平區,0,1,0,5,3,6,30,3,1,1,4,4,6,6,4,4,10,5,5,2,18,2,9,2,1,C03,7,6,1,10,2,12,,84,84,1,12,4,120.7304,24.141975,2
4658,66000,387130000C,(04)23274275,(04)23288582,2025,2,13,7,45,臺中市,南屯區,0,0,0,5,,,50,,,,,,,,,,,,,,8,,,,,B01,,,1,,9,,,45,45,1,12,4,120.599144,24.149796,3
4659,66000,387130000C,(04)23274275,(04)23288582,2025,2,13,7,45,臺中市,西屯區,0,0,0,7,,,40,,,,,,,,,,,,,,13,,,,,C03,,,1,,1,,,7,7,1,12,4,120.603578,24.175013,3
4660,66000,387130000C,(04)23274275,(04)23288582,2025,2,13,7,45,臺中市,梧棲區,0,0,0,5,,,50,,,,,,,,,,,,,,7,,,,,B03,,,1,,1,,,40,40,1,13,4,120.550623,24.241555,3
4661,66000,387130000C,(04)23274275,(04)23288582,2025,2,13,7,47,臺中市,大雅區,0,1,0,5,3,6,30,3,1,1,4,4,6,6,3,1,10,5,5,2,17,3,10,3,1,B03,7,6,1,8,2,1,,20,20,1,12,4,120.673121,24.231264,2
4662,66000,387130000C,(04)23274275,(04)23288582,2025,2,13,7,47,臺中市,龍井區,0,0,0,5,,,70,,,,,,,,,,,,,,13,,,,,B03,,,1,,2,,,84,84,1,6,4,120.5054,24.206889,3
4663,66000,387130000C,(04)23274275,(04)23288582,2025,2,13,7,48,臺中市,西屯區,0,0,0,5,,,30,,,,,,,,,,,,,,16,,,,,B03,,,1,,1,,,12,12,1,13,4,120.646239,24.196738,3
4664,66000,387130000C,(04)23274275,(04)23288582,2025,2,13,7,49,臺中市,北區,0,1,0,5,3,6,50,4,1,1,4,4,6,6,1,1,5,5,4,2,17,3,10,3,1,B03,7,5,1,8,2,2,,47,47,1,13,4,120.674329,24.170038,2
4665,66000,387130000C,(04)23274275,(04)23288582,2025,2,13,7,49,臺中市,東勢區,0,0,0,5,,,50,,,,,,,,,,,,,,,,,,,A02,,,1,,1,,,84,84,1,13,4,120.82895,24.255645,3
4666,66000,387130000C,(04)23274275,(04)23288582,2025,2,13,7,49,臺中市,神岡區,0,0,0,5,,,50,,,,,,,,,,,,,,12,,,,,B12,,,1,,1,,,1,1,1,12,4,120.689095,24.239265,3
4667,66000,387130000C,(04)23274275,(04)23288582,2025,2,13,7,51,臺中市,北區,0,0,0,5,,,50,,,,,,,,,,,,,,,,,,,B03,,,1,,1,,,84,84,1,12,4,120.677295,24.144378,3
4668,66000,387130000C,(04)23274275,(04)23288582,2025,2,13,7,53,臺中市,東區,0,0,0,5,,,50,,,,,,,,,,,,,,,,,,,B03,,,1,,2,,,40,40,1,12,4,120.695137,24.14796,3
4669,66000,387130000C,(04)23274275,(04)23288582,2025,2,13,7,53,臺中市,東區,0,0,0,5,,,50,,,,,,,,,,,,,,15,,,,,B03,,,1,,1,,,12,12,1,12,4,120.709303,24.145061,3
4670,66000,387130000C,(04)23274275,(04)23288582,2025,2,13,7,53,臺中市,太平區,0,0,0,5,2,6,50,,,,,,,,,,,,,,,,,,,C03,,,3,,2,11,,7,7,1,12,4,120.728113,24.104877,3
4671,66000,387130000C,(04)23274275,(04)23288582,2025,2,13,7,55,臺中市,豐原區,0,2,0,5,2,6,30,4,2,1,4,4,6,6,4,4,10,5,5,2,17,2,8,5,4,C03,7,9,1,10,2,15,,84,84,1,13,4,120.71157,24.251922,2
4672,66000,387130000C,(04)23274275,(04)23288582,2025,2,13,7,56,臺中市,西屯區,0,0,0,5,,,50,,,,,,,,,,,,,,13,,,,,B03,,,1,,2,,,59,59,1,12,4,120.657655,24.158401,3
4673,66000,387130000C,(04)23274275,(04)23288582,2025,2,13,7,57,臺中市,北屯區,0,0,0,5,,,30,,,,,,,,,,,,,,17,,,,,C03,,,1,,1,,,84,84,1,12,4,120.693106,24.175135,3
4674,66000,387130000C,(04)23274275,(04)23288582,2025,2,13,7,58,臺中市,豐原區,0,1,0,5,2,6,50,13,9,1,4,4,6,6,4,4,1,4,5,2,17,2,9,1,1,C03,7,9,1,10,2,16,,85,85,1,12,4,120.701017,24.249098,2
4675,66000,387130000C,(04)23274275,(04)23288582,2025,2,13,7,59,臺中市,大雅區,0,0,0,5,,,40,,,,,,,,,,,,,,,,,,,C03,,,1,,2,,,7,7,1,12,4,120.649301,24.221527,3
4676,66000,387130000C,(04)23274275,(04)23288582,2025,2,13,7,59,臺中市,中區,0,1,0,5,2,6,50,4,1,1,4,4,6,6,1,1,5,2,4,2,13,2,8,1,1,C03,7,9,3,19,2,11,,84,84,1,13,4,120.673915,24.143193,2
4677,66000,387130000C,(04)23274275,(04)23288582,2025,2,13,8,1,臺中市,梧棲區,0,1,0,5,3,6,50,13,8,1,4,4,6,6,4,4,1,4,1,2,12,2,9,1,1,C03,7,9,1,10,2,14,,84,84,1,6,4,120.534327,24.267229,2
4678,66000,387130000C,(04)23274275,(04)23288582,2025,2,13,8,1,臺中市,沙鹿區,0,0,0,5,,,30,,,,,,,,,,,,,,,,,,,B03,,,1,,2,,,84,84,1,12,4,120.604405,24.243104,3
4679,66000,387130000C,(04)23274275,(04)23288582,2025,2,13,8,3,臺中市,北屯區,0,0,0,7,,,50,,,,,,,,,,,,,,12,,,,,A02,,,1,,1,,,84,84,1,6,4,120.722512,24.170987,3
4680,66000,387130000C,(04)23274275,(04)23288582,2025,2,13,8,5,臺中市,沙鹿區,0,1,0,5,1,6,50,4,1,1,4,4,6,6,4,4,10,5,5,1,9,3,10,3,1,B03,7,6,1,8,2,1,,48,48,1,13,4,120.566917,24.249837,2
4681,66000,387130000C,(04)23274275,(04)23288582,2025,2,13,8,5,臺中市,神岡區,0,1,0,5,1,6,30,13,9,1,4,4,6,6,4,4,10,5,5,1,18,2,9,1,1,C03,7,12,1,10,2,16,,6,6,1,12,4,120.704465,24.261179,2
4682,66000,387130000C,(04)23274275,(04)23288582,2025,2,13,8,6,臺中市,烏日區,0,0,0,5,,,50,,,,,,,,,,,,,,13,,,,,B03,,,1,,1,,,59,59,1,13,4,120.650567,24.108716,3
4683,66000,387130000C,(04)23274275,(04)23288582,2025,2,13,8,10,臺中市,西屯區,0,1,0,5,2,6,40,13,9,1,4,4,6,6,4,4,3,4,4,2,16,3,10,5,4,B03,7,5,1,8,2,4,,20,20,1,13,4,120.632484,24.180093,2
4684,66000,387130000C,(04)23274275,(04)23288582,2025,2,13,8,10,臺中市,烏日區,0,0,0,5,,,40,,,,,,,,,,,,,,9,,,,,B03,,,1,,2,,,84,84,1,6,4,120.653057,24.094763,3
4685,66000,387130000C,(04)23274275,(04)23288582,2025,2,13,8,13,臺中市,中區,0,0,0,5,,,50,,,,,,,,,,,,,,,,,,,C03,,,1,,2,,,7,7,1,13,4,120.677374,24.145969,3
4686,66000,387130000C,(04)23274275,(04)23288582,2025,2,13,8,15,臺中市,西屯區,0,0,0,5,,,50,,,,,,,,,,,,,,14,,,,,B11,,,1,,1,,,49,49,1,12,4,120.661786,24.165173,3
4687,66000,387130000C,(04)23274275,(04)23288582,2025,2,13,8,15,臺中市,霧峰區,0,0,0,5,,,70,,,,,,,,,,,,,,12,,,,,B03,,,1,,2,,,40,40,1,6,4,120.672484,24.042527,3
4688,66000,387130000C,(04)23274275,(04)23288582,2025,2,13,8,17,臺中市,北屯區,0,0,0,5,,,50,,,,,,,,,,,,,,,,,,,B03,,,1,,2,,,51,51,1,13,4,120.669312,24.201407,3
4689,66000,387130000C,(04)23274275,(04)23288582,2025,2,13,8,17,臺中市,太平區,0,1,0,5,2,6,50,18,24,1,4,4,6,6,2,1,1,5,5,2,16,3,10,3,1,B12,7,5,1,8,9,6,,47,47,1,6,4,120.712568,24.145843,2
4690,66000,387130000C,(04)23274275,(04)23288582,2025,2,13,8,18,臺中市,西屯區,0,0,0,5,,,50,,,,,,,,,,,,,,13,,,,,B03,,,1,,1,,,59,59,1,12,4,120.64287,24.170372,3
4691,66000,387130000C,(04)23274275,(04)23288582,2025,2,13,8,18,臺中市,神岡區,0,0,0,5,,,50,,,,,,,,,,,,,,17,,,,,B03,,,1,,1,,,8,8,1,12,4,120.698725,24.248927,3
4692,66000,387130000C,(04)23274275,(04)23288582,2025,2,13,8,21,臺中市,北屯區,0,1,0,7,2,6,50,4,1,1,4,4,6,6,2,1,10,5,5,2,16,3,10,3,1,B03,7,6,1,8,2,5,,11,11,1,6,4,120.702364,24.169859,2
4693,66000,387130000C,(04)23274275,(04)23288582,2025,2,13,8,23,臺中市,中區,0,0,0,5,,,50,,,,,,,,,,,,,,,,,,,B12,,,1,,2,,,84,84,1,13,4,120.68016,24.143084,3
4694,66000,387130000C,(04)23274275,(04)23288582,2025,2,13,8,23,臺中市,大里區,0,1,0,5,2,6,50,13,7,1,4,4,6,6,4,4,5,4,4,1,3,2,9,6,5,H01,8,16,7,21,10,17,,95,95,1,12,5,120.683865,24.113828,2
4695,66000,387130000C,(04)23274275,(04)23288582,2025,2,13,8,23,臺中市,烏日區,0,1,0,5,2,6,50,5,1,1,4,4,6,6,4,4,10,5,5,2,17,3,10,5,4,B03,7,5,1,8,2,6,,84,84,1,6,4,120.631206,24.104986,2
4696,66000,387130000C,(04)23274275,(04)23288582,2025,2,13,8,24,臺中市,南區,0,0,0,5,,,50,,,,,,,,,,,,,,,,,,,B03,,,1,,1,,,7,7,1,6,4,120.67487,24.124092,3
4697,66000,387130000C,(04)23274275,(04)23288582,2025,2,13,8,24,臺中市,霧峰區,0,1,0,5,3,6,30,13,9,1,4,4,6,6,4,4,10,5,5,1,19,2,9,1,1,C03,7,9,1,10,2,14,,84,84,1,12,4,120.684358,24.058071,2
4698,66000,387130000C,(04)23274275,(04)23288582,2025,2,13,8,25,臺中市,西區,0,1,0,5,3,6,50,4,1,1,4,4,6,6,4,4,10,5,5,2,18,2,9,1,1,C03,7,9,1,10,2,12,,84,84,1,6,4,120.660184,24.155275,2