序號,縣市別代碼,機關代碼,市話,傳真,年,月,日,時,分,縣市,區,死亡數量,受傷數量,2-30,天候,道路照明設備,道路類別,道路速限,道路型態,事故位置,路面鋪裝,路面狀態,路面缺陷,障礙物,視距,號誌種類,號誌動作,分向設施,快車道或一般車道間,快慢車道間,路面邊線,事故類型及型態,受傷程度,主要傷處,保護裝備,行動電話或功能裝置,當事者區分(類別),車輛用途,當事者行動狀態,駕照狀態,駕照種類,飲酒情形,車輛撞擊部位最初,車輛撞擊部位其他,肇事因素個別,肇事因素主要,肇事逃逸,職業,共享經濟或外送平台,GPS座標X,GPS座標Y,事故類別
4813,66000,387130000C,(04)23274275,(04)23288582,2025,2,13,11,52,臺中市,東區,0,1,0,5,2,6,50,13,9,1,4,4,6,6,4,4,10,5,5,2,18,2,9,1,1,C03,7,9,1,10,2,12,,84,84,1,12,4,120.686479,24.141764,2
4814,66000,387130000C,(04)23274275,(04)23288582,2025,2,13,11,53,臺中市,西區,0,1,0,7,3,6,50,4,1,1,4,4,6,6,4,4,10,5,5,2,15,2,9,1,1,C03,7,9,1,10,2,12,,12,12,1,12,2,120.673839,24.14706,2
4815,66000,387130000C,(04)23274275,(04)23288582,2025,2,13,11,53,臺中市,大安區,0,0,0,5,,,50,,,,,,,,,,,,,,20,,,,,B03,,,1,,2,,,49,49,1,6,4,120.603263,24.382801,3
4816,66000,387130000C,(04)23274275,(04)23288582,2025,2,13,11,54,臺中市,大雅區,0,0,0,5,,,50,,,,,,,,,,,,,,,,,,,B03,,,1,,1,,,51,51,1,12,4,120.635779,24.228794,3
4817,66000,387130000C,(04)23274275,(04)23288582,2025,2,13,11,58,臺中市,南屯區,0,0,0,5,,,40,,,,,,,,,,,,,,17,,,,,A12,,,1,,1,,,51,51,1,6,4,120.620825,24.136298,3
4818,66000,387130000C,(04)23274275,(04)23288582,2025,2,13,11,59,臺中市,大里區,0,1,0,7,3,6,50,13,7,1,4,4,6,3,4,4,5,5,4,1,17,3,10,3,1,B12,7,1,1,8,2,8,,51,51,1,12,4,120.713199,24.09416,2
4819,66000,387130000C,(04)23274275,(04)23288582,2025,2,13,12,0,臺中市,西區,0,0,0,7,,,50,,,,,,,,,,,,,,,,,,,B03,,,3,19,2,,,7,7,1,13,4,120.659687,24.157317,3
4820,66000,387130000C,(04)23274275,(04)23288582,2025,2,13,12,1,臺中市,西屯區,0,1,0,6,2,6,50,13,9,1,4,4,6,6,4,4,1,4,1,2,12,2,9,1,1,C03,7,9,1,10,2,11,,85,85,1,12,4,120.652909,24.167217,2
4821,66000,387130000C,(04)23274275,(04)23288582,2025,2,13,12,1,臺中市,石岡區,0,1,0,5,3,6,70,13,8,1,4,4,6,6,4,4,8,3,4,1,18,2,9,1,1,C03,7,9,1,10,2,12,,5,5,1,12,4,120.780541,24.274058,2
4822,66000,387130000C,(04)23274275,(04)23288582,2025,2,13,12,5,臺中市,西屯區,0,0,0,5,,,60,,,,,,,,,,,,,,12,,,,,A02,,,1,,2,,,40,40,1,12,4,120.633365,24.173277,3
4823,66000,387130000C,(04)23274275,(04)23288582,2025,2,13,12,6,臺中市,北屯區,0,3,0,6,2,6,30,4,1,1,4,4,6,6,4,4,10,5,5,2,15,2,8,1,1,C03,7,9,1,10,1,11,,15,15,1,5,4,120.670003,24.174991,2
4824,66000,387130000C,(04)23274275,(04)23288582,2025,2,13,12,10,臺中市,西區,0,0,0,5,,,50,,,,,,,,,,,,,,,,,,,C03,,,1,,1,,,15,15,1,13,4,120.658086,24.155923,3
4825,66000,387130000C,(04)23274275,(04)23288582,2025,2,13,12,10,臺中市,沙鹿區,0,1,0,6,3,6,50,5,1,1,5,4,6,6,1,1,10,4,4,2,12,3,10,3,1,B12,7,7,1,8,2,3,,40,40,1,13,4,120.567035,24.252404,2
4826,66000,387130000C,(04)23274275,(04)23288582,2025,2,13,12,10,臺中市,豐原區,0,0,0,6,,,50,,,,,,,,,,,,,,17,,,,,B03,,,1,,2,,,51,51,1,12,4,120.731098,24.24923,3
4827,66000,387130000C,(04)23274275,(04)23288582,2025,2,13,12,12,臺中市,西區,0,0,0,7,,,50,,,,,,,,,,,,,,,,,,,B03,,,1,,9,,,51,51,1,6,4,120.652002,24.147898,3
4828,66000,387130000C,(04)23274275,(04)23288582,2025,2,13,12,26,臺中市,北區,0,1,0,7,2,6,50,4,1,1,4,4,6,6,1,1,5,4,4,2,16,3,10,3,1,B03,7,5,1,8,2,2,,14,14,1,13,4,120.675845,24.159218,2
4829,66000,387130000C,(04)23274275,(04)23288582,2025,2,13,12,29,臺中市,南區,0,1,0,6,2,6,50,3,1,1,4,4,6,6,4,4,10,5,5,2,18,2,9,1,1,C03,7,9,1,10,2,14,,84,84,1,12,4,120.655984,24.113708,2
4830,66000,387130000C,(04)23274275,(04)23288582,2025,2,13,12,31,臺中市,北區,0,1,0,5,3,6,50,3,1,1,4,4,6,6,1,1,1,4,4,2,17,3,10,3,1,B01,7,6,1,4,2,2,,11,11,1,13,4,120.672531,24.168806,2
4831,66000,387130000C,(04)23274275,(04)23288582,2025,2,13,12,32,臺中市,龍井區,0,0,0,6,,,50,,,,,,,,,,,,,,18,,,,,C03,,,1,,1,,,84,84,1,5,4,120.586026,24.181683,4
4832,66000,387130000C,(04)23274275,(04)23288582,2025,2,13,12,34,臺中市,西屯區,0,0,0,5,,,50,,,,,,,,,,,,,,13,,,,,B03,,,5,,1,,,7,7,1,13,4,120.635706,24.176401,3
4833,66000,387130000C,(04)23274275,(04)23288582,2025,2,13,12,35,臺中市,南區,0,0,0,7,,,40,,,,,,,,,,,,,,14,,,,,C03,,,1,,1,,,49,49,1,12,4,120.661593,24.113127,3
4834,66000,387130000C,(04)23274275,(04)23288582,2025,2,13,12,36,臺中市,北屯區,0,1,0,7,1,6,50,3,2,1,4,4,6,6,4,4,10,5,5,2,17,2,7,1,1,C03,7,6,1,10,2,11,,84,84,1,13,4,120.666685,24.182328,2
4835,66000,387130000C,(04)23274275,(04)23288582,2025,2,13,12,38,臺中市,潭子區,0,0,0,6,,,40,,,,,,,,,,,,,,13,,,,,B03,,,1,,2,,,84,84,1,12,4,120.704983,24.215086,3
4836,66000,387130000C,(04)23274275,(04)23288582,2025,2,13,12,38,臺中市,南區,0,0,0,5,,,50,,,,,,,,,,,,,,,,,,,B03,,,1,,1,,,7,7,1,6,4,120.650118,24.120638,3
4837,66000,387130000C,(04)23274275,(04)23288582,2025,2,13,12,39,臺中市,西屯區,0,1,0,5,2,6,50,4,2,1,4,4,6,6,1,1,10,5,5,2,13,2,9,1,1,C03,7,9,1,10,2,11,,7,7,1,12,4,120.610803,24.191005,2
4838,66000,387130000C,(04)23274275,(04)23288582,2025,2,13,12,40,臺中市,西屯區,0,1,0,6,2,6,50,3,5,1,5,4,6,6,4,4,10,5,5,2,17,2,9,5,4,B03,7,9,1,10,2,16,,84,84,1,12,4,120.650297,24.163835,2
4839,66000,387130000C,(04)23274275,(04)23288582,2025,2,13,12,42,臺中市,大里區,0,1,0,6,2,6,50,4,9,1,5,4,6,6,4,4,5,5,5,2,12,3,10,3,1,B03,7,1,1,8,2,16,,51,51,1,6,4,120.699231,24.092672,2
4840,66000,387130000C,(04)23274275,(04)23288582,2025,2,13,12,45,臺中市,大里區,0,2,0,7,2,6,50,13,9,1,5,4,6,6,4,4,5,4,5,1,16,2,9,1,1,C03,7,11,1,10,2,14,,32,32,1,12,4,120.680848,24.115187,2
4841,66000,387130000C,(04)23274275,(04)23288582,2025,2,13,12,45,臺中市,大肚區,0,1,0,7,2,6,30,11,9,1,4,4,6,6,4,4,10,5,5,2,18,2,9,4,1,C03,7,9,1,10,2,12,,6,6,1,6,4,120.532549,24.156816,2
4842,66000,387130000C,(04)23274275,(04)23288582,2025,2,13,12,53,臺中市,西屯區,0,0,0,5,,,50,,,,,,,,,,,,,,17,,,,,B13,,,1,,2,,,58,58,1,13,4,120.642187,24.16944,3
4843,66000,387130000C,(04)23274275,(04)23288582,2025,2,13,12,59,臺中市,西區,0,2,0,6,2,6,50,4,1,1,5,4,6,6,1,1,10,5,5,2,12,2,8,2,1,C03,7,9,1,10,2,14,,87,87,1,12,4,120.671333,24.145422,2
4844,66000,387130000C,(04)23274275,(04)23288582,2025,2,13,13,0,臺中市,西屯區,0,0,0,5,,,50,,,,,,,,,,,,,,13,,,,,B03,,,1,,2,,,7,7,1,13,4,120.650961,24.165325,3
4845,66000,387130000C,(04)23274275,(04)23288582,2025,2,13,13,1,臺中市,西屯區,0,0,0,5,,,50,,,,,,,,,,,,,,17,,,,,B03,,,1,,1,,,77,77,1,12,4,120.63526,24.162991,3
4846,66000,387130000C,(04)23274275,(04)23288582,2025,2,13,13,3,臺中市,梧棲區,0,0,0,5,,,70,,,,,,,,,,,,,,13,,,,,B03,,,1,,1,,,7,7,1,6,4,120.555957,24.250803,3
4847,66000,387130000C,(04)23274275,(04)23288582,2025,2,13,13,13,臺中市,潭子區,0,0,0,6,,,50,,,,,,,,,,,,,,1,,,,,B03,,,1,,2,,,51,51,1,12,4,120.705784,24.204685,3
4848,66000,387130000C,(04)23274275,(04)23288582,2025,2,13,13,22,臺中市,南區,0,2,0,6,3,6,50,4,9,1,5,4,6,6,4,4,5,5,5,2,16,2,9,5,4,C03,7,5,1,10,2,14,,13,13,1,6,4,120.661505,24.11691,2
4849,66000,387130000C,(04)23274275,(04)23288582,2025,2,13,13,30,臺中市,豐原區,0,1,0,6,2,6,30,12,9,1,5,4,6,6,4,4,10,5,5,1,18,2,9,2,1,C03,7,9,5,19,2,15,,84,84,1,13,4,120.729123,24.228906,2
4850,66000,387130000C,(04)23274275,(04)23288582,2025,2,13,13,35,臺中市,梧棲區,0,0,0,7,,,30,,,,,,,,,,,,,,16,,,,,B03,,,1,,1,,,20,20,1,6,4,120.525986,24.247878,3
4851,66000,387130000C,(04)23274275,(04)23288582,2025,2,13,13,38,臺中市,西屯區,0,0,0,7,,,50,,,,,,,,,,,,,,13,,,,,B03,,,1,,2,,,59,59,1,12,4,120.620687,24.188434,3
4852,66000,387130000C,(04)23274275,(04)23288582,2025,2,13,13,42,臺中市,西屯區,0,0,0,5,,,60,,,,,,,,,,,,,,13,,,,,B03,,,1,,1,,,59,59,1,12,4,120.648732,24.1635,3
4853,66000,387130000C,(04)23274275,(04)23288582,2025,2,13,13,43,臺中市,烏日區,0,0,0,6,2,6,50,,9,1,4,4,6,6,1,1,5,4,5,1,13,3,10,3,1,B03,7,1,1,8,1,1,,84,84,1,6,4,120.625825,24.110459,3
4854,66000,387130000C,(04)23274275,(04)23288582,2025,2,13,13,44,臺中市,南屯區,0,0,0,7,,,50,,,,,,,,,,,,,,,,,,,B03,,,1,,1,,,7,7,1,12,4,120.624108,24.152316,3
4855,66000,387130000C,(04)23274275,(04)23288582,2025,2,13,13,45,臺中市,潭子區,0,0,0,7,,,50,,,,,,,,,,,,,,,,,,,B03,,,1,,2,,,43,43,1,13,4,120.701614,24.207664,3
4856,66000,387130000C,(04)23274275,(04)23288582,2025,2,13,13,49,臺中市,潭子區,0,0,0,7,,,50,,,,,,,,,,,,,,,,,,,B03,,,1,,2,,,84,84,1,13,4,120.70967,24.204823,3
4857,66000,387130000C,(04)23274275,(04)23288582,2025,2,13,13,49,臺中市,北屯區,0,0,0,7,,,50,,,,,,,,,,,,,,14,,,,,B02,,,1,,1,,,49,49,1,12,4,120.694037,24.183313,3
4858,66000,387130000C,(04)23274275,(04)23288582,2025,2,13,13,50,臺中市,潭子區,0,1,0,6,2,6,40,4,1,1,5,4,6,6,4,4,10,5,5,2,16,3,10,3,1,B03,7,5,1,8,2,1,,14,14,1,12,4,120.680792,24.208684,2
4859,66000,387130000C,(04)23274275,(04)23288582,2025,2,13,13,50,臺中市,和平區,0,1,0,5,3,6,50,13,9,1,4,4,6,6,4,4,10,5,5,1,12,2,8,4,1,C03,7,9,1,10,2,11,,58,58,1,12,4,121.25151,24.2547,2
4860,66000,387130000C,(04)23274275,(04)23288582,2025,2,13,13,55,臺中市,南屯區,0,0,0,7,,,40,,,,,,,,,,,,,,,,,,,C03,,,1,,1,,,59,59,1,13,4,120.605037,24.151452,3
4861,66000,387130000C,(04)23274275,(04)23288582,2025,2,13,13,56,臺中市,大甲區,0,1,0,7,1,6,50,4,1,1,5,4,6,6,4,4,5,5,5,1,15,2,9,1,1,C03,7,9,1,10,2,12,,15,15,1,12,4,120.62388,24.345332,2
4862,66000,387130000C,(04)23274275,(04)23288582,2025,2,13,13,58,臺中市,南屯區,0,3,0,6,2,6,50,4,2,1,5,4,6,6,2,1,5,5,5,2,12,2,9,1,1,C03,7,7,1,10,2,12,,84,84,1,6,4,120.643773,24.132246,2
4863,66000,387130000C,(04)23274275,(04)23288582,2025,2,13,14,0,臺中市,大雅區,0,0,0,7,,,0,,,,,,,,,,,,,,9,,,,,B03,,,1,,10,,,87,87,1,13,4,120.646257,24.223756,3
4864,66000,387130000C,(04)23274275,(04)23288582,2025,2,13,14,3,臺中市,霧峰區,0,0,0,6,,,50,,,,,,,,,,,,,,16,,,,,C03,,,1,,2,,,51,51,1,6,4,120.696416,24.058022,3
4865,66000,387130000C,(04)23274275,(04)23288582,2025,2,13,14,7,臺中市,大里區,0,1,0,5,2,6,50,3,1,1,4,4,6,6,4,4,10,5,5,2,17,3,10,3,1,B01,7,5,1,8,2,2,,84,84,1,12,4,120.671088,24.106254,2
4866,66000,387130000C,(04)23274275,(04)23288582,2025,2,13,14,11,臺中市,梧棲區,0,2,0,5,2,6,50,3,2,1,4,4,6,6,4,4,1,5,5,2,16,2,9,2,1,C03,7,9,1,10,2,14,,1,1,1,13,4,120.519087,24.240531,2
4867,66000,387130000C,(04)23274275,(04)23288582,2025,2,13,14,18,臺中市,西區,0,0,0,5,3,6,50,4,1,1,4,4,6,6,4,4,10,5,5,2,15,,,,,C03,,,1,,2,,,15,15,1,13,4,120.658828,24.139272,3
4868,66000,387130000C,(04)23274275,(04)23288582,2025,2,13,14,19,臺中市,西屯區,0,0,0,7,,,60,,,,,,,,,,,,,,13,,,,,B03,,,1,,1,,,7,7,1,12,4,120.632757,24.171188,3
4869,66000,387130000C,(04)23274275,(04)23288582,2025,2,13,14,22,臺中市,大雅區,0,0,0,6,,,70,,,,,,,,,,,,,,13,,,,,C03,,,1,,2,,,7,7,1,12,4,120.641096,24.23028,3
4870,66000,387130000C,(04)23274275,(04)23288582,2025,2,13,14,22,臺中市,烏日區,0,1,0,6,2,6,50,4,1,1,4,4,6,6,1,1,10,5,5,2,12,2,9,5,4,C03,7,9,1,10,2,11,,7,7,1,13,4,120.639215,24.096548,2
4871,66000,387130000C,(04)23274275,(04)23288582,2025,2,13,14,24,臺中市,南屯區,0,1,0,6,3,6,50,13,9,1,5,4,6,6,4,4,10,5,5,2,10,3,10,5,4,B03,7,1,1,8,2,1,,51,51,1,6,4,120.633526,24.153556,2
4872,66000,387130000C,(04)23274275,(04)23288582,2025,2,13,14,27,臺中市,烏日區,0,0,0,7,,,50,,,,,,,,,,,,,,,,,,,B13,,,1,,2,,,78,78,1,13,4,120.641914,24.106563,3
4873,66000,387130000C,(04)23274275,(04)23288582,2025,2,13,14,30,臺中市,潭子區,0,0,0,7,,,50,,,,,,,,,,,,,,,,,,,B01,,,1,,9,,,8,8,1,12,4,120.700495,24.211664,3
4874,66000,387130000C,(04)23274275,(04)23288582,2025,2,13,14,36,臺中市,大里區,0,1,0,7,3,6,30,3,1,1,4,4,6,6,4,4,10,5,5,1,16,3,10,3,1,B03,7,5,3,19,2,4,,14,14,1,12,4,120.691283,24.08844,2
4875,66000,387130000C,(04)23274275,(04)23288582,2025,2,13,14,39,臺中市,西屯區,0,1,0,6,2,6,40,3,1,1,5,4,6,6,4,4,10,5,5,2,16,2,9,5,4,C03,7,7,1,10,2,13,,40,40,1,13,4,120.5879,24.174374,2
4876,66000,387130000C,(04)23274275,(04)23288582,2025,2,13,14,39,臺中市,沙鹿區,0,0,0,6,,,30,,,,,,,,,,,,,,,,,,,B03,,,1,,2,,,15,15,1,13,4,120.561477,24.245326,3
4877,66000,387130000C,(04)23274275,(04)23288582,2025,2,13,14,44,臺中市,北屯區,0,2,0,6,3,6,50,4,2,1,5,4,6,6,2,1,1,4,5,2,13,2,9,2,1,C03,7,9,1,10,2,11,12,7,7,1,12,4,120.687678,24.171873,2
4878,66000,387130000C,(04)23274275,(04)23288582,2025,2,13,14,45,臺中市,清水區,0,0,0,7,,,60,,,,,,,,,,,,,,,,,,,B03,,,1,,1,,,58,58,1,12,4,120.542517,24.264893,3
4879,66000,387130000C,(04)23274275,(04)23288582,2025,2,13,14,48,臺中市,北區,0,1,0,5,3,6,50,4,1,1,4,4,6,6,1,1,1,2,5,2,13,2,9,2,1,C02,7,9,1,9,2,11,,7,7,1,13,4,120.692213,24.161399,2
4880,66000,387130000C,(04)23274275,(04)23288582,2025,2,13,14,48,臺中市,南區,0,0,0,7,,,30,,,,,,,,,,,,,,14,,,,,B12,,,1,,9,,,49,49,1,12,4,120.648965,24.117635,4
4881,66000,387130000C,(04)23274275,(04)23288582,2025,2,13,14,50,臺中市,東勢區,0,1,0,5,1,6,15,13,9,1,4,4,6,6,4,4,10,5,5,2,18,2,7,5,4,C03,7,9,1,10,1,11,,84,84,1,12,4,120.827208,24.259989,2
4882,66000,387130000C,(04)23274275,(04)23288582,2025,2,13,14,54,臺中市,潭子區,0,0,0,7,,,50,,,,,,,,,,,,,,,,,,,B03,,,1,,2,,,40,40,1,13,4,120.691085,24.215388,3
4883,66000,387130000C,(04)23274275,(04)23288582,2025,2,13,14,55,臺中市,西屯區,0,0,0,5,,,50,,,,,,,,,,,,,,14,,,,,B03,,,1,,1,,,49,49,1,12,4,120.655558,24.199953,3
4884,66000,387130000C,(04)23274275,(04)23288582,2025,2,13,14,57,臺中市,潭子區,0,1,0,7,2,6,60,4,8,1,5,4,6,6,2,1,1,4,4,1,18,2,8,2,1,C03,7,9,1,10,2,12,,59,59,1,13,4,120.705082,24.215888,2
4885,66000,387130000C,(04)23274275,(04)23288582,2025,2,13,15,0,臺中市,西區,0,1,0,7,3,6,50,4,1,1,4,4,6,6,1,1,10,5,5,2,17,3,10,3,1,B12,7,6,1,8,2,16,,11,11,1,12,4,120.67358,24.140607,2
4886,66000,387130000C,(04)23274275,(04)23288582,2025,2,13,15,2,臺中市,北區,0,0,0,7,,,50,,,,,,,,,,,,,,14,,,,,B03,,,1,,1,,,49,49,1,13,4,120.686442,24.156051,3
4887,66000,387130000C,(04)23274275,(04)23288582,2025,2,13,15,3,臺中市,北區,0,0,0,7,,,50,,,,,,,,,,,,,,13,,,,,B03,,,1,,1,,,59,59,1,12,4,120.686662,24.16309,3
4888,66000,387130000C,(04)23274275,(04)23288582,2025,2,13,15,14,臺中市,霧峰區,0,0,0,7,,,50,,,,,,,,,,,,,,17,,,,,B03,,,1,,1,,,49,49,1,6,4,120.688529,24.043415,3
4889,66000,387130000C,(04)23274275,(04)23288582,2025,2,13,15,15,臺中市,南屯區,0,0,0,7,,,50,,,,,,,,,,,,,,,,,,,A04,,,1,,10,,,8,8,1,12,4,120.635213,24.151303,3
4890,66000,387130000C,(04)23274275,(04)23288582,2025,2,13,15,16,臺中市,中區,0,0,0,7,,,50,,,,,,,,,,,,,,,,,,,B03,,,1,8,1,,,35,35,1,13,4,120.681386,24.140824,3
4891,66000,387130000C,(04)23274275,(04)23288582,2025,2,13,15,23,臺中市,霧峰區,0,0,0,7,,,30,,,,,,,,,,,,,,,,,,,B12,,,1,,2,,,84,84,1,13,4,120.701566,24.010434,3
4892,66000,387130000C,(04)23274275,(04)23288582,2025,2,13,15,30,臺中市,霧峰區,0,0,0,7,,,40,,,,,,,,,,,,,,12,,,,,B03,,,1,,2,,,50,50,1,13,4,120.683908,24.065403,3
4893,66000,387130000C,(04)23274275,(04)23288582,2025,2,13,15,31,臺中市,大里區,0,1,0,6,3,6,50,11,18,1,4,4,6,6,4,4,10,5,5,2,13,3,10,3,1,B03,7,9,1,8,2,8,,84,84,1,12,4,120.691209,24.100905,2
4894,66000,387130000C,(04)23274275,(04)23288582,2025,2,13,15,40,臺中市,西屯區,0,0,0,7,,,50,,,,,,,,,,,,,,13,,,,,A04,,,1,,1,,,84,84,1,12,4,120.647626,24.196701,3
4895,66000,387130000C,(04)23274275,(04)23288582,2025,2,13,15,42,臺中市,南區,0,0,0,7,,,30,,,,,,,,,,,,,,17,,,,,,,,,,,,,119,119,1,,,120.648911,24.117501,3
4896,66000,387130000C,(04)23274275,(04)23288582,2025,2,13,15,42,臺中市,梧棲區,0,2,0,7,3,6,50,3,1,1,5,4,6,6,4,4,10,5,5,2,16,2,8,1,1,F03,7,6,7,21,2,12,,20,20,1,6,4,120.521442,24.237533,2
4897,66000,387130000C,(04)23274275,(04)23288582,2025,2,13,15,49,臺中市,大里區,0,1,0,6,2,6,50,13,9,1,4,4,6,6,4,4,9,4,5,1,12,3,10,3,1,B03,7,5,1,8,2,2,,20,20,1,12,4,120.679305,24.113624,2
4898,66000,387130000C,(04)23274275,(04)23288582,2025,2,13,15,53,臺中市,大里區,0,0,0,6,2,6,50,13,9,1,4,4,6,6,4,4,5,4,5,1,13,,,,,C03,,,1,,2,,,84,84,1,13,4,120.689802,24.114559,3
4899,66000,387130000C,(04)23274275,(04)23288582,2025,2,13,15,55,臺中市,南區,0,0,0,7,,,50,,,,,,,,,,,,,,,,,,,B03,,,1,,2,,,40,40,1,13,4,120.679296,24.119524,3
4900,66000,387130000C,(04)23274275,(04)23288582,2025,2,13,16,2,臺中市,南區,0,0,0,7,,,50,,,,,,,,,,,,,,12,,,,,C03,,,1,,2,,,65,65,1,12,4,120.677326,24.132087,3
4901,66000,387130000C,(04)23274275,(04)23288582,2025,2,13,16,3,臺中市,大肚區,0,0,0,7,,,30,,,,,,,,,,,,,,14,,,,,B12,,,1,,1,,,49,49,1,6,4,120.570495,24.124359,3
4902,66000,387130000C,(04)23274275,(04)23288582,2025,2,13,16,9,臺中市,西屯區,0,0,0,7,,,50,,,,,,,,,,,,,,13,,,,,C04,,,1,,1,,,7,7,1,12,4,120.636477,24.159709,4
4903,66000,387130000C,(04)23274275,(04)23288582,2025,2,13,16,9,臺中市,沙鹿區,0,1,0,7,3,6,50,4,1,1,5,4,6,6,4,4,10,5,5,2,15,3,10,3,1,B03,7,9,1,8,2,1,,15,15,1,6,4,120.572395,24.225181,2
4904,66000,387130000C,(04)23274275,(04)23288582,2025,2,13,16,10,臺中市,西區,0,0,0,6,,,50,,,,,,,,,,,,,,17,,,,,B03,,,1,,2,,,84,84,1,12,4,120.658229,24.151426,3
4905,66000,387130000C,(04)23274275,(04)23288582,2025,2,13,16,10,臺中市,北區,0,0,0,7,,,50,,,,,,,,,,,,,,17,,,,,B03,,,1,,9,,,8,8,1,13,4,120.684895,24.151043,3
4906,66000,387130000C,(04)23274275,(04)23288582,2025,2,13,16,10,臺中市,北屯區,0,0,0,7,,,50,,,,,,,,,,,,,,17,,,,,,,,,,,,,85,85,1,,4,120.690064,24.176465,3
4907,66000,387130000C,(04)23274275,(04)23288582,2025,2,13,16,12,臺中市,西屯區,0,0,0,7,,,50,,,,,,,,,,,,,,13,,,,,C03,,,1,,1,,,7,7,1,12,4,120.63244,24.182865,3
4908,66000,387130000C,(04)23274275,(04)23288582,2025,2,13,16,15,臺中市,北區,0,0,0,7,,,50,,,,,,,,,,,,,,,,,,,C03,,,1,,2,,,84,84,1,13,4,120.686449,24.154337,4
4909,66000,387130000C,(04)23274275,(04)23288582,2025,2,13,16,15,臺中市,豐原區,0,0,0,7,,,60,,,,,,,,,,,,,,13,,,,,A32,,,1,,2,,,59,59,1,13,4,120.722325,24.279755,3
4910,66000,387130000C,(04)23274275,(04)23288582,2025,2,13,16,20,臺中市,南屯區,0,0,0,6,,,,,,,,,,,,,,,,,17,,,,,,,,,,,,,85,85,1,,,120.640626,24.142117,4
4911,66000,387130000C,(04)23274275,(04)23288582,2025,2,13,16,23,臺中市,梧棲區,0,1,0,7,2,6,50,4,1,1,5,4,6,6,2,1,10,5,5,2,15,2,9,2,1,C03,7,9,1,10,2,12,,21,21,1,6,4,120.534714,24.246321,2
4912,66000,387130000C,(04)23274275,(04)23288582,2025,2,13,16,25,臺中市,東區,0,0,0,7,,,50,,,,,,,,,,,,,,17,,,,,B13,,,1,,2,,,7,7,1,6,4,120.695224,24.149775,3
4913,66000,387130000C,(04)23274275,(04)23288582,2025,2,13,16,28,臺中市,西屯區,0,0,0,7,,,,,,,,,,,,,,,,,17,,,,,,,,,,,,,119,119,1,,,120.643127,24.175484,3
4914,66000,387130000C,(04)23274275,(04)23288582,2025,2,13,16,30,臺中市,豐原區,0,2,0,6,2,6,50,4,1,1,5,4,6,6,1,1,5,5,5,1,12,2,8,5,4,C03,7,9,1,10,2,12,,85,85,1,13,4,120.733306,24.251486,2
4915,66000,387130000C,(04)23274275,(04)23288582,2025,2,13,16,32,臺中市,西屯區,0,0,0,7,,,40,,,,,,,,,,,,,,14,,,,,B03,,,1,,1,,,49,49,1,13,4,120.635562,24.167427,3
4916,66000,387130000C,(04)23274275,(04)23288582,2025,2,13,16,33,臺中市,太平區,0,0,0,7,2,6,50,,,,,,,,,,,,,,,,,,,B03,,,1,,1,1,,7,7,1,12,4,120.713332,24.159392,3
4917,66000,387130000C,(04)23274275,(04)23288582,2025,2,13,16,37,臺中市,大雅區,0,0,0,7,,,50,,,,,,,,,,,,,,12,,,,,B03,,,1,,1,,,8,8,1,13,4,120.647069,24.226262,3
4918,66000,387130000C,(04)23274275,(04)23288582,2025,2,13,16,37,臺中市,西屯區,0,0,0,7,,,50,,,,,,,,,,,,,,13,,,,,C03,,,1,,1,,,7,7,1,12,4,120.644716,24.170683,3
4919,66000,387130000C,(04)23274275,(04)23288582,2025,2,13,16,38,臺中市,沙鹿區,0,0,0,7,,,50,,,,,,,,,,,,,,,,,,,C03,,,1,,2,,,7,7,1,13,4,120.554156,24.226061,3
4920,66000,387130000C,(04)23274275,(04)23288582,2025,2,13,16,40,臺中市,太平區,0,0,0,6,,,40,,,,,,,,,,,,,,17,,,,,C03,,,1,,2,,,58,58,1,6,4,120.702327,24.147991,3
4921,66000,387130000C,(04)23274275,(04)23288582,2025,2,13,16,45,臺中市,東區,0,1,0,7,3,6,50,5,1,1,5,4,6,6,1,1,10,5,5,2,16,3,10,5,4,B03,7,5,1,8,2,2,,11,11,1,12,4,120.693867,24.133432,2
4922,66000,387130000C,(04)23274275,(04)23288582,2025,2,13,16,46,臺中市,西屯區,0,0,0,7,,,30,,,,,,,,,,,,,,24,,,,,B03,,,1,,3,,,84,84,1,12,4,120.607177,24.188465,3
4923,66000,387130000C,(04)23274275,(04)23288582,2025,2,13,16,51,臺中市,西區,0,2,0,7,2,6,50,4,7,1,5,4,6,6,2,1,10,5,5,2,13,2,9,1,1,C03,7,9,1,10,2,11,,7,7,1,6,4,120.658839,24.140149,2
4924,66000,387130000C,(04)23274275,(04)23288582,2025,2,13,16,54,臺中市,南屯區,0,0,0,6,,,50,,,,,,,,,,,,,,,,,,,B03,,,1,,1,,,84,84,1,13,4,120.597872,24.155393,3
4925,66000,387130000C,(04)23274275,(04)23288582,2025,2,13,16,57,臺中市,烏日區,0,0,0,6,2,6,50,,8,1,4,4,6,6,4,4,5,4,4,2,14,3,10,3,1,B03,7,2,1,8,1,6,,49,49,1,6,4,120.63439,24.105499,3