序號,縣市別代碼,機關代碼,市話,傳真,年,月,日,時,分,縣市,區,死亡數量,受傷數量,2-30,天候,道路照明設備,道路類別,道路速限,道路型態,事故位置,路面鋪裝,路面狀態,路面缺陷,障礙物,視距,號誌種類,號誌動作,分向設施,快車道或一般車道間,快慢車道間,路面邊線,事故類型及型態,受傷程度,主要傷處,保護裝備,行動電話或功能裝置,當事者區分(類別),車輛用途,當事者行動狀態,駕照狀態,駕照種類,飲酒情形,車輛撞擊部位最初,車輛撞擊部位其他,肇事因素個別,肇事因素主要,肇事逃逸,職業,共享經濟或外送平台,GPS座標X,GPS座標Y,事故類別
4926,66000,387130000C,(04)23274275,(04)23288582,2025,2,13,17,3,臺中市,后里區,0,0,0,7,,,40,,,,,,,,,,,,,,17,,,,,C03,,,1,,2,,,8,8,1,12,4,120.725304,24.309225,4
4927,66000,387130000C,(04)23274275,(04)23288582,2025,2,13,17,4,臺中市,烏日區,0,0,0,7,,,30,,,,,,,,,,,,,,12,,,,,C03,,,1,,1,,,59,59,1,13,4,120.607166,24.120388,3
4928,66000,387130000C,(04)23274275,(04)23288582,2025,2,13,17,5,臺中市,沙鹿區,0,0,0,7,2,6,50,3,1,1,5,4,6,6,1,1,10,5,5,2,13,3,10,2,1,C03,7,9,3,19,8,11,,7,7,1,6,4,120.579565,24.221673,3
4929,66000,387130000C,(04)23274275,(04)23288582,2025,2,13,17,9,臺中市,北屯區,0,2,0,7,3,6,50,4,2,1,5,4,6,6,1,1,3,4,5,2,17,2,9,1,1,C03,7,9,1,10,1,11,,59,59,1,12,4,120.697745,24.170349,2
4930,66000,387130000C,(04)23274275,(04)23288582,2025,2,13,17,10,臺中市,西屯區,0,1,0,7,2,6,50,13,9,1,5,4,6,6,4,4,3,4,5,2,12,3,10,5,1,C03,7,9,1,10,1,14,,8,8,1,12,4,120.651565,24.166057,2
4931,66000,387130000C,(04)23274275,(04)23288582,2025,2,13,17,12,臺中市,龍井區,0,1,0,6,2,6,50,13,9,1,5,4,6,6,4,4,9,5,5,1,16,3,10,3,1,B12,7,6,1,8,2,6,,39,39,1,6,4,120.582714,24.178092,2
4932,66000,387130000C,(04)23274275,(04)23288582,2025,2,13,17,14,臺中市,西屯區,0,2,0,7,1,6,30,3,1,1,5,4,6,6,4,4,10,5,5,1,16,2,9,1,1,C03,7,6,1,10,2,12,,14,14,1,12,4,120.615385,24.185426,2
4933,66000,387130000C,(04)23274275,(04)23288582,2025,2,13,17,15,臺中市,潭子區,0,0,0,7,,,40,,,,,,,,,,,,,,1,,,,,B03,,,1,,2,,,8,8,1,12,4,120.698294,24.205309,3
4934,66000,387130000C,(04)23274275,(04)23288582,2025,2,13,17,17,臺中市,北區,0,0,0,7,,,50,,,,,,,,,,,,,,12,,,,,B03,,,1,,2,,,51,51,1,13,4,120.677808,24.16499,3
4935,66000,387130000C,(04)23274275,(04)23288582,2025,2,13,17,17,臺中市,北屯區,0,0,0,5,,,50,,,,,,,,,,,,,,13,,,,,B03,,,1,,1,,,84,84,1,13,4,120.670779,24.178713,3
4936,66000,387130000C,(04)23274275,(04)23288582,2025,2,13,17,20,臺中市,西區,0,0,0,7,,,40,,,,,,,,,,,,,,17,,,,,B03,,,1,,1,,,84,84,1,12,4,120.6593,24.133508,3
4937,66000,387130000C,(04)23274275,(04)23288582,2025,2,13,17,22,臺中市,潭子區,0,1,0,7,3,6,50,3,1,1,5,4,6,6,1,1,5,4,4,2,17,3,10,3,1,B03,7,6,1,8,2,1,,11,11,1,13,4,120.678509,24.203652,2
4938,66000,387130000C,(04)23274275,(04)23288582,2025,2,13,17,25,臺中市,北區,0,0,0,7,,,50,,,,,,,,,,,,,,13,,,,,B03,,,1,,2,,,59,59,1,12,4,120.675376,24.161182,3
4939,66000,387130000C,(04)23274275,(04)23288582,2025,2,13,17,26,臺中市,北屯區,0,0,0,7,,,40,,,,,,,,,,,,,,12,,,,,B03,,,1,,1,,,8,8,1,12,4,120.66548,24.183323,3
4940,66000,387130000C,(04)23274275,(04)23288582,2025,2,13,17,26,臺中市,太平區,0,1,0,7,1,6,50,4,1,1,5,4,6,6,1,1,10,5,5,2,16,3,10,1,1,C03,7,9,1,10,2,11,,39,39,1,12,4,120.71711,24.124086,2
4941,66000,387130000C,(04)23274275,(04)23288582,2025,2,13,17,27,臺中市,北區,0,1,0,7,2,6,50,4,1,1,5,4,6,6,1,1,10,5,5,2,16,3,10,6,1,F01,7,6,7,21,2,12,,23,23,1,13,4,120.682561,24.15337,2
4942,66000,387130000C,(04)23274275,(04)23288582,2025,2,13,17,27,臺中市,北區,0,0,0,7,,,50,,,,,,,,,,,,,,,,,,,C03,,,1,,2,,,84,84,1,13,4,120.676992,24.164628,4
4943,66000,387130000C,(04)23274275,(04)23288582,2025,2,13,17,27,臺中市,梧棲區,0,0,0,5,,,30,,,,,,,,,,,,,,17,,,,,B03,,,1,,1,,,59,59,1,6,4,120.5547,24.24446,3
4944,66000,387130000C,(04)23274275,(04)23288582,2025,2,13,17,28,臺中市,北屯區,0,0,0,7,,,50,,,,,,,,,,,,,,12,,,,,B03,,,1,,1,,,40,40,1,6,4,120.72149,24.182663,3
4945,66000,387130000C,(04)23274275,(04)23288582,2025,2,13,17,29,臺中市,大甲區,0,3,0,6,3,6,30,3,1,1,5,4,6,6,4,4,10,5,5,2,16,2,3,3,1,B03,7,5,1,8,2,8,,14,14,1,6,4,120.620588,24.337604,2
4946,66000,387130000C,(04)23274275,(04)23288582,2025,2,13,17,30,臺中市,西屯區,0,0,0,7,,,50,,,,,,,,,,,,,,13,,,,,B03,,,5,,1,,,7,7,1,13,4,120.655588,24.176029,3
4947,66000,387130000C,(04)23274275,(04)23288582,2025,2,13,17,30,臺中市,霧峰區,0,1,0,7,2,6,40,13,9,1,5,4,6,6,4,4,9,5,5,1,16,3,10,3,1,B03,7,6,1,8,2,1,,20,20,1,13,4,120.674165,24.063142,2
4948,66000,387130000C,(04)23274275,(04)23288582,2025,2,13,17,30,臺中市,烏日區,0,0,0,7,,,40,,,,,,,,,,,,,,17,,,,,B03,,,1,,1,,,14,14,1,6,4,120.647345,24.109917,3
4949,66000,387130000C,(04)23274275,(04)23288582,2025,2,13,17,31,臺中市,霧峰區,0,0,0,7,,,50,,,,,,,,,,,,,,17,,,,,B03,,,1,,1,,,7,7,1,6,4,120.694822,24.061304,3
4950,66000,387130000C,(04)23274275,(04)23288582,2025,2,13,17,33,臺中市,太平區,0,0,0,7,,,50,,,,,,,,,,,,,,13,,,,,C03,,,1,,1,,,7,7,1,6,4,120.71703,24.131742,3
4951,66000,387130000C,(04)23274275,(04)23288582,2025,2,13,17,33,臺中市,石岡區,0,0,0,7,,,70,,,,,,,,,,,,,,,,,,,C03,,,1,,1,,,7,7,1,12,4,120.815204,24.260821,3
4952,66000,387130000C,(04)23274275,(04)23288582,2025,2,13,17,35,臺中市,西區,0,1,0,7,3,6,0,18,21,4,5,4,6,6,4,4,10,5,5,2,17,2,9,2,1,C03,7,9,1,10,1,14,,84,84,1,12,4,120.66587,24.153473,2
4953,66000,387130000C,(04)23274275,(04)23288582,2025,2,13,17,36,臺中市,北屯區,0,2,0,7,2,6,30,4,1,1,5,4,6,6,4,4,10,5,5,2,17,2,9,1,1,C03,7,9,1,10,2,11,,15,15,1,12,4,120.695246,24.161897,2
4954,66000,387130000C,(04)23274275,(04)23288582,2025,2,13,17,37,臺中市,南屯區,0,1,0,7,2,6,50,3,1,1,5,4,6,6,4,4,10,5,5,2,13,2,8,1,1,C03,7,9,1,10,2,11,,7,7,1,6,4,120.615066,24.14662,2
4955,66000,387130000C,(04)23274275,(04)23288582,2025,2,13,17,39,臺中市,南屯區,0,0,0,7,,,50,,,,,,,,,,,,,,,,,,,B03,,,1,,2,,,49,49,1,12,4,120.651976,24.144503,3
4956,66000,387130000C,(04)23274275,(04)23288582,2025,2,13,17,41,臺中市,西屯區,0,1,0,7,1,6,50,5,1,1,5,4,6,6,1,1,4,3,5,2,16,3,10,5,4,B03,7,6,1,9,2,5,,11,11,1,13,4,120.60449,24.173645,2
4957,66000,387130000C,(04)23274275,(04)23288582,2025,2,13,17,44,臺中市,南區,0,0,0,7,,,50,,,,,,,,,,,,,,13,,,,,B03,,,1,,2,,,87,87,1,13,4,120.665178,24.113689,3
4958,66000,387130000C,(04)23274275,(04)23288582,2025,2,13,17,45,臺中市,南屯區,0,1,0,6,1,6,30,13,9,1,4,4,6,6,4,4,9,5,5,2,17,2,8,2,1,C03,7,5,1,10,2,12,,59,59,1,13,4,120.636453,24.119198,2
4959,66000,387130000C,(04)23274275,(04)23288582,2025,2,13,17,45,臺中市,豐原區,0,0,0,7,,,50,,,,,,,,,,,,,,17,,,,,B03,,,1,,1,,,8,8,2,6,4,120.705004,24.254848,3
4960,66000,387130000C,(04)23274275,(04)23288582,2025,2,13,17,49,臺中市,西區,0,1,0,7,1,6,50,4,2,1,5,4,6,6,1,1,1,4,5,2,17,3,10,3,1,B03,7,14,1,8,2,6,,87,87,1,12,4,120.654022,24.150893,2
4961,66000,387130000C,(04)23274275,(04)23288582,2025,2,13,17,49,臺中市,豐原區,0,0,0,7,,,50,,,,,,,,,,,,,,17,,,,,C03,,,1,,2,,,51,51,1,12,4,120.727791,24.251043,3
4962,66000,387130000C,(04)23274275,(04)23288582,2025,2,13,17,50,臺中市,大里區,0,0,0,7,,,50,,,,,,,,,,,,,,13,,,,,B03,,,1,,2,,,84,84,1,13,4,120.691857,24.09151,3
4963,66000,387130000C,(04)23274275,(04)23288582,2025,2,13,17,55,臺中市,北屯區,0,2,0,7,3,6,50,4,1,1,5,4,6,6,4,4,10,5,5,2,17,2,9,4,1,F01,7,9,7,21,1,11,,84,84,1,12,4,120.702204,24.170638,2
4964,66000,387130000C,(04)23274275,(04)23288582,2025,2,13,17,57,臺中市,北區,0,0,0,7,,,50,,,,,,,,,,,,,,11,,,,,B03,,,1,,1,,,84,84,1,13,4,120.672207,24.16678,3
4965,66000,387130000C,(04)23274275,(04)23288582,2025,2,13,17,58,臺中市,霧峰區,0,0,0,7,,,50,,,,,,,,,,,,,,,,,,,B03,,,1,,2,,,7,7,1,6,4,120.691876,24.071738,3
4966,66000,387130000C,(04)23274275,(04)23288582,2025,2,13,17,58,臺中市,太平區,0,1,0,7,1,6,50,13,9,1,5,4,6,6,4,4,9,5,5,2,17,3,10,1,1,C03,7,9,1,10,2,14,,59,59,1,12,4,120.725073,24.108305,2
4967,66000,387130000C,(04)23274275,(04)23288582,2025,2,13,17,59,臺中市,西屯區,0,2,0,7,1,6,50,13,9,1,5,4,6,6,4,4,10,5,5,2,13,2,9,1,1,C03,7,9,1,10,2,11,,7,7,1,12,4,120.621826,24.183598,2
4968,66000,387130000C,(04)23274275,(04)23288582,2025,2,13,18,0,臺中市,大甲區,0,1,0,7,1,6,50,3,1,1,5,4,6,6,4,4,5,5,4,1,16,3,10,3,1,B03,7,6,1,8,2,5,,14,14,1,12,4,120.653761,24.390498,2
4969,66000,387130000C,(04)23274275,(04)23288582,2025,2,13,18,4,臺中市,潭子區,0,0,0,7,,,50,,,,,,,,,,,,,,,,,,,B03,,,1,,2,,,8,8,1,13,4,120.709561,24.200833,3
4970,66000,387130000C,(04)23274275,(04)23288582,2025,2,13,18,4,臺中市,烏日區,0,0,0,7,,,50,,,,,,,,,,,,,,,,,,,B13,,,1,,1,,,40,40,1,6,4,120.61824,24.116108,3
4971,66000,387130000C,(04)23274275,(04)23288582,2025,2,13,18,7,臺中市,西區,0,1,0,7,1,6,50,4,1,1,5,4,6,6,4,4,10,5,5,2,15,2,9,1,1,C03,7,9,1,10,2,11,,15,15,1,6,4,120.660183,24.13797,2
4972,66000,387130000C,(04)23274275,(04)23288582,2025,2,13,18,7,臺中市,西屯區,0,1,0,7,1,6,50,4,1,1,5,4,6,6,1,1,5,4,5,2,13,3,10,2,1,C03,7,9,1,10,2,11,,7,7,1,12,4,120.635358,24.176122,2
4973,66000,387130000C,(04)23274275,(04)23288582,2025,2,13,18,8,臺中市,西屯區,0,2,0,7,1,6,30,4,1,1,5,4,6,6,4,4,10,5,5,2,15,2,9,5,1,C03,7,9,1,10,2,12,,15,15,1,12,4,120.6559,24.167819,2
4974,66000,387130000C,(04)23274275,(04)23288582,2025,2,13,18,11,臺中市,北區,0,0,0,7,,,50,,,,,,,,,,,,,,16,,,,,C03,,,1,,1,,,11,11,1,12,4,120.669174,24.159197,3
4975,66000,387130000C,(04)23274275,(04)23288582,2025,2,13,18,12,臺中市,北屯區,0,1,0,7,2,6,50,4,1,1,5,4,6,6,4,4,4,3,5,2,15,2,9,2,1,C03,7,9,1,10,2,12,14,15,15,1,13,4,120.708619,24.168008,2
4976,66000,387130000C,(04)23274275,(04)23288582,2025,2,13,18,12,臺中市,梧棲區,0,1,0,7,1,6,50,13,9,1,5,4,6,6,4,4,5,5,5,2,18,2,9,1,1,C03,7,9,1,10,2,16,,84,84,1,6,4,120.542718,24.245967,2
4977,66000,387130000C,(04)23274275,(04)23288582,2025,2,13,18,14,臺中市,北區,0,0,0,7,,,50,,,,,,,,,,,,,,,,,,,C03,,,1,,2,,,84,84,1,13,4,120.671713,24.173204,3
4978,66000,387130000C,(04)23274275,(04)23288582,2025,2,13,18,15,臺中市,太平區,0,0,0,7,,,50,,,,,,,,,,,,,,13,,,,,B03,,,1,,2,,,7,7,1,6,4,120.717666,24.131388,3
4979,66000,387130000C,(04)23274275,(04)23288582,2025,2,13,18,15,臺中市,梧棲區,0,2,0,7,1,6,60,4,1,1,5,4,6,6,1,1,10,5,5,2,13,2,8,3,1,B03,7,9,1,8,2,8,,59,59,1,6,4,120.524916,24.223095,2
4980,66000,387130000C,(04)23274275,(04)23288582,2025,2,13,18,19,臺中市,南屯區,0,0,0,7,,,50,,,,,,,,,,,,,,13,,,,,C03,,,1,,1,,,7,7,1,13,4,120.65458,24.14012,3
4981,66000,387130000C,(04)23274275,(04)23288582,2025,2,13,18,20,臺中市,潭子區,0,1,0,7,1,6,60,13,8,1,5,4,6,6,4,4,1,4,4,1,13,3,10,2,1,C03,7,9,1,10,2,11,,7,7,1,13,4,120.705168,24.213729,2
4982,66000,387130000C,(04)23274275,(04)23288582,2025,2,13,18,20,臺中市,南屯區,0,1,0,7,1,6,50,4,1,1,5,4,6,6,2,1,10,5,5,2,13,2,9,1,1,C03,7,9,1,10,2,11,,7,7,1,6,4,120.623497,24.149515,2
4983,66000,387130000C,(04)23274275,(04)23288582,2025,2,13,18,20,臺中市,南屯區,0,0,0,7,,,50,,,,,,,,,,,,,,,,,,,B03,,,1,,1,,,7,7,1,6,4,120.616286,24.146186,3
4984,66000,387130000C,(04)23274275,(04)23288582,2025,2,13,18,20,臺中市,北屯區,0,0,0,7,,,50,,,,,,,,,,,,,,9,,,,,C03,,,1,10,1,,,84,84,1,12,4,120.709918,24.180116,3
4985,66000,387130000C,(04)23274275,(04)23288582,2025,2,13,18,22,臺中市,潭子區,0,0,0,7,,,80,,,,,,,,,,,,,,17,,,,,B03,,,1,,2,,,40,40,1,12,4,120.716623,24.198559,3
4986,66000,387130000C,(04)23274275,(04)23288582,2025,2,13,18,26,臺中市,烏日區,0,0,0,7,1,6,50,13,9,1,5,4,6,6,4,4,1,4,5,2,12,3,10,3,1,B03,7,7,1,8,1,5,,65,65,1,6,4,120.611586,24.112625,3
4987,66000,387130000C,(04)23274275,(04)23288582,2025,2,13,18,28,臺中市,北屯區,0,0,0,7,,,50,,,,,,,,,,,,,,13,,,,,C03,,,1,,1,,,7,7,1,12,4,120.696877,24.167439,3
4988,66000,387130000C,(04)23274275,(04)23288582,2025,2,13,18,28,臺中市,大里區,0,3,0,6,1,6,50,4,1,1,5,4,3,6,1,1,10,5,5,2,10,2,9,1,1,C03,7,9,1,10,2,11,,84,84,1,12,4,120.687381,24.102225,2
4989,66000,387130000C,(04)23274275,(04)23288582,2025,2,13,18,30,臺中市,中區,0,0,0,7,,,50,,,,,,,,,,,,,,17,,,,,B03,,,1,,1,,,7,7,1,12,4,120.676834,24.145462,3
4990,66000,387130000C,(04)23274275,(04)23288582,2025,2,13,18,30,臺中市,西區,0,1,0,7,1,6,40,3,1,1,5,4,6,6,1,1,10,5,5,2,17,3,10,1,1,C03,7,9,1,10,2,16,,75,75,1,12,4,120.661472,24.160139,2
4991,66000,387130000C,(04)23274275,(04)23288582,2025,2,13,18,31,臺中市,沙鹿區,0,1,0,7,1,6,50,4,1,1,5,4,6,6,4,4,10,5,5,2,15,3,10,3,1,B03,7,9,1,8,2,6,,12,12,1,6,4,120.572558,24.211313,2
4992,66000,387130000C,(04)23274275,(04)23288582,2025,2,13,18,39,臺中市,大雅區,1,0,0,6,1,8,30,13,13,1,5,4,6,6,4,4,9,5,5,1,26,1,9,5,4,F03,7,9,7,21,8,11,,53,53,1,12,4,120.626904,24.237681,1
4993,66000,387130000C,(04)23274275,(04)23288582,2025,2,13,18,43,臺中市,烏日區,0,1,0,5,1,6,30,13,9,1,4,4,6,6,4,4,10,5,5,1,19,2,9,5,4,C03,7,9,1,10,2,12,,59,59,1,13,4,120.65733,24.098951,2
4994,66000,387130000C,(04)23274275,(04)23288582,2025,2,13,18,45,臺中市,北屯區,0,0,0,7,,,50,,,,,,,,,,,,,,14,,,,,B03,,,1,,1,,,49,49,1,12,4,120.719531,24.177533,3
4995,66000,387130000C,(04)23274275,(04)23288582,2025,2,13,18,48,臺中市,大甲區,0,1,0,7,1,6,50,13,8,1,5,4,6,6,4,4,5,4,4,1,17,2,1,3,1,B03,7,9,1,8,2,5,,59,59,1,6,4,120.628954,24.344191,2
4996,66000,387130000C,(04)23274275,(04)23288582,2025,2,13,18,48,臺中市,豐原區,0,1,0,7,1,6,50,13,8,1,5,4,6,6,4,4,1,4,4,1,17,3,10,5,1,B12,7,13,1,7,1,7,,77,77,1,12,4,120.74709,24.266099,2
4997,66000,387130000C,(04)23274275,(04)23288582,2025,2,13,18,50,臺中市,東區,0,0,0,7,,,40,,,,,,,,,,,,,,17,,,,,B03,,,1,,2,,,51,51,1,12,4,120.704868,24.138006,3
4998,66000,387130000C,(04)23274275,(04)23288582,2025,2,13,18,50,臺中市,烏日區,0,0,0,7,,,70,,,,,,,,,,,,,,17,,,,,B03,,,1,,1,,,39,39,1,6,4,120.611197,24.10757,3
4999,66000,387130000C,(04)23274275,(04)23288582,2025,2,13,18,51,臺中市,南屯區,0,0,0,7,,,50,,,,,,,,,,,,,,,,,,,A11,,,1,,1,,,84,84,1,12,4,120.612183,24.154592,3
5000,66000,387130000C,(04)23274275,(04)23288582,2025,2,13,18,52,臺中市,霧峰區,0,1,0,7,1,6,50,3,1,1,5,4,6,6,3,1,4,3,5,1,17,2,9,2,1,C03,7,9,1,10,2,11,,7,7,1,6,4,120.677316,24.064405,2
5001,66000,387130000C,(04)23274275,(04)23288582,2025,2,13,18,56,臺中市,北屯區,0,0,0,7,,,50,,,,,,,,,,,,,,13,,,,,B01,,,1,,9,,,7,7,1,12,4,120.704567,24.186493,3
5002,66000,387130000C,(04)23274275,(04)23288582,2025,2,13,19,0,臺中市,大甲區,0,0,0,7,,,40,,,,,,,,,,,,,,12,,,,,B03,,,1,,1,,,84,84,1,12,4,120.643074,24.405875,3
5003,66000,387130000C,(04)23274275,(04)23288582,2025,2,13,19,1,臺中市,中區,0,0,0,6,1,6,50,5,1,1,5,4,6,6,2,1,10,5,5,2,12,,,,,C03,,,1,,2,,,11,11,1,13,4,120.682389,24.145813,3
5004,66000,387130000C,(04)23274275,(04)23288582,2025,2,13,19,10,臺中市,西屯區,0,0,0,7,,,40,,,,,,,,,,,,,,12,,,,,B12,,,1,,2,,,59,59,1,13,4,120.634402,24.161561,3
5005,66000,387130000C,(04)23274275,(04)23288582,2025,2,13,19,10,臺中市,西屯區,0,0,0,7,,,50,,,,,,,,,,,,,,9,,,,,B03,,,1,,9,,,8,8,1,12,4,120.63756,24.177331,3
5006,66000,387130000C,(04)23274275,(04)23288582,2025,2,13,19,11,臺中市,西屯區,0,0,0,7,,,50,,,,,,,,,,,,,,,,,,,C04,,,1,,1,,,12,12,1,12,4,120.653399,24.166257,3
5007,66000,387130000C,(04)23274275,(04)23288582,2025,2,13,19,16,臺中市,東區,0,0,0,7,,,50,,,,,,,,,,,,,,17,,,,,B03,,,1,,1,,,51,51,1,6,4,120.701967,24.140312,3
5008,66000,387130000C,(04)23274275,(04)23288582,2025,2,13,19,17,臺中市,太平區,0,1,0,7,1,6,50,13,9,1,5,4,6,6,4,4,9,5,5,2,18,2,9,2,1,C03,7,12,1,10,2,14,,84,84,1,5,2,120.711573,24.160286,2
5009,66000,387130000C,(04)23274275,(04)23288582,2025,2,13,19,19,臺中市,大肚區,0,2,0,7,2,6,70,13,8,1,5,4,6,6,4,4,10,3,4,1,16,2,4,3,1,B03,7,6,1,8,2,6,,48,48,1,12,4,120.55011,24.139343,2
5010,66000,387130000C,(04)23274275,(04)23288582,2025,2,13,19,25,臺中市,西區,0,1,0,7,1,6,50,4,1,1,5,4,6,6,1,1,10,5,5,2,16,2,9,3,1,B01,7,6,1,3,2,6,,11,11,1,12,4,120.665278,24.130946,2
5011,66000,387130000C,(04)23274275,(04)23288582,2025,2,13,19,26,臺中市,大肚區,0,0,0,7,,,50,,,,,,,,,,,,,,,,,,,B03,,,1,,1,,,84,84,1,6,4,120.559654,24.155683,3
5012,66000,387130000C,(04)23274275,(04)23288582,2025,2,13,19,29,臺中市,烏日區,0,1,0,7,1,6,50,13,9,1,5,4,6,6,4,4,1,4,5,1,13,3,10,5,4,C03,7,9,1,10,2,11,,7,7,1,12,2,120.632038,24.105593,2
5013,66000,387130000C,(04)23274275,(04)23288582,2025,2,13,19,30,臺中市,西區,0,0,0,7,,,50,,,,,,,,,,,,,,17,,,,,B03,,,1,,1,,,51,51,1,12,4,120.656062,24.139872,3
5014,66000,387130000C,(04)23274275,(04)23288582,2025,2,13,19,31,臺中市,太平區,0,1,0,6,1,6,50,13,9,1,5,4,6,6,4,4,9,5,5,2,17,2,8,2,1,C03,7,9,1,10,2,11,,55,55,1,12,4,120.701181,24.153,2
5015,66000,387130000C,(04)23274275,(04)23288582,2025,2,13,19,36,臺中市,東區,0,0,0,7,,,50,,,,,,,,,,,,,,,,,,,B03,,,1,,1,,,7,7,1,13,4,120.706118,24.129715,3
5016,66000,387130000C,(04)23274275,(04)23288582,2025,2,13,19,36,臺中市,北屯區,0,0,0,7,,,50,,,,,,,,,,,,,,17,,,,,C03,,,1,,2,,,59,59,1,12,4,120.690629,24.172802,3
5017,66000,387130000C,(04)23274275,(04)23288582,2025,2,13,19,40,臺中市,潭子區,0,2,0,6,1,6,50,4,1,1,5,4,6,6,3,1,5,4,4,2,17,2,8,3,1,B03,7,9,1,8,2,1,,24,24,1,13,4,120.703095,24.206185,2
5018,66000,387130000C,(04)23274275,(04)23288582,2025,2,13,19,40,臺中市,西區,0,2,0,7,1,6,50,4,2,1,5,4,6,6,1,1,10,5,5,2,3,2,9,1,1,C03,7,9,1,10,2,11,,21,21,1,12,4,120.665222,24.146515,2
5019,66000,387130000C,(04)23274275,(04)23288582,2025,2,13,19,43,臺中市,大里區,0,0,0,7,,,50,,,,,,,,,,,,,,,,,,,B03,,,1,,2,,,49,49,1,13,4,120.69805,24.090119,3
5020,66000,387130000C,(04)23274275,(04)23288582,2025,2,13,19,45,臺中市,大肚區,0,0,0,7,,,50,,,,,,,,,,,,,,,,,,,B03,,,1,,1,,,59,59,1,6,4,120.569753,24.121274,4
5021,66000,387130000C,(04)23274275,(04)23288582,2025,2,13,19,49,臺中市,霧峰區,0,0,0,7,,,50,,,,,,,,,,,,,,12,,,,,B12,,,1,,1,,,8,8,1,13,4,120.671291,24.043189,3
5022,66000,387130000C,(04)23274275,(04)23288582,2025,2,13,19,50,臺中市,西區,0,0,0,7,,,50,,,,,,,,,,,,,,14,,,,,B03,,,1,,1,,,49,49,1,12,4,120.662777,24.160151,3
5023,66000,387130000C,(04)23274275,(04)23288582,2025,2,13,19,53,臺中市,大雅區,0,0,0,6,,,30,,,,,,,,,,,,,,15,,,,,B03,,,1,,2,,,15,15,1,12,4,120.664817,24.232844,3
5024,66000,387130000C,(04)23274275,(04)23288582,2025,2,13,19,53,臺中市,豐原區,0,1,0,6,1,6,50,4,2,1,5,4,6,6,1,1,5,5,4,2,13,2,9,2,1,C03,7,9,1,10,2,11,,7,7,1,13,4,120.723599,24.252273,2
5025,66000,387130000C,(04)23274275,(04)23288582,2025,2,13,19,56,臺中市,西屯區,0,0,0,7,,,50,,,,,,,,,,,,,,13,,,,,B03,,,1,,1,,,59,59,1,12,4,120.632103,24.170355,3
5026,66000,387130000C,(04)23274275,(04)23288582,2025,2,13,19,59,臺中市,中區,0,1,0,6,1,6,50,13,9,1,5,4,6,6,4,4,8,3,5,2,18,2,9,1,1,C03,7,12,1,10,2,16,,85,85,1,12,4,120.681592,24.140035,2
5027,66000,387130000C,(04)23274275,(04)23288582,2025,2,13,20,0,臺中市,北屯區,0,0,0,7,,,50,,,,,,,,,,,,,,,,,,,B03,,,1,,1,,,20,20,1,12,4,120.706474,24.18131,3
5028,66000,387130000C,(04)23274275,(04)23288582,2025,2,13,20,0,臺中市,豐原區,0,0,0,7,,,60,,,,,,,,,,,,,,13,,,,,B03,,,1,,2,,,7,7,1,12,4,120.707312,24.237294,3
5029,66000,387130000C,(04)23274275,(04)23288582,2025,2,13,20,15,臺中市,西屯區,0,1,0,7,1,6,50,3,1,1,5,4,6,6,1,1,10,5,5,1,17,3,10,3,1,B03,7,6,1,8,2,2,,48,48,1,12,4,120.598711,24.173515,2
5030,66000,387130000C,(04)23274275,(04)23288582,2025,2,13,20,15,臺中市,烏日區,0,0,0,7,1,5,50,13,9,1,5,4,6,6,4,4,4,5,5,2,13,3,10,1,1,C03,7,9,1,10,1,11,,84,84,1,6,4,120.609481,24.112435,3
5031,66000,387130000C,(04)23274275,(04)23288582,2025,2,13,20,16,臺中市,西屯區,0,0,0,7,,,40,,,,,,,,,,,,,,14,,,,,B03,,,1,,2,,,49,49,1,13,4,120.641105,24.156574,3
5032,66000,387130000C,(04)23274275,(04)23288582,2025,2,13,20,17,臺中市,北區,0,1,0,7,2,6,50,3,1,1,5,4,6,6,1,1,10,5,5,2,13,4,11,1,4,C03,7,6,3,19,9,11,,7,7,1,13,4,120.688399,24.151739,2
5033,66000,387130000C,(04)23274275,(04)23288582,2025,2,13,20,20,臺中市,太平區,0,0,0,7,,,40,,,,,,,,,,,,,,,,,,,B12,,,1,,2,,,49,49,1,12,4,120.721877,24.149176,3
5034,66000,387130000C,(04)23274275,(04)23288582,2025,2,13,20,20,臺中市,沙鹿區,0,0,0,6,,,60,,,,,,,,,,,,,,9,,,,,A42,,,1,,2,,,87,87,1,12,4,120.586018,24.250111,3
5035,66000,387130000C,(04)23274275,(04)23288582,2025,2,13,20,31,臺中市,北區,0,1,0,7,1,6,50,13,9,1,5,4,6,6,4,4,10,3,5,1,13,2,9,2,1,C03,7,8,1,10,2,11,,7,7,1,13,4,120.696089,24.155042,2
5036,66000,387130000C,(04)23274275,(04)23288582,2025,2,13,20,35,臺中市,北區,0,2,0,7,1,6,40,13,8,1,5,4,6,6,4,4,1,4,4,2,13,2,9,2,1,C03,7,9,1,10,2,11,,59,59,1,12,4,120.677076,24.153659,2