序號,縣市別代碼,機關代碼,市話,傳真,年,月,日,時,分,縣市,區,死亡數量,受傷數量,2-30,天候,道路照明設備,道路類別,道路速限,道路型態,事故位置,路面鋪裝,路面狀態,路面缺陷,障礙物,視距,號誌種類,號誌動作,分向設施,快車道或一般車道間,快慢車道間,路面邊線,事故類型及型態,受傷程度,主要傷處,保護裝備,行動電話或功能裝置,當事者區分(類別),車輛用途,當事者行動狀態,駕照狀態,駕照種類,飲酒情形,車輛撞擊部位最初,車輛撞擊部位其他,肇事因素個別,肇事因素主要,肇事逃逸,職業,共享經濟或外送平台,GPS座標X,GPS座標Y,事故類別
5259,66000,387130000C,(04)23274275,(04)23288582,2025,2,14,14,18,臺中市,西屯區,0,0,0,7,,,50,,,,,,,,,,,,,,12,,,,,B03,,,1,,1,,,2,2,1,12,4,120.656774,24.200935,3
5260,66000,387130000C,(04)23274275,(04)23288582,2025,2,14,14,19,臺中市,南屯區,0,0,0,7,3,6,30,13,9,1,5,4,6,6,4,4,10,5,5,2,12,,,,,B03,,,1,,2,,,59,59,1,12,4,120.639591,24.138325,3
5261,66000,387130000C,(04)23274275,(04)23288582,2025,2,14,14,20,臺中市,南屯區,0,0,0,6,,,60,,,,,,,,,,,,,,13,,,,,B03,,,1,,1,,,84,84,1,6,4,120.611655,24.150891,3
5262,66000,387130000C,(04)23274275,(04)23288582,2025,2,14,14,20,臺中市,西屯區,0,2,0,7,2,6,50,4,1,1,5,4,6,6,2,1,10,5,5,2,16,3,10,2,4,C03,7,5,1,10,2,12,,47,47,1,12,4,120.637979,24.180788,2
5263,66000,387130000C,(04)23274275,(04)23288582,2025,2,14,14,22,臺中市,豐原區,0,1,0,7,2,6,60,13,9,1,5,4,6,6,4,4,1,4,5,2,17,3,10,5,4,B03,7,15,1,8,2,4,,76,76,1,12,4,120.727093,24.23883,2
5264,66000,387130000C,(04)23274275,(04)23288582,2025,2,14,14,23,臺中市,烏日區,0,0,0,7,2,6,30,13,9,1,5,4,6,6,4,4,10,5,5,1,11,3,10,3,1,A12,7,14,1,1,2,4,,87,87,1,6,4,120.643191,24.07293,3
5265,66000,387130000C,(04)23274275,(04)23288582,2025,2,14,14,24,臺中市,西區,0,2,0,7,2,6,50,3,1,1,5,4,6,6,4,4,5,4,4,2,16,2,9,2,1,C04,7,6,1,8,2,12,,14,14,1,12,4,120.656199,24.155447,2
5266,66000,387130000C,(04)23274275,(04)23288582,2025,2,14,14,24,臺中市,太平區,0,1,0,6,3,6,30,4,1,1,5,4,6,6,1,1,10,5,5,2,15,2,9,1,1,C03,7,9,3,19,2,12,,24,24,1,12,4,120.727626,24.150011,2
5267,66000,387130000C,(04)23274275,(04)23288582,2025,2,14,14,25,臺中市,潭子區,0,0,0,7,,,50,,,,,,,,,,,,,,,,,,,B12,,,1,,11,,,49,49,1,13,4,120.7019,24.206113,3
5268,66000,387130000C,(04)23274275,(04)23288582,2025,2,14,14,25,臺中市,豐原區,0,0,0,7,,,,,,,,,,,,,,,,,17,,,,,,,,,,,,,86,86,1,,,120.716292,24.253589,3
5269,66000,387130000C,(04)23274275,(04)23288582,2025,2,14,14,26,臺中市,太平區,0,1,0,7,2,6,50,3,1,1,5,4,6,6,4,4,10,5,5,2,17,3,10,5,4,C03,7,9,1,10,2,11,,7,7,1,5,4,120.724173,24.137491,2
5270,66000,387130000C,(04)23274275,(04)23288582,2025,2,14,14,27,臺中市,西屯區,0,0,0,7,,,50,,,,,,,,,,,,,,13,,,,,B03,,,1,,1,,,7,7,1,13,4,120.657998,24.16735,3
5271,66000,387130000C,(04)23274275,(04)23288582,2025,2,14,14,28,臺中市,豐原區,0,0,0,7,,,50,,,,,,,,,,,,,,13,,,,,B03,,,1,,1,,,59,59,1,12,4,120.715803,24.25649,3
5272,66000,387130000C,(04)23274275,(04)23288582,2025,2,14,14,29,臺中市,大雅區,0,1,0,7,1,6,50,13,9,1,5,4,6,6,4,4,5,5,5,2,18,2,9,2,1,C04,7,9,1,8,2,12,,59,59,1,12,4,120.647364,24.213207,2
5273,66000,387130000C,(04)23274275,(04)23288582,2025,2,14,14,39,臺中市,北區,0,0,0,7,,,50,,,,,,,,,,,,,,13,,,,,C03,,,1,,1,,,7,7,1,13,4,120.685572,24.153725,3
5274,66000,387130000C,(04)23274275,(04)23288582,2025,2,14,14,39,臺中市,石岡區,0,0,0,7,,,50,,,,,,,,,,,,,,2,,,,,B03,,,1,,1,,,7,7,1,12,4,120.790123,24.273371,3
5275,66000,387130000C,(04)23274275,(04)23288582,2025,2,14,14,40,臺中市,南屯區,0,2,0,7,2,6,50,13,9,1,5,4,6,6,4,4,9,5,5,2,11,3,10,3,1,B12,7,6,1,8,2,4,,8,8,1,12,4,120.620972,24.144885,2
5276,66000,387130000C,(04)23274275,(04)23288582,2025,2,14,14,41,臺中市,潭子區,0,0,0,7,,,50,,,,,,,,,,,,,,,,,,,B03,,,1,,2,,,88,88,1,13,4,120.716362,24.204382,3
5277,66000,387130000C,(04)23274275,(04)23288582,2025,2,14,14,58,臺中市,大里區,0,3,0,7,2,6,50,4,7,1,5,4,6,6,3,1,1,2,4,2,13,2,9,1,1,C03,7,9,1,10,2,11,,7,7,1,12,4,120.687202,24.119271,2
5278,66000,387130000C,(04)23274275,(04)23288582,2025,2,14,15,1,臺中市,北屯區,0,2,0,7,2,6,50,13,9,1,5,4,6,6,4,4,3,3,5,2,13,2,9,2,1,C03,7,9,1,10,2,11,12,7,7,1,13,4,120.685691,24.179899,2
5279,66000,387130000C,(04)23274275,(04)23288582,2025,2,14,15,5,臺中市,南屯區,0,0,0,7,,,30,,,,,,,,,,,,,,17,,,,,B03,,,1,,1,,,8,8,2,12,4,120.630891,24.151287,3
5280,66000,387130000C,(04)23274275,(04)23288582,2025,2,14,15,6,臺中市,南屯區,0,1,0,7,2,6,50,4,1,1,5,4,6,6,2,1,10,5,5,2,13,2,9,1,1,C03,7,9,1,10,2,11,,7,7,1,6,4,120.648723,24.146782,2
5281,66000,387130000C,(04)23274275,(04)23288582,2025,2,14,15,7,臺中市,北區,0,0,0,7,3,9,50,3,2,5,5,4,6,6,4,4,9,5,5,2,17,,,,,C03,,,1,,1,,,85,85,1,13,4,120.674498,24.158461,3
5282,66000,387130000C,(04)23274275,(04)23288582,2025,2,14,15,14,臺中市,西區,0,0,0,7,,,50,,,,,,,,,,,,,,,,,,,B03,,,1,,11,,,49,49,1,12,4,120.667586,24.152163,3
5283,66000,387130000C,(04)23274275,(04)23288582,2025,2,14,15,14,臺中市,南屯區,0,1,0,7,3,6,50,13,9,1,5,4,6,6,1,1,5,4,5,2,12,2,9,1,1,C03,7,6,1,10,2,14,,84,84,1,12,4,120.61524,24.147704,2
5284,66000,387130000C,(04)23274275,(04)23288582,2025,2,14,15,25,臺中市,豐原區,0,0,0,7,,,50,,,,,,,,,,,,,,17,,,,,C03,,,1,,2,,,7,7,1,6,4,120.700868,24.249244,3
5285,66000,387130000C,(04)23274275,(04)23288582,2025,2,14,15,27,臺中市,西區,0,0,0,7,,,50,,,,,,,,,,,,,,,,,,,B03,,,1,,1,,,39,39,1,11,4,120.661701,24.149017,3
5286,66000,387130000C,(04)23274275,(04)23288582,2025,2,14,15,28,臺中市,西屯區,0,2,0,7,2,6,50,4,1,1,5,4,6,6,1,1,10,5,5,2,12,3,10,3,4,B03,7,5,1,8,1,5,,20,20,1,13,4,120.636439,24.160617,2
5287,66000,387130000C,(04)23274275,(04)23288582,2025,2,14,15,29,臺中市,豐原區,0,0,0,7,,,50,,,,,,,,,,,,,,17,,,,,B03,,,1,,1,,,85,85,1,12,4,120.730264,24.242825,3
5288,66000,387130000C,(04)23274275,(04)23288582,2025,2,14,15,30,臺中市,西區,0,0,0,7,,,40,,,,,,,,,,,,,,13,,,,,C03,,,1,,1,,,7,7,1,12,4,120.657161,24.138654,3
5289,66000,387130000C,(04)23274275,(04)23288582,2025,2,14,15,30,臺中市,大甲區,0,0,0,6,,,50,,,,,,,,,,,,,,,,,,,B03,,,1,,1,,,59,59,1,6,4,120.633091,24.345936,3
5290,66000,387130000C,(04)23274275,(04)23288582,2025,2,14,15,39,臺中市,神岡區,0,1,0,7,1,6,50,13,9,1,5,4,6,6,4,4,5,4,4,2,12,3,10,5,4,B03,7,9,1,8,2,5,,8,8,1,12,4,120.682396,24.247046,2
5291,66000,387130000C,(04)23274275,(04)23288582,2025,2,14,15,41,臺中市,西屯區,0,0,0,7,,,50,,,,,,,,,,,,,,13,,,,,C03,,,1,,2,,,58,58,1,13,4,120.64172,24.192604,3
5292,66000,387130000C,(04)23274275,(04)23288582,2025,2,14,15,41,臺中市,西屯區,0,0,0,7,,,50,,,,,,,,,,,,,,13,,,,,B12,,,1,,2,,,7,7,1,12,4,120.635879,24.181852,3
5293,66000,387130000C,(04)23274275,(04)23288582,2025,2,14,15,42,臺中市,北屯區,0,0,0,7,,,50,,,,,,,,,,,,,,15,,,,,B03,,,1,,2,,,21,21,1,12,4,120.702401,24.186508,3
5294,66000,387130000C,(04)23274275,(04)23288582,2025,2,14,15,45,臺中市,大里區,0,3,0,7,2,6,50,13,9,1,5,4,6,5,4,4,9,4,5,1,17,2,9,2,1,C03,7,1,1,10,2,13,,51,51,1,12,4,120.66324,24.096742,2
5295,66000,387130000C,(04)23274275,(04)23288582,2025,2,14,15,48,臺中市,烏日區,0,0,0,7,,,50,,,,,,,,,,,,,,13,,,,,B03,,,1,,2,,,7,7,1,6,4,120.650093,24.111455,3
5296,66000,387130000C,(04)23274275,(04)23288582,2025,2,14,15,55,臺中市,東區,0,2,0,7,2,6,50,4,1,1,5,4,6,6,4,4,9,5,4,2,17,2,9,1,1,C03,7,9,1,10,2,11,,20,20,1,12,4,120.703324,24.142608,2
5297,66000,387130000C,(04)23274275,(04)23288582,2025,2,14,16,4,臺中市,豐原區,0,2,0,7,2,6,50,3,2,1,5,4,6,6,4,4,5,5,4,2,13,2,9,2,1,C03,7,9,1,10,2,11,,7,7,1,13,4,120.696858,24.242703,2
5298,66000,387130000C,(04)23274275,(04)23288582,2025,2,14,16,8,臺中市,南區,0,0,0,7,,,50,,,,,,,,,,,,,,17,,,,,,,,,,,,,119,119,1,,,120.660259,24.11675,4
5299,66000,387130000C,(04)23274275,(04)23288582,2025,2,14,16,8,臺中市,北屯區,0,1,0,7,2,6,50,4,1,1,5,4,6,6,1,1,10,5,5,2,13,2,9,5,4,C03,7,9,1,10,2,15,,85,85,1,12,4,120.671374,24.173915,2
5300,66000,387130000C,(04)23274275,(04)23288582,2025,2,14,16,10,臺中市,西區,0,0,0,7,,,30,,,,,,,,,,,,,,,,,,,C03,,,1,,9,,,43,43,1,6,4,120.668509,24.130837,3
5301,66000,387130000C,(04)23274275,(04)23288582,2025,2,14,16,10,臺中市,烏日區,0,1,0,7,2,6,50,3,1,1,5,4,6,6,4,4,10,5,5,2,17,3,10,5,4,B03,7,11,1,8,2,4,,45,45,1,12,4,120.64688,24.095367,2
5302,66000,387130000C,(04)23274275,(04)23288582,2025,2,14,16,14,臺中市,烏日區,0,0,0,7,2,6,50,13,9,1,5,4,6,6,4,4,5,4,5,1,12,3,10,3,1,B03,7,8,1,8,2,2,,84,84,1,6,4,120.643968,24.083836,3
5303,66000,387130000C,(04)23274275,(04)23288582,2025,2,14,16,16,臺中市,西區,0,1,0,7,2,6,50,4,4,1,5,4,6,6,2,1,5,5,5,2,16,2,9,1,1,C03,7,6,1,10,2,14,,48,48,1,6,4,120.662588,24.132178,2
5304,66000,387130000C,(04)23274275,(04)23288582,2025,2,14,16,16,臺中市,太平區,0,2,0,7,2,6,40,3,1,1,5,4,6,6,4,4,10,5,5,2,16,2,9,2,1,C03,7,9,1,10,2,12,,85,85,1,6,4,120.72169,24.107196,2
5305,66000,387130000C,(04)23274275,(04)23288582,2025,2,14,16,17,臺中市,北屯區,0,0,0,7,,,30,,,,,,,,,,,,,,17,,,,,B03,,,1,,1,,,49,49,1,12,4,120.69752,24.189557,3
5306,66000,387130000C,(04)23274275,(04)23288582,2025,2,14,16,18,臺中市,北屯區,0,0,0,7,,,50,,,,,,,,,,,,,,,,,,,B03,,,1,,9,,,84,84,1,12,4,120.675454,24.173829,3
5307,66000,387130000C,(04)23274275,(04)23288582,2025,2,14,16,18,臺中市,豐原區,0,1,0,7,2,6,50,5,1,1,5,4,6,6,1,1,10,5,5,2,17,3,10,3,1,B03,7,1,1,8,2,8,,51,51,1,13,4,120.717598,24.251878,2
5308,66000,387130000C,(04)23274275,(04)23288582,2025,2,14,16,20,臺中市,西區,0,0,0,7,,,50,,,,,,,,,,,,,,,,,,,B02,,,1,,1,,,8,8,1,12,4,120.658618,24.143111,3
5309,66000,387130000C,(04)23274275,(04)23288582,2025,2,14,16,20,臺中市,豐原區,0,2,0,6,1,6,50,13,7,1,5,4,6,6,4,4,5,4,4,2,17,2,9,1,1,F01,7,6,7,21,2,13,,39,39,1,12,4,120.717762,24.253453,2
5310,66000,387130000C,(04)23274275,(04)23288582,2025,2,14,16,24,臺中市,北區,0,0,0,7,,,50,,,,,,,,,,,,,,30,,,,,C03,,,1,,1,,,84,84,1,13,4,120.679012,24.161652,4
5311,66000,387130000C,(04)23274275,(04)23288582,2025,2,14,16,25,臺中市,西屯區,0,0,0,7,,,50,,,,,,,,,,,,,,14,,,,,B03,,,1,,1,,,49,49,1,12,4,120.643889,24.170148,3
5312,66000,387130000C,(04)23274275,(04)23288582,2025,2,14,16,28,臺中市,太平區,0,1,0,7,3,6,50,13,9,1,5,4,6,6,4,4,5,5,5,1,17,2,9,1,1,C03,7,4,1,10,2,13,,1,1,1,12,4,120.715041,24.13923,2
5313,66000,387130000C,(04)23274275,(04)23288582,2025,2,14,16,38,臺中市,豐原區,0,1,0,7,2,6,50,13,7,1,5,4,6,6,4,4,5,4,4,2,17,2,8,2,1,C03,7,11,1,10,2,14,,39,39,1,12,4,120.714124,24.248016,2
5314,66000,387130000C,(04)23274275,(04)23288582,2025,2,14,16,41,臺中市,大雅區,0,0,0,7,,,70,,,,,,,,,,,,,,12,,,,,B03,,,1,,1,,,51,51,1,13,4,120.639482,24.23205,3
5315,66000,387130000C,(04)23274275,(04)23288582,2025,2,14,16,42,臺中市,北區,0,2,0,7,2,6,50,4,1,1,5,4,6,6,1,1,10,5,5,2,17,2,9,5,4,C03,7,9,1,10,2,14,,84,84,1,12,4,120.694326,24.155623,2
5316,66000,387130000C,(04)23274275,(04)23288582,2025,2,14,16,45,臺中市,西區,0,0,0,7,,,50,,,,,,,,,,,,,,,,,,,B03,,,1,,1,,,84,84,2,13,4,120.660439,24.15851,3
5317,66000,387130000C,(04)23274275,(04)23288582,2025,2,14,16,48,臺中市,烏日區,0,0,0,7,,,40,,,,,,,,,,,,,,13,,,,,A11,,,1,,2,,,84,84,1,6,4,120.617791,24.102774,3
5318,66000,387130000C,(04)23274275,(04)23288582,2025,2,14,16,53,臺中市,大雅區,0,0,0,7,,,0,,,,,,,,,,,,,,14,,,,,B03,,,1,,2,,,49,49,1,12,4,120.653384,24.219319,3
5319,66000,387130000C,(04)23274275,(04)23288582,2025,2,14,16,53,臺中市,北屯區,0,2,0,6,2,6,50,4,2,1,5,4,6,6,2,1,1,4,5,2,13,3,10,2,1,C03,7,7,1,10,2,13,,42,42,1,13,4,120.683436,24.172401,2
5320,66000,387130000C,(04)23274275,(04)23288582,2025,2,14,16,55,臺中市,北屯區,0,1,0,7,3,6,50,13,9,1,5,4,6,6,4,4,5,4,5,2,18,2,9,1,1,C03,7,9,1,10,2,11,,84,84,1,12,4,120.710788,24.172116,2
5321,66000,387130000C,(04)23274275,(04)23288582,2025,2,14,17,0,臺中市,南屯區,0,1,0,7,1,6,50,4,1,1,5,4,6,6,2,1,10,5,5,2,17,3,10,3,1,B03,7,5,1,8,2,2,,84,84,1,6,4,120.620854,24.13999,2
5322,66000,387130000C,(04)23274275,(04)23288582,2025,2,14,17,4,臺中市,北屯區,0,1,0,7,2,6,50,4,1,1,5,4,6,6,1,1,10,5,5,2,16,2,9,5,4,C03,7,6,1,10,2,14,,20,20,1,12,4,120.685494,24.173358,2
5323,66000,387130000C,(04)23274275,(04)23288582,2025,2,14,17,8,臺中市,梧棲區,0,0,0,7,,,50,,,,,,,,,,,,,,13,,,,,B03,,,1,,2,,,50,50,1,13,4,120.5463,24.24509,3
5324,66000,387130000C,(04)23274275,(04)23288582,2025,2,14,17,9,臺中市,大甲區,0,1,0,7,1,6,50,4,1,1,5,4,6,6,1,1,5,5,5,1,16,3,10,3,1,B03,7,6,1,8,2,5,,85,85,1,12,4,120.620856,24.346079,2
5325,66000,387130000C,(04)23274275,(04)23288582,2025,2,14,17,10,臺中市,北屯區,0,1,0,7,2,6,50,3,1,1,5,4,6,6,4,4,10,5,5,2,13,2,8,1,1,C03,7,9,1,10,2,11,,7,7,1,12,4,120.709417,24.178233,2
5326,66000,387130000C,(04)23274275,(04)23288582,2025,2,14,17,12,臺中市,西區,0,0,0,7,,,50,,,,,,,,,,,,,,,,,,,B03,,,1,,2,,,11,11,1,11,4,120.667857,24.137317,3
5327,66000,387130000C,(04)23274275,(04)23288582,2025,2,14,17,12,臺中市,北區,0,1,0,7,3,9,50,13,9,1,5,4,6,6,4,4,9,5,5,2,18,3,10,5,4,B03,7,1,1,8,1,16,,85,85,1,13,4,120.692347,24.158376,2
5328,66000,387130000C,(04)23274275,(04)23288582,2025,2,14,17,12,臺中市,南屯區,0,1,0,7,1,6,50,13,9,1,5,4,6,6,4,4,5,4,4,2,17,2,7,3,1,B03,7,6,1,8,2,1,,84,84,1,12,4,120.628437,24.119495,2
5329,66000,387130000C,(04)23274275,(04)23288582,2025,2,14,17,14,臺中市,豐原區,0,1,0,7,1,6,50,5,1,1,5,4,6,6,2,1,10,2,5,1,12,,,,,,,21,,,,,,86,86,2,,,120.720384,24.240533,2
5330,66000,387130000C,(04)23274275,(04)23288582,2025,2,14,17,15,臺中市,神岡區,0,1,0,7,1,6,50,3,1,1,5,4,6,6,4,4,10,5,5,1,30,2,9,1,1,C03,7,4,1,10,2,14,,85,85,1,12,4,120.678992,24.239108,2
5331,66000,387130000C,(04)23274275,(04)23288582,2025,2,14,17,16,臺中市,大里區,0,0,0,7,3,6,50,13,17,1,5,4,6,6,4,4,5,4,5,2,13,,,,,B03,,,1,,2,,,7,7,1,12,4,120.691874,24.101329,3
5332,66000,387130000C,(04)23274275,(04)23288582,2025,2,14,17,17,臺中市,潭子區,0,0,0,7,,,40,,,,,,,,,,,,,,,,,,,C03,,,1,,2,,,1,1,1,13,4,120.720339,24.220336,3
5333,66000,387130000C,(04)23274275,(04)23288582,2025,2,14,17,18,臺中市,梧棲區,0,1,0,7,2,6,50,4,1,1,5,4,6,6,1,1,10,5,5,2,16,3,10,3,1,B03,7,6,1,8,2,5,,11,11,1,6,4,120.520319,24.224593,2
5334,66000,387130000C,(04)23274275,(04)23288582,2025,2,14,17,19,臺中市,大里區,0,1,0,7,2,6,50,3,1,1,5,4,6,6,3,1,10,5,5,2,16,3,10,3,1,B03,7,9,1,8,2,4,,4,4,1,12,4,120.690044,24.075334,2
5335,66000,387130000C,(04)23274275,(04)23288582,2025,2,14,17,20,臺中市,南屯區,0,0,0,7,,,50,,,,,,,,,,,,,,12,,,,,B03,,,1,,2,,,8,8,1,12,4,120.642251,24.140935,3
5336,66000,387130000C,(04)23274275,(04)23288582,2025,2,14,17,21,臺中市,西屯區,0,1,0,7,1,6,50,4,1,1,5,4,6,6,1,1,8,5,5,1,17,2,9,5,4,C03,7,6,1,10,2,14,,84,84,1,13,4,120.605256,24.171538,2
5337,66000,387130000C,(04)23274275,(04)23288582,2025,2,14,17,21,臺中市,豐原區,0,0,0,7,,,30,,,,,,,,,,,,,,10,,,,,C03,,,1,,1,,,41,41,1,13,4,120.737788,24.251579,3
5338,66000,387130000C,(04)23274275,(04)23288582,2025,2,14,17,22,臺中市,北區,0,0,0,7,1,6,50,13,9,1,5,4,6,6,4,4,1,4,5,2,17,3,10,5,4,C03,7,9,3,10,2,11,,84,84,1,13,4,120.685456,24.155464,3
5339,66000,387130000C,(04)23274275,(04)23288582,2025,2,14,17,22,臺中市,南屯區,0,0,0,7,,,50,,,,,,,,,,,,,,12,,,,,C03,,,1,,1,,,40,40,1,13,4,120.641368,24.146896,4
5340,66000,387130000C,(04)23274275,(04)23288582,2025,2,14,17,23,臺中市,南屯區,0,1,0,7,3,6,50,13,9,1,5,4,6,6,4,4,5,5,5,2,18,2,9,2,1,C03,7,9,1,10,2,14,,59,59,1,12,4,120.593183,24.164003,2
5341,66000,387130000C,(04)23274275,(04)23288582,2025,2,14,17,25,臺中市,大雅區,0,0,0,7,,,50,,,,,,,,,,,,,,12,,,,,C03,,,1,,1,,,42,42,1,13,4,120.662637,24.219442,3
5342,66000,387130000C,(04)23274275,(04)23288582,2025,2,14,17,25,臺中市,大甲區,0,2,0,7,3,6,50,3,1,1,5,4,6,6,4,4,5,4,5,1,16,2,8,1,1,C03,7,6,1,10,2,14,,48,48,1,6,4,120.65386,24.390441,2
5343,66000,387130000C,(04)23274275,(04)23288582,2025,2,14,17,26,臺中市,潭子區,0,0,0,7,,,50,,,,,,,,,,,,,,,,,,,B03,,,1,,2,,,84,84,1,13,4,120.719447,24.229257,3
5344,66000,387130000C,(04)23274275,(04)23288582,2025,2,14,17,26,臺中市,霧峰區,0,0,0,7,,,70,,,,,,,,,,,,,,13,,,,,B03,,,1,,1,,,56,56,1,12,4,120.735001,24.044318,3
5345,66000,387130000C,(04)23274275,(04)23288582,2025,2,14,17,28,臺中市,后里區,0,2,0,6,2,6,40,13,8,1,5,4,6,6,4,4,1,4,4,1,2,2,9,2,1,C03,7,9,1,10,2,11,,7,7,1,12,4,120.72344,24.292066,2
5346,66000,387130000C,(04)23274275,(04)23288582,2025,2,14,17,29,臺中市,西屯區,0,0,0,7,,,40,,,,,,,,,,,,,,13,,,,,C03,,,1,,1,,,59,59,1,13,4,120.625378,24.18161,3
5347,66000,387130000C,(04)23274275,(04)23288582,2025,2,14,17,30,臺中市,潭子區,0,1,0,7,2,6,50,5,8,1,5,4,6,6,1,1,1,4,4,1,17,3,10,2,1,C03,7,9,1,10,2,14,,8,8,1,13,4,120.697318,24.216424,2
5348,66000,387130000C,(04)23274275,(04)23288582,2025,2,14,17,30,臺中市,北屯區,0,1,0,7,1,6,80,13,7,1,5,4,6,6,4,4,1,4,5,2,13,3,10,3,1,B03,7,9,1,7,2,5,,59,59,1,12,4,120.680845,24.201009,2
5349,66000,387130000C,(04)23274275,(04)23288582,2025,2,14,17,30,臺中市,北屯區,0,0,0,7,,,50,,,,,,,,,,,,,,14,,,,,B03,,,1,,1,,,49,49,1,12,4,120.702415,24.172781,3
5350,66000,387130000C,(04)23274275,(04)23288582,2025,2,14,17,32,臺中市,南區,0,2,0,7,2,6,50,3,1,1,5,4,6,6,4,4,10,5,5,2,11,2,1,6,1,F01,7,15,7,21,2,11,,4,4,1,12,4,120.655133,24.132697,2
5351,66000,387130000C,(04)23274275,(04)23288582,2025,2,14,17,32,臺中市,西屯區,0,2,0,7,3,6,50,13,9,1,5,4,6,6,4,4,4,1,5,2,13,3,10,5,4,C03,7,1,1,10,2,13,,51,51,1,13,4,120.643553,24.176271,2
5352,66000,387130000C,(04)23274275,(04)23288582,2025,2,14,17,37,臺中市,東區,0,1,0,7,2,6,50,3,1,1,5,4,6,6,1,1,10,5,5,2,13,2,9,2,1,C03,7,9,1,10,2,11,,7,7,1,5,4,120.696061,24.135082,2
5353,66000,387130000C,(04)23274275,(04)23288582,2025,2,14,17,40,臺中市,大雅區,0,0,0,7,,,30,,,,,,,,,,,,,,,,,,,B03,,,1,,1,,,7,7,1,13,4,120.633649,24.242239,3
5354,66000,387130000C,(04)23274275,(04)23288582,2025,2,14,17,48,臺中市,西屯區,0,1,0,7,1,6,50,4,1,1,5,4,6,6,1,1,5,4,5,2,13,2,8,2,1,C03,7,9,1,10,2,14,,7,7,1,12,4,120.656588,24.163604,2
5355,66000,387130000C,(04)23274275,(04)23288582,2025,2,14,17,50,臺中市,沙鹿區,0,0,0,7,,,60,,,,,,,,,,,,,,13,,,,,B03,,,1,,2,,,7,7,1,6,4,120.564779,24.20612,3
5356,66000,387130000C,(04)23274275,(04)23288582,2025,2,14,17,53,臺中市,東區,0,1,0,7,1,6,50,13,9,1,5,4,6,6,4,4,5,4,5,2,17,3,10,3,1,B03,7,1,1,8,2,7,,51,51,1,12,4,120.696281,24.132987,2
5357,66000,387130000C,(04)23274275,(04)23288582,2025,2,14,17,53,臺中市,東區,0,1,0,7,1,6,50,3,1,1,5,4,6,6,4,4,9,5,4,2,17,3,10,1,1,C02,7,6,1,10,2,16,,84,84,1,12,4,120.706924,24.136247,2
5358,66000,387130000C,(04)23274275,(04)23288582,2025,2,14,17,55,臺中市,北區,0,1,0,7,1,6,50,3,1,1,5,4,6,6,4,4,10,5,5,2,17,3,10,5,4,B03,7,5,1,8,2,5,,14,14,1,12,4,120.676911,24.150669,2
5359,66000,387130000C,(04)23274275,(04)23288582,2025,2,14,17,56,臺中市,南屯區,0,1,0,7,1,6,50,4,2,1,5,4,6,6,2,1,5,4,4,2,17,3,10,3,1,B03,7,9,1,8,2,4,,59,59,1,12,4,120.648723,24.146782,2
5360,66000,387130000C,(04)23274275,(04)23288582,2025,2,14,17,56,臺中市,北屯區,0,0,0,7,,,50,,,,,,,,,,,,,,,,,,,C03,,,1,,1,,,84,84,1,12,4,120.697745,24.170349,3
5361,66000,387130000C,(04)23274275,(04)23288582,2025,2,14,17,56,臺中市,大里區,0,1,0,7,1,6,50,3,1,1,5,4,6,6,3,1,10,5,5,2,14,3,10,3,1,B03,7,2,1,8,2,3,,49,49,1,13,4,120.687067,24.114993,2
5362,66000,387130000C,(04)23274275,(04)23288582,2025,2,14,17,57,臺中市,潭子區,0,0,0,7,,,50,,,,,,,,,,,,,,,,,,,B11,,,1,,11,,,8,8,1,13,4,120.706152,24.202327,3
5363,66000,387130000C,(04)23274275,(04)23288582,2025,2,14,17,57,臺中市,霧峰區,0,1,0,7,3,6,25,13,9,1,5,4,6,6,4,4,10,5,5,1,18,2,9,2,1,C03,7,9,1,10,2,12,,84,84,1,13,4,120.690398,24.06588,2
5364,66000,387130000C,(04)23274275,(04)23288582,2025,2,14,17,58,臺中市,大里區,0,2,0,7,1,6,50,5,1,1,5,4,6,6,1,1,10,5,5,2,11,2,9,1,1,C03,7,9,1,10,2,14,,43,43,1,12,4,120.700609,24.093778,2
5365,66000,387130000C,(04)23274275,(04)23288582,2025,2,14,17,58,臺中市,后里區,0,0,0,7,3,7,50,12,9,1,5,4,6,6,4,4,10,5,5,1,14,3,10,6,1,B12,,2,1,15,1,7,,49,49,1,7,4,120.684603,24.313231,3
5366,66000,387130000C,(04)23274275,(04)23288582,2025,2,14,17,59,臺中市,沙鹿區,0,2,0,7,1,6,50,3,1,1,5,4,6,6,4,4,10,5,5,2,16,2,9,2,1,C03,7,6,1,10,2,11,,48,48,1,6,4,120.560184,24.238331,2
5367,66000,387130000C,(04)23274275,(04)23288582,2025,2,14,18,0,臺中市,南屯區,0,1,0,7,1,6,50,4,1,1,5,4,6,6,2,1,10,5,5,2,17,3,10,3,1,B03,7,9,1,8,2,8,,59,59,1,6,4,120.641302,24.138308,2
5368,66000,387130000C,(04)23274275,(04)23288582,2025,2,14,18,1,臺中市,龍井區,0,2,0,7,1,6,50,4,1,1,5,4,6,6,4,4,10,5,5,2,12,2,9,1,1,C03,7,9,1,10,2,12,,8,8,1,6,4,120.586427,24.181557,2