序號,縣市別代碼,機關代碼,市話,傳真,年,月,日,時,分,縣市,區,死亡數量,受傷數量,2-30,天候,道路照明設備,道路類別,道路速限,道路型態,事故位置,路面鋪裝,路面狀態,路面缺陷,障礙物,視距,號誌種類,號誌動作,分向設施,快車道或一般車道間,快慢車道間,路面邊線,事故類型及型態,受傷程度,主要傷處,保護裝備,行動電話或功能裝置,當事者區分(類別),車輛用途,當事者行動狀態,駕照狀態,駕照種類,飲酒情形,車輛撞擊部位最初,車輛撞擊部位其他,肇事因素個別,肇事因素主要,肇事逃逸,職業,共享經濟或外送平台,GPS座標X,GPS座標Y,事故類別
5369,66000,387130000C,(04)23274275,(04)23288582,2025,2,14,18,1,臺中市,豐原區,0,0,0,7,,,50,,,,,,,,,,,,,,13,,,,,B03,,,1,,1,,,7,7,1,12,4,120.709003,24.250428,3
5370,66000,387130000C,(04)23274275,(04)23288582,2025,2,14,18,3,臺中市,后里區,0,0,0,7,,,50,,,,,,,,,,,,,,17,,,,,B03,,,1,,1,,,84,84,1,12,4,120.722439,24.303012,3
5371,66000,387130000C,(04)23274275,(04)23288582,2025,2,14,18,3,臺中市,神岡區,0,0,0,7,,,50,,,,,,,,,,,,,,16,,,,,C03,,,1,,2,,,11,11,1,13,4,120.682296,24.243052,3
5372,66000,387130000C,(04)23274275,(04)23288582,2025,2,14,18,4,臺中市,北屯區,0,0,0,7,,,50,,,,,,,,,,,,,,,,,,,B03,,,1,,1,,,59,59,1,12,4,120.686718,24.199257,3
5373,66000,387130000C,(04)23274275,(04)23288582,2025,2,14,18,5,臺中市,南屯區,0,0,0,7,,,50,,,,,,,,,,,,,,13,,,,,C03,,,1,,1,,,7,7,1,12,4,120.641686,24.146869,3
5374,66000,387130000C,(04)23274275,(04)23288582,2025,2,14,18,5,臺中市,沙鹿區,0,2,0,6,1,6,50,3,1,1,5,4,6,6,4,4,5,5,5,2,15,2,9,1,1,C03,7,9,1,10,2,11,12,12,12,1,12,4,120.574806,24.227382,2
5375,66000,387130000C,(04)23274275,(04)23288582,2025,2,14,18,6,臺中市,西屯區,0,0,0,6,,,60,,,,,,,,,,,,,,,,,,,B03,,,1,,1,,,7,7,1,13,4,120.587666,24.185451,3
5376,66000,387130000C,(04)23274275,(04)23288582,2025,2,14,18,6,臺中市,大里區,0,1,0,7,1,6,50,4,1,1,5,4,6,6,1,1,10,5,5,2,12,3,10,3,1,B03,7,5,1,8,1,2,,11,11,1,12,4,120.674512,24.113521,2
5377,66000,387130000C,(04)23274275,(04)23288582,2025,2,14,18,7,臺中市,西屯區,0,1,0,7,1,6,50,3,1,1,5,4,6,6,4,4,8,5,5,1,16,3,10,5,4,C03,7,5,1,10,2,12,,14,14,1,13,4,120.6571,24.165187,2
5378,66000,387130000C,(04)23274275,(04)23288582,2025,2,14,18,9,臺中市,南屯區,0,2,0,7,2,6,60,13,8,1,5,4,6,6,4,4,1,5,1,2,13,2,9,1,1,C03,7,9,1,10,2,11,,59,59,1,12,4,120.594844,24.15702,2
5379,66000,387130000C,(04)23274275,(04)23288582,2025,2,14,18,11,臺中市,太平區,0,1,0,7,1,6,50,4,1,1,5,4,6,6,1,1,10,5,5,2,17,3,10,5,4,B03,7,6,1,1,2,2,,11,11,1,6,4,120.722376,24.112671,2
5380,66000,387130000C,(04)23274275,(04)23288582,2025,2,14,18,15,臺中市,西屯區,0,1,0,7,1,6,50,13,9,1,5,4,6,6,4,4,5,4,5,2,17,3,10,3,4,A05,7,9,1,2,2,2,,85,85,1,13,4,120.622346,24.186409,2
5381,66000,387130000C,(04)23274275,(04)23288582,2025,2,14,18,17,臺中市,西屯區,0,0,0,7,,,50,,,,,,,,,,,,,,13,,,,,C03,,,1,,1,,,58,58,1,13,4,120.632747,24.182657,3
5382,66000,387130000C,(04)23274275,(04)23288582,2025,2,14,18,17,臺中市,神岡區,0,0,0,7,1,,50,5,1,1,5,4,6,6,1,1,10,5,5,1,11,,,,,B03,,,3,,9,,,8,8,1,12,4,120.655426,24.258494,3
5383,66000,387130000C,(04)23274275,(04)23288582,2025,2,14,18,19,臺中市,大里區,0,1,0,6,1,6,50,13,7,1,5,4,6,6,4,4,5,4,4,2,13,2,8,1,1,C03,7,9,1,10,2,11,,7,7,1,12,4,120.683845,24.110238,2
5384,66000,387130000C,(04)23274275,(04)23288582,2025,2,14,18,23,臺中市,后里區,0,1,0,7,1,6,50,4,9,1,5,4,6,6,4,4,5,4,5,2,17,3,10,3,1,B03,7,2,1,8,2,6,,49,49,1,12,4,120.72464,24.307659,2
5385,66000,387130000C,(04)23274275,(04)23288582,2025,2,14,18,26,臺中市,北屯區,0,1,0,7,1,6,40,3,2,1,5,4,6,6,4,4,1,4,4,2,12,2,8,1,1,C03,7,9,1,10,2,11,,59,59,1,12,4,120.661158,24.191115,2
5386,66000,387130000C,(04)23274275,(04)23288582,2025,2,14,18,27,臺中市,北屯區,0,2,0,7,1,6,60,4,1,1,5,4,6,6,2,1,1,3,5,2,15,2,9,2,1,C03,7,9,1,10,2,14,,21,21,1,13,4,120.700241,24.164989,2
5387,66000,387130000C,(04)23274275,(04)23288582,2025,2,14,18,27,臺中市,西屯區,0,1,0,7,1,6,50,4,1,1,5,4,6,6,1,1,5,4,4,2,16,3,10,3,1,A42,7,6,1,8,2,1,,11,11,1,12,4,120.6261,24.184575,2
5388,66000,387130000C,(04)23274275,(04)23288582,2025,2,14,18,27,臺中市,沙鹿區,0,0,0,7,,,60,,,,,,,,,,,,,,13,,,,,B03,,,1,,2,,,7,7,1,6,4,120.566156,24.204921,3
5389,66000,387130000C,(04)23274275,(04)23288582,2025,2,14,18,27,臺中市,東勢區,0,0,0,7,,,50,,,,,,,,,,,,,,1,,,,,B03,,,1,,1,,,77,77,1,12,4,120.829924,24.256639,3
5390,66000,387130000C,(04)23274275,(04)23288582,2025,2,14,18,28,臺中市,西屯區,0,1,0,7,1,6,50,13,9,1,5,4,6,6,4,4,5,4,5,2,12,2,8,1,1,C03,7,9,1,10,2,12,,8,8,1,12,4,120.647356,24.174392,2
5391,66000,387130000C,(04)23274275,(04)23288582,2025,2,14,18,29,臺中市,北區,0,0,0,7,1,9,50,13,7,1,5,4,6,6,4,4,4,4,4,2,17,,,,,C03,,,1,,2,,,7,7,1,13,4,120.678695,24.16298,3
5392,66000,387130000C,(04)23274275,(04)23288582,2025,2,14,18,30,臺中市,南屯區,0,0,0,7,,,50,,,,,,,,,,,,,,,,,,,B03,,,1,,1,,,12,12,1,6,4,120.632791,24.1482,3
5393,66000,387130000C,(04)23274275,(04)23288582,2025,2,14,18,30,臺中市,清水區,0,0,0,7,,,50,,,,,,,,,,,,,,,,,,,B03,,,1,,2,,,58,58,1,12,4,120.5648,24.277011,3
5394,66000,387130000C,(04)23274275,(04)23288582,2025,2,14,18,31,臺中市,大里區,0,0,0,7,1,6,50,4,2,1,5,4,6,6,1,1,1,4,5,1,13,,,,,B01,,,1,,2,,,7,7,1,13,4,120.681629,24.102788,3
5395,66000,387130000C,(04)23274275,(04)23288582,2025,2,14,18,32,臺中市,西屯區,0,0,0,6,,,50,,,,,,,,,,,,,,,,,,,B03,,,1,,2,,,76,76,1,13,4,120.666358,24.173209,3
5396,66000,387130000C,(04)23274275,(04)23288582,2025,2,14,18,35,臺中市,龍井區,0,0,0,7,,,50,,,,,,,,,,,,,,16,,,,,F03,,,7,,2,,,4,4,1,6,4,120.583421,24.179761,4
5397,66000,387130000C,(04)23274275,(04)23288582,2025,2,14,18,36,臺中市,北區,0,1,0,7,1,6,50,4,1,1,5,4,6,6,1,1,10,5,5,2,16,3,10,5,4,B03,7,6,1,8,2,1,,11,11,1,13,4,120.668018,24.154529,2
5398,66000,387130000C,(04)23274275,(04)23288582,2025,2,14,18,36,臺中市,后里區,0,1,0,7,1,6,50,4,2,1,5,4,6,6,2,1,9,4,5,1,16,2,9,2,1,C03,7,1,1,10,2,11,,51,51,1,12,4,120.73037,24.309292,2
5399,66000,387130000C,(04)23274275,(04)23288582,2025,2,14,18,38,臺中市,南屯區,0,0,0,7,,,50,,,,,,,,,,,,,,17,,,,,B01,,,1,,2,,,85,85,1,6,4,120.641415,24.14145,3
5400,66000,387130000C,(04)23274275,(04)23288582,2025,2,14,18,39,臺中市,南屯區,0,0,0,7,,,50,,,,,,,,,,,,,,,,,,,B03,,,1,,1,,,40,40,1,12,4,120.646789,24.146405,3
5401,66000,387130000C,(04)23274275,(04)23288582,2025,2,14,18,40,臺中市,南屯區,0,0,0,7,,,50,,,,,,,,,,,,,,25,,,,,A11,,,1,,2,,,59,59,1,13,4,120.644306,24.140195,3
5402,66000,387130000C,(04)23274275,(04)23288582,2025,2,14,18,40,臺中市,西屯區,0,1,0,7,1,6,40,4,1,1,5,4,6,6,1,1,10,5,5,2,17,3,10,1,4,C03,7,6,3,19,1,13,,48,48,1,13,4,120.639433,24.164781,2
5403,66000,387130000C,(04)23274275,(04)23288582,2025,2,14,18,42,臺中市,南區,0,0,0,7,,,50,,,,,,,,,,,,,,13,,,,,B03,,,5,,2,,,59,59,1,12,4,120.652843,24.118064,3
5404,66000,387130000C,(04)23274275,(04)23288582,2025,2,14,18,45,臺中市,北屯區,0,1,0,7,1,6,80,13,7,1,5,4,6,6,4,4,1,4,5,2,5,3,10,3,1,A12,7,9,1,2,2,6,,84,84,1,12,4,120.681156,24.201014,2
5405,66000,387130000C,(04)23274275,(04)23288582,2025,2,14,18,46,臺中市,烏日區,0,0,0,7,,,40,,,,,,,,,,,,,,,,,,,B02,,,1,,2,,,40,40,1,13,4,120.617414,24.119567,3
5406,66000,387130000C,(04)23274275,(04)23288582,2025,2,14,18,52,臺中市,大里區,0,0,0,7,,,50,,,,,,,,,,,,,,,,,,,C03,,,1,,2,,,8,8,1,12,4,120.690704,24.098029,3
5407,66000,387130000C,(04)23274275,(04)23288582,2025,2,14,18,53,臺中市,西區,0,0,0,6,,,50,,,,,,,,,,,,,,,,,,,C03,,,1,,1,,,7,7,1,12,4,120.659248,24.133511,3
5408,66000,387130000C,(04)23274275,(04)23288582,2025,2,14,18,54,臺中市,西區,0,2,0,7,1,6,50,4,1,1,5,4,6,6,1,1,10,5,5,2,17,2,9,5,4,C03,7,9,1,10,2,11,,84,84,1,12,4,120.661744,24.14886,2
5409,66000,387130000C,(04)23274275,(04)23288582,2025,2,14,18,56,臺中市,大肚區,0,0,0,7,,,50,,,,,,,,,,,,,,12,,,,,B03,,,1,,1,,,84,84,1,6,4,120.581085,24.173577,3
5410,66000,387130000C,(04)23274275,(04)23288582,2025,2,14,18,57,臺中市,太平區,0,0,0,7,,,50,,,,,,,,,,,,,,13,,,,,B02,,,1,,2,,,84,84,1,12,4,120.733314,24.146175,3
5411,66000,387130000C,(04)23274275,(04)23288582,2025,2,14,19,0,臺中市,北屯區,0,1,0,7,1,6,50,4,1,1,5,4,6,6,1,1,10,5,5,2,16,3,10,5,4,B03,7,5,1,8,2,5,,20,20,1,12,4,120.663111,24.195473,2
5412,66000,387130000C,(04)23274275,(04)23288582,2025,2,14,19,2,臺中市,西屯區,0,2,0,7,1,6,40,3,1,1,5,4,6,6,4,4,4,3,4,2,13,2,9,5,4,C03,7,9,1,10,2,11,,7,7,1,13,4,120.649356,24.175396,2
5413,66000,387130000C,(04)23274275,(04)23288582,2025,2,14,19,3,臺中市,大雅區,0,2,0,7,1,6,60,13,7,1,5,4,6,6,4,4,1,5,4,1,13,2,7,1,1,C03,7,9,1,10,2,11,14,84,84,1,13,4,120.645202,24.225274,2
5414,66000,387130000C,(04)23274275,(04)23288582,2025,2,14,19,8,臺中市,西屯區,0,1,0,7,2,6,40,13,8,1,5,4,6,6,4,4,5,4,4,2,17,3,10,2,1,C03,7,9,1,10,2,11,,84,84,1,5,4,120.648245,24.174739,2
5415,66000,387130000C,(04)23274275,(04)23288582,2025,2,14,19,10,臺中市,西屯區,0,1,0,7,1,6,50,4,1,1,5,4,6,6,1,1,9,4,5,1,16,3,10,5,4,B03,7,6,1,8,2,2,,11,11,1,13,4,120.652693,24.166504,2
5416,66000,387130000C,(04)23274275,(04)23288582,2025,2,14,19,14,臺中市,南屯區,0,0,0,7,,,50,,,,,,,,,,,,,,12,,,,,B03,,,1,,1,,,50,50,1,13,4,120.647018,24.148946,3
5417,66000,387130000C,(04)23274275,(04)23288582,2025,2,14,19,16,臺中市,梧棲區,0,0,0,7,,,60,,,,,,,,,,,,,,13,,,,,B03,,,1,,1,,,84,84,1,12,4,120.524746,24.223542,3
5418,66000,387130000C,(04)23274275,(04)23288582,2025,2,14,19,19,臺中市,大肚區,0,0,0,7,,,50,,,,,,,,,,,,,,25,,,,,A11,,,1,,2,,,8,8,1,6,4,120.573969,24.159344,3
5419,66000,387130000C,(04)23274275,(04)23288582,2025,2,14,19,21,臺中市,大里區,0,0,0,6,1,6,50,11,7,2,5,4,6,6,1,1,1,4,4,1,17,,,,,A12,,,1,,2,,,84,84,1,12,4,120.689973,24.120445,3
5420,66000,387130000C,(04)23274275,(04)23288582,2025,2,14,19,23,臺中市,沙鹿區,0,1,0,7,1,6,50,4,1,1,5,4,6,6,3,1,10,5,5,2,13,2,9,2,1,C03,7,9,1,10,2,11,,7,7,1,6,4,120.57373,24.229068,2
5421,66000,387130000C,(04)23274275,(04)23288582,2025,2,14,19,23,臺中市,豐原區,0,0,0,7,,,30,,,,,,,,,,,,,,27,,,,,B03,,,1,,2,,,84,84,1,13,4,120.726224,24.258612,3
5422,66000,387130000C,(04)23274275,(04)23288582,2025,2,14,19,24,臺中市,清水區,0,2,0,6,1,6,50,13,9,1,5,4,6,6,4,4,5,5,5,1,12,2,9,2,1,C03,7,8,1,10,2,11,,39,39,1,12,4,120.575047,24.280783,2
5423,66000,387130000C,(04)23274275,(04)23288582,2025,2,14,19,25,臺中市,南屯區,0,1,0,7,1,6,50,13,9,1,5,4,6,6,4,4,5,2,5,2,17,2,9,1,1,C03,7,9,1,10,2,12,,84,84,1,6,4,120.640439,24.135033,2
5424,66000,387130000C,(04)23274275,(04)23288582,2025,2,14,19,26,臺中市,大里區,0,1,0,7,1,6,50,3,2,1,5,4,6,6,4,4,4,3,5,1,17,3,10,3,1,B02,7,6,1,8,2,5,,14,14,1,6,1,120.718478,24.096734,2
5425,66000,387130000C,(04)23274275,(04)23288582,2025,2,14,19,27,臺中市,南區,0,2,0,7,1,6,30,4,2,1,5,4,6,6,4,4,10,5,5,2,17,2,9,2,1,C03,7,6,1,10,2,11,,48,48,1,12,4,120.660788,24.110993,2
5426,66000,387130000C,(04)23274275,(04)23288582,2025,2,14,19,34,臺中市,西區,0,3,0,7,2,6,50,13,9,1,5,4,6,6,4,4,5,5,5,2,17,2,9,2,1,C03,7,1,1,10,2,14,,51,51,1,12,4,120.662436,24.149175,2
5427,66000,387130000C,(04)23274275,(04)23288582,2025,2,14,19,37,臺中市,西屯區,0,0,0,6,,,50,,,,,,,,,,,,,,,,,,,B03,,,1,,1,,,7,7,1,13,4,120.659916,24.163969,3
5428,66000,387130000C,(04)23274275,(04)23288582,2025,2,14,19,41,臺中市,南區,0,0,0,7,,,50,,,,,,,,,,,,,,17,,,,,B03,,,1,,2,,,84,84,1,12,4,120.679399,24.12407,3
5429,66000,387130000C,(04)23274275,(04)23288582,2025,2,14,19,42,臺中市,龍井區,0,1,0,7,1,6,40,3,1,1,5,4,6,6,2,1,10,5,5,2,12,2,8,1,1,C03,7,15,1,10,2,13,,8,8,1,6,4,120.58757,24.185618,2
5430,66000,387130000C,(04)23274275,(04)23288582,2025,2,14,19,44,臺中市,西屯區,0,0,0,7,,,50,,,,,,,,,,,,,,11,,,,,B03,,,1,,2,,,8,8,1,13,4,120.654832,24.16212,3
5431,66000,387130000C,(04)23274275,(04)23288582,2025,2,14,19,44,臺中市,西屯區,0,1,0,7,1,6,50,3,2,1,5,4,6,6,4,4,10,5,5,2,12,3,10,3,4,B03,7,7,1,8,1,2,,40,40,1,13,4,120.64024,24.176523,2
5432,66000,387130000C,(04)23274275,(04)23288582,2025,2,14,19,45,臺中市,北區,0,2,0,7,1,6,50,4,1,1,5,4,5,6,2,1,10,5,5,2,17,2,9,1,1,C03,7,6,1,10,2,14,,48,48,1,13,4,120.67075,24.159647,2
5433,66000,387130000C,(04)23274275,(04)23288582,2025,2,14,19,46,臺中市,南區,0,1,0,7,1,6,50,3,1,1,5,4,6,5,4,4,10,5,5,2,5,3,10,3,1,B03,7,9,1,8,2,5,,84,84,1,6,4,120.666817,24.12073,2
5434,66000,387130000C,(04)23274275,(04)23288582,2025,2,14,19,53,臺中市,北屯區,0,0,0,7,,,50,,,,,,,,,,,,,,13,,,,,B03,,,5,,2,,,58,58,1,12,4,120.671921,24.174121,3
5435,66000,387130000C,(04)23274275,(04)23288582,2025,2,14,19,53,臺中市,西屯區,0,1,0,7,1,6,50,4,1,1,5,4,6,6,2,1,10,5,5,2,12,3,10,3,1,B03,7,9,1,8,2,8,,7,7,1,12,4,120.644164,24.201417,2
5436,66000,387130000C,(04)23274275,(04)23288582,2025,2,14,19,55,臺中市,大甲區,0,1,0,7,2,6,50,4,1,1,5,4,6,6,4,4,10,5,5,2,15,3,10,3,1,B03,7,9,1,8,2,1,,13,13,1,6,4,120.653166,24.405648,2
5437,66000,387130000C,(04)23274275,(04)23288582,2025,2,14,20,2,臺中市,西屯區,0,0,0,7,,,50,,,,,,,,,,,,,,13,,,,,C03,,,1,,1,,,7,7,1,12,4,120.643003,24.176992,3
5438,66000,387130000C,(04)23274275,(04)23288582,2025,2,14,20,6,臺中市,烏日區,0,2,0,7,1,6,30,4,1,2,5,4,6,6,4,4,10,5,5,2,15,2,9,1,1,C03,7,9,1,10,2,12,,6,6,1,12,4,120.641586,24.102814,2
5439,66000,387130000C,(04)23274275,(04)23288582,2025,2,14,20,8,臺中市,北屯區,0,0,0,7,,,50,,,,,,,,,,,,,,14,,,,,B02,,,1,,2,,,49,49,1,12,4,120.719291,24.175428,3
5440,66000,387130000C,(04)23274275,(04)23288582,2025,2,14,20,10,臺中市,豐原區,0,1,0,7,1,6,50,3,2,1,5,4,6,6,3,1,1,4,4,1,16,3,10,3,1,B03,7,5,1,8,2,2,,11,11,1,13,4,120.712722,24.240953,2
5441,66000,387130000C,(04)23274275,(04)23288582,2025,2,14,20,15,臺中市,南區,0,0,0,7,,,50,,,,,,,,,,,,,,12,,,,,B03,,,1,,2,,,84,84,1,12,4,120.670105,24.114115,3
5442,66000,387130000C,(04)23274275,(04)23288582,2025,2,14,20,20,臺中市,南屯區,0,0,0,7,,,50,,,,,,,,,,,,,,,,,,,B03,,,1,,9,,,49,49,1,12,4,120.65058,24.137049,3
5443,66000,387130000C,(04)23274275,(04)23288582,2025,2,14,20,21,臺中市,北屯區,0,0,0,7,,,30,,,,,,,,,,,,,,13,,,,,C03,,,1,,1,,,7,7,1,13,4,120.668882,24.180018,3
5444,66000,387130000C,(04)23274275,(04)23288582,2025,2,14,20,28,臺中市,霧峰區,0,2,0,7,1,6,40,13,9,1,5,4,6,6,4,4,5,5,5,1,17,2,9,2,1,C03,7,1,1,10,2,11,,51,51,1,13,4,120.71498,24.076125,2
5445,66000,387130000C,(04)23274275,(04)23288582,2025,2,14,20,30,臺中市,烏日區,0,0,0,7,,,50,,,,,,,,,,,,,,12,,,,,B03,,,1,,2,,,7,7,1,6,4,120.614575,24.117502,3
5446,66000,387130000C,(04)23274275,(04)23288582,2025,2,14,20,37,臺中市,沙鹿區,0,1,0,7,1,6,50,4,1,1,5,4,6,6,1,1,10,5,5,2,17,3,10,3,1,B03,7,5,1,8,2,2,,84,84,1,6,4,120.568668,24.223157,2
5447,66000,387130000C,(04)23274275,(04)23288582,2025,2,14,20,39,臺中市,南屯區,0,0,0,7,,,50,,,,,,,,,,,,,,13,,,,,B03,,,1,,2,,,7,7,1,6,4,120.613395,24.149039,3
5448,66000,387130000C,(04)23274275,(04)23288582,2025,2,14,20,52,臺中市,西屯區,0,0,0,7,,,,,,,,,,,,,,,,,17,,,,,,,,,,,,,119,119,1,,,120.65725,24.165927,3
5449,66000,387130000C,(04)23274275,(04)23288582,2025,2,14,20,54,臺中市,潭子區,0,2,0,6,1,6,40,3,1,1,5,4,6,6,1,1,5,5,4,1,15,2,9,1,1,C03,7,9,1,10,2,11,,21,21,1,13,4,120.707319,24.211377,2
5450,66000,387130000C,(04)23274275,(04)23288582,2025,2,14,20,55,臺中市,豐原區,0,0,0,7,,,30,,,,,,,,,,,,,,11,,,,,C03,,,1,,2,,,41,41,1,13,4,120.722148,24.252352,3
5451,66000,387130000C,(04)23274275,(04)23288582,2025,2,14,21,1,臺中市,西屯區,0,0,0,7,,,40,,,,,,,,,,,,,,17,,,,,B03,,,1,,11,,,87,87,1,13,4,120.63758,24.175025,3
5452,66000,387130000C,(04)23274275,(04)23288582,2025,2,14,21,9,臺中市,南區,0,0,0,7,,,50,,,,,,,,,,,,,,17,,,,,C03,,,1,,2,,,7,7,1,12,4,120.680243,24.120617,3
5453,66000,387130000C,(04)23274275,(04)23288582,2025,2,14,21,10,臺中市,西屯區,0,0,0,7,,,50,,,,,,,,,,,,,,12,,,,,B03,,,1,,1,,,50,50,1,13,4,120.637711,24.162611,3
5454,66000,387130000C,(04)23274275,(04)23288582,2025,2,14,21,16,臺中市,西屯區,0,1,0,7,1,6,50,4,2,1,5,4,6,6,2,1,10,5,5,2,9,3,10,3,1,A02,7,12,1,1,2,16,,85,85,1,12,4,120.657326,24.196679,2
5455,66000,387130000C,(04)23274275,(04)23288582,2025,2,14,21,17,臺中市,東區,0,1,0,7,1,6,50,4,1,1,5,4,6,6,1,1,10,5,5,2,16,3,10,3,1,B03,7,6,1,8,2,1,,11,11,1,13,4,120.706603,24.140502,2
5456,66000,387130000C,(04)23274275,(04)23288582,2025,2,14,21,23,臺中市,豐原區,0,0,0,7,,,50,,,,,,,,,,,,,,13,,,,,B03,,,1,,2,,,84,84,1,13,4,120.721124,24.251954,3
5457,66000,387130000C,(04)23274275,(04)23288582,2025,2,14,21,31,臺中市,清水區,0,0,0,7,,,50,,,,,,,,,,,,,,,,,,,B03,,,1,,11,,,8,8,1,12,4,120.572218,24.263353,3
5458,66000,387130000C,(04)23274275,(04)23288582,2025,2,14,21,39,臺中市,潭子區,0,1,0,7,1,6,60,13,14,1,5,4,6,6,4,4,1,4,4,1,17,2,8,2,1,C03,7,15,1,10,2,12,,84,84,1,13,4,120.687179,24.213149,2
5459,66000,387130000C,(04)23274275,(04)23288582,2025,2,14,21,40,臺中市,大雅區,0,0,0,7,,,50,,,,,,,,,,,,,,,,,,,B03,,,1,,1,,,8,8,1,13,4,120.653693,24.221675,3
5460,66000,387130000C,(04)23274275,(04)23288582,2025,2,14,21,40,臺中市,大里區,0,1,0,7,1,6,50,3,2,1,5,4,6,6,4,4,9,4,4,1,17,3,10,3,1,B02,7,9,3,19,2,1,,84,84,1,12,4,120.681049,24.109499,2
5461,66000,387130000C,(04)23274275,(04)23288582,2025,2,14,21,43,臺中市,太平區,0,2,0,6,1,6,50,3,7,1,5,4,6,6,1,1,5,5,4,1,13,3,10,3,1,B03,7,9,1,8,2,1,,84,84,1,6,4,120.710077,24.158989,2
5462,66000,387130000C,(04)23274275,(04)23288582,2025,2,14,21,48,臺中市,北區,0,1,0,7,1,6,50,13,9,1,5,4,6,6,4,4,9,5,5,2,18,2,9,5,4,C03,7,9,1,10,1,12,,84,84,1,12,4,120.682465,24.161302,2
5463,66000,387130000C,(04)23274275,(04)23288582,2025,2,14,21,49,臺中市,太平區,0,0,0,7,1,3,80,,,,,,,,,,,,,,,,,,,B03,,,1,,1,1,,7,7,1,12,4,120.716269,24.153858,3
5464,66000,387130000C,(04)23274275,(04)23288582,2025,2,14,22,7,臺中市,東區,0,0,0,7,,,50,,,,,,,,,,,,,,17,,,,,B03,,,5,,2,,,59,59,1,6,4,120.706288,24.13674,3
5465,66000,387130000C,(04)23274275,(04)23288582,2025,2,14,22,10,臺中市,北區,0,0,0,7,,,50,,,,,,,,,,,,,,13,,,,,B03,,,3,,1,,,84,84,1,12,4,120.671502,24.162767,3
5466,66000,387130000C,(04)23274275,(04)23288582,2025,2,14,22,12,臺中市,太平區,0,3,0,6,1,6,50,3,1,1,5,4,6,6,1,1,5,5,4,1,17,2,9,1,1,C03,7,1,1,10,2,14,,25,25,1,6,4,120.72892,24.104295,2
5467,66000,387130000C,(04)23274275,(04)23288582,2025,2,14,22,14,臺中市,西區,0,2,0,7,1,6,50,4,2,1,5,4,6,6,4,4,5,4,5,1,18,2,9,2,1,C03,7,12,1,10,2,14,,84,84,1,13,4,120.659397,24.150705,2
5468,66000,387130000C,(04)23274275,(04)23288582,2025,2,14,22,15,臺中市,東區,0,0,0,7,,,30,,,,,,,,,,,,,,17,,,,,B03,,,1,,2,,,8,8,1,12,4,120.701938,24.132972,3
5469,66000,387130000C,(04)23274275,(04)23288582,2025,2,14,22,24,臺中市,神岡區,0,0,0,7,1,6,50,13,2,1,5,4,6,6,1,1,5,5,5,1,13,,,,,B03,,,1,,2,,,7,7,1,12,4,120.688855,24.239395,3
5470,66000,387130000C,(04)23274275,(04)23288582,2025,2,14,22,27,臺中市,南屯區,0,0,0,7,,,50,,,,,,,,,,,,,,,,,,,C03,,,1,,9,,,59,59,1,12,4,120.638504,24.142193,3
5471,66000,387130000C,(04)23274275,(04)23288582,2025,2,14,22,31,臺中市,大雅區,0,0,0,7,,,50,,,,,,,,,,,,,,,,,,,B03,,,1,,2,,,7,7,1,12,4,120.633003,24.205641,3
5472,66000,387130000C,(04)23274275,(04)23288582,2025,2,14,22,37,臺中市,大雅區,0,0,0,7,,,30,,,,,,,,,,,,,,,,,,,B03,,,5,,2,,,84,84,1,13,4,120.652774,24.219595,3
5473,66000,387130000C,(04)23274275,(04)23288582,2025,2,14,22,42,臺中市,西屯區,0,1,0,6,1,6,40,4,2,1,5,4,6,6,2,1,10,5,1,2,12,2,9,1,1,C03,7,9,2,19,2,14,,8,8,1,13,4,120.630765,24.162551,2
5474,66000,387130000C,(04)23274275,(04)23288582,2025,2,14,22,43,臺中市,西區,0,1,0,7,1,6,50,3,2,1,5,4,6,6,4,4,5,4,5,2,17,3,10,3,1,B01,7,1,1,4,2,4,8,39,39,1,12,4,120.661555,24.145802,2
5475,66000,387130000C,(04)23274275,(04)23288582,2025,2,14,22,44,臺中市,后里區,0,0,0,7,1,6,30,13,9,1,5,4,6,6,4,4,10,5,5,2,17,3,10,3,1,B03,7,9,1,8,2,5,2,84,84,1,12,4,120.723614,24.30797,3
5476,66000,387130000C,(04)23274275,(04)23288582,2025,2,14,22,46,臺中市,西屯區,0,0,0,7,,,50,,,,,,,,,,,,,,12,,,,,B03,,,1,,1,,,40,40,1,13,4,120.659549,24.19368,3
5477,66000,387130000C,(04)23274275,(04)23288582,2025,2,14,22,59,臺中市,西屯區,0,0,0,7,,,50,,,,,,,,,,,,,,,,,,,B03,,,1,,2,,,84,84,1,12,4,120.623941,24.180853,3
5478,66000,387130000C,(04)23274275,(04)23288582,2025,2,14,23,14,臺中市,大肚區,0,0,0,7,,,30,,,,,,,,,,,,,,,,,,,C03,,,1,,9,,,59,59,1,6,4,120.543825,24.150357,3
5479,66000,387130000C,(04)23274275,(04)23288582,2025,2,14,23,14,臺中市,豐原區,0,1,0,7,1,6,50,3,2,1,5,4,6,6,3,1,1,2,5,1,17,2,9,2,4,C03,7,9,1,10,2,11,,84,84,1,13,4,120.721956,24.27562,2
5480,66000,387130000C,(04)23274275,(04)23288582,2025,2,14,23,21,臺中市,西屯區,0,1,0,7,1,6,50,3,1,1,5,4,6,6,4,4,10,5,5,1,12,3,10,3,1,B03,7,5,1,8,2,2,,47,47,1,12,4,120.616243,24.179274,2