序號,縣市別代碼,機關代碼,市話,傳真,年,月,日,時,分,縣市,區,死亡數量,受傷數量,2-30,天候,道路照明設備,道路類別,道路速限,道路型態,事故位置,路面鋪裝,路面狀態,路面缺陷,障礙物,視距,號誌種類,號誌動作,分向設施,快車道或一般車道間,快慢車道間,路面邊線,事故類型及型態,受傷程度,主要傷處,保護裝備,行動電話或功能裝置,當事者區分(類別),車輛用途,當事者行動狀態,駕照狀態,駕照種類,飲酒情形,車輛撞擊部位最初,車輛撞擊部位其他,肇事因素個別,肇事因素主要,肇事逃逸,職業,共享經濟或外送平台,GPS座標X,GPS座標Y,事故類別
5925,66000,387130000C,(04)23274275,(04)23288582,2025,2,16,8,36,臺中市,太平區,0,0,0,7,,,50,,,,,,,,,,,,,,13,,,,,C03,,,1,,1,,,7,7,1,12,4,120.726803,24.149904,3
5926,66000,387130000C,(04)23274275,(04)23288582,2025,2,16,8,47,臺中市,沙鹿區,0,1,0,7,3,6,30,4,1,1,5,4,6,6,4,4,10,5,5,2,15,2,8,2,1,C03,7,9,1,10,2,14,,12,12,1,12,4,120.550034,24.217098,2
5927,66000,387130000C,(04)23274275,(04)23288582,2025,2,16,8,53,臺中市,后里區,0,1,0,7,3,6,50,4,1,1,5,4,6,6,4,4,10,5,5,2,15,2,7,1,1,C03,7,9,1,10,2,12,,15,15,1,12,4,120.715851,24.308525,2
5928,66000,387130000C,(04)23274275,(04)23288582,2025,2,16,9,0,臺中市,大雅區,0,0,0,7,,,50,,,,,,,,,,,,,,,,,,,,,,,,,,,86,86,1,,,120.656861,24.221707,3
5929,66000,387130000C,(04)23274275,(04)23288582,2025,2,16,9,2,臺中市,南屯區,0,0,0,7,,,50,,,,,,,,,,,,,,,,,,,C03,,,1,,1,,,14,14,1,13,4,120.645436,24.139706,3
5930,66000,387130000C,(04)23274275,(04)23288582,2025,2,16,9,5,臺中市,霧峰區,0,0,0,7,,,40,,,,,,,,,,,,,,,,,,,B03,,,1,,2,,,84,84,1,6,4,120.662944,24.063028,3
5931,66000,387130000C,(04)23274275,(04)23288582,2025,2,16,9,11,臺中市,龍井區,0,0,0,7,,,50,,,,,,,,,,,,,,,,,,,C03,,,1,,2,,,48,48,1,12,4,120.526084,24.215515,3
5932,66000,387130000C,(04)23274275,(04)23288582,2025,2,16,9,15,臺中市,南屯區,0,0,0,7,,,40,,,,,,,,,,,,,,13,,,,,B03,,,1,,1,,,7,7,1,12,4,120.623033,24.140267,3
5933,66000,387130000C,(04)23274275,(04)23288582,2025,2,16,9,18,臺中市,東區,0,2,0,7,1,6,50,4,1,1,5,4,6,6,1,1,10,5,5,2,17,3,10,3,1,B03,7,5,1,8,2,6,,11,11,1,12,4,120.701504,24.14022,2
5934,66000,387130000C,(04)23274275,(04)23288582,2025,2,16,9,25,臺中市,沙鹿區,0,0,0,7,,,50,,,,,,,,,,,,,,,,,,,B02,,,1,,1,,,84,84,1,13,4,120.571341,24.242717,3
5935,66000,387130000C,(04)23274275,(04)23288582,2025,2,16,9,32,臺中市,北區,0,1,0,7,3,6,50,4,2,1,5,4,6,6,1,1,3,2,5,2,12,3,10,5,4,B03,7,9,1,8,2,5,,8,8,1,13,4,120.683437,24.15371,2
5936,66000,387130000C,(04)23274275,(04)23288582,2025,2,16,9,32,臺中市,東區,0,2,0,7,3,6,50,13,9,1,5,4,6,6,4,4,10,5,5,2,17,2,9,2,1,C03,7,1,1,10,2,12,,51,51,1,6,4,120.693862,24.134774,2
5937,66000,387130000C,(04)23274275,(04)23288582,2025,2,16,9,35,臺中市,北屯區,0,1,0,7,2,6,50,3,2,1,5,4,6,6,1,1,5,2,4,2,13,3,10,5,4,B03,7,9,1,8,2,1,,84,84,1,12,4,120.702375,24.15983,2
5938,66000,387130000C,(04)23274275,(04)23288582,2025,2,16,9,38,臺中市,北區,0,0,0,7,,,50,,,,,,,,,,,,,,,,,,,C03,,,3,,2,,,84,84,1,13,4,120.686682,24.155963,4
5939,66000,387130000C,(04)23274275,(04)23288582,2025,2,16,9,39,臺中市,北屯區,0,0,0,7,,,50,,,,,,,,,,,,,,13,,,,,B03,,,1,,2,,,59,59,1,6,4,120.720092,24.161701,3
5940,66000,387130000C,(04)23274275,(04)23288582,2025,2,16,9,46,臺中市,東區,0,1,0,7,3,6,50,4,1,1,5,4,6,6,1,1,10,5,5,2,15,2,9,1,1,C03,7,9,1,10,2,11,,21,21,1,6,4,120.690163,24.131725,2
5941,66000,387130000C,(04)23274275,(04)23288582,2025,2,16,10,2,臺中市,南區,0,0,0,7,,,,,,,,,,,,,,,,,,,,,,,,,,,,,,119,119,1,,,120.662535,24.121611,3
5942,66000,387130000C,(04)23274275,(04)23288582,2025,2,16,10,11,臺中市,西區,0,0,0,7,,,50,,,,,,,,,,,,,,,,,,,B03,,,1,,2,,,85,85,1,6,4,120.667655,24.129615,3
5943,66000,387130000C,(04)23274275,(04)23288582,2025,2,16,10,13,臺中市,北屯區,0,0,0,6,,,60,,,,,,,,,,,,,,13,,,,,B03,,,1,,1,,,84,84,1,13,4,120.718572,24.163167,3
5944,66000,387130000C,(04)23274275,(04)23288582,2025,2,16,10,17,臺中市,東勢區,0,2,0,7,2,6,50,13,9,1,5,4,6,6,4,4,2,4,5,1,2,2,9,5,4,C03,7,9,1,10,2,11,,84,84,1,13,4,120.819783,24.260954,2
5945,66000,387130000C,(04)23274275,(04)23288582,2025,2,16,10,24,臺中市,北區,0,1,0,7,2,6,50,3,2,1,5,4,6,6,4,4,5,5,5,2,17,2,9,5,1,C03,7,9,1,10,2,11,,7,7,1,13,4,120.67123,24.171848,2
5946,66000,387130000C,(04)23274275,(04)23288582,2025,2,16,10,32,臺中市,南屯區,0,1,0,7,3,6,50,3,1,1,5,4,6,6,4,4,7,2,5,2,12,3,10,1,1,C03,7,5,1,10,3,13,,14,14,1,6,4,120.63657,24.140944,2
5947,66000,387130000C,(04)23274275,(04)23288582,2025,2,16,10,40,臺中市,大雅區,0,2,0,7,2,6,40,3,2,1,5,4,6,6,1,1,10,4,5,1,17,2,9,1,1,C03,7,9,1,10,2,11,,7,7,1,12,4,120.649454,24.213627,2
5948,66000,387130000C,(04)23274275,(04)23288582,2025,2,16,10,40,臺中市,大雅區,0,0,0,7,,,30,,,,,,,,,,,,,,24,,,,,B03,,,1,,1,,,84,84,1,13,4,120.660063,24.208964,3
5949,66000,387130000C,(04)23274275,(04)23288582,2025,2,16,10,40,臺中市,神岡區,0,0,0,7,,,50,,,,,,,,,,,,,,17,,,,,B03,,,1,,2,,,59,59,1,13,4,120.680066,24.266165,3
5950,66000,387130000C,(04)23274275,(04)23288582,2025,2,16,10,41,臺中市,南屯區,0,1,0,7,3,6,50,13,9,1,5,4,6,6,4,4,10,4,5,2,17,3,10,5,4,B03,7,1,1,8,2,7,,51,51,1,6,4,120.634786,24.151858,2
5951,66000,387130000C,(04)23274275,(04)23288582,2025,2,16,10,41,臺中市,大里區,0,0,0,7,,,40,,,,,,,,,,,,,,13,,,,,C03,,,1,,2,,,7,7,1,6,4,120.696076,24.096602,3
5952,66000,387130000C,(04)23274275,(04)23288582,2025,2,16,10,50,臺中市,東區,0,2,0,7,1,6,50,13,7,1,5,4,6,6,4,4,5,4,4,2,17,2,9,1,1,C03,7,6,1,10,2,12,,39,39,1,12,4,120.698007,24.144828,2
5953,66000,387130000C,(04)23274275,(04)23288582,2025,2,16,10,51,臺中市,霧峰區,0,0,0,7,,,70,,,,,,,,,,,,,,13,,,,,B03,,,1,,2,,,58,58,1,13,4,120.663706,24.076407,3
5954,66000,387130000C,(04)23274275,(04)23288582,2025,2,16,11,1,臺中市,西區,0,2,0,7,2,6,50,4,2,1,5,4,6,6,1,1,5,5,5,2,27,2,9,2,1,C03,7,9,1,10,2,12,,84,84,1,13,4,120.665022,24.148874,2
5955,66000,387130000C,(04)23274275,(04)23288582,2025,2,16,11,1,臺中市,南屯區,0,0,0,7,,,50,,,,,,,,,,,,,,,,,,,B03,,,1,,2,,,59,59,1,13,4,120.645077,24.129514,3
5956,66000,387130000C,(04)23274275,(04)23288582,2025,2,16,11,1,臺中市,太平區,0,1,0,7,3,6,50,4,1,1,5,4,6,6,2,1,10,5,5,2,16,3,10,2,1,C03,7,6,1,10,2,13,,39,39,1,12,4,120.713919,24.145024,2
5957,66000,387130000C,(04)23274275,(04)23288582,2025,2,16,11,6,臺中市,東勢區,0,0,0,7,,,50,,,,,,,,,,,,,,1,,,,,B03,,,1,,9,,,8,8,2,13,4,120.839773,24.202006,3
5958,66000,387130000C,(04)23274275,(04)23288582,2025,2,16,11,10,臺中市,北屯區,0,1,0,7,2,6,50,4,1,1,5,4,6,6,4,4,10,5,5,2,15,3,10,5,4,B03,7,9,1,8,2,5,,15,15,1,12,4,120.701712,24.185841,2
5959,66000,387130000C,(04)23274275,(04)23288582,2025,2,16,11,12,臺中市,后里區,0,1,0,7,3,6,60,13,7,1,5,4,6,6,4,4,1,4,4,2,18,2,9,2,1,C03,7,9,1,10,8,11,14,59,59,1,12,4,120.723622,24.314329,2
5960,66000,387130000C,(04)23274275,(04)23288582,2025,2,16,11,18,臺中市,東勢區,0,2,0,7,2,6,50,4,9,1,5,4,6,6,1,1,5,4,4,1,15,2,9,5,4,B03,7,9,1,7,2,4,,21,21,1,13,4,120.825002,24.266706,2
5961,66000,387130000C,(04)23274275,(04)23288582,2025,2,16,11,18,臺中市,豐原區,0,1,0,7,2,6,50,13,9,1,5,4,6,6,4,4,1,4,5,2,13,2,9,5,4,C03,7,9,1,10,2,11,,54,54,1,12,4,120.709368,24.249954,2
5962,66000,387130000C,(04)23274275,(04)23288582,2025,2,16,11,19,臺中市,沙鹿區,0,1,0,7,2,6,50,4,1,1,5,4,6,6,1,1,3,4,4,2,17,3,10,3,1,B03,7,11,1,8,2,2,,45,45,1,13,4,120.559828,24.238001,2
5963,66000,387130000C,(04)23274275,(04)23288582,2025,2,16,11,29,臺中市,北屯區,0,1,0,7,2,6,50,13,7,1,5,4,6,6,4,4,5,4,4,2,12,3,10,3,1,B03,7,9,1,8,2,5,,59,59,1,12,4,120.692744,24.168499,2
5964,66000,387130000C,(04)23274275,(04)23288582,2025,2,16,11,31,臺中市,北屯區,0,0,0,7,,,40,,,,,,,,,,,,,,11,,,,,B03,,,1,,1,,,41,41,1,6,4,120.750099,24.187538,3
5965,66000,387130000C,(04)23274275,(04)23288582,2025,2,16,11,37,臺中市,南屯區,0,0,0,7,,,50,,,,,,,,,,,,,,14,,,,,B03,,,1,,1,,,82,82,1,12,4,120.648335,24.13335,4
5966,66000,387130000C,(04)23274275,(04)23288582,2025,2,16,11,38,臺中市,清水區,0,1,0,7,2,6,40,5,1,1,5,4,6,6,2,1,1,2,4,1,15,3,10,2,1,C03,7,9,3,19,2,12,,21,21,1,13,4,120.577254,24.275611,2
5967,66000,387130000C,(04)23274275,(04)23288582,2025,2,16,11,40,臺中市,北屯區,0,0,0,7,,,30,,,,,,,,,,,,,,17,,,,,B03,,,1,,1,,,84,84,1,13,4,120.704077,24.169368,3
5968,66000,387130000C,(04)23274275,(04)23288582,2025,2,16,11,42,臺中市,神岡區,0,0,0,7,,,50,,,,,,,,,,,,,,16,,,,,C03,,,1,,2,,,48,48,1,12,4,120.657015,24.264366,3
5969,66000,387130000C,(04)23274275,(04)23288582,2025,2,16,11,49,臺中市,北屯區,0,2,0,7,2,6,30,13,9,1,5,4,6,6,4,4,10,5,5,2,17,3,10,5,4,B03,7,1,1,8,2,8,,51,51,1,12,4,120.697288,24.165836,2
5970,66000,387130000C,(04)23274275,(04)23288582,2025,2,16,11,51,臺中市,中區,0,3,0,7,2,6,50,4,1,1,5,4,6,6,2,1,5,4,4,2,16,3,10,3,1,B03,7,6,1,8,2,2,,11,11,1,12,4,120.677585,24.144107,2
5971,66000,387130000C,(04)23274275,(04)23288582,2025,2,16,11,58,臺中市,后里區,0,0,0,7,,,50,,,,,,,,,,,,,,,,,,,B03,,,1,,1,,,77,77,1,12,4,120.7233,24.309041,4
5972,66000,387130000C,(04)23274275,(04)23288582,2025,2,16,12,0,臺中市,大里區,0,1,0,7,3,6,40,4,1,1,5,4,6,6,4,4,10,5,5,2,16,3,10,1,1,C03,7,6,3,19,2,14,,48,48,1,6,4,120.712209,24.084432,2
5973,66000,387130000C,(04)23274275,(04)23288582,2025,2,16,12,1,臺中市,北區,0,2,0,7,2,6,50,13,9,1,5,4,6,6,4,4,5,5,5,2,17,2,9,1,1,C03,7,9,1,10,2,11,,84,84,1,12,4,120.684105,24.157647,2
5974,66000,387130000C,(04)23274275,(04)23288582,2025,2,16,12,2,臺中市,北屯區,0,1,0,7,2,6,50,4,2,1,5,4,6,6,2,1,1,2,5,2,17,3,10,3,1,B03,7,14,1,8,2,2,,77,77,1,12,4,120.68534,24.172494,2
5975,66000,387130000C,(04)23274275,(04)23288582,2025,2,16,12,3,臺中市,北區,0,0,0,7,,,50,,,,,,,,,,,,,,,,,,,B03,,,1,,2,,,84,84,1,13,4,120.676083,24.157732,3
5976,66000,387130000C,(04)23274275,(04)23288582,2025,2,16,12,4,臺中市,太平區,0,2,0,7,2,6,50,4,2,1,5,4,6,6,2,1,5,2,4,1,12,3,10,3,1,B03,7,6,1,8,2,5,,84,84,1,12,4,120.737819,24.131346,2
5977,66000,387130000C,(04)23274275,(04)23288582,2025,2,16,12,6,臺中市,西屯區,0,0,0,7,2,6,50,13,9,1,5,4,6,6,4,4,4,5,5,2,9,3,10,2,4,C03,7,5,1,10,2,11,,8,8,1,12,4,120.664786,24.168492,3
5978,66000,387130000C,(04)23274275,(04)23288582,2025,2,16,12,7,臺中市,大雅區,0,0,0,7,,,70,,,,,,,,,,,,,,,,,,,B02,,,1,,9,,,8,8,1,13,4,120.63698,24.234716,3
5979,66000,387130000C,(04)23274275,(04)23288582,2025,2,16,12,9,臺中市,北區,0,0,0,7,2,6,50,13,9,1,5,4,6,6,4,4,3,4,5,2,17,,,,,B03,,,1,,1,,,43,43,1,12,4,120.664302,24.162636,3
5980,66000,387130000C,(04)23274275,(04)23288582,2025,2,16,12,9,臺中市,太平區,0,0,0,7,,,50,,,,,,,,,,,,,,13,,,,,B12,,,5,,2,,,7,7,1,12,4,120.700492,24.151934,3
5981,66000,387130000C,(04)23274275,(04)23288582,2025,2,16,12,10,臺中市,北屯區,0,0,0,7,,,50,,,,,,,,,,,,,,17,,,,,B03,,,1,,1,,,50,50,1,6,4,120.691582,24.169813,3
5982,66000,387130000C,(04)23274275,(04)23288582,2025,2,16,12,10,臺中市,清水區,0,1,0,7,3,6,50,4,1,1,5,4,6,6,4,4,5,5,5,1,16,2,9,2,1,C03,7,6,3,19,2,11,,14,14,1,12,4,120.597466,24.306151,2
5983,66000,387130000C,(04)23274275,(04)23288582,2025,2,16,12,11,臺中市,沙鹿區,0,0,0,7,,,40,,,,,,,,,,,,,,,,,,,C03,,,1,,2,,,8,8,1,13,4,120.560628,24.240416,3
5984,66000,387130000C,(04)23274275,(04)23288582,2025,2,16,12,20,臺中市,霧峰區,0,1,0,7,2,6,50,13,9,1,5,4,6,6,4,4,1,4,4,2,16,3,10,3,1,B03,7,7,1,8,2,2,,40,40,1,12,4,120.695911,24.011843,2
5985,66000,387130000C,(04)23274275,(04)23288582,2025,2,16,12,21,臺中市,清水區,0,2,0,7,2,6,40,13,8,1,5,4,6,6,3,1,1,4,4,1,13,2,9,2,1,C03,7,9,1,10,2,11,,84,84,1,13,4,120.572104,24.261107,2
5986,66000,387130000C,(04)23274275,(04)23288582,2025,2,16,12,24,臺中市,南屯區,0,0,0,7,,,60,,,,,,,,,,,,,,17,,,,,F01,,,7,,1,,,59,59,1,3,4,120.64892,24.153939,3
5987,66000,387130000C,(04)23274275,(04)23288582,2025,2,16,12,27,臺中市,豐原區,0,0,0,7,,,50,,,,,,,,,,,,,,13,,,,,C03,,,1,,1,,,7,7,1,13,4,120.714315,24.251752,3
5988,66000,387130000C,(04)23274275,(04)23288582,2025,2,16,12,28,臺中市,南區,0,1,0,7,2,6,50,13,9,1,5,4,6,6,4,4,1,3,5,2,17,2,9,1,1,C03,7,9,1,10,2,16,,85,85,1,13,4,120.679287,24.120517,2
5989,66000,387130000C,(04)23274275,(04)23288582,2025,2,16,12,30,臺中市,豐原區,0,0,0,7,,,50,,,,,,,,,,,,,,16,,,,,B03,,,1,,2,,,47,47,1,12,4,120.714744,24.24597,4
5990,66000,387130000C,(04)23274275,(04)23288582,2025,2,16,12,31,臺中市,南屯區,0,2,0,7,3,6,40,3,1,1,5,4,6,6,4,4,10,5,5,2,16,2,7,2,4,C03,7,6,1,10,2,14,,14,14,1,6,2,120.624482,24.116328,2
5991,66000,387130000C,(04)23274275,(04)23288582,2025,2,16,12,32,臺中市,東區,0,1,0,7,3,6,50,13,9,1,5,4,6,6,4,4,1,4,5,2,17,2,9,1,1,C03,7,9,5,19,2,14,,6,6,1,6,4,120.698389,24.149981,2
5992,66000,387130000C,(04)23274275,(04)23288582,2025,2,16,12,33,臺中市,太平區,0,1,0,7,3,6,50,11,9,1,5,4,6,6,4,4,3,4,5,2,16,3,10,3,1,B03,7,1,1,8,2,7,,51,51,1,12,4,120.711241,24.150463,2
5993,66000,387130000C,(04)23274275,(04)23288582,2025,2,16,12,33,臺中市,大甲區,0,0,0,7,,,50,,,,,,,,,,,,,,13,,,,,C03,,,1,,1,,,7,7,1,6,4,120.620659,24.345609,3
5994,66000,387130000C,(04)23274275,(04)23288582,2025,2,16,12,34,臺中市,南屯區,0,1,0,7,3,6,50,4,1,1,5,4,6,6,1,1,5,5,4,2,16,3,10,3,1,B03,7,6,1,8,2,6,,11,11,1,12,4,120.610334,24.135676,2
5995,66000,387130000C,(04)23274275,(04)23288582,2025,2,16,12,35,臺中市,南屯區,0,0,0,7,,,30,,,,,,,,,,,,,,12,,,,,B03,,,1,,9,,,8,8,1,12,4,120.609997,24.139229,3
5996,66000,387130000C,(04)23274275,(04)23288582,2025,2,16,12,37,臺中市,霧峰區,0,1,0,7,2,6,50,13,9,1,5,4,6,6,4,4,10,5,5,1,13,2,9,2,1,C03,7,9,1,10,2,11,,7,7,1,6,4,120.687243,24.067642,2
5997,66000,387130000C,(04)23274275,(04)23288582,2025,2,16,12,37,臺中市,后里區,0,1,0,7,2,6,50,4,1,1,5,4,6,6,1,1,5,5,4,1,17,3,10,3,1,B03,7,1,1,8,2,2,,51,51,1,12,4,120.70643,24.306776,2
5998,66000,387130000C,(04)23274275,(04)23288582,2025,2,16,12,43,臺中市,西屯區,0,1,0,7,2,6,40,13,9,1,5,4,6,6,4,4,3,5,5,2,16,3,10,2,4,C03,7,5,1,10,2,13,,47,47,1,13,4,120.59354,24.182644,2
5999,66000,387130000C,(04)23274275,(04)23288582,2025,2,16,12,45,臺中市,北屯區,0,1,0,7,3,6,50,13,9,1,5,4,6,6,4,4,5,4,4,2,13,2,9,2,1,C03,7,9,1,10,2,11,,59,59,1,13,4,120.730904,24.166683,2
6000,66000,387130000C,(04)23274275,(04)23288582,2025,2,16,12,47,臺中市,大里區,0,0,0,7,,,30,,,,,,,,,,,,,,14,,,,,C03,,,1,,2,,,49,49,1,13,4,120.689369,24.113377,3
6001,66000,387130000C,(04)23274275,(04)23288582,2025,2,16,13,1,臺中市,北區,0,0,0,7,2,6,50,13,9,1,5,4,6,6,4,4,1,4,5,1,13,3,10,3,1,B03,7,9,1,8,1,1,,56,56,1,11,4,120.682007,24.163015,3
6002,66000,387130000C,(04)23274275,(04)23288582,2025,2,16,13,14,臺中市,西屯區,0,1,0,7,2,6,50,13,9,1,5,4,6,6,4,4,5,4,5,2,17,3,10,3,1,B01,7,9,1,4,1,5,,8,8,2,12,4,120.66082,24.164126,2
6003,66000,387130000C,(04)23274275,(04)23288582,2025,2,16,13,20,臺中市,北屯區,0,2,0,7,2,6,50,4,4,1,5,4,6,6,2,1,3,3,5,2,12,2,9,2,1,C03,7,9,1,10,9,12,,7,7,1,13,4,120.690404,24.185433,2
6004,66000,387130000C,(04)23274275,(04)23288582,2025,2,16,13,25,臺中市,東區,0,0,0,7,,,50,,,,,,,,,,,,,,,,,,,B03,,,1,,2,,,7,7,1,6,4,120.697162,24.139603,3
6005,66000,387130000C,(04)23274275,(04)23288582,2025,2,16,13,25,臺中市,沙鹿區,0,0,0,7,,,30,,,,,,,,,,,,,,11,,,,,B03,,,1,,2,,,8,8,1,6,4,120.564426,24.250847,3
6006,66000,387130000C,(04)23274275,(04)23288582,2025,2,16,13,28,臺中市,南屯區,0,1,0,7,2,6,50,13,9,1,5,4,6,6,4,4,5,4,5,2,13,2,9,1,1,C03,7,9,1,10,2,11,,59,59,1,13,4,120.650433,24.136361,2
6007,66000,387130000C,(04)23274275,(04)23288582,2025,2,16,13,30,臺中市,西屯區,0,2,0,7,2,6,50,4,1,1,5,4,6,6,2,1,10,5,5,2,12,2,9,2,1,C03,7,9,1,10,2,14,,84,84,1,12,4,120.655344,24.178096,2
6008,66000,387130000C,(04)23274275,(04)23288582,2025,2,16,13,30,臺中市,大甲區,0,2,0,7,2,6,50,13,9,1,5,4,6,6,4,4,10,5,5,2,16,3,10,3,1,B03,7,1,1,8,2,4,,51,51,1,6,4,120.621323,24.348585,2
6009,66000,387130000C,(04)23274275,(04)23288582,2025,2,16,13,30,臺中市,豐原區,0,1,0,7,2,6,50,4,1,1,5,4,6,6,1,1,10,5,5,2,3,3,10,3,1,B03,7,5,1,8,2,1,,10,10,1,13,4,120.722272,24.254044,2
6010,66000,387130000C,(04)23274275,(04)23288582,2025,2,16,13,31,臺中市,北區,0,2,0,7,3,6,50,4,2,1,5,4,6,6,2,1,3,2,4,2,16,3,10,5,4,B03,7,6,1,8,2,2,,11,11,1,13,4,120.685725,24.155948,2
6011,66000,387130000C,(04)23274275,(04)23288582,2025,2,16,13,35,臺中市,大甲區,0,0,0,7,,,40,,,,,,,,,,,,,,13,,,,,C03,,,2,,2,,,59,59,1,13,4,120.623493,24.343462,3
6012,66000,387130000C,(04)23274275,(04)23288582,2025,2,16,13,36,臺中市,北屯區,0,1,0,7,2,6,50,4,1,1,5,4,6,6,1,1,10,5,5,2,15,3,10,3,1,B03,7,9,1,8,2,1,,21,21,1,12,4,120.670852,24.196659,2
6013,66000,387130000C,(04)23274275,(04)23288582,2025,2,16,13,39,臺中市,東勢區,0,0,0,7,1,6,60,4,2,1,5,4,6,6,1,1,5,4,4,1,12,3,10,5,4,C04,7,8,1,10,11,14,,40,40,1,13,4,120.823895,24.261922,3
6014,66000,387130000C,(04)23274275,(04)23288582,2025,2,16,13,42,臺中市,大里區,0,0,0,7,,,50,,,,,,,,,,,,,,17,,,,,B03,,,1,,2,,,51,51,1,12,4,120.679477,24.116603,3
6015,66000,387130000C,(04)23274275,(04)23288582,2025,2,16,13,45,臺中市,霧峰區,0,0,0,7,,,50,,,,,,,,,,,,,,13,,,,,B03,,,1,,1,,,58,58,1,13,4,120.697142,24.06662,3
6016,66000,387130000C,(04)23274275,(04)23288582,2025,2,16,13,47,臺中市,北屯區,0,0,0,7,,,50,,,,,,,,,,,,,,12,,,,,C03,,,1,,9,,,8,8,2,6,4,120.709255,24.182516,3
6017,66000,387130000C,(04)23274275,(04)23288582,2025,2,16,13,47,臺中市,北屯區,0,0,0,7,,,50,,,,,,,,,,,,,,12,,,,,B03,,,1,,1,,,40,40,1,6,4,120.718947,24.162603,3
6018,66000,387130000C,(04)23274275,(04)23288582,2025,2,16,13,49,臺中市,梧棲區,0,2,0,7,2,6,40,3,1,1,5,4,6,6,1,1,10,5,5,2,13,2,9,1,1,C03,7,9,1,10,2,11,,7,7,1,6,4,120.537353,24.252209,2
6019,66000,387130000C,(04)23274275,(04)23288582,2025,2,16,13,59,臺中市,潭子區,0,1,0,7,2,6,50,11,9,1,5,4,6,6,4,4,9,5,5,1,11,2,9,1,1,C03,7,9,1,10,6,14,,8,8,1,13,4,120.715295,24.2283,2
6020,66000,387130000C,(04)23274275,(04)23288582,2025,2,16,14,7,臺中市,大里區,0,0,0,7,,,80,,,,,,,,,,,,,,,,,,,B03,,,3,,2,,,84,84,1,6,4,120.690704,24.098029,3
6021,66000,387130000C,(04)23274275,(04)23288582,2025,2,16,14,10,臺中市,清水區,0,0,0,7,2,6,50,3,1,1,5,4,6,6,4,4,9,4,5,2,15,,,,,B03,,,1,,1,,,12,12,1,12,4,120.601969,24.304444,3
6022,66000,387130000C,(04)23274275,(04)23288582,2025,2,16,14,10,臺中市,豐原區,0,2,0,7,3,6,50,4,1,1,5,4,6,6,3,1,10,5,5,2,17,3,10,1,1,C03,7,9,1,10,2,11,,7,7,1,13,4,120.733612,24.252079,2
6023,66000,387130000C,(04)23274275,(04)23288582,2025,2,16,14,17,臺中市,潭子區,0,1,0,7,3,6,50,4,1,1,5,4,6,6,1,1,3,4,4,1,9,3,10,3,1,B03,7,6,1,8,2,1,,59,59,1,12,4,120.690061,24.224983,2
6024,66000,387130000C,(04)23274275,(04)23288582,2025,2,16,14,26,臺中市,沙鹿區,0,1,0,7,2,6,30,4,1,1,5,4,6,6,4,4,10,5,5,2,15,3,10,3,1,B03,7,9,1,8,2,1,,12,12,1,10,4,120.565136,24.250441,2
6025,66000,387130000C,(04)23274275,(04)23288582,2025,2,16,14,27,臺中市,豐原區,0,1,0,7,2,6,30,13,9,1,5,4,6,6,4,4,10,5,5,2,17,3,10,5,4,B03,7,2,1,8,2,3,,49,49,1,12,4,120.722828,24.257302,2
6026,66000,387130000C,(04)23274275,(04)23288582,2025,2,16,14,29,臺中市,梧棲區,0,2,0,7,2,6,30,4,1,1,5,4,6,6,1,1,10,5,5,2,13,2,9,2,1,C03,7,9,1,10,2,11,,7,7,1,5,4,120.541248,24.226112,2
6027,66000,387130000C,(04)23274275,(04)23288582,2025,2,16,14,30,臺中市,北屯區,0,0,0,7,,,40,,,,,,,,,,,,,,17,,,,,C03,,,3,,2,,,43,43,1,12,4,120.666242,24.186022,3
6028,66000,387130000C,(04)23274275,(04)23288582,2025,2,16,14,31,臺中市,大甲區,0,0,0,7,,,50,,,,,,,,,,,,,,13,,,,,C03,,,1,,2,,,7,7,1,12,4,120.623703,24.344083,3
6029,66000,387130000C,(04)23274275,(04)23288582,2025,2,16,14,32,臺中市,北區,0,1,0,7,2,6,40,4,1,1,5,4,6,6,1,1,5,4,4,2,17,2,9,5,1,C03,7,9,1,10,2,11,,7,7,1,13,4,120.675238,24.160616,2
6030,66000,387130000C,(04)23274275,(04)23288582,2025,2,16,14,34,臺中市,大里區,0,0,0,7,,,30,,,,,,,,,,,,,,15,,,,,C03,,,1,,2,,,12,12,1,13,4,120.676625,24.101715,4
6031,66000,387130000C,(04)23274275,(04)23288582,2025,2,16,14,35,臺中市,北區,0,0,0,7,3,9,50,13,9,1,5,4,6,6,4,4,5,4,5,2,17,,,,,B03,,,1,,1,,,84,84,1,13,4,120.691119,24.158256,3
6032,66000,387130000C,(04)23274275,(04)23288582,2025,2,16,14,35,臺中市,烏日區,0,2,0,7,3,6,30,4,1,1,5,4,6,6,3,1,10,5,5,2,15,2,9,1,1,C03,7,9,1,10,2,11,,20,20,1,12,4,120.61865,24.103128,2
6033,66000,387130000C,(04)23274275,(04)23288582,2025,2,16,14,36,臺中市,北區,0,0,0,7,,,30,,,,,,,,,,,,,,17,,,,,B03,,,6,,2,,,85,85,1,13,4,120.691445,24.160772,4
6034,66000,387130000C,(04)23274275,(04)23288582,2025,2,16,14,38,臺中市,西屯區,0,0,0,7,,,50,,,,,,,,,,,,,,13,,,,,B03,,,1,,2,,,7,7,1,13,4,120.65211,24.206872,3