序號,縣市別代碼,機關代碼,市話,傳真,年,月,日,時,分,縣市,區,死亡數量,受傷數量,2-30,天候,道路照明設備,道路類別,道路速限,道路型態,事故位置,路面鋪裝,路面狀態,路面缺陷,障礙物,視距,號誌種類,號誌動作,分向設施,快車道或一般車道間,快慢車道間,路面邊線,事故類型及型態,受傷程度,主要傷處,保護裝備,行動電話或功能裝置,當事者區分(類別),車輛用途,當事者行動狀態,駕照狀態,駕照種類,飲酒情形,車輛撞擊部位最初,車輛撞擊部位其他,肇事因素個別,肇事因素主要,肇事逃逸,職業,共享經濟或外送平台,GPS座標X,GPS座標Y,事故類別
6368,66000,387130000C,(04)23274275,(04)23288582,2025,2,17,11,49,臺中市,東勢區,0,1,0,7,2,6,50,13,12,1,5,4,6,6,4,4,1,4,4,1,17,2,9,2,1,C03,7,11,1,10,2,12,,45,45,1,12,4,120.83866,24.213896,2
6369,66000,387130000C,(04)23274275,(04)23288582,2025,2,17,11,54,臺中市,南屯區,0,0,0,7,3,6,50,13,7,1,5,4,6,6,1,1,5,5,4,2,13,,,,,B13,,,1,,1,,,7,7,1,12,4,120.615853,24.151246,3
6370,66000,387130000C,(04)23274275,(04)23288582,2025,2,17,11,56,臺中市,龍井區,0,2,0,7,2,6,50,3,1,1,5,4,6,6,4,4,10,5,5,2,15,2,9,2,1,C03,7,9,1,10,2,14,,4,4,1,6,4,120.595224,24.187459,2
6371,66000,387130000C,(04)23274275,(04)23288582,2025,2,17,12,1,臺中市,大雅區,0,1,0,7,1,6,30,4,1,1,5,4,6,6,4,4,10,5,5,1,17,3,10,3,1,B03,7,9,1,8,2,2,,15,15,1,13,4,120.655036,24.215837,2
6372,66000,387130000C,(04)23274275,(04)23288582,2025,2,17,12,5,臺中市,南區,0,2,0,7,3,6,50,13,9,1,5,4,6,6,4,4,5,5,5,2,13,2,9,2,1,C03,7,9,1,10,2,11,,7,7,1,6,4,120.684687,24.128479,2
6373,66000,387130000C,(04)23274275,(04)23288582,2025,2,17,12,6,臺中市,北屯區,0,0,0,7,,,50,,,,,,,,,,,,,,15,,,,,B03,,,1,,1,,,21,21,1,12,4,120.678515,24.175323,3
6374,66000,387130000C,(04)23274275,(04)23288582,2025,2,17,12,6,臺中市,大里區,0,1,0,7,3,6,50,4,2,1,5,4,6,6,1,1,5,5,5,1,13,2,8,1,1,C03,7,9,1,10,2,11,,84,84,1,12,4,120.698035,24.089956,2
6375,66000,387130000C,(04)23274275,(04)23288582,2025,2,17,12,16,臺中市,大里區,0,1,0,7,2,6,50,4,1,1,5,4,6,6,1,1,10,5,5,2,16,3,10,3,1,B03,7,7,1,8,2,6,,35,35,1,12,4,120.689571,24.106314,2
6376,66000,387130000C,(04)23274275,(04)23288582,2025,2,17,12,18,臺中市,南屯區,0,0,0,7,,,50,,,,,,,,,,,,,,,,,,,B03,,,1,,2,,,59,59,1,13,4,120.626551,24.151663,3
6377,66000,387130000C,(04)23274275,(04)23288582,2025,2,17,12,20,臺中市,東區,0,1,0,7,3,6,50,13,9,1,5,4,6,6,4,4,5,5,5,2,12,3,10,2,1,C03,7,9,1,10,2,14,,7,7,1,13,4,120.693751,24.147207,2
6378,66000,387130000C,(04)23274275,(04)23288582,2025,2,17,12,21,臺中市,北區,0,0,0,7,2,6,50,13,8,1,5,4,6,6,4,4,5,4,4,2,14,,,,,A41,,,1,,1,,,49,49,1,6,4,120.66809,24.172532,3
6379,66000,387130000C,(04)23274275,(04)23288582,2025,2,17,12,35,臺中市,北屯區,0,1,0,7,3,6,40,13,9,1,5,4,6,6,4,4,9,5,5,2,12,2,8,1,1,C03,7,1,1,10,2,13,,51,51,1,12,4,120.687559,24.187388,2
6380,66000,387130000C,(04)23274275,(04)23288582,2025,2,17,12,40,臺中市,龍井區,0,0,0,7,2,6,50,13,9,1,5,4,6,6,4,4,10,5,5,2,11,3,10,3,1,B12,7,9,1,8,1,7,,8,8,1,6,4,120.582982,24.178802,3
6381,66000,387130000C,(04)23274275,(04)23288582,2025,2,17,12,48,臺中市,大肚區,0,0,0,7,,,30,,,,,,,,,,,,,,,,,,,A11,,,1,,2,,,87,87,1,6,4,120.534626,24.1591,3
6382,66000,387130000C,(04)23274275,(04)23288582,2025,2,17,12,53,臺中市,西區,0,0,0,7,,,50,,,,,,,,,,,,,,,,,,,B01,,,1,,2,,,84,84,1,6,4,120.657063,24.150722,3
6383,66000,387130000C,(04)23274275,(04)23288582,2025,2,17,12,54,臺中市,南屯區,0,2,0,7,2,6,50,13,9,1,5,4,6,6,1,1,8,3,5,1,12,2,7,1,1,C03,7,9,1,10,1,12,,59,59,1,12,4,120.644685,24.13782,2
6384,66000,387130000C,(04)23274275,(04)23288582,2025,2,17,12,54,臺中市,豐原區,0,1,0,7,2,6,50,13,7,1,5,4,6,6,4,4,5,4,4,2,17,3,10,5,4,B03,7,1,1,8,2,4,,51,51,1,12,4,120.733704,24.252383,2
6385,66000,387130000C,(04)23274275,(04)23288582,2025,2,17,12,56,臺中市,北區,0,1,0,7,3,9,50,13,9,1,5,4,6,6,4,4,5,5,5,2,9,2,9,6,5,H01,8,16,7,21,10,17,,95,95,1,13,5,120.681785,24.154556,2
6386,66000,387130000C,(04)23274275,(04)23288582,2025,2,17,12,57,臺中市,北屯區,0,0,0,7,,,50,,,,,,,,,,,,,,18,,,,,B03,,,1,,1,,,59,59,1,13,4,120.686311,24.190446,4
6387,66000,387130000C,(04)23274275,(04)23288582,2025,2,17,12,58,臺中市,北屯區,0,0,0,7,,,50,,,,,,,,,,,,,,,,,,,B03,,,1,,1,,,84,84,1,12,4,120.697407,24.169677,3
6388,66000,387130000C,(04)23274275,(04)23288582,2025,2,17,13,0,臺中市,西屯區,0,0,0,7,,,50,,,,,,,,,,,,,,13,,,,,C03,,,1,,1,,,40,40,1,13,4,120.624939,24.194832,3
6389,66000,387130000C,(04)23274275,(04)23288582,2025,2,17,13,0,臺中市,豐原區,0,0,0,7,,,40,,,,,,,,,,,,,,17,,,,,C03,,,3,,9,,,84,84,1,12,4,120.71938,24.251549,3
6390,66000,387130000C,(04)23274275,(04)23288582,2025,2,17,13,3,臺中市,北屯區,0,1,0,7,2,6,50,3,19,1,5,4,6,6,2,1,10,5,5,2,3,3,10,3,1,B03,7,6,1,8,2,1,,10,10,1,12,4,120.721333,24.178204,2
6391,66000,387130000C,(04)23274275,(04)23288582,2025,2,17,13,13,臺中市,大雅區,0,2,0,7,1,6,50,13,9,1,5,4,6,6,4,4,5,5,5,2,17,2,9,1,1,C03,7,11,1,10,2,14,,45,45,1,13,4,120.651701,24.223661,2
6392,66000,387130000C,(04)23274275,(04)23288582,2025,2,17,13,15,臺中市,清水區,0,0,0,7,,,50,,,,,,,,,,,,,,17,,,,,B03,,,1,,2,,,84,84,1,12,4,120.561472,24.274258,3
6393,66000,387130000C,(04)23274275,(04)23288582,2025,2,17,13,18,臺中市,西屯區,0,1,0,7,2,6,30,4,1,1,5,4,6,6,4,4,10,5,5,2,15,3,10,5,4,B03,7,9,1,8,2,5,,15,15,1,12,4,120.666153,24.171773,2
6394,66000,387130000C,(04)23274275,(04)23288582,2025,2,17,13,20,臺中市,西屯區,0,0,0,7,2,6,40,13,9,1,5,4,6,6,2,1,1,4,5,2,13,,,,,C03,,,1,,1,,,7,7,1,12,4,120.634016,24.161591,3
6395,66000,387130000C,(04)23274275,(04)23288582,2025,2,17,13,20,臺中市,大肚區,0,0,0,7,,,50,,,,,,,,,,,,,,,,,,,B12,,,1,,2,,,51,51,1,6,4,120.563583,24.12379,3
6396,66000,387130000C,(04)23274275,(04)23288582,2025,2,17,13,24,臺中市,南屯區,0,0,0,7,,,40,,,,,,,,,,,,,,14,,,,,B13,,,1,,9,,,49,49,1,13,4,120.625296,24.117352,3
6397,66000,387130000C,(04)23274275,(04)23288582,2025,2,17,13,28,臺中市,北屯區,0,0,0,7,,,50,,,,,,,,,,,,,,15,,,,,B03,,,1,,2,,,21,21,1,6,4,120.676136,24.200773,3
6398,66000,387130000C,(04)23274275,(04)23288582,2025,2,17,13,30,臺中市,北區,0,0,0,7,,,50,,,,,,,,,,,,,,13,,,,,B03,,,1,,1,,,7,7,1,13,4,120.674084,24.163084,3
6399,66000,387130000C,(04)23274275,(04)23288582,2025,2,17,13,33,臺中市,北屯區,0,0,0,7,,,50,,,,,,,,,,,,,,16,,,,,B11,,,1,,2,,,84,84,1,12,4,120.67073,24.178656,3
6400,66000,387130000C,(04)23274275,(04)23288582,2025,2,17,13,34,臺中市,新社區,0,0,0,7,,,30,,,,,,,,,,,,,,2,,,,,B12,,,1,,2,,,7,7,1,12,4,120.795819,24.218481,3
6401,66000,387130000C,(04)23274275,(04)23288582,2025,2,17,13,36,臺中市,霧峰區,0,1,0,7,2,6,50,3,1,1,5,4,6,6,1,1,10,5,5,1,17,2,9,1,1,C03,7,9,1,10,2,11,,7,7,1,13,4,120.699664,24.075545,2
6402,66000,387130000C,(04)23274275,(04)23288582,2025,2,17,13,37,臺中市,大里區,0,1,0,7,2,6,50,4,1,1,5,4,6,6,1,1,10,2,1,1,16,2,1,3,1,B13,7,5,1,8,2,5,,38,38,1,13,4,120.682312,24.082126,2
6403,66000,387130000C,(04)23274275,(04)23288582,2025,2,17,13,39,臺中市,外埔區,0,0,0,7,2,6,50,13,9,1,5,4,6,6,4,4,4,5,5,1,21,3,10,3,1,A12,7,2,1,3,2,2,,49,49,1,12,4,120.680621,24.337274,3
6404,66000,387130000C,(04)23274275,(04)23288582,2025,2,17,13,40,臺中市,南區,0,1,0,7,1,6,50,3,1,1,5,4,6,6,1,1,10,5,5,2,17,3,10,3,1,B03,7,15,1,8,2,2,,84,84,1,12,4,120.649427,24.120413,2
6405,66000,387130000C,(04)23274275,(04)23288582,2025,2,17,13,41,臺中市,神岡區,0,0,0,7,,,50,,,,,,,,,,,,,,13,,,,,B03,,,1,,1,,,59,59,1,12,4,120.687106,24.241359,3
6406,66000,387130000C,(04)23274275,(04)23288582,2025,2,17,13,44,臺中市,北屯區,0,1,0,7,3,6,50,4,19,1,5,4,6,6,1,1,10,5,5,2,3,3,10,3,1,B03,7,6,1,8,2,4,,10,10,1,6,4,120.693306,24.174806,2
6407,66000,387130000C,(04)23274275,(04)23288582,2025,2,17,13,48,臺中市,西區,0,0,0,7,,,50,,,,,,,,,,,,,,17,,,,,B03,,,1,,1,,,7,7,1,12,4,120.660187,24.140158,3
6408,66000,387130000C,(04)23274275,(04)23288582,2025,2,17,13,51,臺中市,潭子區,0,0,0,7,,,50,,,,,,,,,,,,,,,,,,,B03,,,1,,2,,,59,59,1,12,4,120.686608,24.210971,3
6409,66000,387130000C,(04)23274275,(04)23288582,2025,2,17,13,53,臺中市,西屯區,0,1,0,7,2,6,40,4,1,1,5,4,6,6,2,1,10,5,5,2,13,2,9,5,4,C03,7,9,1,10,2,11,,7,7,1,13,4,120.649602,24.162423,2
6410,66000,387130000C,(04)23274275,(04)23288582,2025,2,17,13,56,臺中市,西屯區,0,1,0,7,1,6,50,3,1,1,5,4,6,6,4,4,8,5,5,1,16,3,10,5,4,B03,7,5,1,8,2,8,,14,14,1,13,4,120.62768,24.180997,2
6411,66000,387130000C,(04)23274275,(04)23288582,2025,2,17,13,57,臺中市,太平區,0,0,0,7,2,6,50,,,,,,,,,,,,,,,,,,,C03,,,1,,2,11,,39,39,1,12,4,120.725697,24.149617,3
6412,66000,387130000C,(04)23274275,(04)23288582,2025,2,17,14,0,臺中市,北屯區,0,0,0,7,,,50,,,,,,,,,,,,,,,,,,,B03,,,1,,2,,,7,7,1,12,4,120.724595,24.172183,3
6413,66000,387130000C,(04)23274275,(04)23288582,2025,2,17,14,1,臺中市,南屯區,0,2,0,7,2,6,50,4,1,1,5,4,6,6,4,4,10,5,5,2,16,2,9,2,1,C01,7,6,1,9,2,12,,14,14,1,12,4,120.637511,24.14035,2
6414,66000,387130000C,(04)23274275,(04)23288582,2025,2,17,14,1,臺中市,西屯區,0,0,0,7,,,40,,,,,,,,,,,,,,14,,,,,B03,,,1,,2,,,49,49,1,12,4,120.661957,24.172877,3
6415,66000,387130000C,(04)23274275,(04)23288582,2025,2,17,14,12,臺中市,北屯區,0,2,0,7,3,6,40,13,8,1,5,4,6,6,4,4,1,4,4,2,30,,,,,,,,,,,,,119,119,1,,,120.686263,24.191852,2
6416,66000,387130000C,(04)23274275,(04)23288582,2025,2,17,14,15,臺中市,北區,0,0,0,7,,,50,,,,,,,,,,,,,,13,,,,,B03,,,1,,2,,,7,7,1,12,4,120.673151,24.16701,3
6417,66000,387130000C,(04)23274275,(04)23288582,2025,2,17,14,16,臺中市,大肚區,0,1,0,7,2,6,40,13,8,1,5,4,6,6,4,4,1,3,1,1,23,2,9,2,1,C03,7,9,1,10,7,14,,59,59,1,6,4,120.584008,24.115284,2
6418,66000,387130000C,(04)23274275,(04)23288582,2025,2,17,14,16,臺中市,豐原區,0,0,0,7,,,50,,,,,,,,,,,,,,14,,,,,B12,,,1,,2,,,49,49,1,6,4,120.717774,24.24949,3
6419,66000,387130000C,(04)23274275,(04)23288582,2025,2,17,14,21,臺中市,西區,0,0,0,7,,,50,,,,,,,,,,,,,,13,,,,,B02,,,1,,1,,,56,56,1,12,4,120.657016,24.138275,3
6420,66000,387130000C,(04)23274275,(04)23288582,2025,2,17,14,29,臺中市,太平區,0,0,0,7,,,50,,,,,,,,,,,,,,,,,,,B02,,,1,,2,,,84,84,1,12,4,120.731326,24.134532,3
6421,66000,387130000C,(04)23274275,(04)23288582,2025,2,17,14,31,臺中市,東區,0,0,0,7,,,50,,,,,,,,,,,,,,12,,,,,B03,,,1,,2,,,8,8,1,6,4,120.70338,24.12546,3
6422,66000,387130000C,(04)23274275,(04)23288582,2025,2,17,14,40,臺中市,大雅區,0,2,0,7,3,6,30,4,2,1,5,4,6,6,4,4,10,5,5,2,17,2,3,3,1,B12,7,9,1,8,2,1,,15,15,1,12,4,120.651107,24.236475,2
6423,66000,387130000C,(04)23274275,(04)23288582,2025,2,17,14,40,臺中市,大里區,0,0,0,7,,,50,,,,,,,,,,,,,,12,,,,,B12,,,1,,2,,,8,8,1,13,4,120.69558,24.096689,3
6424,66000,387130000C,(04)23274275,(04)23288582,2025,2,17,14,45,臺中市,東區,0,0,0,7,,,50,,,,,,,,,,,,,,,,,,,B03,,,1,,2,,,47,47,1,13,4,120.70128,24.142716,3
6425,66000,387130000C,(04)23274275,(04)23288582,2025,2,17,14,49,臺中市,西屯區,0,1,0,7,2,6,50,5,1,1,5,4,6,6,2,1,10,5,5,2,16,3,10,3,4,B03,7,5,1,8,2,2,,47,47,1,12,4,120.658794,24.1761,2
6426,66000,387130000C,(04)23274275,(04)23288582,2025,2,17,14,49,臺中市,大甲區,0,1,0,7,2,6,40,13,9,1,5,4,6,6,4,4,4,3,5,2,12,3,10,3,1,B03,7,11,1,8,2,5,,45,45,1,12,4,120.629951,24.34081,2
6427,66000,387130000C,(04)23274275,(04)23288582,2025,2,17,14,50,臺中市,西屯區,0,0,0,7,,,50,,,,,,,,,,,,,,13,,,,,B03,,,1,,1,,,59,59,1,12,4,120.636413,24.171191,3
6428,66000,387130000C,(04)23274275,(04)23288582,2025,2,17,14,50,臺中市,太平區,0,2,0,7,2,6,50,3,1,1,5,4,6,6,4,4,10,5,5,2,16,2,9,2,1,C03,7,9,1,10,2,11,,84,84,1,13,4,120.725193,24.156016,2
6429,66000,387130000C,(04)23274275,(04)23288582,2025,2,17,14,51,臺中市,南區,0,0,0,7,,,50,,,,,,,,,,,,,,,,,,,B03,,,1,,1,,,7,7,1,12,4,120.653698,24.122527,3
6430,66000,387130000C,(04)23274275,(04)23288582,2025,2,17,14,51,臺中市,霧峰區,0,1,0,7,3,6,50,3,2,1,5,4,6,6,1,1,5,5,5,1,18,2,9,1,1,C03,7,9,1,10,2,16,,84,84,1,5,4,120.695461,24.061125,2
6431,66000,387130000C,(04)23274275,(04)23288582,2025,2,17,14,52,臺中市,霧峰區,0,1,0,7,2,6,50,4,1,1,5,4,6,6,4,4,10,5,5,2,17,2,9,1,1,C03,7,6,1,10,2,14,,84,84,1,13,4,120.700475,24.063948,2
6432,66000,387130000C,(04)23274275,(04)23288582,2025,2,17,14,58,臺中市,大甲區,0,2,0,7,3,6,50,4,1,1,5,4,6,6,1,1,10,5,5,2,3,2,9,6,5,H01,8,16,7,21,1,17,,96,96,1,6,5,120.617071,24.347128,2
6433,66000,387130000C,(04)23274275,(04)23288582,2025,2,17,15,0,臺中市,西屯區,0,0,0,7,,,50,,,,,,,,,,,,,,13,,,,,B03,,,1,,1,,,7,7,1,12,4,120.624622,24.178478,3
6434,66000,387130000C,(04)23274275,(04)23288582,2025,2,17,15,1,臺中市,西區,0,1,0,7,2,6,50,4,1,1,5,4,6,6,1,1,10,5,5,2,17,2,9,1,1,C03,7,11,1,10,2,14,,45,45,1,6,4,120.666895,24.152786,2
6435,66000,387130000C,(04)23274275,(04)23288582,2025,2,17,15,4,臺中市,北屯區,0,2,0,7,2,6,40,13,8,1,5,4,6,6,4,4,1,4,4,2,12,2,7,2,1,C03,7,9,1,10,2,13,,84,84,1,12,4,120.668201,24.179092,2
6436,66000,387130000C,(04)23274275,(04)23288582,2025,2,17,15,9,臺中市,后里區,0,0,0,7,2,6,40,13,9,1,5,4,6,6,4,4,9,5,5,2,12,3,10,6,1,H01,8,9,7,21,2,17,,109,109,1,12,4,120.712154,24.303714,3
6437,66000,387130000C,(04)23274275,(04)23288582,2025,2,17,15,14,臺中市,潭子區,0,0,0,7,,,50,,,,,,,,,,,,,,,,,,,A31,,,1,,2,,,40,40,1,13,4,120.705226,24.20107,3
6438,66000,387130000C,(04)23274275,(04)23288582,2025,2,17,15,18,臺中市,中區,0,0,0,7,,,50,,,,,,,,,,,,,,17,,,,,C03,,,1,,9,,,94,94,1,12,4,120.681739,24.142363,3
6439,66000,387130000C,(04)23274275,(04)23288582,2025,2,17,15,19,臺中市,潭子區,0,1,0,7,3,6,50,3,1,1,5,4,6,6,4,4,5,4,4,2,17,2,9,1,1,C03,7,11,1,10,2,11,,45,45,1,12,4,120.678653,24.204008,2
6440,66000,387130000C,(04)23274275,(04)23288582,2025,2,17,15,20,臺中市,西屯區,0,0,0,7,,,50,,,,,,,,,,,,,,,,,,,F03,,,7,,2,,,85,85,1,12,4,120.610814,24.170564,3
6441,66000,387130000C,(04)23274275,(04)23288582,2025,2,17,15,20,臺中市,大里區,0,0,0,7,2,6,40,13,14,1,5,4,6,6,4,4,5,5,4,1,17,,,,,B12,,,1,,2,,,50,50,1,12,4,120.689723,24.109994,3
6442,66000,387130000C,(04)23274275,(04)23288582,2025,2,17,15,26,臺中市,大雅區,0,1,0,7,1,6,50,13,14,1,5,4,6,6,4,4,5,4,5,1,17,3,10,3,1,B12,7,5,1,8,2,2,,84,84,1,13,4,120.654485,24.22947,2
6443,66000,387130000C,(04)23274275,(04)23288582,2025,2,17,15,27,臺中市,南區,0,1,0,7,2,6,50,4,1,1,5,4,6,6,1,1,10,4,5,2,16,3,10,3,1,B03,7,6,1,8,2,5,,11,11,1,13,4,120.667616,24.127957,2
6444,66000,387130000C,(04)23274275,(04)23288582,2025,2,17,15,36,臺中市,沙鹿區,0,0,0,7,,,40,,,,,,,,,,,,,,16,,,,,C03,,,1,,2,,,85,85,1,6,4,120.573102,24.230911,3
6445,66000,387130000C,(04)23274275,(04)23288582,2025,2,17,15,37,臺中市,大里區,0,1,0,7,2,6,30,13,9,1,5,4,6,6,4,4,10,5,5,1,3,3,10,1,1,C03,7,9,3,19,5,11,,84,84,1,12,4,120.660495,24.101109,2
6446,66000,387130000C,(04)23274275,(04)23288582,2025,2,17,15,38,臺中市,梧棲區,0,2,0,7,2,6,50,3,1,1,5,4,6,6,1,1,10,5,5,2,17,3,10,3,1,B03,7,1,1,8,2,16,,51,51,1,6,4,120.531628,24.260875,2
6447,66000,387130000C,(04)23274275,(04)23288582,2025,2,17,15,39,臺中市,西區,0,1,0,7,2,6,50,3,1,1,5,4,6,6,4,4,10,5,5,2,17,2,9,1,1,C03,7,12,1,10,2,16,,43,43,1,12,4,120.665117,24.156691,2
6448,66000,387130000C,(04)23274275,(04)23288582,2025,2,17,15,46,臺中市,霧峰區,0,1,0,7,3,6,40,13,9,1,5,4,6,6,4,4,1,5,5,1,13,2,9,1,1,C03,7,9,3,19,2,11,,7,7,1,6,4,120.684934,24.020377,2
6449,66000,387130000C,(04)23274275,(04)23288582,2025,2,17,15,46,臺中市,沙鹿區,0,1,0,7,2,6,50,13,9,1,5,4,6,6,4,4,9,5,5,1,17,2,7,2,1,C03,7,1,3,19,2,14,,51,51,1,6,4,120.562794,24.206162,2
6450,66000,387130000C,(04)23274275,(04)23288582,2025,2,17,15,50,臺中市,北屯區,0,1,0,7,2,6,50,4,1,1,5,4,6,6,2,1,10,5,5,2,16,3,10,3,1,B03,7,5,1,8,2,5,,47,47,1,13,4,120.658205,24.184607,2
6451,66000,387130000C,(04)23274275,(04)23288582,2025,2,17,15,55,臺中市,南區,0,0,0,7,,,40,,,,,,,,,,,,,,17,,,,,B03,,,1,,1,,,84,84,1,12,4,120.683207,24.130276,3
6452,66000,387130000C,(04)23274275,(04)23288582,2025,2,17,15,57,臺中市,北區,0,0,0,7,,,40,,,,,,,,,,,,,,17,,,,,B03,,,1,,1,,,50,50,1,13,4,120.668674,24.156994,3
6453,66000,387130000C,(04)23274275,(04)23288582,2025,2,17,15,57,臺中市,龍井區,0,0,0,7,,,50,,,,,,,,,,,,,,,,,,,C03,,,1,,1,,,51,51,1,6,4,120.561808,24.199588,3
6454,66000,387130000C,(04)23274275,(04)23288582,2025,2,17,16,1,臺中市,大甲區,0,0,0,7,,,60,,,,,,,,,,,,,,,,,,,B03,,,1,,2,,,48,48,1,12,4,120.648582,24.376594,3
6455,66000,387130000C,(04)23274275,(04)23288582,2025,2,17,16,4,臺中市,太平區,0,1,0,7,3,6,50,4,9,1,5,4,6,6,1,1,5,5,5,1,17,3,10,3,1,B12,7,9,1,8,2,1,,58,58,1,12,4,120.719902,24.121294,2
6456,66000,387130000C,(04)23274275,(04)23288582,2025,2,17,16,7,臺中市,北屯區,0,2,0,7,2,6,30,3,1,1,5,4,6,6,4,4,10,5,5,2,16,2,8,1,1,C03,7,6,1,10,2,13,,14,14,1,6,4,120.678914,24.17726,2
6457,66000,387130000C,(04)23274275,(04)23288582,2025,2,17,16,8,臺中市,南區,0,1,0,7,2,6,50,13,9,1,5,4,6,6,4,4,5,3,5,2,17,3,10,3,1,B03,7,9,1,8,2,1,,7,7,1,13,4,120.677052,24.132062,2
6458,66000,387130000C,(04)23274275,(04)23288582,2025,2,17,16,10,臺中市,西區,0,2,0,7,2,6,50,4,1,1,5,4,6,6,4,4,10,5,5,2,17,2,9,1,1,C03,7,9,1,10,2,11,,6,6,1,12,4,120.65938,24.145927,2
6459,66000,387130000C,(04)23274275,(04)23288582,2025,2,17,16,11,臺中市,東區,0,1,0,7,2,6,50,3,9,1,5,4,6,6,1,1,9,5,4,2,17,2,9,1,1,C03,7,9,1,10,2,11,,7,7,1,12,4,120.710449,24.144592,2
6460,66000,387130000C,(04)23274275,(04)23288582,2025,2,17,16,17,臺中市,西屯區,0,0,0,7,,,70,,,,,,,,,,,,,,13,,,,,B12,,,1,,2,,,7,7,1,13,4,120.622627,24.179603,3
6461,66000,387130000C,(04)23274275,(04)23288582,2025,2,17,16,18,臺中市,西屯區,0,1,0,7,2,6,50,13,9,1,5,4,6,6,4,4,3,4,5,2,12,3,10,5,1,C03,7,7,1,10,2,11,,40,40,1,12,4,120.646199,24.163969,2
6462,66000,387130000C,(04)23274275,(04)23288582,2025,2,17,16,18,臺中市,大里區,0,0,0,7,,,50,,,,,,,,,,,,,,17,,,,,A11,,,1,7,2,,,59,59,1,13,4,120.718828,24.095645,3
6463,66000,387130000C,(04)23274275,(04)23288582,2025,2,17,16,23,臺中市,大里區,0,1,0,7,2,6,50,4,2,1,5,4,6,6,3,1,10,5,5,2,16,3,10,3,1,B12,7,5,1,8,2,2,,47,47,1,12,4,120.689372,24.100356,2
6464,66000,387130000C,(04)23274275,(04)23288582,2025,2,17,16,32,臺中市,東勢區,0,1,0,7,2,6,50,13,9,1,5,4,6,6,4,4,5,5,5,1,12,3,10,5,4,B12,7,4,1,8,2,6,,1,1,1,13,4,120.780463,24.285514,2
6465,66000,387130000C,(04)23274275,(04)23288582,2025,2,17,16,35,臺中市,沙鹿區,0,1,0,7,2,6,50,4,1,1,5,4,6,6,1,1,10,5,5,2,12,2,8,1,1,C03,7,9,1,10,2,12,,8,8,1,6,4,120.563492,24.206423,2
6466,66000,387130000C,(04)23274275,(04)23288582,2025,2,17,16,36,臺中市,西屯區,0,0,0,7,,,60,,,,,,,,,,,,,,13,,,,,B12,,,1,,1,,,7,7,1,6,4,120.629308,24.162912,3
6467,66000,387130000C,(04)23274275,(04)23288582,2025,2,17,16,37,臺中市,北區,0,0,0,7,,,30,,,,,,,,,,,,,,,,,,,B12,,,1,,1,,,49,49,1,13,4,120.699527,24.152977,3
6468,66000,387130000C,(04)23274275,(04)23288582,2025,2,17,16,37,臺中市,北區,0,3,0,7,2,6,50,4,2,1,5,4,6,6,4,4,10,5,5,2,17,2,9,1,1,C03,7,1,1,10,2,11,,51,51,1,13,4,120.678776,24.158058,2
6469,66000,387130000C,(04)23274275,(04)23288582,2025,2,17,16,39,臺中市,豐原區,0,1,0,7,2,6,50,13,9,1,5,4,6,6,4,4,5,5,5,2,11,3,10,1,1,C03,7,6,3,19,2,11,,34,34,1,12,4,120.716771,24.260685,2
6470,66000,387130000C,(04)23274275,(04)23288582,2025,2,17,16,40,臺中市,大里區,0,0,0,7,,,80,,,,,,,,,,,,,,13,,,,,B03,,,1,,2,,,59,59,1,6,4,120.682544,24.078297,3
6471,66000,387130000C,(04)23274275,(04)23288582,2025,2,17,16,41,臺中市,大里區,0,1,0,7,2,6,50,3,1,1,5,4,6,6,4,4,5,5,5,1,16,3,10,1,1,C03,7,5,1,10,2,12,,11,11,1,13,4,120.678331,24.099432,2
6472,66000,387130000C,(04)23274275,(04)23288582,2025,2,17,16,43,臺中市,北屯區,0,3,0,7,2,6,50,13,9,1,5,4,6,6,4,4,10,5,5,1,13,2,9,2,1,C03,7,9,1,10,2,11,,7,7,1,12,4,120.697262,24.167189,2
6473,66000,387130000C,(04)23274275,(04)23288582,2025,2,17,16,45,臺中市,霧峰區,0,0,0,7,,,50,,,,,,,,,,,,,,,,,,,B03,,,1,,1,,,84,84,1,12,4,120.696368,24.05869,3
6474,66000,387130000C,(04)23274275,(04)23288582,2025,2,17,16,48,臺中市,神岡區,0,0,0,7,,,60,,,,,,,,,,,,,,12,,,,,B03,,,1,,1,,,8,8,1,12,4,120.708652,24.25908,3
6475,66000,387130000C,(04)23274275,(04)23288582,2025,2,17,16,50,臺中市,神岡區,0,1,0,7,2,6,30,13,9,1,5,4,6,6,4,4,10,5,5,2,17,3,10,5,4,B03,7,1,1,8,2,1,,51,51,1,13,4,120.698222,24.253751,2
6476,66000,387130000C,(04)23274275,(04)23288582,2025,2,17,16,51,臺中市,霧峰區,0,0,0,7,,,50,,,,,,,,,,,,,,,,,,,G02,,,7,,2,,,39,39,1,6,4,120.699223,24.069831,3
6477,66000,387130000C,(04)23274275,(04)23288582,2025,2,17,16,57,臺中市,大里區,0,0,0,7,2,6,50,4,2,1,5,4,6,6,1,1,5,5,4,1,13,,,,,B03,,,1,,2,,,84,84,1,13,4,120.674703,24.103544,3