序號,縣市別代碼,機關代碼,市話,傳真,年,月,日,時,分,縣市,區,死亡數量,受傷數量,2-30,天候,道路照明設備,道路類別,道路速限,道路型態,事故位置,路面鋪裝,路面狀態,路面缺陷,障礙物,視距,號誌種類,號誌動作,分向設施,快車道或一般車道間,快慢車道間,路面邊線,事故類型及型態,受傷程度,主要傷處,保護裝備,行動電話或功能裝置,當事者區分(類別),車輛用途,當事者行動狀態,駕照狀態,駕照種類,飲酒情形,車輛撞擊部位最初,車輛撞擊部位其他,肇事因素個別,肇事因素主要,肇事逃逸,職業,共享經濟或外送平台,GPS座標X,GPS座標Y,事故類別
6478,66000,387130000C,(04)23274275,(04)23288582,2025,2,17,16,58,臺中市,南屯區,0,0,0,7,,,50,,,,,,,,,,,,,,,,,,,B11,,,1,,2,,,84,84,1,13,4,120.611298,24.137504,3
6479,66000,387130000C,(04)23274275,(04)23288582,2025,2,17,16,58,臺中市,后里區,0,1,0,7,2,6,60,4,2,1,5,4,6,6,1,1,9,4,5,1,13,2,8,2,1,C03,7,9,1,10,2,11,,7,7,1,12,4,120.725283,24.321165,2
6480,66000,387130000C,(04)23274275,(04)23288582,2025,2,17,17,1,臺中市,沙鹿區,0,1,0,7,2,6,60,5,2,1,5,4,6,6,1,1,3,3,3,1,17,2,9,5,4,C03,7,5,1,10,2,12,,8,8,1,13,4,120.597502,24.250148,2
6481,66000,387130000C,(04)23274275,(04)23288582,2025,2,17,17,3,臺中市,北區,0,1,0,7,2,6,50,4,1,1,5,4,6,6,1,1,1,4,4,2,16,3,10,3,1,B03,7,6,1,8,2,1,,11,11,1,12,4,120.667929,24.161576,2
6482,66000,387130000C,(04)23274275,(04)23288582,2025,2,17,17,4,臺中市,中區,0,1,0,7,2,6,50,3,2,1,5,4,6,6,4,4,5,4,4,2,17,2,7,1,1,C03,7,6,1,10,2,14,,48,48,1,12,4,120.679637,24.14801,2
6483,66000,387130000C,(04)23274275,(04)23288582,2025,2,17,17,7,臺中市,神岡區,0,2,0,7,2,6,30,5,1,1,5,4,6,6,4,4,10,5,5,2,17,2,9,5,4,C03,7,6,1,10,2,11,,14,14,1,13,4,120.6746,24.245044,2
6484,66000,387130000C,(04)23274275,(04)23288582,2025,2,17,17,12,臺中市,西屯區,0,2,0,7,2,6,50,4,1,1,5,4,6,6,2,1,10,5,5,2,15,2,8,1,1,C03,7,1,1,10,2,11,,51,51,1,13,4,120.620614,24.184046,2
6485,66000,387130000C,(04)23274275,(04)23288582,2025,2,17,17,12,臺中市,太平區,0,1,0,7,2,6,50,4,1,1,5,4,6,6,2,1,10,5,5,2,16,3,10,3,1,B03,7,6,1,8,2,2,,11,11,1,12,4,120.709422,24.135327,2
6486,66000,387130000C,(04)23274275,(04)23288582,2025,2,17,17,16,臺中市,大甲區,0,2,0,7,3,6,50,4,1,1,5,4,6,6,3,1,10,5,5,2,17,2,9,1,1,C03,7,6,1,10,2,14,,42,42,1,6,4,120.623528,24.352712,2
6487,66000,387130000C,(04)23274275,(04)23288582,2025,2,17,17,17,臺中市,大里區,0,0,0,7,,,50,,,,,,,,,,,,,,17,,,,,C03,,,1,,2,,,84,84,1,6,4,120.68011,24.104466,3
6488,66000,387130000C,(04)23274275,(04)23288582,2025,2,17,17,18,臺中市,北屯區,0,2,0,7,2,6,50,13,7,1,4,2,1,6,4,4,5,5,4,2,18,2,9,1,1,C04,7,9,1,11,2,14,,84,84,1,13,4,120.680629,24.192745,2
6489,66000,387130000C,(04)23274275,(04)23288582,2025,2,17,17,18,臺中市,大里區,0,2,0,7,2,6,50,5,1,1,5,4,6,6,3,1,10,5,5,1,15,2,9,1,1,C03,7,1,1,10,2,14,,20,20,1,12,4,120.680152,24.115045,2
6490,66000,387130000C,(04)23274275,(04)23288582,2025,2,17,17,20,臺中市,西屯區,0,1,0,7,2,6,50,5,9,1,5,4,6,6,4,4,5,4,5,1,13,3,10,1,1,C03,7,9,1,10,2,11,,7,7,1,12,4,120.604717,24.17232,2
6491,66000,387130000C,(04)23274275,(04)23288582,2025,2,17,17,20,臺中市,神岡區,0,0,0,7,,,50,,,,,,,,,,,,,,13,,,,,C03,,,1,,1,,,7,7,1,12,4,120.657015,24.264366,3
6492,66000,387130000C,(04)23274275,(04)23288582,2025,2,17,17,24,臺中市,西區,0,1,0,7,2,6,50,4,1,1,5,4,6,6,2,1,10,5,5,2,16,3,10,5,1,B03,7,5,1,8,2,2,,47,47,1,6,4,120.665279,24.144329,2
6493,66000,387130000C,(04)23274275,(04)23288582,2025,2,17,17,25,臺中市,北區,0,0,0,7,,,50,,,,,,,,,,,,,,17,,,,,B03,,,1,,2,,,59,59,1,13,4,120.666462,24.166987,3
6494,66000,387130000C,(04)23274275,(04)23288582,2025,2,17,17,25,臺中市,大里區,0,2,0,7,2,6,50,4,1,1,5,4,6,6,1,1,10,5,5,2,16,3,10,2,1,C03,7,5,1,9,2,12,,11,11,1,6,4,120.67453,24.097728,2
6495,66000,387130000C,(04)23274275,(04)23288582,2025,2,17,17,28,臺中市,后里區,0,1,0,7,2,6,50,13,9,1,5,4,6,6,4,4,5,5,5,2,12,2,8,1,1,C03,7,9,1,10,2,11,,84,84,1,12,4,120.730193,24.310752,2
6496,66000,387130000C,(04)23274275,(04)23288582,2025,2,17,17,34,臺中市,烏日區,0,1,0,7,3,6,50,13,9,1,5,4,6,6,4,4,5,5,5,2,17,2,9,1,1,C03,7,12,1,10,2,12,11,7,7,1,5,4,120.609695,24.110895,2
6497,66000,387130000C,(04)23274275,(04)23288582,2025,2,17,17,34,臺中市,豐原區,0,1,0,7,2,6,50,13,8,1,5,4,6,6,4,4,9,4,4,2,9,3,10,2,4,C03,7,9,1,10,2,11,,59,59,1,12,4,120.71763,24.242032,2
6498,66000,387130000C,(04)23274275,(04)23288582,2025,2,17,17,35,臺中市,大雅區,0,2,0,7,1,6,30,11,9,1,5,4,6,6,4,4,10,5,5,1,17,2,9,1,1,C03,7,15,1,10,2,11,,41,41,1,12,4,120.669732,24.222286,2
6499,66000,387130000C,(04)23274275,(04)23288582,2025,2,17,17,35,臺中市,南屯區,0,0,0,7,,,40,,,,,,,,,,,,,,17,,,,,C03,,,1,,1,,,51,51,1,13,4,120.623259,24.15093,3
6500,66000,387130000C,(04)23274275,(04)23288582,2025,2,17,17,35,臺中市,西屯區,0,0,0,7,2,6,40,3,1,1,5,4,6,6,1,1,1,4,1,2,13,,,,,B03,,,1,,1,,,7,7,1,12,4,120.647856,24.196151,3
6501,66000,387130000C,(04)23274275,(04)23288582,2025,2,17,17,35,臺中市,豐原區,0,0,0,7,,,50,,,,,,,,,,,,,,,,,,,B03,,,1,,2,,,50,50,1,13,4,120.713332,24.249793,3
6502,66000,387130000C,(04)23274275,(04)23288582,2025,2,17,17,39,臺中市,梧棲區,0,0,0,7,,,50,,,,,,,,,,,,,,16,,,,,B03,,,1,,1,,,48,48,1,6,4,120.54886,24.248334,4
6503,66000,387130000C,(04)23274275,(04)23288582,2025,2,17,17,40,臺中市,清水區,0,0,0,7,2,6,50,13,8,1,5,4,6,6,4,4,8,3,4,1,14,,,,,B03,,,1,,1,,,49,49,1,12,4,120.568748,24.273236,3
6504,66000,387130000C,(04)23274275,(04)23288582,2025,2,17,17,42,臺中市,西屯區,0,0,0,7,,,30,,,,,,,,,,,,,,15,,,,,C03,,,1,,1,,,15,15,1,13,4,120.643973,24.180444,4
6505,66000,387130000C,(04)23274275,(04)23288582,2025,2,17,17,43,臺中市,南屯區,0,0,0,7,,,50,,,,,,,,,,,,,,12,,,,,B03,,,1,,1,,,39,39,1,12,4,120.634332,24.144353,3
6506,66000,387130000C,(04)23274275,(04)23288582,2025,2,17,17,44,臺中市,南區,0,0,0,7,,,50,,,,,,,,,,,,,,,,,,,B03,,,1,,1,,,40,40,1,12,4,120.670039,24.122238,3
6507,66000,387130000C,(04)23274275,(04)23288582,2025,2,17,17,46,臺中市,沙鹿區,0,0,0,7,,,50,,,,,,,,,,,,,,,,,,,B01,,,1,,2,,,59,59,1,13,4,120.562924,24.233343,3
6508,66000,387130000C,(04)23274275,(04)23288582,2025,2,17,17,49,臺中市,西屯區,0,1,0,7,2,6,50,3,1,1,5,4,6,6,4,4,10,5,5,2,12,2,9,5,1,C03,7,8,1,10,2,14,,40,40,1,12,4,120.649439,24.175094,2
6509,66000,387130000C,(04)23274275,(04)23288582,2025,2,17,17,49,臺中市,大里區,0,0,0,7,,,30,,,,,,,,,,,,,,17,,,,,B03,,,1,8,2,,,84,84,1,13,4,120.709435,24.082573,3
6510,66000,387130000C,(04)23274275,(04)23288582,2025,2,17,17,50,臺中市,大雅區,0,2,0,7,3,6,50,4,1,1,5,4,6,6,1,1,10,5,5,2,17,2,8,2,1,C03,7,6,1,10,2,12,,11,11,1,12,4,120.64685,24.226234,2
6511,66000,387130000C,(04)23274275,(04)23288582,2025,2,17,17,50,臺中市,霧峰區,0,0,0,7,,,50,,,,,,,,,,,,,,,,,,,B03,,,1,,1,,,41,41,1,6,4,120.684358,24.058071,3
6512,66000,387130000C,(04)23274275,(04)23288582,2025,2,17,17,54,臺中市,北屯區,0,0,0,7,,,40,,,,,,,,,,,,,,,,,,,B13,,,1,,2,,,49,49,1,13,4,120.664633,24.18267,3
6513,66000,387130000C,(04)23274275,(04)23288582,2025,2,17,17,54,臺中市,霧峰區,0,1,0,7,3,6,40,13,9,1,5,4,6,6,4,4,9,5,5,1,17,3,10,1,1,F03,7,1,7,21,2,11,,51,51,1,6,4,120.678201,24.064472,2
6514,66000,387130000C,(04)23274275,(04)23288582,2025,2,17,17,55,臺中市,豐原區,0,0,0,7,,,50,,,,,,,,,,,,,,13,,,,,B02,,,1,,1,,,7,7,1,6,4,120.707859,24.247181,4
6515,66000,387130000C,(04)23274275,(04)23288582,2025,2,17,17,59,臺中市,太平區,0,0,0,7,,,30,,,,,,,,,,,,,,16,,,,,C03,,,1,,2,,,14,14,1,13,4,120.733876,24.119012,3
6516,66000,387130000C,(04)23274275,(04)23288582,2025,2,17,18,2,臺中市,沙鹿區,0,1,0,7,1,6,30,4,1,1,5,4,6,6,4,4,10,5,5,2,15,2,9,2,1,C03,7,9,1,10,2,12,,12,12,1,13,4,120.568673,24.230558,2
6517,66000,387130000C,(04)23274275,(04)23288582,2025,2,17,18,4,臺中市,東區,0,2,0,7,1,6,50,4,3,1,5,4,6,6,1,1,9,4,4,2,16,2,9,2,1,C03,7,6,1,10,2,12,,11,11,1,13,4,120.70171,24.131761,2
6518,66000,387130000C,(04)23274275,(04)23288582,2025,2,17,18,6,臺中市,南區,0,1,0,7,1,6,50,5,1,1,5,4,6,6,2,1,10,5,5,2,16,3,10,3,1,B03,7,6,1,8,2,6,,11,11,1,12,4,120.660162,24.12444,2
6519,66000,387130000C,(04)23274275,(04)23288582,2025,2,17,18,8,臺中市,西區,0,1,0,7,1,6,30,13,9,5,5,4,6,6,4,4,10,5,5,2,18,2,9,5,4,C03,7,21,6,20,11,11,,84,84,1,13,4,120.656328,24.151849,2
6520,66000,387130000C,(04)23274275,(04)23288582,2025,2,17,18,8,臺中市,大里區,0,0,0,7,1,6,50,13,9,1,5,4,6,6,1,1,1,4,5,1,13,,,,,C03,,,1,,1,,,7,7,1,13,4,120.681483,24.103957,3
6521,66000,387130000C,(04)23274275,(04)23288582,2025,2,17,18,9,臺中市,北屯區,0,1,0,7,1,6,50,3,1,1,5,4,6,6,4,4,3,3,4,2,16,3,10,3,1,B03,7,5,1,8,2,2,5,14,14,1,13,4,120.682761,24.181721,2
6522,66000,387130000C,(04)23274275,(04)23288582,2025,2,17,18,10,臺中市,豐原區,0,1,0,7,1,6,50,4,19,1,5,4,6,6,2,1,5,4,4,1,3,3,10,3,1,B03,7,6,1,8,2,1,,10,10,1,12,4,120.731251,24.249706,2
6523,66000,387130000C,(04)23274275,(04)23288582,2025,2,17,18,11,臺中市,北屯區,0,0,0,7,,,40,,,,,,,,,,,,,,12,,,,,C03,,,1,10,1,,,85,85,1,6,4,120.69401,24.16654,4
6524,66000,387130000C,(04)23274275,(04)23288582,2025,2,17,18,13,臺中市,大里區,0,1,0,7,1,6,50,4,1,1,5,4,6,6,1,1,10,5,5,1,16,3,10,3,1,A12,7,5,1,7,2,2,,11,11,1,12,4,120.666556,24.096673,2
6525,66000,387130000C,(04)23274275,(04)23288582,2025,2,17,18,14,臺中市,東區,0,0,0,7,,,50,,,,,,,,,,,,,,17,,,,,A12,,,1,,1,,,51,51,1,13,4,120.701611,24.142474,3
6526,66000,387130000C,(04)23274275,(04)23288582,2025,2,17,18,16,臺中市,南屯區,0,1,0,7,1,6,50,4,1,1,5,4,6,6,1,1,10,5,5,2,13,3,10,1,1,C03,7,9,1,9,2,11,,7,7,1,12,4,120.646681,24.153613,2
6527,66000,387130000C,(04)23274275,(04)23288582,2025,2,17,18,17,臺中市,沙鹿區,0,1,0,7,2,6,30,13,9,1,5,4,6,6,4,4,10,5,5,1,14,3,10,3,1,B03,7,2,1,8,2,7,3,49,49,1,6,4,120.561915,24.255793,2
6528,66000,387130000C,(04)23274275,(04)23288582,2025,2,17,18,18,臺中市,太平區,0,0,0,7,,,50,,,,,,,,,,,,,,,,,,,B03,,,1,,2,,,85,85,1,12,4,120.734105,24.147725,3
6529,66000,387130000C,(04)23274275,(04)23288582,2025,2,17,18,18,臺中市,龍井區,0,1,0,7,1,6,50,4,1,1,5,4,6,6,4,4,10,5,5,2,16,3,10,3,1,A12,7,6,1,7,2,8,,48,48,1,6,4,120.54063,24.21038,2
6530,66000,387130000C,(04)23274275,(04)23288582,2025,2,17,18,19,臺中市,北屯區,0,1,0,7,1,6,50,4,1,1,5,4,6,6,1,1,10,5,5,2,18,2,9,1,1,C03,7,9,1,10,2,14,,82,82,1,6,4,120.67142,24.173918,2
6531,66000,387130000C,(04)23274275,(04)23288582,2025,2,17,18,21,臺中市,東區,0,2,0,7,1,6,50,4,1,1,5,4,6,6,1,1,9,5,4,2,17,2,6,1,1,C03,7,6,1,10,2,14,,48,48,1,12,4,120.701618,24.140697,2
6532,66000,387130000C,(04)23274275,(04)23288582,2025,2,17,18,22,臺中市,豐原區,0,0,0,7,,,50,,,,,,,,,,,,,,,,,,,B03,,,1,,2,,,59,59,1,13,4,120.720898,24.251908,3
6533,66000,387130000C,(04)23274275,(04)23288582,2025,2,17,18,24,臺中市,北區,0,1,0,7,1,6,50,13,9,1,5,4,6,6,1,1,10,2,5,2,17,3,10,5,4,B03,7,9,1,8,2,5,,8,8,1,13,4,120.684665,24.164804,2
6534,66000,387130000C,(04)23274275,(04)23288582,2025,2,17,18,29,臺中市,大里區,0,0,0,7,,,50,,,,,,,,,,,,,,13,,,,,B03,,,1,,2,,,7,7,1,12,4,120.680527,24.104474,3
6535,66000,387130000C,(04)23274275,(04)23288582,2025,2,17,18,32,臺中市,北屯區,0,0,0,7,,,50,,,,,,,,,,,,,,17,,,,,B03,,,1,,2,,,50,50,1,12,4,120.659779,24.184772,3
6536,66000,387130000C,(04)23274275,(04)23288582,2025,2,17,18,33,臺中市,南屯區,0,3,0,7,2,6,50,4,2,1,5,4,6,6,3,1,1,4,1,2,13,2,8,2,1,C03,7,9,1,10,2,11,,7,7,1,13,4,120.623482,24.149466,2
6537,66000,387130000C,(04)23274275,(04)23288582,2025,2,17,18,33,臺中市,西屯區,0,0,0,7,,,50,,,,,,,,,,,,,,16,,,,,B03,,,1,,1,,,11,11,1,12,4,120.65055,24.166458,3
6538,66000,387130000C,(04)23274275,(04)23288582,2025,2,17,18,33,臺中市,大里區,0,0,0,7,,,50,,,,,,,,,,,,,,17,,,,,B01,,,1,4,2,,,85,85,1,13,4,120.697117,24.08437,3
6539,66000,387130000C,(04)23274275,(04)23288582,2025,2,17,18,35,臺中市,北屯區,0,0,0,7,,,50,,,,,,,,,,,,,,14,,,,,B03,,,1,,1,,,49,49,1,12,4,120.696759,24.164162,3
6540,66000,387130000C,(04)23274275,(04)23288582,2025,2,17,18,38,臺中市,清水區,0,1,0,7,3,6,50,13,9,1,5,4,6,6,4,4,9,4,5,2,17,2,8,6,1,F01,7,1,7,21,2,12,,51,51,1,2,4,120.572218,24.263353,2
6541,66000,387130000C,(04)23274275,(04)23288582,2025,2,17,18,41,臺中市,西區,0,2,0,7,1,6,50,13,9,1,5,4,6,6,4,4,5,5,5,2,2,2,9,2,1,C03,7,9,1,10,2,11,,59,59,1,13,4,120.65895,24.142214,2
6542,66000,387130000C,(04)23274275,(04)23288582,2025,2,17,18,44,臺中市,南屯區,0,1,0,7,1,6,50,3,1,1,5,4,6,6,1,1,10,5,5,2,17,3,10,3,1,B03,7,5,1,8,2,1,,84,84,1,12,4,120.622349,24.150089,2
6543,66000,387130000C,(04)23274275,(04)23288582,2025,2,17,18,47,臺中市,大里區,0,0,0,7,1,6,50,4,2,1,5,4,6,6,1,1,5,5,5,2,13,,,,,B03,,,1,,2,,,84,84,1,13,4,120.677234,24.094179,3
6544,66000,387130000C,(04)23274275,(04)23288582,2025,2,17,18,47,臺中市,太平區,0,0,0,7,1,6,30,,,,,,,,,,,,,,16,,,,,F01,,,7,,2,14,12,48,48,1,12,4,120.726625,24.14567,3
6545,66000,387130000C,(04)23274275,(04)23288582,2025,2,17,18,48,臺中市,南屯區,0,1,0,7,1,6,50,4,2,1,5,4,6,6,1,1,10,5,5,2,17,3,10,3,1,B03,7,9,1,8,2,5,,84,84,1,13,4,120.611731,24.135657,2
6546,66000,387130000C,(04)23274275,(04)23288582,2025,2,17,18,48,臺中市,大里區,0,0,0,7,,,50,,,,,,,,,,,,,,,,,,,B03,,,1,,2,,,7,7,1,12,4,120.676396,24.112054,3
6547,66000,387130000C,(04)23274275,(04)23288582,2025,2,17,18,50,臺中市,大里區,0,0,0,7,,,50,,,,,,,,,,,,,,,,,,,B02,,,1,,1,,,84,84,1,6,4,120.685787,24.088895,3
6548,66000,387130000C,(04)23274275,(04)23288582,2025,2,17,18,51,臺中市,南屯區,0,1,0,7,1,6,50,4,4,1,5,4,6,6,1,1,5,5,4,2,13,3,10,1,1,C03,7,9,1,10,2,11,,7,7,1,12,4,120.633589,24.141391,2
6549,66000,387130000C,(04)23274275,(04)23288582,2025,2,17,18,51,臺中市,豐原區,0,2,0,7,1,6,50,3,1,1,5,4,6,6,2,1,10,5,5,2,17,2,7,1,4,C03,7,6,1,10,2,11,,11,11,1,12,4,120.715092,24.249138,2
6550,66000,387130000C,(04)23274275,(04)23288582,2025,2,17,18,55,臺中市,大里區,0,0,0,7,,,50,,,,,,,,,,,,,,13,,,,,B03,,,1,,2,,,7,7,1,12,4,120.689185,24.095916,3
6551,66000,387130000C,(04)23274275,(04)23288582,2025,2,17,18,56,臺中市,北區,0,1,0,7,2,6,30,13,8,1,5,4,6,6,4,4,8,3,4,1,30,2,9,2,1,C03,7,9,1,10,2,16,,84,84,1,13,4,120.674134,24.163774,2
6552,66000,387130000C,(04)23274275,(04)23288582,2025,2,17,18,56,臺中市,神岡區,0,1,0,7,1,6,1,13,9,1,5,4,6,6,4,4,10,5,5,1,17,3,10,4,4,G03,7,1,1,8,2,17,,51,51,1,12,4,120.653241,24.25948,2
6553,66000,387130000C,(04)23274275,(04)23288582,2025,2,17,18,58,臺中市,北屯區,0,1,0,7,1,6,60,4,2,1,5,4,6,6,2,1,1,3,5,2,17,3,10,3,1,B03,7,7,1,4,2,6,,40,40,1,13,4,120.719807,24.163047,2
6554,66000,387130000C,(04)23274275,(04)23288582,2025,2,17,18,58,臺中市,北屯區,0,1,0,7,1,6,50,3,1,1,5,4,6,6,4,4,10,5,5,2,17,3,10,5,4,B03,7,6,1,8,2,8,,14,14,1,13,4,120.709417,24.178233,2
6555,66000,387130000C,(04)23274275,(04)23288582,2025,2,17,18,58,臺中市,西屯區,0,0,0,7,,,50,,,,,,,,,,,,,,,,,,,B03,,,1,,1,,,24,24,1,12,4,120.654291,24.194117,3
6556,66000,387130000C,(04)23274275,(04)23288582,2025,2,17,18,59,臺中市,南屯區,0,0,0,7,,,50,,,,,,,,,,,,,,13,,,,,B03,,,1,,1,,,59,59,1,12,4,120.641387,24.14122,3
6557,66000,387130000C,(04)23274275,(04)23288582,2025,2,17,19,1,臺中市,北屯區,0,0,0,7,,,50,,,,,,,,,,,,,,16,,,,,B03,,,1,8,1,,,45,45,1,6,4,120.683326,24.197126,3
6558,66000,387130000C,(04)23274275,(04)23288582,2025,2,17,19,2,臺中市,北屯區,0,0,0,7,,,50,,,,,,,,,,,,,,16,,,,,B03,,,1,,1,,,11,11,1,13,4,120.680884,24.190102,3
6559,66000,387130000C,(04)23274275,(04)23288582,2025,2,17,19,4,臺中市,西屯區,0,0,0,7,,,50,,,,,,,,,,,,,,14,,,,,B03,,,1,,9,,,49,49,1,12,4,120.637337,24.175321,3
6560,66000,387130000C,(04)23274275,(04)23288582,2025,2,17,19,9,臺中市,烏日區,0,1,0,7,1,6,40,13,9,2,5,4,6,6,4,4,10,4,5,2,12,2,9,1,1,C03,7,1,1,10,2,13,,51,51,1,6,4,120.616548,24.1136,2
6561,66000,387130000C,(04)23274275,(04)23288582,2025,2,17,19,11,臺中市,北屯區,0,0,0,7,,,50,,,,,,,,,,,,,,12,,,,,B03,,,1,,1,,,1,1,1,6,4,120.70484,24.169338,3
6562,66000,387130000C,(04)23274275,(04)23288582,2025,2,17,19,15,臺中市,太平區,0,1,0,7,1,6,50,13,9,1,5,4,6,6,4,4,5,4,5,1,3,2,9,6,5,H01,8,18,7,21,10,17,,98,98,1,12,5,120.716683,24.128085,2
6563,66000,387130000C,(04)23274275,(04)23288582,2025,2,17,19,17,臺中市,潭子區,0,0,0,7,,,50,,,,,,,,,,,,,,,,,,,B12,,,1,,2,,,49,49,1,13,4,120.700831,24.216866,3
6564,66000,387130000C,(04)23274275,(04)23288582,2025,2,17,19,17,臺中市,北屯區,0,0,0,7,,,50,,,,,,,,,,,,,,17,,,,,C03,,,1,,2,,,43,43,1,12,4,120.702785,24.175874,3
6565,66000,387130000C,(04)23274275,(04)23288582,2025,2,17,19,23,臺中市,太平區,0,2,0,7,2,6,50,5,2,1,5,4,6,6,1,1,5,2,5,2,16,2,7,1,1,C03,7,6,1,9,2,12,14,48,48,1,12,4,120.720876,24.133736,2
6566,66000,387130000C,(04)23274275,(04)23288582,2025,2,17,19,25,臺中市,豐原區,0,0,0,7,,,60,,,,,,,,,,,,,,13,,,,,B03,,,1,,1,,,7,7,1,12,4,120.703608,24.238006,4
6567,66000,387130000C,(04)23274275,(04)23288582,2025,2,17,19,30,臺中市,西區,0,1,0,7,1,6,50,4,1,1,5,4,6,6,2,1,10,5,5,2,17,3,10,3,1,B03,7,14,1,8,2,3,,39,39,1,12,4,120.671247,24.145505,2
6568,66000,387130000C,(04)23274275,(04)23288582,2025,2,17,19,30,臺中市,西屯區,0,1,0,7,1,6,40,13,8,1,5,4,6,6,1,1,1,5,1,2,30,2,8,1,4,C03,7,14,1,10,2,13,,87,87,1,13,4,120.604613,24.183536,2
6569,66000,387130000C,(04)23274275,(04)23288582,2025,2,17,19,32,臺中市,沙鹿區,0,1,0,7,1,6,50,4,9,1,5,4,6,6,4,4,10,5,5,2,16,3,10,1,1,C03,7,6,1,10,2,11,12,48,48,1,6,4,120.581888,24.222088,2
6570,66000,387130000C,(04)23274275,(04)23288582,2025,2,17,19,33,臺中市,北屯區,0,0,0,7,,,80,,,,,,,,,,,,,,13,,,,,B03,,,1,,1,,,7,7,1,13,4,120.720606,24.166431,3
6571,66000,387130000C,(04)23274275,(04)23288582,2025,2,17,19,34,臺中市,大里區,0,0,0,7,,,50,,,,,,,,,,,,,,,,,,,B03,,,1,,2,,,11,11,1,6,4,120.70189,24.08599,3
6572,66000,387130000C,(04)23274275,(04)23288582,2025,2,17,19,36,臺中市,大里區,0,0,0,7,1,6,50,4,1,1,5,4,6,6,1,1,1,5,5,1,12,,,,,B01,,,1,,2,,,26,26,1,13,4,120.699132,24.110118,3
6573,66000,387130000C,(04)23274275,(04)23288582,2025,2,17,19,37,臺中市,北區,0,0,0,7,,,30,,,,,,,,,,,,,,17,,,,,B03,,,1,,2,,,84,84,1,12,4,120.665042,24.160794,3
6574,66000,387130000C,(04)23274275,(04)23288582,2025,2,17,19,38,臺中市,北區,0,0,0,7,,,50,,,,,,,,,,,,,,17,,,,,B03,,,1,,1,,,7,7,1,13,4,120.689134,24.153572,3
6575,66000,387130000C,(04)23274275,(04)23288582,2025,2,17,19,38,臺中市,沙鹿區,0,0,0,7,,,60,,,,,,,,,,,,,,12,,,,,A11,,,1,,1,,,40,40,1,13,4,120.612671,24.24474,3
6576,66000,387130000C,(04)23274275,(04)23288582,2025,2,17,19,40,臺中市,梧棲區,0,0,0,7,,,50,,,,,,,,,,,,,,13,,,,,A12,,,1,,1,,,7,7,1,6,4,120.525677,24.224565,3
6577,66000,387130000C,(04)23274275,(04)23288582,2025,2,17,19,45,臺中市,北屯區,0,1,0,6,1,6,50,3,1,1,5,4,6,6,1,1,10,5,5,2,18,2,9,2,1,C03,7,6,1,9,2,14,,84,84,1,6,4,120.68358,24.201458,2
6578,66000,387130000C,(04)23274275,(04)23288582,2025,2,17,19,50,臺中市,西屯區,0,0,0,7,,,50,,,,,,,,,,,,,,13,,,,,B03,,,1,,1,,,59,59,1,13,4,120.640422,24.166781,3
6579,66000,387130000C,(04)23274275,(04)23288582,2025,2,17,19,57,臺中市,大甲區,0,0,0,7,,,50,,,,,,,,,,,,,,,,,,,B03,,,1,,9,,,51,51,1,6,4,120.618212,24.346219,3
6580,66000,387130000C,(04)23274275,(04)23288582,2025,2,17,19,58,臺中市,沙鹿區,0,0,0,6,,,50,,,,,,,,,,,,,,,,,,,C02,,,1,,2,,,78,78,1,13,4,120.5614,24.216953,3
6581,66000,387130000C,(04)23274275,(04)23288582,2025,2,17,20,0,臺中市,北區,0,0,0,7,,,50,,,,,,,,,,,,,,,,,,,B03,,,1,,11,,,39,39,1,13,4,120.686102,24.154769,3
6582,66000,387130000C,(04)23274275,(04)23288582,2025,2,17,20,1,臺中市,北區,0,2,0,7,1,6,40,13,24,1,5,4,6,6,4,4,1,4,4,2,17,2,9,5,4,C03,7,12,1,10,2,14,,85,85,1,13,4,120.684876,24.160917,2
6583,66000,387130000C,(04)23274275,(04)23288582,2025,2,17,20,2,臺中市,西屯區,0,2,0,7,1,6,50,4,2,1,5,4,6,6,2,1,1,4,1,1,13,3,10,1,1,C03,7,9,1,10,2,11,,7,7,1,12,4,120.653258,24.160817,2
6584,66000,387130000C,(04)23274275,(04)23288582,2025,2,17,20,3,臺中市,北區,0,0,0,7,,,50,,,,,,,,,,,,,,13,,,,,B03,,,1,,1,,,84,84,1,12,4,120.698312,24.155155,3
6585,66000,387130000C,(04)23274275,(04)23288582,2025,2,17,20,12,臺中市,西屯區,0,0,0,7,,,50,,,,,,,,,,,,,,13,,,,,A12,,,1,,2,,,7,7,1,12,4,120.656558,24.200782,3
6586,66000,387130000C,(04)23274275,(04)23288582,2025,2,17,20,21,臺中市,北屯區,0,0,0,7,,,30,,,,,,,,,,,,,,30,,,,,B03,,,1,,1,,,58,58,1,6,4,120.660053,24.188116,3
6587,66000,387130000C,(04)23274275,(04)23288582,2025,2,17,20,23,臺中市,西屯區,0,0,0,7,1,6,50,13,9,1,5,4,6,6,4,4,5,4,5,2,14,,,,,B03,,,1,,1,,,49,49,1,12,4,120.614039,24.175664,3
6588,66000,387130000C,(04)23274275,(04)23288582,2025,2,17,20,38,臺中市,西區,0,0,0,7,,,50,,,,,,,,,,,,,,17,,,,,B03,,,1,,1,,,58,58,1,12,4,120.665757,24.140083,3