序號,縣市別代碼,機關代碼,市話,傳真,年,月,日,時,分,縣市,區,死亡數量,受傷數量,2-30,天候,道路照明設備,道路類別,道路速限,道路型態,事故位置,路面鋪裝,路面狀態,路面缺陷,障礙物,視距,號誌種類,號誌動作,分向設施,快車道或一般車道間,快慢車道間,路面邊線,事故類型及型態,受傷程度,主要傷處,保護裝備,行動電話或功能裝置,當事者區分(類別),車輛用途,當事者行動狀態,駕照狀態,駕照種類,飲酒情形,車輛撞擊部位最初,車輛撞擊部位其他,肇事因素個別,肇事因素主要,肇事逃逸,職業,共享經濟或外送平台,GPS座標X,GPS座標Y,事故類別
6809,66000,387130000C,(04)23274275,(04)23288582,2025,2,18,14,24,臺中市,西屯區,0,0,0,7,,,50,,,,,,,,,,,,,,13,,,,,C03,,,1,,1,,,7,7,1,12,4,120.644359,24.174696,3
6810,66000,387130000C,(04)23274275,(04)23288582,2025,2,18,14,27,臺中市,南屯區,0,0,0,7,,,50,,,,,,,,,,,,,,2,,,,,B03,,,1,,1,,,7,7,1,12,4,120.633248,24.124221,3
6811,66000,387130000C,(04)23274275,(04)23288582,2025,2,18,14,30,臺中市,大里區,0,1,0,7,3,6,50,3,1,1,5,4,6,6,1,1,9,4,4,1,13,3,10,3,1,B12,7,5,1,8,2,1,,7,7,1,13,4,120.727485,24.08749,2
6812,66000,387130000C,(04)23274275,(04)23288582,2025,2,18,14,41,臺中市,北屯區,0,0,0,7,,,50,,,,,,,,,,,,,,17,,,,,B03,,,1,,2,,,40,40,1,6,4,120.668672,24.178276,3
6813,66000,387130000C,(04)23274275,(04)23288582,2025,2,18,14,42,臺中市,北屯區,0,2,0,7,3,6,50,13,7,1,5,4,6,6,4,4,1,4,4,1,12,2,9,1,1,C03,7,15,1,10,2,14,,40,40,1,12,4,120.714151,24.164415,2
6814,66000,387130000C,(04)23274275,(04)23288582,2025,2,18,14,44,臺中市,大雅區,0,2,0,7,3,6,50,4,1,1,5,4,6,6,1,1,10,4,5,1,17,3,10,3,1,B03,7,5,1,8,2,2,,11,11,1,12,4,120.614333,24.235944,2
6815,66000,387130000C,(04)23274275,(04)23288582,2025,2,18,14,45,臺中市,和平區,0,0,0,7,,,30,,,,,,,,,,,,,,17,,,,,B12,,,1,,1,,,51,51,1,12,4,120.882994,24.175982,3
6816,66000,387130000C,(04)23274275,(04)23288582,2025,2,18,14,47,臺中市,北屯區,0,1,0,7,3,6,50,3,1,1,5,4,6,6,4,4,10,5,5,2,16,3,10,2,1,C03,7,6,1,10,2,12,,84,84,1,13,4,120.690318,24.164871,2
6817,66000,387130000C,(04)23274275,(04)23288582,2025,2,18,14,50,臺中市,西區,0,0,0,6,,,50,,,,,,,,,,,,,,14,,,,,B03,,,1,,1,,,50,50,1,12,4,120.674595,24.138114,3
6818,66000,387130000C,(04)23274275,(04)23288582,2025,2,18,14,58,臺中市,北屯區,0,0,0,7,,,50,,,,,,,,,,,,,,14,,,,,B03,,,1,,1,,,49,49,1,12,4,120.695393,24.172837,3
6819,66000,387130000C,(04)23274275,(04)23288582,2025,2,18,15,5,臺中市,龍井區,0,0,0,7,,,30,,,,,,,,,,,,,,,,,,,B03,,,1,,1,,,8,8,1,12,4,120.591088,24.180357,3
6820,66000,387130000C,(04)23274275,(04)23288582,2025,2,18,15,8,臺中市,西屯區,0,0,0,7,,,50,,,,,,,,,,,,,,13,,,,,B03,,,1,,1,,,7,,1,12,4,120.623961,24.173342,3
6821,66000,387130000C,(04)23274275,(04)23288582,2025,2,18,15,11,臺中市,北屯區,0,1,0,7,2,6,50,4,1,1,5,4,6,6,2,1,10,5,5,2,15,3,10,5,1,F01,7,9,7,21,2,14,,21,21,1,6,1,120.687678,24.171873,2
6822,66000,387130000C,(04)23274275,(04)23288582,2025,2,18,15,12,臺中市,潭子區,0,1,0,7,2,6,30,11,9,1,5,4,6,6,4,4,10,5,5,1,11,2,8,2,1,C03,7,6,1,10,2,14,,41,41,1,12,4,120.733957,24.206674,2
6823,66000,387130000C,(04)23274275,(04)23288582,2025,2,18,15,12,臺中市,梧棲區,0,0,0,7,,,30,,,,,,,,,,,,,,14,,,,,B03,,,1,,2,,,49,49,1,6,4,120.538497,24.246023,3
6824,66000,387130000C,(04)23274275,(04)23288582,2025,2,18,15,13,臺中市,西屯區,0,0,0,7,,,50,,,,,,,,,,,,,,13,,,,,B03,,,1,,1,,,83,83,1,11,4,120.652909,24.167217,3
6825,66000,387130000C,(04)23274275,(04)23288582,2025,2,18,15,16,臺中市,南區,0,3,0,7,2,6,50,4,1,1,5,4,6,6,1,1,5,2,5,2,15,2,9,2,1,F01,7,9,7,21,2,13,,21,21,1,13,4,120.666818,24.115311,2
6826,66000,387130000C,(04)23274275,(04)23288582,2025,2,18,15,18,臺中市,西屯區,0,1,0,7,2,6,50,4,1,1,5,4,6,6,3,1,5,5,4,2,16,3,10,3,1,B03,7,6,1,8,2,4,,24,24,1,12,4,120.634816,24.165627,2
6827,66000,387130000C,(04)23274275,(04)23288582,2025,2,18,15,19,臺中市,東區,0,1,0,7,2,6,50,4,4,1,5,4,6,6,1,1,9,4,4,2,13,3,10,3,1,B03,7,9,1,8,2,5,,7,7,1,13,4,120.692376,24.13945,2
6828,66000,387130000C,(04)23274275,(04)23288582,2025,2,18,15,19,臺中市,太平區,0,1,0,7,2,6,50,4,1,1,5,4,6,6,4,4,10,5,5,2,15,3,10,1,1,C03,7,1,1,10,2,11,,51,51,1,13,4,120.715716,24.118413,2
6829,66000,387130000C,(04)23274275,(04)23288582,2025,2,18,15,23,臺中市,太平區,0,0,0,7,,,,,,,,,,,,,,,,,17,,,,,,,,,,,,,86,86,1,,,120.7201,24.12689,3
6830,66000,387130000C,(04)23274275,(04)23288582,2025,2,18,15,25,臺中市,大里區,0,0,0,7,,,50,,,,,,,,,,,,,,17,,,,,C03,,,1,,11,,,58,58,1,13,4,120.695658,24.096366,3
6831,66000,387130000C,(04)23274275,(04)23288582,2025,2,18,15,30,臺中市,南區,0,0,0,7,,,50,,,,,,,,,,,,,,17,,,,,B12,,,1,,1,,,84,84,1,12,4,120.65822,24.112508,3
6832,66000,387130000C,(04)23274275,(04)23288582,2025,2,18,15,31,臺中市,大雅區,0,0,0,7,,,40,,,,,,,,,,,,,,,,,,,C03,,,1,,1,,,59,59,1,12,4,120.649805,24.22174,3
6833,66000,387130000C,(04)23274275,(04)23288582,2025,2,18,15,39,臺中市,南屯區,0,1,0,7,3,6,30,3,1,1,5,4,6,6,4,4,10,5,5,2,16,3,10,2,1,C03,7,6,1,10,2,13,,84,84,1,12,4,120.611664,24.144544,2
6834,66000,387130000C,(04)23274275,(04)23288582,2025,2,18,15,41,臺中市,大甲區,0,1,0,7,3,6,50,4,9,1,5,4,6,6,2,1,3,4,4,1,17,3,10,3,1,A11,7,15,1,3,2,6,,84,84,1,12,4,120.618131,24.339063,2
6835,66000,387130000C,(04)23274275,(04)23288582,2025,2,18,15,44,臺中市,北屯區,0,1,0,7,2,6,30,3,1,1,5,4,6,6,4,4,10,5,5,2,17,2,9,2,1,C03,7,6,1,10,2,11,,14,14,1,12,4,120.705156,24.167758,2
6836,66000,387130000C,(04)23274275,(04)23288582,2025,2,18,15,47,臺中市,北屯區,0,1,0,7,2,6,50,4,1,1,5,4,6,6,2,1,10,5,5,2,12,2,9,1,1,C03,7,7,1,10,2,12,,40,40,1,12,4,120.668076,24.173446,2
6837,66000,387130000C,(04)23274275,(04)23288582,2025,2,18,15,47,臺中市,北屯區,0,1,0,7,2,6,50,13,9,1,5,4,6,6,4,4,5,4,5,2,13,3,10,1,1,C03,7,9,1,10,2,11,,83,83,1,6,2,120.698363,24.17043,2
6838,66000,387130000C,(04)23274275,(04)23288582,2025,2,18,15,48,臺中市,東區,0,0,0,7,,,50,,,,,,,,,,,,,,14,,,,,B12,,,1,,2,,,49,49,1,13,4,120.696417,24.132307,3
6839,66000,387130000C,(04)23274275,(04)23288582,2025,2,18,15,54,臺中市,西區,0,2,0,7,2,6,50,4,1,1,5,4,6,6,1,1,10,5,5,2,17,3,10,1,1,C03,7,5,1,10,2,13,,84,84,1,12,4,120.671857,24.151569,2
6840,66000,387130000C,(04)23274275,(04)23288582,2025,2,18,15,54,臺中市,南屯區,0,1,0,7,3,6,50,3,1,1,5,4,6,6,3,1,5,5,4,2,16,3,10,3,1,B01,7,6,1,4,2,1,,20,20,1,12,4,120.633998,24.158854,2
6841,66000,387130000C,(04)23274275,(04)23288582,2025,2,18,15,55,臺中市,西區,0,2,0,7,3,6,30,4,1,1,5,4,6,6,4,4,10,5,5,2,15,2,9,2,1,C03,7,9,1,10,2,11,,15,15,1,12,4,120.657904,24.145323,2
6842,66000,387130000C,(04)23274275,(04)23288582,2025,2,18,15,56,臺中市,豐原區,0,1,0,7,2,6,50,3,9,1,5,4,6,6,4,4,5,5,5,2,13,3,10,3,1,B03,7,9,1,8,2,5,,84,84,1,12,4,120.710801,24.249732,2
6843,66000,387130000C,(04)23274275,(04)23288582,2025,2,18,15,58,臺中市,西屯區,0,1,0,7,2,6,50,4,1,1,5,4,6,6,1,1,10,5,5,2,13,2,9,5,4,C03,7,6,1,10,2,11,,7,7,1,13,4,120.633268,24.165272,2
6844,66000,387130000C,(04)23274275,(04)23288582,2025,2,18,16,3,臺中市,北區,0,0,0,7,,,50,,,,,,,,,,,,,,13,,,,,B03,,,1,,1,,,7,7,1,13,4,120.686159,24.154144,3
6845,66000,387130000C,(04)23274275,(04)23288582,2025,2,18,16,4,臺中市,南屯區,0,0,0,7,,,50,,,,,,,,,,,,,,14,,,,,B03,,,1,,1,,,49,49,1,12,4,120.634298,24.156485,3
6846,66000,387130000C,(04)23274275,(04)23288582,2025,2,18,16,4,臺中市,西屯區,0,0,0,7,,,80,,,,,,,,,,,,,,17,,,,,A12,,,1,,1,,,68,68,1,12,4,120.655643,24.199691,3
6847,66000,387130000C,(04)23274275,(04)23288582,2025,2,18,16,7,臺中市,西區,0,0,0,7,1,6,50,4,1,1,5,4,6,6,2,1,10,5,5,2,9,,,,,B03,,,1,,1,,,49,49,1,12,4,120.656186,24.141151,3
6848,66000,387130000C,(04)23274275,(04)23288582,2025,2,18,16,7,臺中市,新社區,0,3,0,7,2,6,50,13,9,1,5,4,6,6,4,4,5,5,4,2,11,2,7,1,1,C03,7,6,1,10,2,12,,34,34,1,12,4,120.808264,24.240705,2
6849,66000,387130000C,(04)23274275,(04)23288582,2025,2,18,16,8,臺中市,豐原區,0,0,0,7,,,50,,,,,,,,,,,,,,17,,,,,B03,,,1,,9,,,45,45,1,13,4,120.706379,24.251801,3
6850,66000,387130000C,(04)23274275,(04)23288582,2025,2,18,16,11,臺中市,南屯區,0,1,0,7,2,6,50,13,9,1,5,4,6,6,4,4,4,3,4,2,17,3,10,3,1,B12,7,14,1,8,2,4,,76,76,1,12,4,120.652784,24.140662,2
6851,66000,387130000C,(04)23274275,(04)23288582,2025,2,18,16,18,臺中市,東區,0,0,0,7,,,50,,,,,,,,,,,,,,,,,,,B02,,,1,,2,,,89,89,1,12,4,120.685038,24.12957,3
6852,66000,387130000C,(04)23274275,(04)23288582,2025,2,18,16,18,臺中市,龍井區,0,0,0,7,,,50,,,,,,,,,,,,,,,,,,,B03,,,1,,2,,,59,59,1,6,4,120.54991,24.208696,3
6853,66000,387130000C,(04)23274275,(04)23288582,2025,2,18,16,21,臺中市,西屯區,0,1,0,7,2,6,50,4,1,1,5,4,6,6,2,1,10,5,5,2,16,3,10,2,1,C03,7,6,1,10,2,11,,11,11,1,12,4,120.655952,24.170405,2
6854,66000,387130000C,(04)23274275,(04)23288582,2025,2,18,16,21,臺中市,大里區,0,0,0,7,,,50,,,,,,,,,,,,,,,,,,,C03,,,1,,2,,,7,7,1,6,4,120.698171,24.082147,3
6855,66000,387130000C,(04)23274275,(04)23288582,2025,2,18,16,29,臺中市,西區,0,1,0,7,2,6,50,13,8,1,5,4,6,6,4,4,1,5,1,2,12,3,10,3,1,B03,7,4,1,8,2,5,,2,2,1,12,4,120.67154,24.149743,2
6856,66000,387130000C,(04)23274275,(04)23288582,2025,2,18,16,29,臺中市,烏日區,0,2,0,7,2,6,30,3,1,1,5,4,6,6,4,4,10,5,5,2,17,2,9,5,4,C04,7,6,1,11,2,11,,48,48,1,12,4,120.637447,24.109647,2
6857,66000,387130000C,(04)23274275,(04)23288582,2025,2,18,16,31,臺中市,北屯區,0,2,0,7,3,6,50,4,2,1,5,4,6,6,1,1,3,5,5,2,17,2,9,1,1,C03,7,9,3,19,2,11,,84,84,1,12,4,120.671268,24.173885,2
6858,66000,387130000C,(04)23274275,(04)23288582,2025,2,18,16,32,臺中市,清水區,0,0,0,7,1,6,50,5,,1,5,4,6,6,1,1,8,3,4,2,13,,,,,B12,,,1,,1,,,7,7,1,12,4,120.577181,24.275586,3
6859,66000,387130000C,(04)23274275,(04)23288582,2025,2,18,16,34,臺中市,北區,0,1,0,7,1,6,50,5,9,1,5,4,6,6,2,1,8,3,5,1,12,2,9,2,1,C03,7,7,1,10,2,11,,7,7,1,13,4,120.686022,24.15388,2
6860,66000,387130000C,(04)23274275,(04)23288582,2025,2,18,16,36,臺中市,北區,0,0,0,7,,,50,,,,,,,,,,,,,,13,,,,,B03,,,1,,1,,,59,59,1,13,4,120.6717,24.173062,3
6861,66000,387130000C,(04)23274275,(04)23288582,2025,2,18,16,38,臺中市,大里區,0,1,0,7,2,6,50,3,1,1,5,4,6,6,1,1,10,5,5,1,16,3,10,3,1,B12,7,9,1,1,2,5,,84,84,1,12,4,120.695702,24.104226,2
6862,66000,387130000C,(04)23274275,(04)23288582,2025,2,18,16,44,臺中市,南屯區,0,0,0,7,,,50,,,,,,,,,,,,,,14,,,,,B03,,,1,,1,,,49,49,1,13,4,120.635383,24.150852,3
6863,66000,387130000C,(04)23274275,(04)23288582,2025,2,18,16,46,臺中市,沙鹿區,0,2,0,7,2,6,50,13,7,1,5,4,6,6,4,4,3,3,3,1,17,2,9,5,4,C03,7,11,1,10,2,14,,45,45,1,13,4,120.54887,24.229419,2
6864,66000,387130000C,(04)23274275,(04)23288582,2025,2,18,16,46,臺中市,豐原區,0,2,0,7,2,6,50,4,19,1,5,4,6,6,1,1,10,5,5,2,3,2,9,1,1,C03,7,9,1,10,2,12,,10,10,1,6,4,120.71563,24.251408,2
6865,66000,387130000C,(04)23274275,(04)23288582,2025,2,18,16,48,臺中市,南屯區,0,2,0,7,3,6,50,3,1,1,5,4,6,6,4,4,10,5,5,2,17,2,9,2,1,C03,7,6,3,19,2,12,,48,48,1,12,4,120.643262,24.144785,2
6866,66000,387130000C,(04)23274275,(04)23288582,2025,2,18,16,49,臺中市,北區,0,0,0,7,,,50,,,,,,,,,,,,,,17,,,,,B03,,,1,,2,,,84,84,1,12,4,120.676776,24.158988,3
6867,66000,387130000C,(04)23274275,(04)23288582,2025,2,18,16,50,臺中市,北區,0,0,0,7,,,40,,,,,,,,,,,,,,17,,,,,B03,,,1,,2,,,84,84,1,12,4,120.677878,24.159056,3
6868,66000,387130000C,(04)23274275,(04)23288582,2025,2,18,16,50,臺中市,西屯區,0,1,0,7,1,6,50,13,9,1,5,4,6,6,4,4,5,4,4,2,13,2,8,2,1,C03,7,9,1,10,2,11,,7,7,1,12,4,120.667115,24.174978,2
6869,66000,387130000C,(04)23274275,(04)23288582,2025,2,18,16,50,臺中市,西屯區,0,1,0,7,1,6,50,13,9,1,5,4,6,6,4,4,1,4,5,2,16,3,10,3,1,B03,7,5,1,8,1,2,,47,47,1,12,4,120.644831,24.171096,2
6870,66000,387130000C,(04)23274275,(04)23288582,2025,2,18,16,53,臺中市,霧峰區,0,0,0,7,,,50,,,,,,,,,,,,,,,,,,,C03,,,1,,2,,,7,7,1,13,4,120.664481,24.079419,3
6871,66000,387130000C,(04)23274275,(04)23288582,2025,2,18,17,2,臺中市,西屯區,0,0,0,7,,,30,,,,,,,,,,,,,,16,,,,,B03,,,1,,2,,,11,11,1,12,4,120.643661,24.192041,3
6872,66000,387130000C,(04)23274275,(04)23288582,2025,2,18,17,4,臺中市,南屯區,0,1,0,7,3,6,50,13,7,1,5,4,6,6,4,4,1,4,5,2,17,2,8,1,1,F01,7,9,7,21,2,12,,84,84,1,12,4,120.635367,24.143347,2
6873,66000,387130000C,(04)23274275,(04)23288582,2025,2,18,17,6,臺中市,北屯區,0,1,0,7,2,6,50,4,1,1,5,4,6,6,4,4,5,5,4,2,16,2,9,2,1,C03,7,9,1,10,2,11,,4,4,1,12,4,120.678563,24.201787,2
6874,66000,387130000C,(04)23274275,(04)23288582,2025,2,18,17,7,臺中市,霧峰區,0,0,0,7,,,50,,,,,,,,,,,,,,13,,,,,C03,,,1,,1,,,59,59,1,13,4,120.694301,24.066075,4
6875,66000,387130000C,(04)23274275,(04)23288582,2025,2,18,17,7,臺中市,梧棲區,0,2,0,7,3,6,30,4,1,1,5,4,6,6,4,4,10,5,5,2,15,2,9,1,1,C03,7,9,1,10,2,12,,15,15,1,6,4,120.546865,24.224349,2
6876,66000,387130000C,(04)23274275,(04)23288582,2025,2,18,17,10,臺中市,龍井區,0,1,0,7,3,6,40,4,1,1,5,4,6,6,1,1,10,5,5,2,16,3,10,3,1,A05,7,5,1,2,2,2,,47,47,1,6,4,120.52338,24.219353,2
6877,66000,387130000C,(04)23274275,(04)23288582,2025,2,18,17,12,臺中市,南屯區,0,0,0,7,,,50,,,,,,,,,,,,,,17,,,,,B03,,,1,,2,,,8,8,1,12,4,120.646132,24.150851,3
6878,66000,387130000C,(04)23274275,(04)23288582,2025,2,18,17,14,臺中市,東區,0,0,0,7,,,30,,,,,,,,,,,,,,14,,,,,B12,,,1,,1,,,49,49,1,13,4,120.693315,24.141645,3
6879,66000,387130000C,(04)23274275,(04)23288582,2025,2,18,17,14,臺中市,霧峰區,0,2,0,7,3,6,40,13,9,1,5,4,6,6,4,4,1,4,5,1,12,2,9,1,1,C03,7,9,1,10,2,12,,8,8,1,6,4,120.662215,24.059031,2
6880,66000,387130000C,(04)23274275,(04)23288582,2025,2,18,17,15,臺中市,沙鹿區,0,3,0,7,1,6,50,4,1,1,5,4,6,6,1,1,10,4,4,2,17,2,9,2,1,C03,7,1,1,10,9,14,,51,51,1,13,2,120.570182,24.257994,2
6881,66000,387130000C,(04)23274275,(04)23288582,2025,2,18,17,20,臺中市,北區,0,0,0,7,,,50,,,,,,,,,,,,,,17,,,,,C03,,,1,,1,,,48,48,1,13,4,120.703327,24.159492,3
6882,66000,387130000C,(04)23274275,(04)23288582,2025,2,18,17,22,臺中市,烏日區,0,0,0,7,2,6,30,13,9,1,5,4,6,6,4,4,10,5,5,2,14,3,10,3,1,B03,7,2,1,8,2,6,,49,49,1,6,4,120.640909,24.101524,3
6883,66000,387130000C,(04)23274275,(04)23288582,2025,2,18,17,25,臺中市,西屯區,0,1,0,7,2,6,50,13,7,1,5,4,6,6,1,1,5,5,4,2,13,2,9,2,1,C03,7,9,1,10,2,15,,7,7,1,12,4,120.634162,24.163569,2
6884,66000,387130000C,(04)23274275,(04)23288582,2025,2,18,17,25,臺中市,大肚區,0,0,0,7,,,30,,,,,,,,,,,,,,,,,,,B03,,,1,,2,,,41,41,1,12,4,120.573421,24.165914,3
6885,66000,387130000C,(04)23274275,(04)23288582,2025,2,18,17,26,臺中市,北屯區,0,2,0,7,2,6,50,4,1,1,5,4,6,6,1,1,10,5,5,2,12,2,9,1,1,C03,7,1,1,10,2,11,,51,51,1,6,4,120.687163,24.179016,2
6886,66000,387130000C,(04)23274275,(04)23288582,2025,2,18,17,26,臺中市,西屯區,0,0,0,7,,,80,,,,,,,,,,,,,,13,,,,,B03,,,1,,1,,,7,7,1,12,4,120.635247,24.180548,3
6887,66000,387130000C,(04)23274275,(04)23288582,2025,2,18,17,27,臺中市,霧峰區,0,0,0,7,,,50,,,,,,,,,,,,,,,,,,,B12,,,1,,1,,,11,11,1,13,4,120.654543,24.084791,3
6888,66000,387130000C,(04)23274275,(04)23288582,2025,2,18,17,30,臺中市,豐原區,0,0,0,7,,,40,,,,,,,,,,,,,,12,,,,,B03,,,1,,2,,,20,20,1,12,4,120.746634,24.269653,3
6889,66000,387130000C,(04)23274275,(04)23288582,2025,2,18,17,32,臺中市,東區,0,1,0,7,2,6,50,4,1,1,5,4,6,6,2,1,10,5,5,2,17,3,10,3,1,B12,7,5,1,8,2,1,,47,47,1,12,4,120.685951,24.141677,2
6890,66000,387130000C,(04)23274275,(04)23288582,2025,2,18,17,33,臺中市,大雅區,0,1,0,7,3,6,30,3,1,1,5,4,6,6,4,4,10,5,5,2,17,2,5,1,1,C03,7,6,1,10,2,11,,84,84,1,12,4,120.66945,24.235731,2
6891,66000,387130000C,(04)23274275,(04)23288582,2025,2,18,17,38,臺中市,西區,0,2,0,7,2,6,40,4,1,1,5,4,6,6,1,1,10,5,5,2,17,3,10,1,1,C03,7,15,1,10,2,12,,84,84,1,13,4,120.666927,24.153191,2
6892,66000,387130000C,(04)23274275,(04)23288582,2025,2,18,17,38,臺中市,西屯區,0,2,0,7,1,6,50,3,1,1,5,4,6,6,1,1,10,5,5,2,17,2,9,5,4,C03,7,15,1,10,2,13,,84,84,1,13,4,120.660077,24.174409,2
6893,66000,387130000C,(04)23274275,(04)23288582,2025,2,18,17,40,臺中市,西區,0,1,0,7,2,6,0,13,21,2,5,4,6,6,4,4,10,5,5,2,18,2,9,6,1,F01,7,9,7,21,2,14,,87,87,1,12,4,120.67016,24.139509,2
6894,66000,387130000C,(04)23274275,(04)23288582,2025,2,18,17,40,臺中市,豐原區,0,0,0,7,,,50,,,,,,,,,,,,,,14,,,,,B12,,,1,,2,,,49,49,1,6,4,120.733485,24.255438,3
6895,66000,387130000C,(04)23274275,(04)23288582,2025,2,18,17,41,臺中市,大里區,0,0,0,7,2,6,70,13,9,1,5,4,6,6,1,1,1,4,5,1,30,,,,,,,,,,,,,119,119,1,,,120.670153,24.110858,3
6896,66000,387130000C,(04)23274275,(04)23288582,2025,2,18,17,42,臺中市,豐原區,0,0,0,7,2,6,50,3,2,1,5,4,6,6,4,4,5,5,5,2,14,3,10,3,1,B03,7,2,1,8,2,3,,49,49,1,12,4,120.718764,24.253035,3
6897,66000,387130000C,(04)23274275,(04)23288582,2025,2,18,17,43,臺中市,外埔區,0,2,0,7,3,6,50,4,2,1,5,4,6,6,1,1,10,5,5,2,16,2,6,1,1,C03,7,6,1,10,2,12,14,11,11,1,12,4,120.653209,24.331839,2
6898,66000,387130000C,(04)23274275,(04)23288582,2025,2,18,17,44,臺中市,霧峰區,0,0,0,7,,,80,,,,,,,,,,,,,,,,,,,B12,,,1,,2,,,40,40,1,13,4,120.684995,24.075295,3
6899,66000,387130000C,(04)23274275,(04)23288582,2025,2,18,17,45,臺中市,西區,0,0,0,7,,,60,,,,,,,,,,,,,,,,,,,B03,,,1,,1,,,59,59,1,6,4,120.673668,24.147719,3
6900,66000,387130000C,(04)23274275,(04)23288582,2025,2,18,17,45,臺中市,南屯區,0,0,0,7,,,40,,,,,,,,,,,,,,17,,,,,C03,,,1,,1,,,51,51,1,13,4,120.639101,24.13678,3
6901,66000,387130000C,(04)23274275,(04)23288582,2025,2,18,17,45,臺中市,霧峰區,0,2,0,7,2,6,50,13,9,1,5,4,6,6,4,4,10,5,5,1,3,2,8,1,1,C03,7,9,1,10,2,11,,10,10,1,12,4,120.687685,24.055215,2
6902,66000,387130000C,(04)23274275,(04)23288582,2025,2,18,17,45,臺中市,大里區,0,2,0,7,3,6,50,13,9,1,5,4,6,6,4,4,9,5,5,1,17,2,9,1,1,C03,7,1,1,10,2,11,,51,51,1,6,4,120.704578,24.08786,2
6903,66000,387130000C,(04)23274275,(04)23288582,2025,2,18,17,47,臺中市,大甲區,0,1,0,7,3,6,50,4,1,1,5,4,6,6,1,1,10,5,5,2,17,2,9,1,1,C03,7,6,1,10,2,11,,11,11,1,6,4,120.62201,24.348962,2
6904,66000,387130000C,(04)23274275,(04)23288582,2025,2,18,17,48,臺中市,西區,0,1,0,7,2,6,50,3,1,1,5,4,6,6,4,4,10,5,5,2,17,2,9,1,1,C03,7,9,1,10,2,11,,7,7,1,12,4,120.666386,24.131499,2
6905,66000,387130000C,(04)23274275,(04)23288582,2025,2,18,17,48,臺中市,豐原區,0,2,0,7,2,6,30,13,7,1,5,4,6,6,4,4,10,5,4,2,11,2,8,1,1,C03,7,9,1,10,2,11,,4,4,1,6,4,120.717838,24.251661,2
6906,66000,387130000C,(04)23274275,(04)23288582,2025,2,18,17,48,臺中市,神岡區,0,0,0,7,,,50,,,,,,,,,,,,,,17,,,,,B03,,,1,,2,,,59,59,1,13,4,120.661213,24.258946,3
6907,66000,387130000C,(04)23274275,(04)23288582,2025,2,18,17,49,臺中市,北區,0,0,0,7,,,40,,,,,,,,,,,,,,13,,,,,B03,,,1,,1,,,7,7,1,13,4,120.686051,24.159162,3
6908,66000,387130000C,(04)23274275,(04)23288582,2025,2,18,17,49,臺中市,西屯區,0,0,0,7,,,50,,,,,,,,,,,,,,13,,,,,B03,,,1,,1,,,59,59,1,12,4,120.617802,24.18137,3
6909,66000,387130000C,(04)23274275,(04)23288582,2025,2,18,17,50,臺中市,清水區,0,0,0,7,,,70,,,,,,,,,,,,,,,,,,,B03,,,1,,2,,,40,40,1,12,4,120.568146,24.271531,3
6910,66000,387130000C,(04)23274275,(04)23288582,2025,2,18,17,50,臺中市,神岡區,0,2,0,7,1,6,50,4,1,1,5,4,6,6,1,1,10,5,5,2,12,2,9,5,4,C03,7,9,2,19,2,11,,7,7,1,12,4,120.682296,24.243052,2
6911,66000,387130000C,(04)23274275,(04)23288582,2025,2,18,17,52,臺中市,西屯區,0,0,0,7,,,50,,,,,,,,,,,,,,12,,,,,C03,,,1,,2,,,8,8,1,13,4,120.646357,24.158151,3
6912,66000,387130000C,(04)23274275,(04)23288582,2025,2,18,17,53,臺中市,西屯區,0,0,0,7,1,6,50,13,7,1,5,4,6,6,4,4,1,4,4,2,13,3,10,3,2,B03,7,9,1,8,6,1,,59,59,1,12,4,120.65149,24.2083,3
6913,66000,387130000C,(04)23274275,(04)23288582,2025,2,18,17,56,臺中市,西屯區,0,1,0,7,1,6,30,4,2,1,5,4,6,6,4,4,10,5,5,2,11,2,9,1,1,C03,7,5,1,10,2,11,,58,58,1,12,4,120.653662,24.164286,2
6914,66000,387130000C,(04)23274275,(04)23288582,2025,2,18,17,58,臺中市,北屯區,0,1,0,7,1,6,50,13,8,1,5,4,6,6,4,4,5,4,4,2,13,3,10,1,1,C03,7,9,1,10,1,11,12,7,7,1,12,4,120.69264,24.164772,2
6915,66000,387130000C,(04)23274275,(04)23288582,2025,2,18,18,0,臺中市,烏日區,0,0,0,7,,,40,,,,,,,,,,,,,,13,,,,,C03,,,1,,1,,,7,7,1,6,4,120.650611,24.106684,3
6916,66000,387130000C,(04)23274275,(04)23288582,2025,2,18,18,2,臺中市,北區,0,1,0,7,1,6,50,13,9,1,5,4,6,6,4,4,8,3,5,1,12,3,10,3,1,B01,7,7,1,4,2,6,,20,20,1,13,4,120.677473,24.150144,2
6917,66000,387130000C,(04)23274275,(04)23288582,2025,2,18,18,2,臺中市,太平區,0,0,0,7,,,40,,,,,,,,,,,,,,13,,,,,B13,,,1,,1,,,7,7,1,12,4,120.713492,24.146396,3
6918,66000,387130000C,(04)23274275,(04)23288582,2025,2,18,18,4,臺中市,西區,0,1,0,7,1,6,50,4,1,1,5,4,6,6,2,1,10,5,5,2,17,3,10,3,1,B03,7,6,1,8,2,2,,11,11,1,12,4,120.669527,24.134478,2