序號,縣市別代碼,機關代碼,市話,傳真,年,月,日,時,分,縣市,區,死亡數量,受傷數量,2-30,天候,道路照明設備,道路類別,道路速限,道路型態,事故位置,路面鋪裝,路面狀態,路面缺陷,障礙物,視距,號誌種類,號誌動作,分向設施,快車道或一般車道間,快慢車道間,路面邊線,事故類型及型態,受傷程度,主要傷處,保護裝備,行動電話或功能裝置,當事者區分(類別),車輛用途,當事者行動狀態,駕照狀態,駕照種類,飲酒情形,車輛撞擊部位最初,車輛撞擊部位其他,肇事因素個別,肇事因素主要,肇事逃逸,職業,共享經濟或外送平台,GPS座標X,GPS座標Y,事故類別
7030,66000,387130000C,(04)23274275,(04)23288582,2025,2,19,7,19,臺中市,南屯區,0,0,0,7,,,40,,,,,,,,,,,,,,12,,,,,B03,,,1,,1,,,8,8,1,6,4,120.623298,24.150412,3
7031,66000,387130000C,(04)23274275,(04)23288582,2025,2,19,7,24,臺中市,東區,0,0,0,7,,,50,,,,,,,,,,,,,,13,,,,,C03,,,1,,1,,,7,7,1,12,4,120.710094,24.140773,3
7032,66000,387130000C,(04)23274275,(04)23288582,2025,2,19,7,26,臺中市,霧峰區,0,3,0,7,2,6,50,3,2,1,5,4,6,6,4,4,5,5,5,2,12,2,9,5,4,C03,7,9,1,10,2,12,,85,85,1,12,4,120.709268,24.078968,2
7033,66000,387130000C,(04)23274275,(04)23288582,2025,2,19,7,28,臺中市,南屯區,0,1,0,7,2,6,50,13,9,1,5,4,6,6,4,4,5,4,5,2,17,3,10,3,1,B03,7,9,1,8,5,2,,59,59,1,12,4,120.647009,24.147639,2
7034,66000,387130000C,(04)23274275,(04)23288582,2025,2,19,7,28,臺中市,西屯區,0,1,0,7,2,6,60,3,2,1,5,4,6,6,2,1,5,2,4,2,13,2,9,2,1,C03,7,9,1,10,1,11,,7,7,1,12,4,120.62074,24.171428,2
7035,66000,387130000C,(04)23274275,(04)23288582,2025,2,19,7,29,臺中市,北區,0,1,0,7,3,6,50,4,1,1,5,4,6,6,1,1,1,4,5,2,13,2,9,2,1,C03,7,9,1,10,2,11,,7,7,1,12,4,120.664049,24.162122,2
7036,66000,387130000C,(04)23274275,(04)23288582,2025,2,19,7,33,臺中市,大里區,0,2,0,7,2,6,50,4,1,1,5,4,6,6,1,1,10,5,5,2,16,2,9,1,1,C03,7,6,3,19,2,11,,11,11,1,12,4,120.701895,24.086079,2
7037,66000,387130000C,(04)23274275,(04)23288582,2025,2,19,7,34,臺中市,太平區,0,0,0,7,2,6,50,,,,,,,,,,,,,,,,,,,B03,,,1,,1,5,,14,14,1,12,4,120.710916,24.15111,3
7038,66000,387130000C,(04)23274275,(04)23288582,2025,2,19,7,35,臺中市,南區,0,0,0,7,,,40,,,,,,,,,,,,,,13,,,,,C03,,,1,,1,,,7,7,1,6,4,120.677686,24.119044,3
7039,66000,387130000C,(04)23274275,(04)23288582,2025,2,19,7,35,臺中市,北屯區,0,1,0,7,2,6,30,13,9,1,5,4,6,6,4,4,10,5,5,2,10,2,9,1,1,C03,7,9,1,10,2,11,,41,41,1,6,4,120.664262,24.183509,2
7040,66000,387130000C,(04)23274275,(04)23288582,2025,2,19,7,37,臺中市,神岡區,0,0,0,7,1,6,60,5,1,1,5,4,6,6,1,1,10,5,5,1,12,,,,,C03,,,1,,2,,,84,84,1,12,4,120.665061,24.273743,3
7041,66000,387130000C,(04)23274275,(04)23288582,2025,2,19,7,39,臺中市,豐原區,0,1,0,7,2,6,50,3,1,1,5,4,6,6,4,4,9,5,5,2,16,3,10,3,1,B03,7,5,1,8,2,2,,84,84,1,13,4,120.748039,24.264184,2
7042,66000,387130000C,(04)23274275,(04)23288582,2025,2,19,7,40,臺中市,烏日區,0,1,0,7,2,6,50,13,9,1,5,4,6,6,4,4,4,5,5,2,17,2,8,1,1,F01,7,9,7,21,2,12,,8,8,1,6,4,120.60936,24.11178,2
7043,66000,387130000C,(04)23274275,(04)23288582,2025,2,19,7,40,臺中市,沙鹿區,0,1,0,7,3,6,40,13,11,1,5,4,6,6,2,1,1,4,3,2,13,4,11,2,1,C03,7,9,1,10,2,11,,7,7,1,12,4,120.578067,24.22331,2
7044,66000,387130000C,(04)23274275,(04)23288582,2025,2,19,7,40,臺中市,大甲區,0,0,0,7,,,40,,,,,,,,,,,,,,12,,,,,B03,,,1,,1,,,51,51,1,12,4,120.652137,24.383391,3
7045,66000,387130000C,(04)23274275,(04)23288582,2025,2,19,7,43,臺中市,南區,0,1,0,7,3,6,50,13,7,1,5,4,6,6,4,4,1,2,4,2,17,2,9,2,1,C03,7,1,1,10,2,14,,51,51,1,13,4,120.665975,24.12379,2
7046,66000,387130000C,(04)23274275,(04)23288582,2025,2,19,7,43,臺中市,梧棲區,0,1,0,7,3,6,40,4,2,1,5,4,6,6,1,1,1,2,1,1,13,3,10,1,1,C03,7,9,1,10,2,11,,84,84,1,6,4,120.524758,24.254404,2
7047,66000,387130000C,(04)23274275,(04)23288582,2025,2,19,7,44,臺中市,北屯區,0,1,0,7,3,6,50,4,1,1,5,4,6,6,1,1,10,5,5,2,15,2,9,1,1,C04,7,9,1,8,2,12,,21,21,1,13,4,120.693306,24.174806,2
7048,66000,387130000C,(04)23274275,(04)23288582,2025,2,19,7,44,臺中市,梧棲區,0,1,0,7,3,6,30,3,1,1,5,4,6,6,4,4,1,4,1,1,17,3,10,1,1,F03,7,9,7,21,2,14,,85,85,1,6,4,120.527855,24.253203,2
7049,66000,387130000C,(04)23274275,(04)23288582,2025,2,19,7,45,臺中市,大甲區,0,0,0,7,,,40,,,,,,,,,,,,,,,,,,,C03,,,1,,1,,,8,8,1,12,4,120.6275,24.351746,4
7050,66000,387130000C,(04)23274275,(04)23288582,2025,2,19,7,46,臺中市,后里區,0,1,0,6,3,6,50,13,9,1,5,4,6,6,4,4,9,4,5,1,13,2,9,1,1,C03,7,9,2,19,2,11,,7,7,1,6,4,120.719425,24.325362,2
7051,66000,387130000C,(04)23274275,(04)23288582,2025,2,19,7,47,臺中市,西屯區,0,1,0,7,2,6,40,5,1,1,5,4,6,6,1,1,3,4,3,1,13,2,9,1,1,C03,7,9,1,10,2,11,,7,7,1,12,4,120.644099,24.166013,2
7052,66000,387130000C,(04)23274275,(04)23288582,2025,2,19,7,48,臺中市,南屯區,0,0,0,7,,,50,,,,,,,,,,,,,,,,,,,B02,,,1,,1,,,40,40,1,13,4,120.640587,24.151303,3
7053,66000,387130000C,(04)23274275,(04)23288582,2025,2,19,7,48,臺中市,大甲區,0,1,0,7,3,6,70,5,9,1,5,4,6,6,2,1,2,4,4,1,17,3,10,3,1,B03,7,9,1,8,2,5,,21,21,1,12,4,120.6414,24.403068,2
7054,66000,387130000C,(04)23274275,(04)23288582,2025,2,19,7,49,臺中市,西屯區,0,0,0,7,,,50,,,,,,,,,,,,,,13,,,,,A41,,,1,,2,,,59,59,1,13,4,120.656529,24.200545,3
7055,66000,387130000C,(04)23274275,(04)23288582,2025,2,19,7,50,臺中市,東區,0,0,0,7,1,6,50,13,9,1,5,4,6,6,4,4,5,5,5,2,17,3,10,1,1,C03,7,15,1,10,1,11,,84,84,1,12,4,120.699234,24.129659,3
7056,66000,387130000C,(04)23274275,(04)23288582,2025,2,19,7,50,臺中市,烏日區,0,1,0,7,2,6,30,4,1,1,5,4,6,6,4,4,10,5,5,2,17,2,9,1,1,C03,7,6,1,10,2,11,14,48,48,1,6,4,120.606725,24.10805,2
7057,66000,387130000C,(04)23274275,(04)23288582,2025,2,19,7,54,臺中市,西屯區,0,1,0,7,2,6,50,5,1,1,5,4,6,6,1,1,8,4,5,1,17,3,10,5,4,B03,7,5,1,8,1,2,,11,11,1,13,4,120.655344,24.178096,2
7058,66000,387130000C,(04)23274275,(04)23288582,2025,2,19,7,54,臺中市,大里區,0,0,0,7,,,50,,,,,,,,,,,,,,13,,,,,C03,,,1,,2,,,7,7,1,12,4,120.716128,24.10021,3
7059,66000,387130000C,(04)23274275,(04)23288582,2025,2,19,7,55,臺中市,龍井區,0,1,0,7,3,6,40,13,9,1,5,4,6,6,4,4,5,4,4,1,13,3,10,3,1,B03,7,9,1,8,2,1,,7,7,1,6,4,120.497285,24.212713,2
7060,66000,387130000C,(04)23274275,(04)23288582,2025,2,19,7,57,臺中市,潭子區,0,0,0,7,,,50,,,,,,,,,,,,,,,,,,,C03,,,1,,2,,,84,84,1,13,4,120.717781,24.197709,3
7061,66000,387130000C,(04)23274275,(04)23288582,2025,2,19,8,0,臺中市,后里區,0,0,0,7,,,50,,,,,,,,,,,,,,13,,,,,B01,,,1,,2,,,59,59,1,6,4,120.709159,24.3112,3
7062,66000,387130000C,(04)23274275,(04)23288582,2025,2,19,8,4,臺中市,西區,0,1,0,7,3,6,50,4,1,1,5,4,6,6,1,1,10,5,5,2,16,3,10,3,1,B03,7,5,1,8,2,5,,84,84,1,12,4,120.675922,24.141126,2
7063,66000,387130000C,(04)23274275,(04)23288582,2025,2,19,8,5,臺中市,清水區,0,0,0,7,,,70,,,,,,,,,,,,,,17,,,,,B03,,,1,,2,,,84,84,1,12,4,120.563076,24.264062,3
7064,66000,387130000C,(04)23274275,(04)23288582,2025,2,19,8,7,臺中市,南屯區,0,1,0,7,1,6,50,4,1,1,5,4,6,6,4,4,10,5,5,2,11,3,10,5,4,B12,7,9,1,8,2,8,,84,84,1,13,4,120.615366,24.145247,2
7065,66000,387130000C,(04)23274275,(04)23288582,2025,2,19,8,8,臺中市,東區,0,2,0,7,2,6,50,13,9,1,5,4,6,6,4,4,9,5,5,2,17,2,9,1,1,C03,7,4,1,10,2,14,,1,1,1,12,4,120.699143,24.133918,2
7066,66000,387130000C,(04)23274275,(04)23288582,2025,2,19,8,12,臺中市,潭子區,0,2,0,7,3,6,50,13,12,1,5,4,6,6,4,4,1,4,4,1,13,2,9,2,1,C03,7,12,1,10,2,11,,7,7,1,13,4,120.686304,24.205947,2
7067,66000,387130000C,(04)23274275,(04)23288582,2025,2,19,8,14,臺中市,西屯區,0,1,0,7,2,6,40,13,8,1,5,4,6,6,4,4,1,5,3,2,12,3,10,1,1,C03,7,5,1,10,2,12,,47,47,1,13,4,120.596294,24.18186,2
7068,66000,387130000C,(04)23274275,(04)23288582,2025,2,19,8,15,臺中市,西區,0,1,0,7,3,6,50,4,1,1,5,4,6,6,1,1,10,5,5,2,16,3,10,2,1,C03,7,5,1,10,2,12,,11,11,1,12,4,120.666333,24.152625,2
7069,66000,387130000C,(04)23274275,(04)23288582,2025,2,19,8,15,臺中市,南屯區,0,1,0,7,2,6,50,4,2,1,5,4,6,6,2,1,5,4,4,2,17,3,10,2,1,C03,7,5,1,10,2,13,,84,84,1,12,4,120.608019,24.151116,2
7070,66000,387130000C,(04)23274275,(04)23288582,2025,2,19,8,15,臺中市,神岡區,0,0,0,7,,,50,,,,,,,,,,,,,,12,,,,,A06,,,1,,2,,,50,50,1,13,4,120.684145,24.245536,3
7071,66000,387130000C,(04)23274275,(04)23288582,2025,2,19,8,16,臺中市,大里區,0,1,0,7,2,6,50,13,9,1,5,4,6,6,4,4,5,5,5,2,12,3,10,2,1,C03,7,9,3,19,2,14,,8,8,1,6,4,120.697934,24.090279,2
7072,66000,387130000C,(04)23274275,(04)23288582,2025,2,19,8,17,臺中市,西屯區,0,0,0,7,,,50,,,,,,,,,,,,,,12,,,,,B03,,,1,,2,,,42,42,1,12,4,120.653478,24.195259,3
7073,66000,387130000C,(04)23274275,(04)23288582,2025,2,19,8,19,臺中市,西區,0,0,0,7,,,50,,,,,,,,,,,,,,17,,,,,B03,,,1,,2,,,84,84,1,12,4,120.675922,24.141126,3
7074,66000,387130000C,(04)23274275,(04)23288582,2025,2,19,8,19,臺中市,南屯區,0,0,0,7,,,50,,,,,,,,,,,,,,12,,,,,B03,,,1,,2,,,8,8,1,6,4,120.615231,24.147953,3
7075,66000,387130000C,(04)23274275,(04)23288582,2025,2,19,8,23,臺中市,北區,0,0,0,7,,,50,,,,,,,,,,,,,,17,,,,,C03,,,1,,1,,,59,59,1,13,4,120.679665,24.149853,3
7076,66000,387130000C,(04)23274275,(04)23288582,2025,2,19,8,26,臺中市,沙鹿區,0,0,0,7,,,50,,,,,,,,,,,,,,,,,,,C03,,,1,,2,,,59,59,1,6,4,120.55996,24.23746,3
7077,66000,387130000C,(04)23274275,(04)23288582,2025,2,19,8,33,臺中市,霧峰區,0,1,0,7,2,6,60,4,1,1,5,4,6,6,1,1,3,4,5,1,16,2,9,5,4,C03,7,9,1,10,2,11,,58,58,1,12,4,120.695911,24.012498,2
7078,66000,387130000C,(04)23274275,(04)23288582,2025,2,19,8,37,臺中市,北屯區,0,0,0,7,,,50,,,,,,,,,,,,,,13,,,,,B03,,,1,,1,,,84,84,1,12,4,120.711142,24.173984,3
7079,66000,387130000C,(04)23274275,(04)23288582,2025,2,19,8,40,臺中市,大雅區,0,1,0,7,2,6,50,5,1,1,5,4,6,6,1,1,10,4,5,1,17,2,9,1,1,C03,7,9,1,10,2,12,,84,84,1,12,4,120.669005,24.214706,2
7080,66000,387130000C,(04)23274275,(04)23288582,2025,2,19,8,42,臺中市,清水區,0,1,0,7,2,6,70,4,2,1,5,4,6,6,1,1,8,2,4,1,17,2,9,3,1,B03,7,9,1,8,2,1,,58,58,1,12,4,120.571383,24.275531,2
7081,66000,387130000C,(04)23274275,(04)23288582,2025,2,19,8,48,臺中市,大里區,0,0,0,7,,,50,,,,,,,,,,,,,,,,,,,B01,,,1,,2,,,84,84,1,6,4,120.703095,24.089561,3
7082,66000,387130000C,(04)23274275,(04)23288582,2025,2,19,8,50,臺中市,大雅區,0,1,0,7,2,6,50,4,1,1,5,4,6,6,1,1,5,5,5,1,16,3,10,3,1,B12,7,6,1,4,1,5,,11,11,1,13,4,120.674167,24.240443,2
7083,66000,387130000C,(04)23274275,(04)23288582,2025,2,19,8,50,臺中市,沙鹿區,0,0,0,7,,,30,,,,,,,,,,,,,,17,,,,,B03,,,5,,2,,,8,8,1,6,4,120.561522,24.241687,3
7084,66000,387130000C,(04)23274275,(04)23288582,2025,2,19,8,51,臺中市,北區,0,1,0,7,2,6,50,13,9,1,5,4,6,6,4,4,10,5,5,2,17,3,10,3,1,B03,7,5,1,8,2,5,,47,47,1,12,4,120.675103,24.165519,2
7085,66000,387130000C,(04)23274275,(04)23288582,2025,2,19,8,52,臺中市,烏日區,0,0,0,7,,,50,,,,,,,,,,,,,,,,,,,B03,,,1,,1,,,40,40,1,13,4,120.618678,24.116164,3
7086,66000,387130000C,(04)23274275,(04)23288582,2025,2,19,8,56,臺中市,南屯區,0,1,0,7,2,6,50,4,1,1,5,4,6,6,1,1,9,5,5,2,17,3,10,3,1,B03,7,6,1,8,2,1,,11,11,1,13,4,120.627553,24.117907,2
7087,66000,387130000C,(04)23274275,(04)23288582,2025,2,19,9,0,臺中市,北屯區,0,0,0,7,,,50,,,,,,,,,,,,,,,,,,,B03,,,1,,2,,,59,59,1,12,4,120.685918,24.174932,3
7088,66000,387130000C,(04)23274275,(04)23288582,2025,2,19,9,0,臺中市,西屯區,0,0,0,7,,,50,,,,,,,,,,,,,,13,,,,,B03,,,1,,1,,,7,7,1,12,4,120.632596,24.171359,3
7089,66000,387130000C,(04)23274275,(04)23288582,2025,2,19,9,0,臺中市,大里區,0,0,0,7,,,50,,,,,,,,,,,,,,12,,,,,B03,,,1,,1,,,51,51,1,12,4,120.682425,24.104333,3
7090,66000,387130000C,(04)23274275,(04)23288582,2025,2,19,9,5,臺中市,南屯區,0,0,0,7,,,50,,,,,,,,,,,,,,,,,,,B03,,,1,,9,,,8,8,1,13,4,120.633352,24.148897,3
7091,66000,387130000C,(04)23274275,(04)23288582,2025,2,19,9,7,臺中市,西屯區,0,0,0,7,,,50,,,,,,,,,,,,,,17,,,,,C03,,,1,,1,,,40,40,1,13,4,120.637836,24.180861,3
7092,66000,387130000C,(04)23274275,(04)23288582,2025,2,19,9,13,臺中市,北屯區,0,0,0,7,,,50,,,,,,,,,,,,,,17,,,,,B12,,,1,,2,,,84,84,1,6,4,120.731969,24.163908,3
7093,66000,387130000C,(04)23274275,(04)23288582,2025,2,19,9,15,臺中市,西屯區,0,0,0,7,,,50,,,,,,,,,,,,,,17,,,,,B03,,,1,,1,,,59,59,1,13,4,120.644331,24.175284,3
7094,66000,387130000C,(04)23274275,(04)23288582,2025,2,19,9,17,臺中市,神岡區,0,0,0,7,,,30,,,,,,,,,,,,,,9,,,,,,,,,,,,,86,86,1,,,120.685653,24.254207,3
7095,66000,387130000C,(04)23274275,(04)23288582,2025,2,19,9,20,臺中市,大雅區,0,0,0,7,,,30,,,,,,,,,,,,,,,,,,,B12,,,1,,2,,,49,49,1,12,4,120.634171,24.229303,3
7096,66000,387130000C,(04)23274275,(04)23288582,2025,2,19,9,20,臺中市,梧棲區,0,0,0,7,,,50,,,,,,,,,,,,,,14,,,,,B03,,,1,,2,,,49,49,1,6,4,120.536375,24.244246,3
7097,66000,387130000C,(04)23274275,(04)23288582,2025,2,19,9,22,臺中市,西屯區,0,0,0,7,2,6,50,3,1,1,5,4,6,6,1,1,1,2,5,2,13,,,,,C03,,,1,,1,,,7,7,1,13,4,120.657106,24.200471,3
7098,66000,387130000C,(04)23274275,(04)23288582,2025,2,19,9,25,臺中市,大雅區,0,0,0,7,,,30,,,,,,,,,,,,,,,,,,,B03,,,1,,2,,,20,20,1,12,4,120.642802,24.243308,3
7099,66000,387130000C,(04)23274275,(04)23288582,2025,2,19,9,28,臺中市,大雅區,0,2,0,7,2,6,50,5,1,1,5,4,6,6,1,1,5,5,5,1,12,2,8,2,1,C03,7,9,1,10,2,11,,84,84,1,13,4,120.648838,24.21796,2
7100,66000,387130000C,(04)23274275,(04)23288582,2025,2,19,9,29,臺中市,大里區,0,0,0,7,,,50,,,,,,,,,,,,,,13,,,,,B03,,,1,,2,,,7,7,1,6,4,120.673355,24.104276,3
7101,66000,387130000C,(04)23274275,(04)23288582,2025,2,19,9,32,臺中市,南區,0,2,0,7,2,6,50,4,1,1,5,4,6,6,4,4,10,5,5,2,16,2,9,1,1,C03,7,6,1,10,2,14,,13,13,1,12,4,120.658043,24.124858,2
7102,66000,387130000C,(04)23274275,(04)23288582,2025,2,19,9,42,臺中市,豐原區,0,2,0,7,2,6,50,4,1,1,5,4,6,6,4,4,5,4,4,2,17,2,9,2,1,C03,7,9,1,10,2,11,,12,12,1,12,4,120.718832,24.250573,2
7103,66000,387130000C,(04)23274275,(04)23288582,2025,2,19,9,43,臺中市,太平區,0,0,0,6,,,50,,,,,,,,,,,,,,14,,,,,B12,,,1,,2,,,49,49,1,6,4,120.708334,24.128533,3
7104,66000,387130000C,(04)23274275,(04)23288582,2025,2,19,9,48,臺中市,大里區,0,0,0,7,,,50,,,,,,,,,,,,,,16,,,,,B03,,,1,,2,,,20,20,1,13,4,120.687403,24.108512,3
7105,66000,387130000C,(04)23274275,(04)23288582,2025,2,19,9,50,臺中市,西屯區,0,0,0,7,,,50,,,,,,,,,,,,,,13,,,,,A11,,,1,,2,,,56,56,1,12,4,120.609608,24.184261,3
7106,66000,387130000C,(04)23274275,(04)23288582,2025,2,19,9,50,臺中市,烏日區,0,2,0,7,2,6,40,13,11,1,5,4,6,6,4,4,1,4,4,1,13,2,9,1,1,C03,7,9,1,10,2,11,,7,7,1,6,4,120.612506,24.101767,2
7107,66000,387130000C,(04)23274275,(04)23288582,2025,2,19,9,50,臺中市,梧棲區,0,0,0,7,,,50,,,,,,,,,,,,,,30,,,,,A41,,,1,,2,,,59,59,1,6,4,120.550465,24.249752,3
7108,66000,387130000C,(04)23274275,(04)23288582,2025,2,19,9,57,臺中市,北屯區,0,0,0,7,,,40,,,,,,,,,,,,,,,,,,,B12,,,1,,1,,,49,49,1,12,4,120.765978,24.197284,3
7109,66000,387130000C,(04)23274275,(04)23288582,2025,2,19,10,0,臺中市,沙鹿區,0,1,0,7,2,6,30,4,1,1,5,4,6,6,4,4,10,5,5,2,15,2,8,2,1,F03,7,9,7,21,2,11,,12,12,1,6,4,120.569522,24.230333,2
7110,66000,387130000C,(04)23274275,(04)23288582,2025,2,19,10,2,臺中市,南區,0,0,0,7,,,50,,,,,,,,,,,,,,14,,,,,B03,,,1,,9,,,49,49,1,6,4,120.653488,24.122186,3
7111,66000,387130000C,(04)23274275,(04)23288582,2025,2,19,10,3,臺中市,南屯區,0,1,0,6,3,6,50,13,9,1,5,4,6,6,2,1,5,5,5,2,13,3,10,5,4,C03,7,9,1,10,2,11,,7,7,1,6,4,120.611861,24.139632,2
7112,66000,387130000C,(04)23274275,(04)23288582,2025,2,19,10,11,臺中市,大里區,0,2,0,6,3,6,30,4,1,1,5,4,6,6,3,1,10,5,5,2,15,2,9,1,1,C03,7,9,1,10,2,11,,24,24,1,6,4,120.67649,24.101886,2
7113,66000,387130000C,(04)23274275,(04)23288582,2025,2,19,10,12,臺中市,豐原區,0,1,0,6,2,6,50,13,9,1,5,4,6,6,4,4,1,4,5,2,12,2,9,1,1,C03,7,9,1,10,2,14,,43,43,1,12,4,120.728004,24.249617,2
7114,66000,387130000C,(04)23274275,(04)23288582,2025,2,19,10,14,臺中市,太平區,0,0,0,7,,,50,,,,,,,,,,,,,,,,,,,F01,,,7,,1,,,42,42,1,12,4,120.721218,24.120006,4
7115,66000,387130000C,(04)23274275,(04)23288582,2025,2,19,10,16,臺中市,梧棲區,0,1,0,7,2,6,50,13,9,1,5,4,6,6,4,4,5,4,5,1,12,3,10,3,1,B03,7,9,3,19,11,2,,8,8,1,6,4,120.534522,24.249208,2
7116,66000,387130000C,(04)23274275,(04)23288582,2025,2,19,10,16,臺中市,大甲區,0,0,0,7,,,40,,,,,,,,,,,,,,,,,,,C03,,,1,,1,,,7,7,1,12,4,120.660111,24.401238,4
7117,66000,387130000C,(04)23274275,(04)23288582,2025,2,19,10,17,臺中市,北區,0,0,0,7,,,50,,,,,,,,,,,,,,12,,,,,C03,,,3,,2,,,42,42,1,12,4,120.665763,24.166812,3
7118,66000,387130000C,(04)23274275,(04)23288582,2025,2,19,10,17,臺中市,北區,0,0,0,7,,,50,,,,,,,,,,,,,,13,,,,,B03,,,1,,1,,,7,7,1,13,4,120.676476,24.163521,3
7119,66000,387130000C,(04)23274275,(04)23288582,2025,2,19,10,23,臺中市,大雅區,0,0,0,7,,,30,,,,,,,,,,,,,,19,,,,,B03,,,1,,2,,,84,84,1,13,4,120.660807,24.215403,3
7120,66000,387130000C,(04)23274275,(04)23288582,2025,2,19,10,25,臺中市,北區,0,1,0,7,2,6,0,4,21,4,5,4,6,6,4,4,10,5,5,2,18,2,9,1,1,C03,7,9,1,10,2,14,,59,59,1,13,4,120.682494,24.162835,2
7121,66000,387130000C,(04)23274275,(04)23288582,2025,2,19,10,26,臺中市,北區,0,0,0,7,,,50,,,,,,,,,,,,,,17,,,,,B03,,,1,,2,,,84,84,1,12,4,120.675489,24.159461,3
7122,66000,387130000C,(04)23274275,(04)23288582,2025,2,19,10,28,臺中市,霧峰區,0,2,0,7,3,6,50,18,6,1,5,4,6,6,4,4,10,4,5,2,18,2,9,1,1,C03,7,6,1,10,2,16,,84,84,1,5,4,120.663703,24.076545,2
7123,66000,387130000C,(04)23274275,(04)23288582,2025,2,19,10,33,臺中市,霧峰區,0,1,0,7,3,6,50,18,6,1,5,4,6,6,4,4,10,4,5,2,18,2,9,1,1,C03,7,6,1,10,2,16,,84,84,1,5,4,120.662944,24.063028,2
7124,66000,387130000C,(04)23274275,(04)23288582,2025,2,19,10,44,臺中市,神岡區,0,0,0,7,1,6,30,4,1,1,5,4,6,1,4,4,10,5,5,2,15,,,,,B03,,,1,,1,,,84,84,1,12,4,120.697565,24.270063,3
7125,66000,387130000C,(04)23274275,(04)23288582,2025,2,19,10,47,臺中市,太平區,0,1,0,7,2,6,50,13,9,1,5,4,6,6,4,4,5,2,5,2,11,2,9,1,1,C03,7,8,1,10,2,14,12,39,39,1,12,4,120.704296,24.155311,2
7126,66000,387130000C,(04)23274275,(04)23288582,2025,2,19,10,50,臺中市,西區,0,1,0,7,2,6,50,4,1,1,5,4,6,6,2,1,10,5,5,2,9,3,10,5,1,A01,7,12,1,2,2,16,,84,84,1,6,4,120.659939,24.146823,2
7127,66000,387130000C,(04)23274275,(04)23288582,2025,2,19,11,10,臺中市,南區,0,0,0,7,,,50,,,,,,,,,,,,,,,,,,,B03,,,1,,2,,,8,8,1,13,4,120.662201,24.117918,3
7128,66000,387130000C,(04)23274275,(04)23288582,2025,2,19,11,12,臺中市,太平區,0,1,0,7,2,6,50,11,14,1,5,4,6,6,4,4,5,5,5,1,25,2,9,2,1,C03,7,9,1,10,2,12,,84,84,1,12,4,120.78013,24.108739,2
7129,66000,387130000C,(04)23274275,(04)23288582,2025,2,19,11,15,臺中市,北屯區,0,0,0,7,,,80,,,,,,,,,,,,,,12,,,,,B03,,,1,,2,,,40,40,1,13,4,120.720671,24.167373,3
7130,66000,387130000C,(04)23274275,(04)23288582,2025,2,19,11,15,臺中市,清水區,0,0,0,7,,,50,,,,,,,,,,,,,,,,,,,B03,,,1,,1,,,49,49,1,12,4,120.566256,24.268721,3
7131,66000,387130000C,(04)23274275,(04)23288582,2025,2,19,11,16,臺中市,北屯區,0,1,0,7,2,6,50,4,19,1,5,4,6,6,2,1,10,5,5,2,3,3,10,3,1,B03,7,6,1,8,2,1,,10,10,1,12,4,120.683436,24.172401,2
7132,66000,387130000C,(04)23274275,(04)23288582,2025,2,19,11,18,臺中市,霧峰區,0,1,0,7,2,6,50,13,7,1,5,4,6,6,4,4,5,5,4,1,18,2,9,5,4,C03,7,9,1,10,2,16,,59,59,1,12,4,120.698991,24.065723,2
7133,66000,387130000C,(04)23274275,(04)23288582,2025,2,19,11,19,臺中市,烏日區,0,0,0,7,,,50,,,,,,,,,,,,,,,,,,,B03,,,1,,2,,,40,40,1,12,4,120.615799,24.105924,3
7134,66000,387130000C,(04)23274275,(04)23288582,2025,2,19,11,20,臺中市,霧峰區,0,1,0,7,2,6,50,3,1,1,5,4,6,6,1,1,5,5,4,1,12,2,9,5,4,C03,7,9,1,10,2,14,,8,8,1,12,4,120.699109,24.066748,2
7135,66000,387130000C,(04)23274275,(04)23288582,2025,2,19,11,23,臺中市,大里區,0,0,0,7,,,30,,,,,,,,,,,,,,,,,,,B03,,,1,,1,,,49,49,1,6,4,120.71412,24.08756,3
7136,66000,387130000C,(04)23274275,(04)23288582,2025,2,19,11,24,臺中市,大里區,0,0,0,7,,,50,,,,,,,,,,,,,,17,,,,,C03,,,1,,2,,,84,84,1,12,4,120.699586,24.085758,3
7137,66000,387130000C,(04)23274275,(04)23288582,2025,2,19,11,25,臺中市,東區,0,0,0,7,,,50,,,,,,,,,,,,,,13,,,,,C03,,,1,,9,,,7,7,1,6,4,120.705747,24.130041,3
7138,66000,387130000C,(04)23274275,(04)23288582,2025,2,19,11,25,臺中市,西屯區,0,1,0,7,2,6,50,4,1,1,5,4,6,6,1,1,3,4,3,2,16,3,10,3,1,B03,7,5,1,8,2,2,,11,11,1,12,4,120.616508,24.182689,2
7139,66000,387130000C,(04)23274275,(04)23288582,2025,2,19,11,28,臺中市,北區,0,0,0,7,,,50,,,,,,,,,,,,,,14,,,,,B03,,,1,,1,,,49,49,1,13,4,120.675544,24.150653,3
7140,66000,387130000C,(04)23274275,(04)23288582,2025,2,19,11,33,臺中市,大里區,0,0,0,7,,,50,,,,,,,,,,,,,,14,,,,,B12,,,1,,2,,,49,49,1,12,4,120.668111,24.085635,3
7141,66000,387130000C,(04)23274275,(04)23288582,2025,2,19,11,41,臺中市,南屯區,0,0,0,7,,,50,,,,,,,,,,,,,,16,,,,,B03,,,1,,1,,,39,39,1,12,4,120.638113,24.141451,3