序號,縣市別代碼,機關代碼,市話,傳真,年,月,日,時,分,縣市,區,死亡數量,受傷數量,2-30,天候,道路照明設備,道路類別,道路速限,道路型態,事故位置,路面鋪裝,路面狀態,路面缺陷,障礙物,視距,號誌種類,號誌動作,分向設施,快車道或一般車道間,快慢車道間,路面邊線,事故類型及型態,受傷程度,主要傷處,保護裝備,行動電話或功能裝置,當事者區分(類別),車輛用途,當事者行動狀態,駕照狀態,駕照種類,飲酒情形,車輛撞擊部位最初,車輛撞擊部位其他,肇事因素個別,肇事因素主要,肇事逃逸,職業,共享經濟或外送平台,GPS座標X,GPS座標Y,事故類別
7586,66000,387130000C,(04)23274275,(04)23288582,2025,2,20,13,39,臺中市,神岡區,0,1,0,7,2,6,50,3,1,1,5,4,6,6,4,4,10,5,5,2,17,3,10,3,1,B03,7,5,1,8,2,2,,47,47,1,6,4,120.654689,24.280076,2
7587,66000,387130000C,(04)23274275,(04)23288582,2025,2,20,13,40,臺中市,梧棲區,0,1,0,7,3,6,40,13,8,1,5,4,6,6,1,1,1,4,1,1,13,2,9,1,1,C03,7,9,1,10,2,11,,7,7,1,6,4,120.547603,24.245643,2
7588,66000,387130000C,(04)23274275,(04)23288582,2025,2,20,13,46,臺中市,沙鹿區,0,0,0,7,,,50,,,,,,,,,,,,,,,,,,,B03,,,1,,2,,,49,49,1,12,4,120.565253,24.246184,3
7589,66000,387130000C,(04)23274275,(04)23288582,2025,2,20,13,55,臺中市,東區,0,0,0,7,,,50,,,,,,,,,,,,,,,,,,,C02,,,1,,1,,,7,7,1,13,4,120.696713,24.142137,3
7590,66000,387130000C,(04)23274275,(04)23288582,2025,2,20,13,57,臺中市,大里區,0,2,0,7,3,6,30,4,1,1,5,4,6,6,4,4,10,5,5,2,15,2,9,2,1,C03,7,9,1,10,2,12,,15,15,1,13,4,120.706772,24.083594,2
7591,66000,387130000C,(04)23274275,(04)23288582,2025,2,20,14,3,臺中市,中區,0,1,0,7,2,6,50,4,1,1,5,4,6,6,2,1,10,5,5,2,16,3,10,3,1,B02,7,5,1,8,2,2,,84,84,1,12,4,120.682259,24.140097,2
7592,66000,387130000C,(04)23274275,(04)23288582,2025,2,20,14,6,臺中市,大里區,0,0,0,7,,,30,,,,,,,,,,,,,,15,,,,,B03,,,1,,2,,,14,14,1,12,4,120.699369,24.083686,3
7593,66000,387130000C,(04)23274275,(04)23288582,2025,2,20,14,7,臺中市,西區,0,0,0,7,,,60,,,,,,,,,,,,,,13,,,,,B03,,,1,,1,,,84,84,1,12,4,120.660422,24.15663,3
7594,66000,387130000C,(04)23274275,(04)23288582,2025,2,20,14,16,臺中市,西區,0,0,0,7,,,50,,,,,,,,,,,,,,,,,,,B03,,,1,,2,,,49,49,1,12,4,120.66283,24.150176,3
7595,66000,387130000C,(04)23274275,(04)23288582,2025,2,20,14,21,臺中市,西屯區,0,2,0,7,2,6,50,4,1,1,5,4,6,6,2,1,10,5,5,2,12,2,9,1,1,C03,7,9,1,10,2,14,,8,8,1,12,4,120.667097,24.172938,2
7596,66000,387130000C,(04)23274275,(04)23288582,2025,2,20,14,23,臺中市,太平區,0,0,0,7,2,6,50,,,,,,,,,,,,,,,,,,,B12,,,1,,9,2,,84,84,2,12,4,120.717035,24.159806,3
7597,66000,387130000C,(04)23274275,(04)23288582,2025,2,20,14,26,臺中市,西屯區,0,0,0,7,,,60,,,,,,,,,,,,,,,,,,,A04,,,1,,1,,,51,51,1,12,4,120.629061,24.205706,3
7598,66000,387130000C,(04)23274275,(04)23288582,2025,2,20,14,29,臺中市,大里區,0,0,0,7,,,30,,,,,,,,,,,,,,10,,,,,C03,,,1,,2,,,59,59,1,6,4,120.664827,24.111042,3
7599,66000,387130000C,(04)23274275,(04)23288582,2025,2,20,14,33,臺中市,太平區,0,0,0,7,,,80,,,,,,,,,,,,,,30,,,,,,,,,,,,,116,116,1,,,120.711191,24.142516,3
7600,66000,387130000C,(04)23274275,(04)23288582,2025,2,20,14,40,臺中市,南屯區,0,0,0,7,3,6,50,13,9,1,5,4,6,6,4,4,5,5,5,2,12,,,,,B12,,,1,,1,,,50,50,1,12,4,120.651501,24.155211,3
7601,66000,387130000C,(04)23274275,(04)23288582,2025,2,20,14,40,臺中市,大肚區,0,0,0,7,,,50,,,,,,,,,,,,,,,,,,,B03,,,1,,2,,,59,59,1,6,4,120.548436,24.144472,3
7602,66000,387130000C,(04)23274275,(04)23288582,2025,2,20,14,42,臺中市,大雅區,0,2,0,7,3,6,50,13,9,1,5,4,6,6,4,4,9,5,5,1,12,2,9,1,1,C03,7,6,1,10,2,14,,39,39,1,13,4,120.650284,24.220014,2
7603,66000,387130000C,(04)23274275,(04)23288582,2025,2,20,14,47,臺中市,北區,0,0,0,7,,,50,,,,,,,,,,,,,,14,,,,,B03,,,1,,2,,,49,49,1,13,4,120.676534,24.16742,3
7604,66000,387130000C,(04)23274275,(04)23288582,2025,2,20,14,49,臺中市,西區,0,0,0,7,3,6,50,13,9,1,5,4,6,6,4,4,4,1,5,2,14,,,,,B03,,,1,,2,,,49,49,1,13,4,120.673454,24.138922,3
7605,66000,387130000C,(04)23274275,(04)23288582,2025,2,20,14,49,臺中市,西屯區,0,0,0,7,,,30,,,,,,,,,,,,,,17,,,,,,,,,,,,,59,59,1,,,120.647252,24.182005,3
7606,66000,387130000C,(04)23274275,(04)23288582,2025,2,20,14,53,臺中市,大里區,0,0,0,7,3,6,50,13,9,1,5,4,3,6,4,4,5,5,5,2,12,,,,,B12,,,1,,2,,,84,84,1,12,4,120.70337,24.107391,3
7607,66000,387130000C,(04)23274275,(04)23288582,2025,2,20,14,59,臺中市,后里區,0,0,0,7,,,50,,,,,,,,,,,,,,17,,,,,B03,,,1,,2,,,84,84,1,12,4,120.749444,24.325629,3
7608,66000,387130000C,(04)23274275,(04)23288582,2025,2,20,15,1,臺中市,西屯區,0,1,0,7,2,6,50,4,4,1,5,4,6,6,1,1,5,4,5,2,13,2,9,5,4,C03,7,9,1,10,9,11,,7,7,1,12,4,120.621712,24.186358,2
7609,66000,387130000C,(04)23274275,(04)23288582,2025,2,20,15,3,臺中市,南屯區,0,0,0,7,,,50,,,,,,,,,,,,,,,,,,,C03,,,1,,1,,,50,50,1,12,4,120.606988,24.137402,3
7610,66000,387130000C,(04)23274275,(04)23288582,2025,2,20,15,3,臺中市,北屯區,0,1,0,7,2,8,80,13,9,1,5,4,6,6,4,4,1,4,5,2,13,3,10,3,1,B03,7,9,1,8,1,1,,7,7,1,12,4,120.677937,24.200966,2
7611,66000,387130000C,(04)23274275,(04)23288582,2025,2,20,15,5,臺中市,南區,0,1,0,7,2,6,50,4,1,1,5,4,6,6,1,1,10,5,5,2,16,2,9,1,1,C03,7,9,1,10,2,11,,59,59,1,12,4,120.679273,24.126395,2
7612,66000,387130000C,(04)23274275,(04)23288582,2025,2,20,15,8,臺中市,北區,0,1,0,7,3,6,50,4,1,1,5,4,6,6,1,1,10,5,5,2,18,2,9,1,1,C03,7,9,1,10,2,14,,84,84,1,12,4,120.69244,24.161267,2
7613,66000,387130000C,(04)23274275,(04)23288582,2025,2,20,15,12,臺中市,南屯區,0,0,0,7,,,50,,,,,,,,,,,,,,,,,,,B03,,,1,,1,,,84,84,1,13,4,120.6436,24.135008,3
7614,66000,387130000C,(04)23274275,(04)23288582,2025,2,20,15,16,臺中市,大里區,0,0,0,7,,,30,,,,,,,,,,,,,,,,,,,B12,,,1,,1,,,14,14,1,6,4,120.719549,24.098045,3
7615,66000,387130000C,(04)23274275,(04)23288582,2025,2,20,15,20,臺中市,大里區,0,1,0,6,2,6,50,4,1,1,5,4,6,6,4,4,10,5,5,2,17,3,10,3,1,B03,7,9,1,8,2,2,,15,15,1,13,4,120.702497,24.082973,2
7616,66000,387130000C,(04)23274275,(04)23288582,2025,2,20,15,20,臺中市,龍井區,0,0,0,7,,,50,,,,,,,,,,,,,,,,,,,B03,,,1,,2,,,8,8,1,12,4,120.583591,24.180665,3
7617,66000,387130000C,(04)23274275,(04)23288582,2025,2,20,15,21,臺中市,烏日區,0,0,0,7,,,50,,,,,,,,,,,,,,,,,,,B12,,,1,,1,,,51,51,1,6,4,120.638134,24.107693,3
7618,66000,387130000C,(04)23274275,(04)23288582,2025,2,20,15,27,臺中市,沙鹿區,0,1,0,7,2,6,50,4,2,1,5,4,6,6,1,1,10,5,5,2,18,2,9,2,1,C03,7,9,1,10,2,12,,84,84,1,6,4,120.56193,24.23765,2
7619,66000,387130000C,(04)23274275,(04)23288582,2025,2,20,15,28,臺中市,神岡區,0,1,0,6,2,6,50,13,8,1,5,4,6,6,4,4,5,5,4,2,16,3,10,3,1,B03,7,5,1,8,2,2,,47,47,1,12,4,120.702419,24.262559,2
7620,66000,387130000C,(04)23274275,(04)23288582,2025,2,20,15,32,臺中市,北屯區,0,0,0,7,,,40,,,,,,,,,,,,,,14,,,,,B13,,,1,,2,,,49,49,1,12,4,120.671403,24.198229,3
7621,66000,387130000C,(04)23274275,(04)23288582,2025,2,20,15,38,臺中市,西屯區,0,0,0,7,,,50,,,,,,,,,,,,,,12,,,,,B12,,,1,,2,,,8,8,1,12,4,120.6261,24.184575,3
7622,66000,387130000C,(04)23274275,(04)23288582,2025,2,20,15,41,臺中市,南區,0,1,0,7,2,6,50,5,1,1,5,4,6,6,2,1,1,4,5,2,12,3,10,2,1,C03,7,6,1,10,2,14,,36,36,1,13,4,120.660102,24.124382,2
7623,66000,387130000C,(04)23274275,(04)23288582,2025,2,20,15,44,臺中市,大雅區,0,0,0,7,,,30,,,,,,,,,,,,,,17,,,,,A41,,,1,,2,,,84,84,1,12,4,120.668193,24.240862,3
7624,66000,387130000C,(04)23274275,(04)23288582,2025,2,20,15,45,臺中市,北區,0,0,0,7,,,50,,,,,,,,,,,,,,13,,,,,C03,,,1,,2,,,84,84,1,12,4,120.682698,24.146225,3
7625,66000,387130000C,(04)23274275,(04)23288582,2025,2,20,15,51,臺中市,梧棲區,0,0,0,7,,,50,,,,,,,,,,,,,,17,,,,,B03,,,1,,1,,,59,59,1,6,4,120.534884,24.261059,3
7626,66000,387130000C,(04)23274275,(04)23288582,2025,2,20,15,54,臺中市,潭子區,0,1,0,7,3,6,50,13,9,1,5,4,6,6,4,4,5,4,5,1,18,2,9,2,1,C03,7,12,1,10,2,12,,84,84,1,13,4,120.700759,24.215258,2
7627,66000,387130000C,(04)23274275,(04)23288582,2025,2,20,15,55,臺中市,北屯區,0,1,0,7,2,6,40,13,8,1,5,4,6,6,4,4,9,5,4,2,18,2,6,1,1,C03,7,9,1,10,1,14,,84,84,1,12,4,120.687076,24.175807,2
7628,66000,387130000C,(04)23274275,(04)23288582,2025,2,20,15,56,臺中市,北屯區,0,1,0,7,2,6,50,3,5,1,5,4,6,6,4,4,1,4,5,2,17,3,10,3,1,A41,7,5,1,1,2,3,,84,84,1,6,4,120.685442,24.172714,2
7629,66000,387130000C,(04)23274275,(04)23288582,2025,2,20,15,59,臺中市,南屯區,0,1,0,7,3,6,50,13,9,1,5,4,6,6,1,1,5,2,5,2,13,3,10,1,1,C03,7,9,1,10,2,11,,7,7,1,12,4,120.638358,24.147176,2
7630,66000,387130000C,(04)23274275,(04)23288582,2025,2,20,16,0,臺中市,西屯區,0,2,0,7,2,6,25,4,1,1,5,4,6,6,4,4,5,5,4,1,11,2,9,1,1,C03,7,6,1,10,1,11,,39,39,1,12,4,120.645706,24.178788,2
7631,66000,387130000C,(04)23274275,(04)23288582,2025,2,20,16,3,臺中市,東區,0,0,0,7,,,50,,,,,,,,,,,,,,12,,,,,A04,,,1,,1,,,7,7,1,13,4,120.70152,24.138853,3
7632,66000,387130000C,(04)23274275,(04)23288582,2025,2,20,16,5,臺中市,北屯區,0,0,0,7,,,80,,,,,,,,,,,,,,,,,,,B13,,,1,,2,,,84,84,1,12,4,120.720802,24.16935,3
7633,66000,387130000C,(04)23274275,(04)23288582,2025,2,20,16,8,臺中市,北屯區,0,2,0,7,2,6,50,3,1,1,5,4,6,6,4,4,5,4,5,2,16,2,9,2,1,C03,7,6,1,10,2,12,,48,48,1,12,4,120.71201,24.172631,2
7634,66000,387130000C,(04)23274275,(04)23288582,2025,2,20,16,10,臺中市,太平區,0,1,0,7,2,6,50,3,9,1,5,4,6,6,4,4,5,5,5,2,17,3,10,3,1,B03,7,14,1,8,2,2,,76,76,1,12,4,120.715433,24.141736,2
7635,66000,387130000C,(04)23274275,(04)23288582,2025,2,20,16,12,臺中市,霧峰區,0,2,0,7,2,6,30,13,9,1,5,4,6,6,4,4,10,5,5,2,13,2,8,1,1,C03,7,9,1,10,2,11,,7,7,1,5,4,120.687828,24.052187,2
7636,66000,387130000C,(04)23274275,(04)23288582,2025,2,20,16,15,臺中市,太平區,0,1,0,7,2,6,40,13,9,1,5,4,3,6,4,4,5,5,5,1,17,2,8,1,1,F07,7,9,7,21,2,12,,58,58,1,12,4,120.720713,24.120779,2
7637,66000,387130000C,(04)23274275,(04)23288582,2025,2,20,16,17,臺中市,霧峰區,0,0,0,6,,,,,,,,,,,,,,,,,18,,,,,,,,,,,,,119,119,1,,,120.693549,24.043511,4
7638,66000,387130000C,(04)23274275,(04)23288582,2025,2,20,16,18,臺中市,潭子區,0,0,0,7,,,50,,,,,,,,,,,,,,2,,,,,B02,,,1,,2,,,40,40,1,12,4,120.702037,24.200944,3
7639,66000,387130000C,(04)23274275,(04)23288582,2025,2,20,16,20,臺中市,北區,0,1,0,7,2,6,50,4,19,1,5,4,6,6,1,1,10,5,5,2,3,3,10,3,1,B03,7,6,1,8,2,4,,10,10,1,13,4,120.676115,24.150267,2
7640,66000,387130000C,(04)23274275,(04)23288582,2025,2,20,16,20,臺中市,豐原區,0,0,0,7,,,50,,,,,,,,,,,,,,17,,,,,A04,,,1,,2,,,50,50,1,6,4,120.713619,24.255658,3
7641,66000,387130000C,(04)23274275,(04)23288582,2025,2,20,16,21,臺中市,太平區,0,2,0,7,2,6,50,3,2,1,5,4,6,6,4,4,5,5,5,2,15,2,9,2,1,C03,7,1,3,19,2,14,,51,51,1,12,4,120.715712,24.144877,2
7642,66000,387130000C,(04)23274275,(04)23288582,2025,2,20,16,22,臺中市,北屯區,0,0,0,7,,,50,,,,,,,,,,,,,,13,,,,,C03,,,1,,1,,,84,84,1,12,4,120.685802,24.178626,3
7643,66000,387130000C,(04)23274275,(04)23288582,2025,2,20,16,24,臺中市,大里區,0,0,0,7,,,50,,,,,,,,,,,,,,,,,,,C03,,,1,,2,,,7,7,1,12,4,120.677481,24.099111,3
7644,66000,387130000C,(04)23274275,(04)23288582,2025,2,20,16,25,臺中市,南屯區,0,0,0,7,,,30,,,,,,,,,,,,,,13,,,,,A12,,,1,,1,,,84,84,1,12,4,120.585375,24.166733,3
7645,66000,387130000C,(04)23274275,(04)23288582,2025,2,20,16,27,臺中市,南區,0,0,0,7,,,50,,,,,,,,,,,,,,,,,,,B03,,,1,,2,,,49,49,1,6,4,120.655441,24.12213,3
7646,66000,387130000C,(04)23274275,(04)23288582,2025,2,20,16,27,臺中市,太平區,0,0,0,7,,,40,,,,,,,,,,,,,,,,,,,C03,,,1,,1,,,50,50,1,12,4,120.72094,24.149289,3
7647,66000,387130000C,(04)23274275,(04)23288582,2025,2,20,16,30,臺中市,南區,0,0,0,7,,,50,,,,,,,,,,,,,,17,,,,,B02,,,1,,1,,,8,8,1,12,4,120.670498,24.134165,3
7648,66000,387130000C,(04)23274275,(04)23288582,2025,2,20,16,31,臺中市,霧峰區,0,2,0,6,2,6,50,3,1,1,5,4,6,6,4,4,10,5,5,2,17,2,7,1,1,C03,7,6,1,10,2,11,,14,14,1,13,4,120.714026,24.073242,2
7649,66000,387130000C,(04)23274275,(04)23288582,2025,2,20,16,33,臺中市,豐原區,0,2,0,7,2,6,50,4,1,1,5,4,6,6,1,1,1,2,5,1,12,2,8,5,4,C03,7,9,3,19,2,14,,21,21,1,13,4,120.71976,24.262215,2
7650,66000,387130000C,(04)23274275,(04)23288582,2025,2,20,16,40,臺中市,西區,0,0,0,7,,,40,,,,,,,,,,,,,,,,,,,C03,,,1,,1,,,7,7,1,12,4,120.659379,24.157797,3
7651,66000,387130000C,(04)23274275,(04)23288582,2025,2,20,16,43,臺中市,南區,0,1,0,7,3,6,50,13,9,1,5,4,6,6,4,4,5,5,5,2,17,2,1,5,4,B01,7,15,1,3,2,15,,84,84,1,12,4,120.658355,24.116898,2
7652,66000,387130000C,(04)23274275,(04)23288582,2025,2,20,16,43,臺中市,北屯區,0,1,0,7,2,6,50,4,1,1,5,4,6,6,2,1,10,5,5,2,18,2,9,1,1,C03,7,9,1,10,2,12,,84,84,1,6,4,120.668672,24.178276,2
7653,66000,387130000C,(04)23274275,(04)23288582,2025,2,20,16,44,臺中市,南屯區,0,0,0,7,,,30,,,,,,,,,,,,,,,,,,,B03,,,1,,2,,,8,8,1,12,4,120.619857,24.134163,3
7654,66000,387130000C,(04)23274275,(04)23288582,2025,2,20,16,45,臺中市,北屯區,0,1,0,7,2,6,50,13,9,1,5,4,6,6,4,4,1,4,5,2,13,2,1,2,1,C03,7,9,1,10,2,11,,84,84,1,12,4,120.69296,24.163272,2
7655,66000,387130000C,(04)23274275,(04)23288582,2025,2,20,16,47,臺中市,南屯區,0,0,0,7,3,5,30,13,9,1,5,4,6,6,4,4,10,5,5,2,12,,,,,B03,,,1,,1,,,59,59,1,12,4,120.637254,24.141769,3
7656,66000,387130000C,(04)23274275,(04)23288582,2025,2,20,16,48,臺中市,北區,0,2,0,7,2,6,50,4,2,1,5,4,6,6,4,4,10,5,5,2,15,2,9,1,1,C03,7,9,2,19,2,11,,15,15,1,13,4,120.679053,24.152846,2
7657,66000,387130000C,(04)23274275,(04)23288582,2025,2,20,16,50,臺中市,沙鹿區,0,1,0,6,2,6,40,13,11,1,5,4,6,6,4,4,3,4,5,2,17,3,10,3,1,B12,7,7,1,8,2,3,,40,40,1,13,4,120.570589,24.240395,2
7658,66000,387130000C,(04)23274275,(04)23288582,2025,2,20,16,52,臺中市,西屯區,0,3,0,7,2,6,50,4,4,1,5,4,6,6,2,1,1,4,5,2,13,2,9,5,4,C03,7,9,1,10,2,11,,59,59,1,12,4,120.652016,24.165705,2
7659,66000,387130000C,(04)23274275,(04)23288582,2025,2,20,16,54,臺中市,北區,0,0,0,7,,,50,,,,,,,,,,,,,,13,,,,,B03,,,1,,1,,,59,59,1,12,4,120.678653,24.152005,3
7660,66000,387130000C,(04)23274275,(04)23288582,2025,2,20,16,55,臺中市,北區,0,0,0,7,,,50,,,,,,,,,,,,,,13,,,,,B03,,,1,,1,,,84,84,1,12,4,120.684457,24.163015,3
7661,66000,387130000C,(04)23274275,(04)23288582,2025,2,20,16,55,臺中市,西屯區,0,0,0,7,,,80,,,,,,,,,,,,,,13,,,,,B03,,,1,,1,,,7,7,1,12,4,120.634948,24.179291,3
7662,66000,387130000C,(04)23274275,(04)23288582,2025,2,20,16,58,臺中市,大雅區,0,2,0,7,3,6,50,3,2,1,5,4,6,6,1,1,9,4,5,1,11,2,3,3,1,B03,7,6,1,8,2,1,,39,39,1,13,4,120.647853,24.21598,2
7663,66000,387130000C,(04)23274275,(04)23288582,2025,2,20,16,58,臺中市,西屯區,0,2,0,7,2,6,50,13,7,1,5,4,6,6,4,4,5,5,4,2,16,2,8,5,4,C03,7,11,1,10,2,13,,34,34,1,13,4,120.656907,24.168387,2
7664,66000,387130000C,(04)23274275,(04)23288582,2025,2,20,16,58,臺中市,梧棲區,0,0,0,7,,,60,,,,,,,,,,,,,,16,,,,,B03,,,1,,1,,,35,35,1,6,4,120.529649,24.252586,3
7665,66000,387130000C,(04)23274275,(04)23288582,2025,2,20,17,1,臺中市,東區,0,0,0,7,,,30,,,,,,,,,,,,,,16,,,,,B03,,,1,,2,,,14,14,1,13,4,120.689458,24.146128,3
7666,66000,387130000C,(04)23274275,(04)23288582,2025,2,20,17,1,臺中市,大里區,0,0,0,7,,,40,,,,,,,,,,,,,,13,,,,,C03,,,1,,2,,,7,7,1,13,4,120.689386,24.109969,3
7667,66000,387130000C,(04)23274275,(04)23288582,2025,2,20,17,5,臺中市,西屯區,0,1,0,7,2,6,50,5,1,1,5,4,6,6,4,4,10,5,5,2,16,3,10,3,1,B03,7,6,1,8,2,8,,11,11,1,12,4,120.664765,24.17588,2
7668,66000,387130000C,(04)23274275,(04)23288582,2025,2,20,17,6,臺中市,西屯區,0,0,0,7,,,30,,,,,,,,,,,,,,11,,,,,B03,,,1,,2,,,8,8,1,12,4,120.624913,24.191152,3
7669,66000,387130000C,(04)23274275,(04)23288582,2025,2,20,17,7,臺中市,南屯區,0,2,0,7,3,6,50,4,1,1,5,4,6,6,1,1,10,5,5,2,17,2,9,2,1,C03,7,9,1,10,2,11,,59,59,1,12,4,120.634305,24.136441,2
7670,66000,387130000C,(04)23274275,(04)23288582,2025,2,20,17,10,臺中市,南屯區,0,1,0,7,1,6,50,5,2,1,5,4,6,6,1,1,10,5,5,2,17,3,10,3,1,B03,7,9,1,8,2,5,,7,7,1,12,4,120.635624,24.147964,2
7671,66000,387130000C,(04)23274275,(04)23288582,2025,2,20,17,11,臺中市,南屯區,0,2,0,7,2,6,40,4,4,1,5,4,6,6,2,1,1,4,4,2,13,2,9,2,1,C03,7,9,1,10,2,11,,84,84,1,13,4,120.642455,24.150908,2
7672,66000,387130000C,(04)23274275,(04)23288582,2025,2,20,17,12,臺中市,太平區,0,1,0,7,2,6,50,4,4,1,5,4,6,6,2,1,1,2,5,2,13,3,10,2,1,C03,7,9,1,10,2,11,,7,7,1,6,4,120.710687,24.140888,2
7673,66000,387130000C,(04)23274275,(04)23288582,2025,2,20,17,20,臺中市,大雅區,0,2,0,6,1,6,30,4,1,1,5,4,6,6,3,1,10,5,5,1,15,2,9,2,1,C03,7,9,1,10,2,11,,12,12,1,12,4,120.642531,24.231002,2
7674,66000,387130000C,(04)23274275,(04)23288582,2025,2,20,17,23,臺中市,北屯區,0,0,0,7,,,50,,,,,,,,,,,,,,17,,,,,B01,,,1,,1,,,51,51,1,12,4,120.686942,24.171408,4
7675,66000,387130000C,(04)23274275,(04)23288582,2025,2,20,17,23,臺中市,西屯區,0,0,0,7,,,50,,,,,,,,,,,,,,16,,,,,C03,,,1,,1,,,14,14,1,13,4,120.641449,24.184372,3
7676,66000,387130000C,(04)23274275,(04)23288582,2025,2,20,17,26,臺中市,南屯區,0,0,0,7,1,6,50,13,9,1,5,4,6,6,1,1,5,4,5,2,13,,,,,B03,,,1,,1,,,84,84,1,12,4,120.649948,24.139673,3
7677,66000,387130000C,(04)23274275,(04)23288582,2025,2,20,17,30,臺中市,太平區,0,1,0,7,2,6,50,4,1,1,5,4,6,6,2,1,10,5,5,2,16,2,9,2,1,C03,7,6,1,10,2,14,,48,48,1,12,4,120.715,24.146527,2
7678,66000,387130000C,(04)23274275,(04)23288582,2025,2,20,17,37,臺中市,南區,0,1,0,7,2,6,50,4,1,1,5,4,6,6,1,1,9,4,4,2,13,2,9,2,1,C04,7,9,1,10,2,11,,7,7,1,13,4,120.662459,24.12728,2
7679,66000,387130000C,(04)23274275,(04)23288582,2025,2,20,17,37,臺中市,南區,0,1,0,7,3,6,50,13,24,1,5,4,6,6,4,4,3,4,4,2,18,2,9,5,4,C03,7,9,1,10,2,14,,84,84,1,6,4,120.677843,24.129773,2
7680,66000,387130000C,(04)23274275,(04)23288582,2025,2,20,17,37,臺中市,西屯區,0,0,0,7,,,50,,,,,,,,,,,,,,30,,,,,B03,,,1,,2,,,85,85,1,12,4,120.647469,24.174043,3
7681,66000,387130000C,(04)23274275,(04)23288582,2025,2,20,17,38,臺中市,北區,0,0,0,7,,,50,,,,,,,,,,,,,,13,,,,,C03,,,1,,2,,,59,59,1,13,4,120.681127,24.163295,3
7682,66000,387130000C,(04)23274275,(04)23288582,2025,2,20,17,39,臺中市,梧棲區,0,0,0,7,,,30,,,,,,,,,,,,,,16,,,,,C03,,,1,,9,,,20,20,1,6,4,120.535296,24.24298,3
7683,66000,387130000C,(04)23274275,(04)23288582,2025,2,20,17,40,臺中市,中區,0,0,0,7,,,50,,,,,,,,,,,,,,13,,,,,C03,,,1,,1,,,7,7,1,12,4,120.676938,24.144553,3
7684,66000,387130000C,(04)23274275,(04)23288582,2025,2,20,17,43,臺中市,西區,0,1,0,7,2,6,30,13,9,1,5,4,6,6,4,4,10,5,5,2,17,2,9,1,1,C03,7,9,1,10,1,14,,84,84,1,12,4,120.655756,24.152505,2
7685,66000,387130000C,(04)23274275,(04)23288582,2025,2,20,17,44,臺中市,西屯區,0,1,0,7,1,6,30,13,9,1,5,4,6,6,4,4,10,5,5,2,9,3,10,5,4,B03,7,9,1,8,2,2,4,8,8,1,12,4,120.646761,24.182062,2
7686,66000,387130000C,(04)23274275,(04)23288582,2025,2,20,17,45,臺中市,東區,0,3,0,7,1,6,40,4,1,1,5,4,6,6,1,1,10,5,5,2,16,3,10,3,1,B12,7,5,1,8,2,6,,11,11,1,12,4,120.692482,24.147894,2
7687,66000,387130000C,(04)23274275,(04)23288582,2025,2,20,17,48,臺中市,潭子區,0,0,0,7,,,30,,,,,,,,,,,,,,,,,,,B03,,,1,,2,,,8,8,1,13,4,120.702558,24.209084,3
7688,66000,387130000C,(04)23274275,(04)23288582,2025,2,20,17,48,臺中市,中區,0,1,0,7,2,6,50,4,1,1,5,4,6,6,4,4,10,5,5,2,17,2,9,1,1,C03,7,6,1,10,2,12,,14,14,1,12,4,120.676938,24.144553,2
7689,66000,387130000C,(04)23274275,(04)23288582,2025,2,20,17,48,臺中市,大甲區,0,0,0,7,,,50,,,,,,,,,,,,,,,,,,,B03,,,1,,1,,,84,84,1,12,4,120.618734,24.351179,3
7690,66000,387130000C,(04)23274275,(04)23288582,2025,2,20,17,50,臺中市,潭子區,0,0,0,7,,,30,,,,,,,,,,,,,,,,,,,B03,,,1,,2,,,58,58,1,12,4,120.707275,24.205773,3
7691,66000,387130000C,(04)23274275,(04)23288582,2025,2,20,17,53,臺中市,南屯區,0,2,0,7,3,6,50,4,1,1,5,4,6,6,1,1,10,5,5,2,13,2,9,2,1,C03,7,5,1,10,2,11,,7,7,1,12,4,120.608752,24.155497,2
7692,66000,387130000C,(04)23274275,(04)23288582,2025,2,20,17,53,臺中市,北屯區,0,0,0,7,,,50,,,,,,,,,,,,,,,,,,,B03,,,1,,1,,,84,84,1,12,4,120.684758,24.170603,3
7693,66000,387130000C,(04)23274275,(04)23288582,2025,2,20,17,53,臺中市,北屯區,0,2,0,7,2,6,1,3,2,1,5,4,6,6,4,4,10,5,5,2,17,2,6,1,1,C03,7,1,1,10,2,14,,51,51,1,6,4,120.662179,24.194609,2
7694,66000,387130000C,(04)23274275,(04)23288582,2025,2,20,17,53,臺中市,北屯區,0,2,0,7,1,6,50,3,1,1,5,4,6,6,1,1,5,5,4,2,16,2,9,2,1,C03,7,6,1,10,2,12,,11,11,1,12,2,120.7107,24.183517,2
7695,66000,387130000C,(04)23274275,(04)23288582,2025,2,20,17,53,臺中市,梧棲區,0,0,0,7,,,50,,,,,,,,,,,,,,13,,,,,B03,,,1,,2,,,59,59,1,6,4,120.546131,24.244208,3
7696,66000,387130000C,(04)23274275,(04)23288582,2025,2,20,17,55,臺中市,北屯區,0,1,0,7,1,6,50,4,2,1,5,4,6,6,1,1,3,4,5,2,12,3,10,1,1,C03,7,5,1,10,2,12,,11,11,1,13,4,120.685902,24.179108,2