序號,縣市別代碼,機關代碼,市話,傳真,年,月,日,時,分,縣市,區,死亡數量,受傷數量,2-30,天候,道路照明設備,道路類別,道路速限,道路型態,事故位置,路面鋪裝,路面狀態,路面缺陷,障礙物,視距,號誌種類,號誌動作,分向設施,快車道或一般車道間,快慢車道間,路面邊線,事故類型及型態,受傷程度,主要傷處,保護裝備,行動電話或功能裝置,當事者區分(類別),車輛用途,當事者行動狀態,駕照狀態,駕照種類,飲酒情形,車輛撞擊部位最初,車輛撞擊部位其他,肇事因素個別,肇事因素主要,肇事逃逸,職業,共享經濟或外送平台,GPS座標X,GPS座標Y,事故類別
7809,66000,387130000C,(04)23274275,(04)23288582,2025,2,20,23,59,臺中市,西屯區,0,1,0,7,2,6,50,13,7,1,5,4,6,6,1,1,5,4,4,2,13,3,10,3,1,B03,7,9,1,8,2,5,,59,59,1,12,4,120.648294,24.167899,2
7810,66000,387130000C,(04)23274275,(04)23288582,2025,2,21,0,10,臺中市,西屯區,0,0,0,7,,,50,,,,,,,,,,,,,,13,,,,,B03,,,1,,1,,,7,7,1,12,4,120.655224,24.200551,3
7811,66000,387130000C,(04)23274275,(04)23288582,2025,2,21,0,19,臺中市,北區,0,2,0,7,1,6,50,3,1,1,5,4,6,6,4,4,10,5,5,2,16,2,9,1,1,C04,7,4,1,8,2,12,,34,34,1,12,4,120.677959,24.151934,2
7812,66000,387130000C,(04)23274275,(04)23288582,2025,2,21,1,1,臺中市,太平區,0,0,0,7,1,6,50,,,,,,,,,,,,,,,,,,,B03,,,1,,2,3,,49,49,1,12,4,120.721523,24.119897,3
7813,66000,387130000C,(04)23274275,(04)23288582,2025,2,21,1,2,臺中市,西屯區,0,3,0,7,2,6,40,4,1,1,5,4,6,6,1,1,5,4,4,2,15,2,9,2,1,C03,7,9,1,10,2,11,,21,21,1,12,4,120.662523,24.163565,2
7814,66000,387130000C,(04)23274275,(04)23288582,2025,2,21,1,24,臺中市,北屯區,0,0,0,7,,,50,,,,,,,,,,,,,,9,,,,,B12,,,1,,9,,,85,85,1,6,4,120.703504,24.172935,4
7815,66000,387130000C,(04)23274275,(04)23288582,2025,2,21,1,26,臺中市,大里區,0,1,0,7,1,6,50,4,1,1,5,4,6,6,3,1,10,5,5,2,15,3,10,3,1,B03,7,9,1,8,2,8,,20,20,1,12,4,120.687228,24.095528,2
7816,66000,387130000C,(04)23274275,(04)23288582,2025,2,21,1,29,臺中市,北區,0,0,0,7,,,30,,,,,,,,,,,,,,12,,,,,B12,,,1,,1,,,84,84,1,13,4,120.683895,24.147927,3
7817,66000,387130000C,(04)23274275,(04)23288582,2025,2,21,1,55,臺中市,西屯區,0,0,0,7,,,50,,,,,,,,,,,,,,13,,,,,B03,,,1,,1,,,7,7,1,12,4,120.657411,24.163163,3
7818,66000,387130000C,(04)23274275,(04)23288582,2025,2,21,2,19,臺中市,西屯區,0,0,0,7,,,1,,,,,,,,,,,,,,17,,,,,B03,,,1,,1,,,51,51,1,12,4,120.639339,24.165088,3
7819,66000,387130000C,(04)23274275,(04)23288582,2025,2,21,3,27,臺中市,大雅區,0,1,0,7,1,6,50,13,9,1,5,4,6,6,4,4,5,5,5,1,17,2,9,3,1,B03,7,9,3,19,2,5,2,84,84,1,13,4,120.643987,24.22073,2
7820,66000,387130000C,(04)23274275,(04)23288582,2025,2,21,3,27,臺中市,龍井區,0,0,0,5,1,6,50,13,9,1,4,4,6,6,4,4,10,5,5,2,12,3,10,3,1,B01,7,9,1,8,2,2,,8,8,1,6,4,120.589406,24.182915,3
7821,66000,387130000C,(04)23274275,(04)23288582,2025,2,21,4,4,臺中市,中區,0,1,0,7,1,6,50,3,19,1,5,4,6,6,1,1,10,5,5,2,3,3,10,5,4,B03,7,6,1,8,2,8,,10,10,1,13,4,120.682765,24.143636,2
7822,66000,387130000C,(04)23274275,(04)23288582,2025,2,21,4,4,臺中市,清水區,0,1,0,5,1,6,50,4,1,1,4,4,6,6,3,1,1,2,5,1,15,2,8,2,1,C03,7,21,1,10,2,11,,24,24,1,13,4,120.554614,24.265752,2
7823,66000,387130000C,(04)23274275,(04)23288582,2025,2,21,5,9,臺中市,南區,0,0,0,7,,,50,,,,,,,,,,,,,,18,,,,,F01,,,7,,9,,,85,85,1,12,4,120.677709,24.125668,4
7824,66000,387130000C,(04)23274275,(04)23288582,2025,2,21,5,35,臺中市,太平區,0,1,0,7,1,6,50,3,1,1,5,4,6,6,3,1,10,5,5,2,16,3,10,3,1,B03,7,6,1,8,2,8,,11,11,1,12,4,120.729606,24.151382,2
7825,66000,387130000C,(04)23274275,(04)23288582,2025,2,21,5,40,臺中市,龍井區,0,2,0,7,3,6,40,13,8,1,5,4,6,6,4,4,1,4,1,2,13,2,9,6,1,F01,7,9,7,21,2,13,,87,87,1,6,4,120.530287,24.221599,2
7826,66000,387130000C,(04)23274275,(04)23288582,2025,2,21,6,22,臺中市,太平區,0,0,0,7,2,6,50,,,,,,,,,,,,,,,,,,,B03,,,1,,2,8,,59,59,1,12,4,120.722362,24.112691,3
7827,66000,387130000C,(04)23274275,(04)23288582,2025,2,21,6,23,臺中市,沙鹿區,0,0,0,5,,,50,,,,,,,,,,,,,,,,,,,B03,,,1,,2,,,56,56,1,6,4,120.57353,24.219106,3
7828,66000,387130000C,(04)23274275,(04)23288582,2025,2,21,6,40,臺中市,潭子區,0,2,0,7,2,6,50,3,1,1,5,4,6,6,2,1,1,4,4,1,16,2,8,1,1,C03,7,6,1,10,2,11,,23,23,1,13,4,120.708649,24.231206,2
7829,66000,387130000C,(04)23274275,(04)23288582,2025,2,21,6,45,臺中市,北屯區,0,0,0,7,,,50,,,,,,,,,,,,,,,,,,,B03,,,1,,1,,,84,84,1,13,4,120.685719,24.180897,3
7830,66000,387130000C,(04)23274275,(04)23288582,2025,2,21,6,45,臺中市,龍井區,0,1,0,6,2,6,60,4,2,1,5,4,6,6,1,1,10,4,4,1,18,2,9,1,1,C03,7,5,1,10,2,12,,87,87,1,12,4,120.537024,24.20021,2
7831,66000,387130000C,(04)23274275,(04)23288582,2025,2,21,6,50,臺中市,豐原區,0,1,0,7,2,6,50,13,8,1,5,4,6,6,1,1,1,3,4,1,13,3,10,2,1,C03,7,7,1,10,2,12,,40,40,1,13,4,120.747049,24.26638,2
7832,66000,387130000C,(04)23274275,(04)23288582,2025,2,21,6,55,臺中市,神岡區,0,0,0,6,,,30,,,,,,,,,,,,,,11,,,,,A12,,,1,,2,,,82,82,1,12,4,120.685868,24.251655,3
7833,66000,387130000C,(04)23274275,(04)23288582,2025,2,21,6,57,臺中市,龍井區,0,0,0,7,,,40,,,,,,,,,,,,,,16,,,,,A05,,,1,,2,,,50,50,1,12,4,120.509309,24.200593,3
7834,66000,387130000C,(04)23274275,(04)23288582,2025,2,21,7,7,臺中市,石岡區,0,1,0,7,2,6,50,3,2,1,5,4,6,6,4,4,5,5,5,1,12,3,10,3,1,B03,7,9,1,8,2,2,,8,8,1,12,4,120.814139,24.255986,2
7835,66000,387130000C,(04)23274275,(04)23288582,2025,2,21,7,11,臺中市,新社區,0,0,0,7,,,30,,,,,,,,,,,,,,16,,,,,B12,,,1,,1,,,12,12,1,12,4,120.785127,24.242757,3
7836,66000,387130000C,(04)23274275,(04)23288582,2025,2,21,7,12,臺中市,沙鹿區,0,1,0,6,2,6,50,13,9,1,5,4,6,6,1,1,5,5,5,1,17,3,10,3,1,B03,7,14,1,8,2,2,,76,76,1,6,4,120.561942,24.235838,2
7837,66000,387130000C,(04)23274275,(04)23288582,2025,2,21,7,12,臺中市,清水區,0,1,0,7,2,6,50,4,1,1,5,4,6,6,1,1,8,3,5,2,13,3,10,3,1,B03,7,6,1,8,2,6,,11,11,1,12,4,120.574806,24.267533,2
7838,66000,387130000C,(04)23274275,(04)23288582,2025,2,21,7,15,臺中市,大甲區,0,2,0,7,2,6,40,13,9,1,5,4,6,6,4,4,6,3,5,1,12,3,10,3,1,B03,7,1,1,8,2,8,,51,51,1,12,4,120.614007,24.350226,2
7839,66000,387130000C,(04)23274275,(04)23288582,2025,2,21,7,21,臺中市,烏日區,0,1,0,7,3,6,60,4,1,1,5,4,6,6,2,1,1,4,5,1,16,3,10,3,1,B03,7,6,1,8,2,2,,39,39,1,6,4,120.624654,24.104295,2
7840,66000,387130000C,(04)23274275,(04)23288582,2025,2,21,7,22,臺中市,西屯區,0,0,0,7,,,50,,,,,,,,,,,,,,13,,,,,A11,,,1,,1,,,84,84,1,13,4,120.619088,24.181776,4
7841,66000,387130000C,(04)23274275,(04)23288582,2025,2,21,7,24,臺中市,潭子區,0,1,0,7,3,6,50,4,1,1,5,4,6,6,4,4,5,5,5,1,18,2,9,2,1,C03,7,9,1,10,2,12,,84,84,1,13,4,120.708063,24.219366,2
7842,66000,387130000C,(04)23274275,(04)23288582,2025,2,21,7,25,臺中市,西屯區,0,1,0,7,2,6,40,4,1,1,5,4,6,6,1,1,10,5,5,2,13,2,8,1,1,C03,7,9,1,10,9,11,,7,7,1,12,4,120.604555,24.172935,2
7843,66000,387130000C,(04)23274275,(04)23288582,2025,2,21,7,25,臺中市,西屯區,0,1,0,7,2,6,40,13,8,1,5,4,6,6,4,4,3,5,3,2,13,2,9,2,1,C03,7,9,3,19,2,11,,7,7,1,12,4,120.618415,24.181351,2
7844,66000,387130000C,(04)23274275,(04)23288582,2025,2,21,7,29,臺中市,西區,0,1,0,7,1,6,50,3,1,1,5,4,6,5,4,4,10,5,5,2,13,2,6,5,4,B03,7,9,1,8,2,3,,7,7,1,11,4,120.665494,24.152233,2
7845,66000,387130000C,(04)23274275,(04)23288582,2025,2,21,7,31,臺中市,西屯區,0,0,0,7,2,6,50,3,1,1,5,4,6,6,4,4,10,5,5,2,12,3,10,2,4,C03,7,6,1,10,2,14,,8,8,1,12,4,120.658818,24.164661,3
7846,66000,387130000C,(04)23274275,(04)23288582,2025,2,21,7,31,臺中市,沙鹿區,0,1,0,7,2,6,50,13,12,1,5,4,6,6,4,4,3,4,4,2,17,3,10,3,1,B03,7,5,1,8,2,2,,47,47,1,13,4,120.564038,24.205922,2
7847,66000,387130000C,(04)23274275,(04)23288582,2025,2,21,7,31,臺中市,豐原區,0,2,0,7,3,6,30,11,9,1,5,4,6,6,4,4,10,5,5,2,17,2,9,2,1,C03,7,9,1,10,2,14,,8,8,1,13,4,120.699808,24.228921,2
7848,66000,387130000C,(04)23274275,(04)23288582,2025,2,21,7,32,臺中市,西屯區,0,1,0,7,2,6,50,13,9,1,5,4,6,6,4,4,3,4,5,2,18,2,9,1,1,C03,7,9,1,9,2,15,,7,7,1,12,4,120.657127,24.200899,2
7849,66000,387130000C,(04)23274275,(04)23288582,2025,2,21,7,33,臺中市,豐原區,0,0,0,7,,,50,,,,,,,,,,,,,,17,,,,,B03,,,1,,2,,,84,84,1,13,4,120.703258,24.251619,3
7850,66000,387130000C,(04)23274275,(04)23288582,2025,2,21,7,34,臺中市,豐原區,0,0,0,7,,,50,,,,,,,,,,,,,,17,,,,,C03,,,1,,2,,,50,50,1,13,4,120.723837,24.252789,3
7851,66000,387130000C,(04)23274275,(04)23288582,2025,2,21,7,35,臺中市,西屯區,0,0,0,7,,,50,,,,,,,,,,,,,,12,,,,,B03,,,1,,1,,,40,40,1,13,4,120.65049,24.166605,3
7852,66000,387130000C,(04)23274275,(04)23288582,2025,2,21,7,36,臺中市,北屯區,0,1,0,7,3,6,50,3,2,1,5,4,6,6,1,1,1,4,5,2,17,2,9,1,1,C03,7,9,1,10,2,11,,84,84,1,12,4,120.723022,24.181549,2
7853,66000,387130000C,(04)23274275,(04)23288582,2025,2,21,7,36,臺中市,北屯區,0,0,0,7,,,50,,,,,,,,,,,,,,17,,,,,B03,,,1,,1,,,40,40,1,6,4,120.723463,24.181532,3
7854,66000,387130000C,(04)23274275,(04)23288582,2025,2,21,7,37,臺中市,南屯區,0,0,0,7,,,50,,,,,,,,,,,,,,13,,,,,B03,,,1,,1,,,7,7,1,13,4,120.622903,24.149755,3
7855,66000,387130000C,(04)23274275,(04)23288582,2025,2,21,7,37,臺中市,神岡區,0,0,0,7,,,50,,,,,,,,,,,,,,13,,,,,B03,,,1,,2,,,7,7,1,12,4,120.684281,24.246683,3
7856,66000,387130000C,(04)23274275,(04)23288582,2025,2,21,7,39,臺中市,西區,0,0,0,7,,,40,,,,,,,,,,,,,,16,,,,,C03,,,1,,1,,,48,48,1,12,4,120.657746,24.133821,3
7857,66000,387130000C,(04)23274275,(04)23288582,2025,2,21,7,39,臺中市,北區,0,1,0,7,3,9,50,13,9,1,5,4,6,6,4,4,3,4,5,2,17,3,10,5,4,B03,7,9,1,8,2,2,,8,8,1,13,4,120.68613,24.143503,2
7858,66000,387130000C,(04)23274275,(04)23288582,2025,2,21,7,40,臺中市,大雅區,0,0,0,7,,,30,,,,,,,,,,,,,,,,,,,B03,,,1,,2,,,7,7,1,12,4,120.636547,24.219043,3
7859,66000,387130000C,(04)23274275,(04)23288582,2025,2,21,7,40,臺中市,南屯區,0,0,0,7,,,50,,,,,,,,,,,,,,,,,,,B03,,,1,,1,,,51,51,1,6,4,120.647673,24.133528,3
7860,66000,387130000C,(04)23274275,(04)23288582,2025,2,21,7,40,臺中市,西屯區,0,2,0,7,2,6,50,3,5,1,5,4,6,6,4,4,10,5,5,2,16,2,8,5,4,C03,7,6,1,10,2,14,,13,13,1,12,4,120.625007,24.182577,2
7861,66000,387130000C,(04)23274275,(04)23288582,2025,2,21,7,41,臺中市,西屯區,0,0,0,7,,,50,,,,,,,,,,,,,,13,,,,,B03,,,1,,1,,,84,84,1,13,4,120.61045,24.188754,4
7862,66000,387130000C,(04)23274275,(04)23288582,2025,2,21,7,41,臺中市,外埔區,0,1,0,6,2,6,40,13,11,1,5,4,6,6,4,4,4,4,4,1,13,2,9,1,1,C03,7,9,1,10,2,11,,7,7,1,12,4,120.635131,24.344176,2
7863,66000,387130000C,(04)23274275,(04)23288582,2025,2,21,7,42,臺中市,神岡區,0,2,0,6,2,6,50,4,1,1,5,4,6,6,1,1,10,5,5,2,13,2,8,1,1,C03,7,9,1,10,2,11,,85,85,1,12,4,120.698847,24.235579,2
7864,66000,387130000C,(04)23274275,(04)23288582,2025,2,21,7,43,臺中市,東區,0,0,0,7,,,0,,,,,,,,,,,,,,17,,,,,C03,,,1,,1,,,50,50,1,13,4,120.684874,24.128723,3
7865,66000,387130000C,(04)23274275,(04)23288582,2025,2,21,7,43,臺中市,東區,0,1,0,7,2,6,50,4,1,1,5,4,6,6,1,1,9,5,4,2,17,2,9,1,1,C03,7,9,1,10,2,11,,7,7,1,12,4,120.700487,24.127454,2
7866,66000,387130000C,(04)23274275,(04)23288582,2025,2,21,7,46,臺中市,南區,0,0,0,7,,,50,,,,,,,,,,,,,,13,,,,,C03,,,1,,1,,,7,7,1,12,4,120.66217,24.116896,3
7867,66000,387130000C,(04)23274275,(04)23288582,2025,2,21,7,46,臺中市,烏日區,0,0,0,7,,,50,,,,,,,,,,,,,,13,,,,,B03,,,1,,2,,,59,59,1,13,4,120.64794,24.078949,3
7868,66000,387130000C,(04)23274275,(04)23288582,2025,2,21,7,47,臺中市,北屯區,0,1,0,7,3,6,50,4,1,1,5,4,6,6,1,1,10,5,5,2,13,2,9,2,1,C03,7,9,1,10,2,11,,7,7,1,12,4,120.66149,24.187975,2
7869,66000,387130000C,(04)23274275,(04)23288582,2025,2,21,7,47,臺中市,豐原區,0,0,0,7,,,60,,,,,,,,,,,,,,,,,,,B03,,,1,,2,,,40,40,1,13,4,120.722885,24.236589,3
7870,66000,387130000C,(04)23274275,(04)23288582,2025,2,21,7,48,臺中市,西屯區,0,1,0,7,2,6,60,13,7,1,5,4,6,6,4,4,1,4,4,2,13,2,9,2,1,C03,7,9,1,10,2,11,,7,7,1,12,4,120.644226,24.158109,2
7871,66000,387130000C,(04)23274275,(04)23288582,2025,2,21,7,49,臺中市,北屯區,0,2,0,7,3,6,50,4,1,1,5,4,6,6,1,1,10,5,5,2,17,2,9,1,1,C03,7,9,1,10,2,11,,7,7,1,12,4,120.668672,24.178276,2
7872,66000,387130000C,(04)23274275,(04)23288582,2025,2,21,7,49,臺中市,西屯區,0,2,0,7,2,6,50,5,1,1,5,4,6,6,1,1,5,4,5,2,13,2,9,1,1,C03,7,9,1,10,2,11,,7,7,1,12,4,120.605256,24.171538,2
7873,66000,387130000C,(04)23274275,(04)23288582,2025,2,21,7,51,臺中市,西區,0,0,0,7,,,50,,,,,,,,,,,,,,,,,,,C03,,,1,,1,,,51,51,1,6,4,120.662889,24.160481,3
7874,66000,387130000C,(04)23274275,(04)23288582,2025,2,21,7,51,臺中市,烏日區,0,0,0,7,,,40,,,,,,,,,,,,,,,,,,,C03,,,1,,1,,,40,40,1,12,4,120.636347,24.107276,3
7875,66000,387130000C,(04)23274275,(04)23288582,2025,2,21,7,52,臺中市,潭子區,0,1,0,7,3,6,50,3,1,1,5,4,6,6,4,4,9,5,5,1,17,2,9,2,1,C03,7,9,1,10,2,12,14,8,8,1,13,4,120.704023,24.220166,2
7876,66000,387130000C,(04)23274275,(04)23288582,2025,2,21,7,53,臺中市,西屯區,0,0,0,7,,,50,,,,,,,,,,,,,,16,,,,,B03,,,1,,1,,,11,11,1,12,4,120.616189,24.189015,4
7877,66000,387130000C,(04)23274275,(04)23288582,2025,2,21,7,54,臺中市,北屯區,0,2,0,7,2,6,50,13,9,1,5,4,6,6,4,4,4,4,5,2,12,2,9,1,1,C03,7,15,1,10,2,14,,34,34,1,12,4,120.690898,24.166757,2
7878,66000,387130000C,(04)23274275,(04)23288582,2025,2,21,7,54,臺中市,西屯區,0,1,0,7,2,6,40,3,1,1,5,4,6,6,1,1,10,5,5,2,15,3,10,2,4,C03,7,9,3,19,2,12,,21,21,1,13,4,120.610814,24.170564,2
7879,66000,387130000C,(04)23274275,(04)23288582,2025,2,21,7,57,臺中市,西屯區,0,0,0,7,,,40,,,,,,,,,,,,,,12,,,,,C03,,,1,,1,,,42,42,1,12,4,120.641005,24.158134,3
7880,66000,387130000C,(04)23274275,(04)23288582,2025,2,21,7,57,臺中市,豐原區,0,0,0,7,,,30,,,,,,,,,,,,,,15,,,,,C03,,,1,,2,,,15,15,1,13,4,120.739859,24.265987,3
7881,66000,387130000C,(04)23274275,(04)23288582,2025,2,21,8,0,臺中市,太平區,0,1,0,7,2,6,50,3,1,1,5,4,6,6,4,4,10,5,5,2,16,2,8,1,1,C03,7,4,1,10,2,12,,39,39,1,12,4,120.724359,24.099222,2
7882,66000,387130000C,(04)23274275,(04)23288582,2025,2,21,8,1,臺中市,西區,0,0,0,7,,,50,,,,,,,,,,,,,,17,,,,,B03,,,1,,1,,,84,84,1,12,4,120.653021,24.153588,3
7883,66000,387130000C,(04)23274275,(04)23288582,2025,2,21,8,1,臺中市,南區,0,0,0,7,,,50,,,,,,,,,,,,,,17,,,,,C03,,,1,,1,,,7,7,1,12,4,120.682841,24.13428,3
7884,66000,387130000C,(04)23274275,(04)23288582,2025,2,21,8,6,臺中市,北屯區,0,2,0,7,3,6,50,4,1,1,5,4,6,6,4,4,10,5,5,2,13,3,10,1,1,C03,7,9,1,10,2,11,13,7,7,1,12,4,120.673362,24.181462,2
7885,66000,387130000C,(04)23274275,(04)23288582,2025,2,21,8,7,臺中市,南區,0,2,0,7,2,6,50,4,1,1,5,4,6,6,1,1,10,5,5,2,16,3,10,3,1,B03,7,6,1,8,2,2,,11,11,1,6,4,120.68112,24.119191,2
7886,66000,387130000C,(04)23274275,(04)23288582,2025,2,21,8,10,臺中市,龍井區,0,1,0,7,2,6,30,4,1,1,5,4,6,6,4,4,10,5,5,2,15,3,10,3,1,B02,7,9,1,8,1,1,,12,12,1,6,4,120.589509,24.180946,2
7887,66000,387130000C,(04)23274275,(04)23288582,2025,2,21,8,10,臺中市,大甲區,0,1,0,7,3,6,50,13,9,1,5,4,6,6,4,4,5,4,5,1,18,2,9,1,1,C03,7,9,5,10,2,12,,84,84,1,12,4,120.673978,24.369045,2
7888,66000,387130000C,(04)23274275,(04)23288582,2025,2,21,8,11,臺中市,烏日區,0,1,0,7,2,6,50,4,1,1,5,4,6,6,2,1,10,5,5,2,12,3,10,5,4,A12,7,9,1,3,2,5,,8,8,1,13,4,120.608776,24.107892,2
7889,66000,387130000C,(04)23274275,(04)23288582,2025,2,21,8,12,臺中市,后里區,0,1,0,6,2,6,50,13,8,1,5,4,6,6,4,4,1,4,4,1,12,3,10,3,1,B03,7,7,1,8,2,2,,40,40,1,12,4,120.723912,24.314064,2
7890,66000,387130000C,(04)23274275,(04)23288582,2025,2,21,8,14,臺中市,大雅區,0,0,0,7,,,50,,,,,,,,,,,,,,,,,,,C03,,,1,,2,,,48,48,1,13,4,120.652348,24.22012,3
7891,66000,387130000C,(04)23274275,(04)23288582,2025,2,21,8,14,臺中市,西屯區,0,1,0,7,2,6,50,4,1,1,5,4,6,6,1,1,10,5,5,2,15,2,9,5,4,C03,7,9,1,10,2,11,,21,21,1,13,4,120.655344,24.178096,2
7892,66000,387130000C,(04)23274275,(04)23288582,2025,2,21,8,17,臺中市,北區,0,0,0,7,,,40,,,,,,,,,,,,,,17,,,,,C03,,,6,,2,,,85,85,1,13,4,120.667091,24.153767,4
7893,66000,387130000C,(04)23274275,(04)23288582,2025,2,21,8,19,臺中市,潭子區,0,0,0,7,,,50,,,,,,,,,,,,,,,,,,,B01,,,1,,2,,,11,11,1,12,4,120.711179,24.206514,4
7894,66000,387130000C,(04)23274275,(04)23288582,2025,2,21,8,19,臺中市,東區,0,2,0,7,2,6,50,13,9,1,5,4,6,6,4,4,5,4,5,2,13,2,9,1,1,C03,7,7,1,10,2,11,,7,7,1,12,4,120.700935,24.132138,2
7895,66000,387130000C,(04)23274275,(04)23288582,2025,2,21,8,19,臺中市,南區,0,1,0,7,3,6,50,13,9,1,5,4,6,6,4,4,9,5,5,2,17,3,10,2,1,C03,7,1,1,10,2,11,,51,51,1,13,4,120.649514,24.117119,2
7896,66000,387130000C,(04)23274275,(04)23288582,2025,2,21,8,20,臺中市,北區,0,1,0,7,2,6,50,4,2,1,5,4,6,6,4,4,10,3,5,1,17,2,9,1,1,C04,7,9,1,11,2,11,,15,15,1,13,4,120.685051,24.149648,2
7897,66000,387130000C,(04)23274275,(04)23288582,2025,2,21,8,20,臺中市,北區,0,0,0,7,,,,,,,,,,,,,,,,,17,,,,,,,,,,,,,84,84,1,,,120.685162,24.143084,3
7898,66000,387130000C,(04)23274275,(04)23288582,2025,2,21,8,23,臺中市,太平區,0,0,0,7,2,6,50,,,,,,,,,,,,,,,,,,,C03,,,1,,2,11,,7,7,1,12,4,120.737673,24.131529,3
7899,66000,387130000C,(04)23274275,(04)23288582,2025,2,21,8,23,臺中市,太平區,0,1,0,7,2,6,50,3,2,1,5,4,6,6,4,4,5,2,5,1,28,2,9,1,1,C03,7,9,1,10,2,11,12,84,84,1,12,4,120.712228,24.133895,2
7900,66000,387130000C,(04)23274275,(04)23288582,2025,2,21,8,29,臺中市,西區,0,0,0,7,,,50,,,,,,,,,,,,,,,,,,,B03,,,1,,2,,,8,8,1,12,4,120.658132,24.153444,3
7901,66000,387130000C,(04)23274275,(04)23288582,2025,2,21,8,30,臺中市,大里區,0,0,0,7,,,50,,,,,,,,,,,,,,14,,,,,B12,,,1,,2,,,49,49,1,12,4,120.696794,24.092594,3
7902,66000,387130000C,(04)23274275,(04)23288582,2025,2,21,8,30,臺中市,大甲區,0,1,0,7,2,6,40,4,1,1,5,4,6,6,3,1,6,4,5,2,11,3,10,1,1,C03,7,8,1,10,2,11,,40,40,1,12,4,120.625973,24.349646,2
7903,66000,387130000C,(04)23274275,(04)23288582,2025,2,21,8,32,臺中市,南屯區,0,0,0,7,,,50,,,,,,,,,,,,,,,,,,,C03,,,1,,1,,,15,15,1,12,4,120.64052,24.13621,3
7904,66000,387130000C,(04)23274275,(04)23288582,2025,2,21,8,32,臺中市,西屯區,0,1,0,7,2,6,40,13,8,1,5,4,6,6,4,4,1,5,1,2,13,2,8,1,1,C03,7,9,1,10,1,11,14,7,7,1,12,4,120.623813,24.1792,2
7905,66000,387130000C,(04)23274275,(04)23288582,2025,2,21,8,32,臺中市,西屯區,0,1,0,7,2,6,50,4,1,1,5,4,6,6,4,4,5,2,5,2,15,3,10,3,1,B03,7,9,1,8,2,5,,15,15,1,12,4,120.65547,24.197595,2
7906,66000,387130000C,(04)23274275,(04)23288582,2025,2,21,8,33,臺中市,東區,0,2,0,7,2,6,50,13,9,1,5,4,6,6,4,4,5,4,5,2,17,3,10,3,1,B12,7,4,1,8,2,2,,59,59,1,6,4,120.697154,24.144732,2
7907,66000,387130000C,(04)23274275,(04)23288582,2025,2,21,8,33,臺中市,豐原區,0,0,0,7,,,50,,,,,,,,,,,,,,12,,,,,B03,,,1,,2,,,84,84,1,13,4,120.704571,24.249653,3
7908,66000,387130000C,(04)23274275,(04)23288582,2025,2,21,8,38,臺中市,東區,0,0,0,7,,,50,,,,,,,,,,,,,,17,,,,,B03,,,1,,2,,,84,84,1,12,4,120.70134,24.125552,3
7909,66000,387130000C,(04)23274275,(04)23288582,2025,2,21,8,42,臺中市,北區,0,1,0,7,2,6,50,3,9,1,5,4,6,6,4,4,1,4,5,1,12,3,10,3,1,B03,7,9,1,8,2,2,,8,8,1,13,4,120.67957,24.162723,2
7910,66000,387130000C,(04)23274275,(04)23288582,2025,2,21,8,43,臺中市,北區,0,1,0,7,3,9,50,4,2,1,5,4,6,6,1,1,10,5,5,2,17,2,9,5,4,F01,7,6,7,21,2,15,,48,48,1,13,4,120.667958,24.161612,2
7911,66000,387130000C,(04)23274275,(04)23288582,2025,2,21,8,43,臺中市,東區,0,2,0,7,2,6,50,3,1,1,5,4,6,6,4,4,10,5,5,2,16,2,9,1,1,C03,7,9,1,10,2,11,,7,7,1,12,4,120.700053,24.141333,2
7912,66000,387130000C,(04)23274275,(04)23288582,2025,2,21,8,47,臺中市,南屯區,0,0,0,7,,,60,,,,,,,,,,,,,,17,,,,,B12,,,1,,1,,,40,40,1,6,4,120.623397,24.137209,3
7913,66000,387130000C,(04)23274275,(04)23288582,2025,2,21,8,49,臺中市,南區,0,0,0,7,,,50,,,,,,,,,,,,,,17,,,,,B03,,,1,,1,,,51,51,1,13,4,120.667093,24.116874,3
7914,66000,387130000C,(04)23274275,(04)23288582,2025,2,21,8,51,臺中市,大里區,0,0,0,7,,,30,,,,,,,,,,,,,,16,,,,,C03,,,1,,2,,,24,24,1,6,4,120.678597,24.095065,3
7915,66000,387130000C,(04)23274275,(04)23288582,2025,2,21,8,53,臺中市,南區,0,2,0,7,2,6,50,3,1,1,5,4,6,6,4,4,5,4,5,2,17,2,9,2,1,C03,7,1,1,10,2,11,,51,51,1,12,4,120.658999,24.125896,2
7916,66000,387130000C,(04)23274275,(04)23288582,2025,2,21,8,54,臺中市,清水區,0,1,0,6,3,6,50,4,1,1,5,4,6,6,2,1,1,4,4,2,16,3,10,3,1,B03,7,6,1,8,2,2,,11,11,1,12,4,120.574806,24.267533,2
7917,66000,387130000C,(04)23274275,(04)23288582,2025,2,21,8,55,臺中市,大里區,0,1,0,7,3,6,50,4,19,1,5,4,6,6,2,1,10,5,5,2,3,3,10,3,1,B03,7,6,1,8,2,5,,10,10,1,12,4,120.681725,24.102453,2
7918,66000,387130000C,(04)23274275,(04)23288582,2025,2,21,8,55,臺中市,烏日區,0,2,0,7,3,6,60,5,1,1,5,4,6,6,2,1,1,4,5,1,16,2,9,1,1,C03,7,6,1,10,2,11,14,48,48,1,12,4,120.627444,24.104179,2
7919,66000,387130000C,(04)23274275,(04)23288582,2025,2,21,8,57,臺中市,大里區,0,0,0,7,,,80,,,,,,,,,,,,,,13,,,,,B03,,,1,,2,,,7,7,1,13,4,120.686305,24.092711,3