序號,縣市別代碼,機關代碼,市話,傳真,年,月,日,時,分,縣市,區,死亡數量,受傷數量,2-30,天候,道路照明設備,道路類別,道路速限,道路型態,事故位置,路面鋪裝,路面狀態,路面缺陷,障礙物,視距,號誌種類,號誌動作,分向設施,快車道或一般車道間,快慢車道間,路面邊線,事故類型及型態,受傷程度,主要傷處,保護裝備,行動電話或功能裝置,當事者區分(類別),車輛用途,當事者行動狀態,駕照狀態,駕照種類,飲酒情形,車輛撞擊部位最初,車輛撞擊部位其他,肇事因素個別,肇事因素主要,肇事逃逸,職業,共享經濟或外送平台,GPS座標X,GPS座標Y,事故類別
8030,66000,387130000C,(04)23274275,(04)23288582,2025,2,21,13,26,臺中市,霧峰區,0,0,0,7,2,6,50,13,24,1,5,4,6,6,4,4,9,5,4,2,30,,,,,A11,,,1,,2,,,84,84,1,6,4,120.678189,24.059588,3
8031,66000,387130000C,(04)23274275,(04)23288582,2025,2,21,13,30,臺中市,潭子區,0,1,0,7,2,6,50,13,9,1,5,4,6,6,1,1,1,4,5,2,17,2,8,1,1,C03,7,9,3,19,2,14,,8,8,1,13,4,120.709679,24.201212,2
8032,66000,387130000C,(04)23274275,(04)23288582,2025,2,21,13,37,臺中市,北區,0,0,0,7,,,50,,,,,,,,,,,,,,13,,,,,C03,,,1,,2,,,7,7,1,13,4,120.683425,24.154046,3
8033,66000,387130000C,(04)23274275,(04)23288582,2025,2,21,13,37,臺中市,北屯區,0,0,0,7,,,50,,,,,,,,,,,,,,14,,,,,B12,,,1,,2,,,49,49,1,6,4,120.697775,24.182924,3
8034,66000,387130000C,(04)23274275,(04)23288582,2025,2,21,13,44,臺中市,大里區,0,0,0,7,,,50,,,,,,,,,,,,,,12,,,,,B12,,,1,,2,,,51,51,1,12,4,120.67473,24.098475,3
8035,66000,387130000C,(04)23274275,(04)23288582,2025,2,21,13,45,臺中市,神岡區,0,0,0,7,,,30,,,,,,,,,,,,,,16,,,,,B12,,,1,,2,,,39,39,1,13,4,120.69289,24.253981,3
8036,66000,387130000C,(04)23274275,(04)23288582,2025,2,21,13,53,臺中市,大里區,0,0,0,7,3,6,50,13,7,1,5,4,6,3,4,4,5,5,4,2,12,,,,,B03,,,1,,2,,,84,84,1,12,4,120.677958,24.097538,3
8037,66000,387130000C,(04)23274275,(04)23288582,2025,2,21,13,55,臺中市,西區,0,0,0,7,,,50,,,,,,,,,,,,,,16,,,,,B03,,,1,,2,,,14,14,1,6,4,120.666627,24.144363,3
8038,66000,387130000C,(04)23274275,(04)23288582,2025,2,21,13,56,臺中市,西屯區,0,0,0,7,2,6,50,13,7,1,5,4,6,6,2,1,1,1,1,1,13,3,10,3,4,B03,7,9,1,8,1,1,,7,7,1,12,4,120.635377,24.18216,3
8039,66000,387130000C,(04)23274275,(04)23288582,2025,2,21,14,0,臺中市,南屯區,0,0,0,7,,,50,,,,,,,,,,,,,,,,,,,B03,,,1,,1,,,84,84,1,6,4,120.63675,24.135747,4
8040,66000,387130000C,(04)23274275,(04)23288582,2025,2,21,14,5,臺中市,南屯區,0,0,0,7,3,6,40,13,9,1,5,4,6,6,4,4,5,5,4,2,12,,,,,B01,,,1,,2,,,8,8,1,12,4,120.649089,24.153481,3
8041,66000,387130000C,(04)23274275,(04)23288582,2025,2,21,14,15,臺中市,南區,0,0,0,7,,,50,,,,,,,,,,,,,,12,,,,,B01,,,1,,9,,,51,51,1,12,4,120.657878,24.12546,3
8042,66000,387130000C,(04)23274275,(04)23288582,2025,2,21,14,15,臺中市,南屯區,0,0,0,7,,,50,,,,,,,,,,,,,,,,,,,B03,,,1,,9,,,87,87,1,12,4,120.633169,24.144702,3
8043,66000,387130000C,(04)23274275,(04)23288582,2025,2,21,14,16,臺中市,北區,0,1,0,7,3,6,30,11,9,4,5,4,6,6,4,4,10,5,5,2,17,3,10,3,1,B03,7,6,1,8,2,1,,59,59,1,12,4,120.686658,24.154181,2
8044,66000,387130000C,(04)23274275,(04)23288582,2025,2,21,14,16,臺中市,西屯區,0,1,0,7,2,6,50,3,1,1,5,4,6,6,4,4,10,5,5,2,16,3,10,5,4,B03,7,5,1,8,2,5,,14,14,1,13,4,120.636257,24.170129,2
8045,66000,387130000C,(04)23274275,(04)23288582,2025,2,21,14,19,臺中市,大里區,0,2,0,7,2,6,50,4,2,1,5,4,6,6,1,1,5,2,4,2,12,3,10,3,1,B03,7,7,4,8,9,5,,40,40,1,12,4,120.696076,24.096602,2
8046,66000,387130000C,(04)23274275,(04)23288582,2025,2,21,14,22,臺中市,南屯區,0,0,0,7,,,50,,,,,,,,,,,,,,,,,,,B03,,,1,,1,,,84,84,1,13,4,120.612183,24.154592,3
8047,66000,387130000C,(04)23274275,(04)23288582,2025,2,21,14,24,臺中市,北區,0,0,0,7,3,9,50,18,24,1,5,4,6,6,4,4,10,5,5,2,17,,,,,C03,,,1,,2,,,49,49,1,13,4,120.684372,24.166844,3
8048,66000,387130000C,(04)23274275,(04)23288582,2025,2,21,14,25,臺中市,西屯區,0,0,0,7,2,6,50,4,1,1,5,4,6,6,2,1,10,5,5,2,12,3,10,3,1,B03,7,5,1,10,2,2,,11,11,1,12,4,120.649938,24.172287,3
8049,66000,387130000C,(04)23274275,(04)23288582,2025,2,21,14,30,臺中市,北區,0,1,0,7,3,6,50,3,1,1,5,4,6,6,4,4,10,5,5,2,16,3,10,3,1,B12,7,6,1,8,2,4,,11,11,1,12,4,120.681021,24.151131,2
8050,66000,387130000C,(04)23274275,(04)23288582,2025,2,21,14,30,臺中市,南屯區,0,0,0,7,3,6,50,13,9,1,5,4,6,6,4,4,5,5,5,2,14,,,,,B03,,,1,,1,,,50,50,1,12,4,120.632591,24.155629,3
8051,66000,387130000C,(04)23274275,(04)23288582,2025,2,21,14,35,臺中市,東區,0,0,0,7,,,50,,,,,,,,,,,,,,30,,,,,C03,,,1,,2,,,7,7,1,6,4,120.692482,24.147894,3
8052,66000,387130000C,(04)23274275,(04)23288582,2025,2,21,14,37,臺中市,東區,0,0,0,6,,,50,,,,,,,,,,,,,,17,,,,,B03,,,1,,2,,,84,84,1,12,4,120.704037,24.145607,3
8053,66000,387130000C,(04)23274275,(04)23288582,2025,2,21,14,40,臺中市,東區,0,0,0,7,,,40,,,,,,,,,,,,,,17,,,,,B12,,,1,,2,,,84,84,1,13,4,120.704488,24.130326,3
8054,66000,387130000C,(04)23274275,(04)23288582,2025,2,21,14,40,臺中市,梧棲區,0,0,0,7,,,60,,,,,,,,,,,,,,16,,,,,B03,,,1,,1,,,11,11,1,12,4,120.528553,24.222184,4
8055,66000,387130000C,(04)23274275,(04)23288582,2025,2,21,14,40,臺中市,豐原區,0,0,0,7,,,50,,,,,,,,,,,,,,17,,,,,B03,,,1,,2,,,50,50,1,13,4,120.748342,24.267383,3
8056,66000,387130000C,(04)23274275,(04)23288582,2025,2,21,14,43,臺中市,北區,0,0,0,7,3,6,50,4,1,1,5,4,6,6,2,1,10,5,5,2,17,,,,,B03,,,1,,2,,,8,8,1,13,4,120.683255,24.157317,3
8057,66000,387130000C,(04)23274275,(04)23288582,2025,2,21,14,43,臺中市,和平區,0,1,0,7,3,6,25,11,9,1,5,4,6,6,4,4,10,5,5,1,10,2,9,2,1,C03,7,9,1,9,2,11,,41,41,1,12,4,120.895733,24.225275,2
8058,66000,387130000C,(04)23274275,(04)23288582,2025,2,21,14,45,臺中市,南屯區,0,0,0,7,3,6,50,13,9,1,5,4,6,6,4,4,9,5,5,2,14,,,,,B03,,,1,,1,,,49,49,1,12,4,120.624111,24.14406,3
8059,66000,387130000C,(04)23274275,(04)23288582,2025,2,21,14,45,臺中市,北屯區,0,0,0,7,,,50,,,,,,,,,,,,,,13,,,,,B03,,,1,,1,,,7,7,1,12,4,120.693105,24.162897,3
8060,66000,387130000C,(04)23274275,(04)23288582,2025,2,21,14,46,臺中市,西屯區,0,1,0,7,2,6,30,3,1,1,5,4,6,6,4,4,10,5,5,2,16,2,9,1,1,C03,7,6,3,19,2,12,,14,14,1,12,4,120.65717,24.157294,2
8061,66000,387130000C,(04)23274275,(04)23288582,2025,2,21,14,46,臺中市,大里區,0,0,0,7,,,30,,,,,,,,,,,,,,17,,,,,A12,,,1,,2,,,84,84,1,6,4,120.683176,24.093768,3
8062,66000,387130000C,(04)23274275,(04)23288582,2025,2,21,14,49,臺中市,清水區,0,1,0,6,3,6,50,5,1,1,5,4,6,6,2,1,5,5,5,2,3,3,10,3,1,B03,7,6,5,19,2,4,,10,10,1,12,4,120.577053,24.272998,2
8063,66000,387130000C,(04)23274275,(04)23288582,2025,2,21,14,58,臺中市,霧峰區,0,0,0,7,,,50,,,,,,,,,,,,,,13,,,,,B03,,,1,,2,,,7,7,1,6,4,120.698756,24.067869,3
8064,66000,387130000C,(04)23274275,(04)23288582,2025,2,21,15,0,臺中市,太平區,0,0,0,7,,,80,,,,,,,,,,,,,,13,,,,,A12,,,1,,2,,,7,7,1,12,4,120.710725,24.141557,3
8065,66000,387130000C,(04)23274275,(04)23288582,2025,2,21,15,2,臺中市,大里區,0,0,0,7,,,50,,,,,,,,,,,,,,,,,,,B03,,,1,,2,,,51,51,1,6,4,120.714777,24.096984,3
8066,66000,387130000C,(04)23274275,(04)23288582,2025,2,21,15,5,臺中市,潭子區,0,0,0,7,,,60,,,,,,,,,,,,,,,,,,,B11,,,1,,2,,,84,84,1,13,4,120.707183,24.223867,3
8067,66000,387130000C,(04)23274275,(04)23288582,2025,2,21,15,6,臺中市,霧峰區,0,1,0,7,2,6,50,3,1,1,5,4,6,6,1,1,10,5,5,2,16,3,10,3,1,B03,7,9,1,8,2,1,,21,21,1,6,4,120.702638,24.070024,2
8068,66000,387130000C,(04)23274275,(04)23288582,2025,2,21,15,10,臺中市,北屯區,0,2,0,7,2,6,50,13,9,1,5,4,6,6,4,4,5,4,4,2,13,2,9,2,1,C03,7,9,1,10,2,11,,84,84,1,12,4,120.72459,24.172183,2
8069,66000,387130000C,(04)23274275,(04)23288582,2025,2,21,15,14,臺中市,大雅區,0,1,0,7,2,6,50,3,1,1,5,4,6,6,4,4,5,5,5,1,16,3,10,3,1,B03,7,6,1,8,2,5,,84,84,1,13,4,120.649157,24.225003,2
8070,66000,387130000C,(04)23274275,(04)23288582,2025,2,21,15,16,臺中市,南屯區,0,0,0,7,3,6,40,13,8,1,5,4,6,6,4,4,5,5,4,2,14,,,,,B02,,,1,,2,,,50,50,1,12,4,120.610987,24.145132,3
8071,66000,387130000C,(04)23274275,(04)23288582,2025,2,21,15,16,臺中市,太平區,0,0,0,7,,,50,,,,,,,,,,,,,,,,,,,B03,,,1,,1,,,7,7,1,12,4,120.723639,24.131372,3
8072,66000,387130000C,(04)23274275,(04)23288582,2025,2,21,15,17,臺中市,北屯區,0,1,0,7,2,6,50,13,7,1,5,4,6,6,4,4,5,4,4,2,17,3,10,3,1,B12,7,1,1,8,2,4,,51,51,1,12,4,120.691598,24.170205,2
8073,66000,387130000C,(04)23274275,(04)23288582,2025,2,21,15,19,臺中市,北屯區,0,1,0,7,2,6,50,4,1,1,5,4,6,6,1,1,10,5,5,2,17,3,10,3,1,B03,7,1,1,8,11,15,,85,85,1,12,4,120.67333,24.190365,2
8074,66000,387130000C,(04)23274275,(04)23288582,2025,2,21,15,29,臺中市,烏日區,0,0,0,7,,,30,,,,,,,,,,,,,,14,,,,,B12,,,1,,2,,,49,49,1,6,4,120.65007,24.058454,3
8075,66000,387130000C,(04)23274275,(04)23288582,2025,2,21,15,30,臺中市,大里區,0,1,0,7,2,6,30,3,1,1,5,4,6,6,4,4,10,5,5,2,17,2,6,1,1,C03,7,6,1,10,2,14,,48,48,1,6,4,120.693465,24.092366,2
8076,66000,387130000C,(04)23274275,(04)23288582,2025,2,21,15,31,臺中市,梧棲區,0,1,0,7,3,6,30,3,1,1,5,4,6,6,4,4,10,5,5,2,16,3,10,3,1,B03,7,6,1,8,2,5,,14,14,1,6,4,120.531411,24.258381,2
8077,66000,387130000C,(04)23274275,(04)23288582,2025,2,21,15,31,臺中市,豐原區,0,2,0,7,3,6,50,13,7,1,5,4,6,6,4,4,5,4,4,2,17,3,10,3,1,B03,7,1,1,8,2,8,,51,51,1,13,4,120.706023,24.251216,2
8078,66000,387130000C,(04)23274275,(04)23288582,2025,2,21,15,33,臺中市,潭子區,0,1,0,7,2,6,50,13,7,1,5,4,6,6,4,4,1,4,4,1,18,2,9,2,1,C03,7,9,1,10,2,14,,59,59,1,13,4,120.69501,24.215934,2
8079,66000,387130000C,(04)23274275,(04)23288582,2025,2,21,15,40,臺中市,北區,0,1,0,7,2,6,50,4,1,1,5,4,6,6,2,1,10,5,5,2,16,2,9,1,1,C03,7,9,1,10,2,14,,59,59,1,5,4,120.682089,24.154584,2
8080,66000,387130000C,(04)23274275,(04)23288582,2025,2,21,15,40,臺中市,太平區,0,1,0,7,2,6,50,13,9,1,5,4,6,6,4,4,5,2,5,1,13,2,9,1,1,C03,7,9,1,8,2,11,14,59,59,1,12,4,120.721706,24.1346,2
8081,66000,387130000C,(04)23274275,(04)23288582,2025,2,21,15,42,臺中市,北區,0,0,0,7,,,50,,,,,,,,,,,,,,17,,,,,A11,,,1,,1,,,59,59,1,12,4,120.683663,24.160335,3
8082,66000,387130000C,(04)23274275,(04)23288582,2025,2,21,15,42,臺中市,東區,0,0,0,7,,,50,,,,,,,,,,,,,,12,,,,,B12,,,1,,1,,,51,51,1,12,4,120.696496,24.151112,3
8083,66000,387130000C,(04)23274275,(04)23288582,2025,2,21,15,45,臺中市,太平區,0,0,0,7,2,6,80,10,9,1,5,4,6,6,4,4,2,4,5,1,13,3,10,3,1,B12,7,9,1,8,2,1,,84,84,1,6,4,120.710725,24.141557,3
8084,66000,387130000C,(04)23274275,(04)23288582,2025,2,21,15,45,臺中市,大甲區,0,0,0,7,,,50,,,,,,,,,,,,,,,,,,,C03,,,1,,1,,,20,20,1,6,4,120.625369,24.345957,3
8085,66000,387130000C,(04)23274275,(04)23288582,2025,2,21,15,47,臺中市,西區,0,0,0,7,,,50,,,,,,,,,,,,,,,,,,,C03,,,1,,1,,,7,7,1,12,4,120.666824,24.153171,3
8086,66000,387130000C,(04)23274275,(04)23288582,2025,2,21,15,48,臺中市,大里區,0,2,0,7,3,6,50,3,1,1,5,4,6,6,4,4,10,5,5,2,16,2,8,1,1,C03,7,1,1,10,2,14,,51,51,1,6,4,120.680836,24.094804,2
8087,66000,387130000C,(04)23274275,(04)23288582,2025,2,21,15,49,臺中市,豐原區,0,1,0,7,2,6,50,3,2,1,5,4,6,6,1,1,1,4,5,2,13,2,9,2,1,C03,7,9,1,10,2,11,,7,7,1,13,4,120.722423,24.260487,2
8088,66000,387130000C,(04)23274275,(04)23288582,2025,2,21,15,52,臺中市,西屯區,0,1,0,7,2,6,50,13,9,1,5,4,6,6,1,1,3,4,5,2,13,2,9,2,1,C03,7,9,1,10,2,11,,59,59,1,12,4,120.65185,24.182074,2
8089,66000,387130000C,(04)23274275,(04)23288582,2025,2,21,15,53,臺中市,西區,0,0,0,7,,,50,,,,,,,,,,,,,,12,,,,,B12,,,1,,1,,,8,8,1,13,4,120.660466,24.150675,3
8090,66000,387130000C,(04)23274275,(04)23288582,2025,2,21,15,56,臺中市,北屯區,0,0,0,7,,,50,,,,,,,,,,,,,,,,,,,B03,,,5,,11,,,40,40,2,6,4,120.698241,24.172939,3
8091,66000,387130000C,(04)23274275,(04)23288582,2025,2,21,15,57,臺中市,南屯區,0,0,0,7,,,50,,,,,,,,,,,,,,,,,,,B03,,,1,,1,,,51,51,1,13,4,120.643889,24.13035,3
8092,66000,387130000C,(04)23274275,(04)23288582,2025,2,21,15,58,臺中市,北屯區,0,1,0,7,2,6,50,13,7,1,5,4,6,6,4,4,5,5,4,2,13,3,10,3,1,B03,7,9,1,8,2,5,,8,8,1,12,4,120.686233,24.177478,2
8093,66000,387130000C,(04)23274275,(04)23288582,2025,2,21,16,0,臺中市,北屯區,0,3,0,7,2,6,50,13,9,1,5,4,6,6,4,4,9,5,5,2,16,2,9,5,4,C03,7,11,1,10,2,12,,20,20,1,12,4,120.702497,24.173174,2
8094,66000,387130000C,(04)23274275,(04)23288582,2025,2,21,16,0,臺中市,西屯區,0,0,0,7,,,30,,,,,,,,,,,,,,16,,,,,B03,,,1,,1,,,51,51,1,12,4,120.642805,24.176836,3
8095,66000,387130000C,(04)23274275,(04)23288582,2025,2,21,16,0,臺中市,大里區,0,0,0,7,,,50,,,,,,,,,,,,,,17,,,,,B03,,,1,,1,,,7,7,1,6,4,120.714075,24.095561,3
8096,66000,387130000C,(04)23274275,(04)23288582,2025,2,21,16,4,臺中市,大雅區,0,1,0,7,1,6,50,4,1,1,5,4,6,6,4,4,10,5,5,2,15,2,9,2,1,C03,7,9,1,10,2,11,,15,15,1,12,4,120.656222,24.225441,2
8097,66000,387130000C,(04)23274275,(04)23288582,2025,2,21,16,10,臺中市,南屯區,0,2,0,7,2,6,50,4,1,1,5,4,6,6,1,1,10,5,5,2,17,2,9,2,1,C03,7,6,1,10,2,13,,48,48,1,12,4,120.653258,24.128767,2
8098,66000,387130000C,(04)23274275,(04)23288582,2025,2,21,16,12,臺中市,大里區,0,0,0,7,,,50,,,,,,,,,,,,,,,,,,,A04,,,1,,2,,,84,84,1,6,4,120.697851,24.082323,3
8099,66000,387130000C,(04)23274275,(04)23288582,2025,2,21,16,13,臺中市,北區,0,0,0,7,,,50,,,,,,,,,,,,,,30,,,,,A11,,,1,,1,,,84,84,1,12,4,120.674927,24.162513,3
8100,66000,387130000C,(04)23274275,(04)23288582,2025,2,21,16,14,臺中市,潭子區,0,0,0,7,,,60,,,,,,,,,,,,,,,,,,,C04,,,1,,2,,,84,84,1,13,4,120.70359,24.201162,3
8101,66000,387130000C,(04)23274275,(04)23288582,2025,2,21,16,16,臺中市,南區,0,0,0,7,,,50,,,,,,,,,,,,,,14,,,,,B03,,,1,,2,,,49,49,1,12,4,120.660565,24.114873,3
8102,66000,387130000C,(04)23274275,(04)23288582,2025,2,21,16,19,臺中市,西區,0,3,0,7,2,6,50,4,1,1,5,4,6,6,1,1,10,5,5,2,17,2,9,2,1,C03,7,6,1,10,2,14,11,48,48,1,12,4,120.661663,24.136502,2
8103,66000,387130000C,(04)23274275,(04)23288582,2025,2,21,16,19,臺中市,烏日區,0,1,0,7,3,6,30,11,9,1,5,4,6,6,4,4,10,5,5,2,11,2,9,1,1,C03,7,9,1,10,2,11,12,58,58,1,6,4,120.605906,24.116811,2
8104,66000,387130000C,(04)23274275,(04)23288582,2025,2,21,16,21,臺中市,外埔區,0,0,0,7,3,6,30,13,9,1,5,4,6,6,4,4,10,5,5,2,17,3,10,3,1,B03,7,6,1,8,2,7,,43,43,1,6,4,120.633722,24.341309,3
8105,66000,387130000C,(04)23274275,(04)23288582,2025,2,21,16,22,臺中市,西屯區,0,1,0,7,2,6,40,13,8,1,5,4,6,6,4,4,5,4,4,2,13,2,8,1,4,C03,7,9,1,10,1,11,,7,7,1,13,4,120.649439,24.175094,2
8106,66000,387130000C,(04)23274275,(04)23288582,2025,2,21,16,23,臺中市,東區,0,0,0,7,,,50,,,,,,,,,,,,,,17,,,,,B03,,,1,,1,,,45,45,1,13,4,120.689181,24.132585,3
8107,66000,387130000C,(04)23274275,(04)23288582,2025,2,21,16,23,臺中市,西屯區,0,0,0,7,,,50,,,,,,,,,,,,,,,,,,,C03,,,1,,1,,,8,8,1,12,4,120.636163,24.170043,4
8108,66000,387130000C,(04)23274275,(04)23288582,2025,2,21,16,25,臺中市,大里區,0,0,0,7,,,50,,,,,,,,,,,,,,13,,,,,C03,,,1,,2,,,84,84,1,13,4,120.681384,24.111666,3
8109,66000,387130000C,(04)23274275,(04)23288582,2025,2,21,16,26,臺中市,東區,0,0,0,7,,,50,,,,,,,,,,,,,,30,,,,,B03,,,1,,9,,,87,87,1,6,4,120.705438,24.144609,3
8110,66000,387130000C,(04)23274275,(04)23288582,2025,2,21,16,32,臺中市,西屯區,0,1,0,7,2,6,50,4,19,1,5,4,6,6,1,1,9,5,4,2,3,3,10,3,1,B03,7,6,1,8,2,1,,10,10,1,13,4,120.666761,24.171636,2
8111,66000,387130000C,(04)23274275,(04)23288582,2025,2,21,16,35,臺中市,西區,0,0,0,6,,,50,,,,,,,,,,,,,,13,,,,,B03,,,1,,1,,,8,8,1,12,4,120.659516,24.157543,3
8112,66000,387130000C,(04)23274275,(04)23288582,2025,2,21,16,36,臺中市,大里區,0,1,0,7,3,6,50,4,1,1,5,4,6,6,4,4,10,5,5,2,15,2,9,2,1,C03,7,9,1,10,2,12,,15,15,1,6,4,120.704151,24.106629,2
8113,66000,387130000C,(04)23274275,(04)23288582,2025,2,21,16,38,臺中市,南屯區,0,0,0,7,3,6,50,13,9,1,5,4,6,6,4,4,5,5,5,2,12,,,,,B03,,,1,,1,,,59,59,1,12,4,120.651682,24.148994,3
8114,66000,387130000C,(04)23274275,(04)23288582,2025,2,21,16,38,臺中市,龍井區,0,2,0,7,2,6,50,3,1,1,5,4,6,6,4,4,10,5,5,2,16,3,10,5,4,C03,7,6,1,10,2,11,,14,14,1,5,4,120.58522,24.184658,2
8115,66000,387130000C,(04)23274275,(04)23288582,2025,2,21,16,39,臺中市,南屯區,0,0,0,7,3,6,40,13,9,1,5,4,6,6,4,4,1,4,1,2,12,,,,,B03,,,1,,2,,,8,8,1,12,4,120.623241,24.137107,3
8116,66000,387130000C,(04)23274275,(04)23288582,2025,2,21,16,40,臺中市,龍井區,0,1,0,7,2,6,50,4,1,1,5,4,6,6,1,1,10,5,5,2,16,3,10,1,1,C03,7,9,1,10,2,12,,27,27,1,12,4,120.505379,24.210437,2
8117,66000,387130000C,(04)23274275,(04)23288582,2025,2,21,16,40,臺中市,梧棲區,0,1,0,7,2,6,60,4,1,1,5,4,6,6,1,1,10,5,5,2,16,3,10,3,1,B12,7,5,1,7,2,2,,11,11,1,6,4,120.524589,24.223009,2
8118,66000,387130000C,(04)23274275,(04)23288582,2025,2,21,16,42,臺中市,大肚區,0,1,0,7,2,6,30,4,1,1,5,4,6,6,4,4,10,5,5,2,15,3,10,5,4,B03,7,9,1,8,2,2,,15,15,1,6,4,120.578684,24.173937,2
8119,66000,387130000C,(04)23274275,(04)23288582,2025,2,21,16,45,臺中市,龍井區,0,1,0,7,2,6,50,3,1,1,5,4,6,6,1,1,10,5,5,2,16,2,8,1,1,C03,7,6,1,10,2,11,,85,85,1,12,4,120.527201,24.17936,2
8120,66000,387130000C,(04)23274275,(04)23288582,2025,2,21,16,48,臺中市,中區,0,0,0,7,,,50,,,,,,,,,,,,,,12,,,,,A02,,,1,,2,,,8,8,1,13,4,120.684916,24.137577,3
8121,66000,387130000C,(04)23274275,(04)23288582,2025,2,21,16,48,臺中市,南屯區,0,0,0,7,,,30,,,,,,,,,,,,,,,,,,,B03,,,1,,1,,,49,49,1,13,4,120.647653,24.150246,3
8122,66000,387130000C,(04)23274275,(04)23288582,2025,2,21,16,50,臺中市,南屯區,0,2,0,7,3,6,50,13,9,1,5,4,6,6,4,4,9,5,4,2,17,2,9,1,1,C03,7,11,1,10,2,12,,46,46,1,12,4,120.636902,24.14429,2
8123,66000,387130000C,(04)23274275,(04)23288582,2025,2,21,16,50,臺中市,太平區,0,2,0,7,2,6,50,3,9,1,5,4,5,6,3,1,5,5,5,2,13,2,7,2,1,C03,7,9,1,10,2,11,,7,7,1,12,4,120.721907,24.140183,2
8124,66000,387130000C,(04)23274275,(04)23288582,2025,2,21,16,51,臺中市,東區,0,0,0,7,1,6,50,13,9,1,5,4,6,6,4,4,9,4,5,2,17,3,10,3,1,B12,7,2,1,8,1,3,,49,49,1,12,4,120.699386,24.146071,3
8125,66000,387130000C,(04)23274275,(04)23288582,2025,2,21,16,51,臺中市,北屯區,0,0,0,7,,,50,,,,,,,,,,,,,,,,,,,B03,,,1,,1,,,84,84,1,12,4,120.738153,24.17841,3
8126,66000,387130000C,(04)23274275,(04)23288582,2025,2,21,16,53,臺中市,大里區,0,0,0,7,,,50,,,,,,,,,,,,,,,,,,,B03,,,1,,2,,,40,40,1,12,4,120.699599,24.114949,3
8127,66000,387130000C,(04)23274275,(04)23288582,2025,2,21,16,55,臺中市,豐原區,0,1,0,7,3,6,50,4,1,1,5,4,6,6,4,4,5,5,5,2,16,2,7,1,4,C03,7,9,2,19,2,12,,84,84,1,12,4,120.715343,24.260061,2
8128,66000,387130000C,(04)23274275,(04)23288582,2025,2,21,16,56,臺中市,潭子區,0,0,0,7,,,50,,,,,,,,,,,,,,,,,,,C02,,,1,,2,,,8,8,1,13,4,120.702037,24.200944,3
8129,66000,387130000C,(04)23274275,(04)23288582,2025,2,21,16,59,臺中市,北區,0,1,0,7,2,6,30,4,1,1,5,4,6,6,4,4,5,5,5,2,15,3,10,3,1,B03,7,9,1,8,2,2,,20,20,1,12,4,120.692688,24.156603,2
8130,66000,387130000C,(04)23274275,(04)23288582,2025,2,21,17,0,臺中市,大肚區,0,0,0,7,,,50,,,,,,,,,,,,,,,,,,,B03,,,1,,1,,,84,84,1,6,4,120.576888,24.118725,3
8131,66000,387130000C,(04)23274275,(04)23288582,2025,2,21,17,1,臺中市,潭子區,0,0,0,7,,,50,,,,,,,,,,,,,,,,,,,B03,,,1,,2,,,21,21,1,13,4,120.706031,24.200805,3
8132,66000,387130000C,(04)23274275,(04)23288582,2025,2,21,17,2,臺中市,豐原區,0,0,0,7,,,40,,,,,,,,,,,,,,17,,,,,C03,,,1,,9,,,23,23,1,13,4,120.711403,24.246291,3
8133,66000,387130000C,(04)23274275,(04)23288582,2025,2,21,17,3,臺中市,西屯區,0,0,0,7,,,80,,,,,,,,,,,,,,12,,,,,B12,,,1,,1,,,40,40,1,12,4,120.65081,24.197551,3
8134,66000,387130000C,(04)23274275,(04)23288582,2025,2,21,17,5,臺中市,南屯區,0,2,0,7,2,6,50,13,8,1,5,4,6,6,4,4,1,5,4,2,17,2,8,2,1,C03,7,9,1,10,2,11,,59,59,1,12,4,120.584672,24.141532,2
8135,66000,387130000C,(04)23274275,(04)23288582,2025,2,21,17,7,臺中市,西屯區,0,1,0,7,2,6,50,3,8,1,5,4,6,6,4,4,5,5,4,2,12,3,10,3,1,B03,7,5,1,8,1,5,,8,8,1,13,4,120.650202,24.163867,2
8136,66000,387130000C,(04)23274275,(04)23288582,2025,2,21,17,7,臺中市,沙鹿區,0,0,0,7,,,50,,,,,,,,,,,,,,,,,,,B03,,,1,,1,,,84,84,1,13,4,120.559511,24.241479,3
8137,66000,387130000C,(04)23274275,(04)23288582,2025,2,21,17,8,臺中市,北區,0,1,0,7,2,6,50,13,9,1,5,4,6,6,4,4,2,4,5,1,13,3,10,1,1,C03,7,9,1,10,2,11,,7,7,1,12,4,120.684246,24.162864,2
8138,66000,387130000C,(04)23274275,(04)23288582,2025,2,21,17,8,臺中市,后里區,0,1,0,7,2,6,50,3,1,1,5,4,6,6,1,1,10,5,5,2,11,3,10,3,1,B03,7,6,1,8,2,1,,11,11,1,12,4,120.71265,24.310348,2
8139,66000,387130000C,(04)23274275,(04)23288582,2025,2,21,17,9,臺中市,烏日區,0,2,0,7,2,6,30,4,1,1,5,4,6,6,4,4,10,5,5,2,16,2,9,5,4,C03,7,6,1,10,2,12,,12,12,1,13,4,120.638419,24.106645,2
8140,66000,387130000C,(04)23274275,(04)23288582,2025,2,21,17,10,臺中市,北屯區,0,0,0,7,,,50,,,,,,,,,,,,,,,,,,,B03,,,1,,1,,,84,84,1,12,4,120.689932,24.162817,3