序號,縣市別代碼,機關代碼,市話,傳真,年,月,日,時,分,縣市,區,死亡數量,受傷數量,2-30,天候,道路照明設備,道路類別,道路速限,道路型態,事故位置,路面鋪裝,路面狀態,路面缺陷,障礙物,視距,號誌種類,號誌動作,分向設施,快車道或一般車道間,快慢車道間,路面邊線,事故類型及型態,受傷程度,主要傷處,保護裝備,行動電話或功能裝置,當事者區分(類別),車輛用途,當事者行動狀態,駕照狀態,駕照種類,飲酒情形,車輛撞擊部位最初,車輛撞擊部位其他,肇事因素個別,肇事因素主要,肇事逃逸,職業,共享經濟或外送平台,GPS座標X,GPS座標Y,事故類別
8141,66000,387130000C,(04)23274275,(04)23288582,2025,2,21,17,12,臺中市,南屯區,0,1,0,7,2,6,40,4,8,1,5,4,6,6,2,1,5,5,4,2,3,2,9,2,1,C03,7,9,1,10,2,14,,84,84,1,13,4,120.635514,24.148686,2
8142,66000,387130000C,(04)23274275,(04)23288582,2025,2,21,17,14,臺中市,南屯區,0,0,0,7,1,6,80,13,9,1,5,4,6,6,4,4,3,4,5,1,13,,,,,B03,,,1,,1,,,7,7,1,12,4,120.623033,24.140267,3
8143,66000,387130000C,(04)23274275,(04)23288582,2025,2,21,17,15,臺中市,龍井區,0,0,0,7,,,30,,,,,,,,,,,,,,9,,,,,G03,,,1,,1,,,84,84,1,12,4,120.512213,24.221957,3
8144,66000,387130000C,(04)23274275,(04)23288582,2025,2,21,17,16,臺中市,南屯區,0,1,0,7,2,6,30,13,9,1,5,4,6,6,4,4,10,5,5,2,17,2,9,2,1,C03,7,9,1,10,2,11,,84,84,1,12,4,120.618836,24.15574,2
8145,66000,387130000C,(04)23274275,(04)23288582,2025,2,21,17,16,臺中市,西屯區,0,2,0,7,1,6,50,4,1,1,5,4,6,6,1,1,10,5,5,2,12,2,8,1,4,C03,7,9,1,10,2,12,,84,84,1,13,4,120.593044,24.183185,2
8146,66000,387130000C,(04)23274275,(04)23288582,2025,2,21,17,16,臺中市,太平區,0,0,0,7,,,50,,,,,,,,,,,,,,17,,,,,F01,,,,,,,,85,85,1,,,120.721502,24.119897,3
8147,66000,387130000C,(04)23274275,(04)23288582,2025,2,21,17,17,臺中市,東區,0,2,0,7,2,6,50,13,9,1,5,4,6,6,4,4,5,4,5,2,12,2,8,1,1,C03,7,7,1,10,1,12,,8,8,1,12,4,120.701693,24.125381,2
8148,66000,387130000C,(04)23274275,(04)23288582,2025,2,21,17,17,臺中市,大里區,0,1,0,7,2,6,50,4,2,1,5,4,6,6,4,4,5,4,5,2,17,2,8,2,1,C03,7,8,1,10,2,13,,40,40,1,6,4,120.694518,24.082354,2
8149,66000,387130000C,(04)23274275,(04)23288582,2025,2,21,17,18,臺中市,大里區,0,0,0,7,,,50,,,,,,,,,,,,,,16,,,,,B03,,,1,,2,,,20,20,1,13,4,120.688137,24.104095,3
8150,66000,387130000C,(04)23274275,(04)23288582,2025,2,21,17,20,臺中市,大里區,0,1,0,7,3,6,50,13,8,1,5,4,6,6,4,4,5,5,4,2,12,3,10,1,1,C03,7,7,1,10,2,12,,40,40,1,13,4,120.68957,24.110104,2
8151,66000,387130000C,(04)23274275,(04)23288582,2025,2,21,17,20,臺中市,豐原區,0,1,0,7,1,6,50,13,9,1,5,4,6,6,4,4,5,4,4,2,17,2,9,1,1,C03,7,8,1,10,2,14,,40,40,1,6,4,120.713106,24.250733,2
8152,66000,387130000C,(04)23274275,(04)23288582,2025,2,21,17,21,臺中市,霧峰區,0,0,0,7,,,50,,,,,,,,,,,,,,13,,,,,C03,,,1,,2,,,7,7,1,12,4,120.699472,24.071117,3
8153,66000,387130000C,(04)23274275,(04)23288582,2025,2,21,17,22,臺中市,沙鹿區,0,0,0,7,,,50,,,,,,,,,,,,,,,,,,,C03,,,1,,2,,,7,7,1,12,4,120.62094,24.240565,3
8154,66000,387130000C,(04)23274275,(04)23288582,2025,2,21,17,24,臺中市,南區,0,0,0,7,,,50,,,,,,,,,,,,,,12,,,,,B03,,,1,,1,,,76,76,1,13,4,120.663897,24.124894,3
8155,66000,387130000C,(04)23274275,(04)23288582,2025,2,21,17,25,臺中市,烏日區,0,0,0,7,,,50,,,,,,,,,,,,,,12,,,,,C03,,,1,,2,,,84,84,1,6,4,120.632742,24.110091,3
8156,66000,387130000C,(04)23274275,(04)23288582,2025,2,21,17,29,臺中市,南屯區,0,1,0,7,2,6,50,13,8,1,5,4,6,6,4,4,1,4,1,2,28,2,9,2,1,C03,7,9,1,10,2,11,,84,84,1,13,4,120.623091,24.136394,2
8157,66000,387130000C,(04)23274275,(04)23288582,2025,2,21,17,29,臺中市,烏日區,0,0,0,7,,,50,,,,,,,,,,,,,,,,,,,B03,,,1,,1,,,7,7,1,12,4,120.627944,24.103163,3
8158,66000,387130000C,(04)23274275,(04)23288582,2025,2,21,17,30,臺中市,霧峰區,0,0,0,7,,,30,,,,,,,,,,,,,,17,,,,,B03,,,1,8,2,,,51,51,1,13,4,120.696835,24.020345,3
8159,66000,387130000C,(04)23274275,(04)23288582,2025,2,21,17,32,臺中市,潭子區,0,1,0,7,3,6,60,13,12,1,5,4,6,6,4,4,1,4,4,1,13,2,9,2,1,C03,7,12,1,10,2,11,,7,7,1,13,4,120.709585,24.233946,2
8160,66000,387130000C,(04)23274275,(04)23288582,2025,2,21,17,33,臺中市,西屯區,0,1,0,7,1,6,50,4,1,1,5,4,6,6,4,4,10,5,5,1,15,2,9,1,1,C03,7,9,1,10,2,11,,15,15,1,12,4,120.642368,24.175274,2
8161,66000,387130000C,(04)23274275,(04)23288582,2025,2,21,17,33,臺中市,清水區,0,0,0,6,,,70,,,,,,,,,,,,,,,,,,,B03,,,1,,2,,,42,42,1,12,4,120.540316,24.28923,3
8162,66000,387130000C,(04)23274275,(04)23288582,2025,2,21,17,34,臺中市,西屯區,0,1,0,7,1,6,50,4,1,1,5,4,6,6,1,1,9,2,4,2,12,3,10,3,1,B03,7,5,1,8,2,2,,11,11,1,13,4,120.638936,24.182212,2
8163,66000,387130000C,(04)23274275,(04)23288582,2025,2,21,17,35,臺中市,沙鹿區,0,1,0,7,2,6,30,4,9,1,5,4,6,6,4,4,4,4,5,2,15,2,8,2,1,C03,7,9,1,10,2,11,,12,12,1,12,4,120.569522,24.230333,2
8164,66000,387130000C,(04)23274275,(04)23288582,2025,2,21,17,37,臺中市,西區,0,0,0,7,,,50,,,,,,,,,,,,,,,,,,,B03,,,1,,2,,,87,87,1,12,4,120.65517,24.146692,3
8165,66000,387130000C,(04)23274275,(04)23288582,2025,2,21,17,37,臺中市,南屯區,0,2,0,7,1,6,50,4,1,1,5,4,6,6,1,1,5,5,4,2,16,2,9,1,1,C03,7,6,1,10,2,12,,11,11,1,12,4,120.61175,24.135704,2
8166,66000,387130000C,(04)23274275,(04)23288582,2025,2,21,17,37,臺中市,西屯區,0,0,0,7,,,40,,,,,,,,,,,,,,12,,,,,C03,,,1,,1,,,8,8,1,13,4,120.610349,24.184832,3
8167,66000,387130000C,(04)23274275,(04)23288582,2025,2,21,17,39,臺中市,龍井區,0,0,0,7,,,70,,,,,,,,,,,,,,,,,,,A05,,,1,,2,,,58,58,1,12,4,120.513352,24.1977,3
8168,66000,387130000C,(04)23274275,(04)23288582,2025,2,21,17,40,臺中市,潭子區,0,1,0,7,2,6,50,3,2,1,5,4,6,6,1,1,1,4,5,2,13,3,10,1,1,C03,7,9,1,10,2,11,,7,7,1,13,4,120.717896,24.197895,2
8169,66000,387130000C,(04)23274275,(04)23288582,2025,2,21,17,40,臺中市,西屯區,0,1,0,7,1,6,30,3,1,1,5,4,6,6,4,4,10,5,5,2,16,3,10,3,1,B03,7,6,1,8,1,7,,14,14,1,13,4,120.650107,24.182922,2
8170,66000,387130000C,(04)23274275,(04)23288582,2025,2,21,17,40,臺中市,大里區,0,0,0,7,,,50,,,,,,,,,,,,,,,,,,,B03,,,1,,9,,,48,48,1,12,4,120.679477,24.116603,3
8171,66000,387130000C,(04)23274275,(04)23288582,2025,2,21,17,41,臺中市,西屯區,0,1,0,7,1,6,40,4,8,1,5,4,6,6,1,1,1,4,1,2,12,2,9,5,4,C03,7,8,1,10,2,14,,40,40,1,12,4,120.649726,24.162588,2
8172,66000,387130000C,(04)23274275,(04)23288582,2025,2,21,17,42,臺中市,西屯區,0,0,0,7,,,0,,,,,,,,,,,,,,17,,,,,B03,,,1,,1,,,51,51,1,13,4,120.629523,24.158706,3
8173,66000,387130000C,(04)23274275,(04)23288582,2025,2,21,17,43,臺中市,東區,0,2,0,7,2,6,50,4,1,1,5,4,6,6,2,1,10,5,5,2,15,2,9,1,1,C03,7,9,3,19,2,14,,21,21,1,12,4,120.701403,24.138896,2
8174,66000,387130000C,(04)23274275,(04)23288582,2025,2,21,17,44,臺中市,南屯區,0,1,0,7,2,6,50,4,1,1,5,4,6,6,2,1,5,4,4,1,12,3,10,3,1,B03,7,5,1,10,2,5,,84,84,1,12,4,120.649907,24.134865,2
8175,66000,387130000C,(04)23274275,(04)23288582,2025,2,21,17,44,臺中市,南屯區,0,0,0,7,1,6,50,13,9,1,5,4,6,6,1,1,3,2,5,2,13,,,,,B03,,,1,,1,,,7,7,1,12,4,120.637184,24.15155,3
8176,66000,387130000C,(04)23274275,(04)23288582,2025,2,21,17,45,臺中市,霧峰區,0,2,0,7,1,6,50,4,1,1,5,4,6,6,4,4,10,5,5,2,15,2,9,1,1,C03,7,9,3,19,2,14,,13,13,1,6,4,120.697796,24.064649,2
8177,66000,387130000C,(04)23274275,(04)23288582,2025,2,21,17,47,臺中市,北屯區,0,2,0,7,1,6,40,13,17,1,5,4,6,6,4,4,10,5,5,1,13,2,7,3,1,B12,7,9,1,8,2,1,,7,7,1,12,4,120.668019,24.200751,2
8178,66000,387130000C,(04)23274275,(04)23288582,2025,2,21,17,47,臺中市,烏日區,0,0,0,7,,,50,,,,,,,,,,,,,,13,,,,,C03,,,3,,1,,,59,59,1,13,4,120.64467,24.109686,3
8179,66000,387130000C,(04)23274275,(04)23288582,2025,2,21,17,47,臺中市,神岡區,0,1,0,7,1,6,50,13,9,1,5,4,6,6,4,4,10,5,5,1,18,2,9,1,1,C03,7,12,1,10,2,16,,88,88,1,12,4,120.694047,24.240108,2
8180,66000,387130000C,(04)23274275,(04)23288582,2025,2,21,17,51,臺中市,沙鹿區,0,0,0,7,,,60,,,,,,,,,,,,,,17,,,,,B03,,,1,,2,,,40,40,1,12,4,120.565909,24.238734,3
8181,66000,387130000C,(04)23274275,(04)23288582,2025,2,21,17,53,臺中市,大里區,0,1,0,7,1,6,50,4,1,1,5,4,6,6,1,1,10,5,5,2,16,2,9,2,1,C03,7,9,1,10,2,11,,21,21,1,6,4,120.708727,24.085467,2
8182,66000,387130000C,(04)23274275,(04)23288582,2025,2,21,17,54,臺中市,西屯區,0,1,0,7,1,6,50,3,1,1,5,4,6,6,2,1,10,5,5,2,12,2,9,1,1,C03,7,21,1,10,2,15,,85,85,1,13,4,120.64332,24.15993,2
8183,66000,387130000C,(04)23274275,(04)23288582,2025,2,21,17,55,臺中市,北區,0,0,0,7,,,50,,,,,,,,,,,,,,17,,,,,A02,,,1,,1,,,51,51,1,12,4,120.67461,24.146884,4
8184,66000,387130000C,(04)23274275,(04)23288582,2025,2,21,17,59,臺中市,潭子區,0,0,0,7,,,40,,,,,,,,,,,,,,,,,,,B03,,,1,,2,,,40,40,1,13,4,120.714232,24.200138,3
8185,66000,387130000C,(04)23274275,(04)23288582,2025,2,21,18,0,臺中市,北區,0,0,0,7,,,50,,,,,,,,,,,,,,17,,,,,C03,,,1,,1,,,84,84,1,12,4,120.687826,24.1464,3
8186,66000,387130000C,(04)23274275,(04)23288582,2025,2,21,18,0,臺中市,西屯區,0,0,0,7,1,6,50,4,1,1,5,4,6,6,1,1,1,4,3,2,12,,,,,B01,,,1,,1,,,85,85,1,13,4,120.628889,24.162424,3
8187,66000,387130000C,(04)23274275,(04)23288582,2025,2,21,18,0,臺中市,西屯區,0,0,0,7,,,80,,,,,,,,,,,,,,13,,,,,A11,,,1,,1,,,7,7,1,12,4,120.651308,24.197882,3
8188,66000,387130000C,(04)23274275,(04)23288582,2025,2,21,18,1,臺中市,太平區,0,2,0,7,2,6,50,4,1,1,5,4,6,6,2,1,5,5,5,2,16,2,9,1,1,C03,7,6,1,10,2,12,,11,11,1,6,4,120.722234,24.109775,2
8189,66000,387130000C,(04)23274275,(04)23288582,2025,2,21,18,5,臺中市,東區,0,0,0,7,,,50,,,,,,,,,,,,,,12,,,,,B12,,,1,,2,,,40,40,1,12,4,120.696651,24.139584,3
8190,66000,387130000C,(04)23274275,(04)23288582,2025,2,21,18,8,臺中市,東區,0,0,0,7,,,50,,,,,,,,,,,,,,13,,,,,C03,,,1,,1,,,7,7,1,13,4,120.691253,24.14776,3
8191,66000,387130000C,(04)23274275,(04)23288582,2025,2,21,18,8,臺中市,東區,0,1,0,7,1,6,50,5,1,1,5,4,6,6,2,1,10,5,5,2,18,2,9,2,1,C04,7,9,1,10,2,14,,84,84,1,12,4,120.693104,24.133266,2
8192,66000,387130000C,(04)23274275,(04)23288582,2025,2,21,18,10,臺中市,北屯區,0,1,0,7,2,6,50,13,9,1,5,4,6,6,1,1,9,5,5,2,12,3,10,1,1,C03,7,8,1,10,11,14,,42,42,2,12,4,120.700691,24.17005,2
8193,66000,387130000C,(04)23274275,(04)23288582,2025,2,21,18,10,臺中市,西屯區,0,1,0,7,1,6,50,4,2,1,5,4,6,6,1,1,5,4,5,2,17,2,9,5,4,C03,7,8,1,10,2,14,,40,40,1,12,4,120.639076,24.159008,2
8194,66000,387130000C,(04)23274275,(04)23288582,2025,2,21,18,11,臺中市,北屯區,0,0,0,7,,,40,,,,,,,,,,,,,,12,,,,,B12,,,1,,1,,,40,40,1,6,4,120.663123,24.186984,3
8195,66000,387130000C,(04)23274275,(04)23288582,2025,2,21,18,11,臺中市,北屯區,0,0,0,7,,,50,,,,,,,,,,,,,,13,,,,,B03,,,1,,1,,,84,84,1,6,4,120.697649,24.164936,3
8196,66000,387130000C,(04)23274275,(04)23288582,2025,2,21,18,11,臺中市,北屯區,0,1,0,7,1,6,50,4,4,1,5,4,6,6,1,1,10,5,5,2,13,2,8,5,4,C03,7,9,1,10,2,11,,7,7,1,13,4,120.671432,24.173913,2
8197,66000,387130000C,(04)23274275,(04)23288582,2025,2,21,18,13,臺中市,大里區,0,1,0,7,1,6,50,4,1,1,5,4,6,6,2,1,5,4,4,1,16,3,10,5,4,B03,7,6,1,8,2,8,,84,84,1,13,4,120.694774,24.111463,2
8198,66000,387130000C,(04)23274275,(04)23288582,2025,2,21,18,14,臺中市,清水區,0,1,0,7,1,6,50,4,1,1,5,4,6,6,2,1,5,4,5,2,2,3,10,3,1,B03,7,6,1,8,2,1,,10,10,1,12,4,120.549468,24.264597,2
8199,66000,387130000C,(04)23274275,(04)23288582,2025,2,21,18,15,臺中市,南區,0,0,0,7,,,50,,,,,,,,,,,,,,13,,,,,B03,,,1,,1,,,51,51,1,6,4,120.666687,24.117969,3
8200,66000,387130000C,(04)23274275,(04)23288582,2025,2,21,18,15,臺中市,沙鹿區,0,0,0,7,,,30,,,,,,,,,,,,,,15,,,,,B03,,,1,,1,,,12,12,1,12,4,120.550436,24.217869,3
8201,66000,387130000C,(04)23274275,(04)23288582,2025,2,21,18,17,臺中市,中區,0,3,0,7,2,6,50,3,1,1,5,4,6,6,4,4,10,5,5,2,17,2,9,2,1,C03,7,6,1,10,2,14,,84,84,1,12,4,120.679406,24.145151,2
8202,66000,387130000C,(04)23274275,(04)23288582,2025,2,21,18,20,臺中市,大里區,0,0,0,7,,,50,,,,,,,,,,,,,,13,,,,,B03,,,1,,2,,,59,59,1,12,4,120.695579,24.088024,3
8203,66000,387130000C,(04)23274275,(04)23288582,2025,2,21,18,21,臺中市,南屯區,0,0,0,7,,,50,,,,,,,,,,,,,,,,,,,B03,,,1,,2,,,84,84,1,12,4,120.606897,24.146782,3
8204,66000,387130000C,(04)23274275,(04)23288582,2025,2,21,18,21,臺中市,北屯區,0,1,0,7,1,6,50,13,9,1,5,4,6,6,4,4,1,2,5,2,13,2,9,1,1,C03,7,9,1,10,2,11,,7,7,1,6,4,120.66193,24.189012,2
8205,66000,387130000C,(04)23274275,(04)23288582,2025,2,21,18,21,臺中市,豐原區,0,2,0,7,1,6,50,3,2,1,5,4,6,6,4,4,1,4,5,1,13,2,9,1,4,C03,7,9,1,10,2,11,,6,6,1,12,4,120.721869,24.274506,2
8206,66000,387130000C,(04)23274275,(04)23288582,2025,2,21,18,22,臺中市,西屯區,0,1,0,7,1,6,40,3,1,1,5,4,6,6,4,4,1,4,1,2,18,2,9,1,4,C02,7,8,1,9,2,12,,84,84,1,13,4,120.634276,24.204141,2
8207,66000,387130000C,(04)23274275,(04)23288582,2025,2,21,18,28,臺中市,南區,0,0,0,7,,,50,,,,,,,,,,,,,,13,,,,,B03,,,1,,1,,,84,84,1,12,4,120.657578,24.124635,3
8208,66000,387130000C,(04)23274275,(04)23288582,2025,2,21,18,32,臺中市,東區,0,0,0,7,,,80,,,,,,,,,,,,,,12,,,,,B12,,,1,,1,,,84,84,1,12,4,120.708419,24.134347,3
8209,66000,387130000C,(04)23274275,(04)23288582,2025,2,21,18,34,臺中市,北區,0,0,0,7,1,6,50,3,2,1,5,4,6,6,4,4,5,4,4,2,16,3,10,3,1,B03,7,5,1,8,1,5,,14,14,1,12,4,120.666644,24.155569,3
8210,66000,387130000C,(04)23274275,(04)23288582,2025,2,21,18,34,臺中市,霧峰區,0,0,0,7,,,50,,,,,,,,,,,,,,,,,,,B03,,,1,,2,,,7,7,1,6,4,120.664065,24.077909,3
8211,66000,387130000C,(04)23274275,(04)23288582,2025,2,21,18,34,臺中市,烏日區,0,0,0,7,,,50,,,,,,,,,,,,,,,,,,,B03,,,1,,1,,,7,7,1,6,4,120.625424,24.10861,3
8212,66000,387130000C,(04)23274275,(04)23288582,2025,2,21,18,35,臺中市,南區,0,2,0,7,1,6,50,4,1,1,5,4,6,6,3,1,10,5,5,2,15,2,9,1,1,C03,7,9,1,10,2,11,,24,24,1,13,4,120.667278,24.125659,2
8213,66000,387130000C,(04)23274275,(04)23288582,2025,2,21,18,35,臺中市,西屯區,0,1,0,7,1,6,40,4,1,1,5,4,6,6,1,1,10,5,5,1,12,3,10,1,1,C03,7,5,1,10,2,13,,47,47,1,12,4,120.655911,24.158976,2
8214,66000,387130000C,(04)23274275,(04)23288582,2025,2,21,18,37,臺中市,清水區,0,2,0,6,1,6,50,13,14,1,5,4,6,6,4,4,5,5,5,1,17,2,9,2,1,C03,7,9,1,10,2,11,,84,84,1,12,4,120.570235,24.263275,2
8215,66000,387130000C,(04)23274275,(04)23288582,2025,2,21,18,40,臺中市,北屯區,0,1,0,7,1,6,50,4,1,1,5,4,6,6,4,4,10,5,5,2,15,2,9,1,1,C03,7,9,1,10,2,12,,13,13,1,12,4,120.696197,24.184196,2
8216,66000,387130000C,(04)23274275,(04)23288582,2025,2,21,18,42,臺中市,北屯區,0,0,0,7,,,50,,,,,,,,,,,,,,,,,,,B03,,,1,,1,,,49,49,1,6,4,120.688439,24.165762,3
8217,66000,387130000C,(04)23274275,(04)23288582,2025,2,21,18,42,臺中市,清水區,0,1,0,7,1,6,50,5,1,1,5,4,6,6,2,1,1,4,4,1,18,2,9,1,1,C03,7,9,1,10,2,14,,58,58,1,12,4,120.573023,24.262897,2
8218,66000,387130000C,(04)23274275,(04)23288582,2025,2,21,18,46,臺中市,西屯區,0,1,0,7,1,6,80,13,9,1,5,4,6,6,4,4,10,4,5,2,13,3,10,3,1,B12,7,9,1,8,1,1,,7,7,1,13,4,120.648538,24.196725,2
8219,66000,387130000C,(04)23274275,(04)23288582,2025,2,21,18,50,臺中市,東區,0,0,0,7,,,50,,,,,,,,,,,,,,13,,,,,C03,,,1,,2,,,7,7,1,5,4,120.688642,24.126392,3
8220,66000,387130000C,(04)23274275,(04)23288582,2025,2,21,18,52,臺中市,豐原區,0,2,0,7,1,6,50,5,1,1,5,4,6,6,1,1,5,4,5,1,17,2,9,1,1,C03,7,9,1,10,2,11,,39,39,1,6,4,120.711424,24.239366,2
8221,66000,387130000C,(04)23274275,(04)23288582,2025,2,21,18,53,臺中市,潭子區,0,3,0,7,1,6,50,13,12,1,5,4,6,6,4,4,1,4,4,1,13,2,9,2,1,C03,7,9,1,10,2,11,,84,84,1,13,4,120.704089,24.215977,2
8222,66000,387130000C,(04)23274275,(04)23288582,2025,2,21,18,53,臺中市,西區,0,0,0,6,,,50,,,,,,,,,,,,,,,,,,,C03,,,1,,2,,,84,84,1,12,4,120.658491,24.146472,3
8223,66000,387130000C,(04)23274275,(04)23288582,2025,2,21,18,57,臺中市,西區,0,1,0,7,1,6,50,13,9,1,5,4,6,6,4,4,5,4,5,2,12,3,10,3,1,B03,7,7,1,8,1,5,,40,40,1,13,4,120.652786,24.146733,2
8224,66000,387130000C,(04)23274275,(04)23288582,2025,2,21,18,57,臺中市,西屯區,0,0,0,7,,,50,,,,,,,,,,,,,,14,,,,,B03,,,1,,1,,,49,49,1,12,4,120.648306,24.169527,3
8225,66000,387130000C,(04)23274275,(04)23288582,2025,2,21,18,57,臺中市,大里區,0,1,0,7,1,6,50,13,9,1,5,4,6,5,4,4,10,5,5,1,17,3,10,3,1,B03,7,1,3,19,9,16,,51,51,1,12,4,120.698871,24.123521,2
8226,66000,387130000C,(04)23274275,(04)23288582,2025,2,21,18,58,臺中市,大甲區,0,0,0,7,,,50,,,,,,,,,,,,,,,,,,,B03,,,1,,2,,,50,50,1,6,4,120.624315,24.347056,3
8227,66000,387130000C,(04)23274275,(04)23288582,2025,2,21,18,58,臺中市,后里區,0,1,0,7,1,6,30,13,9,1,5,4,6,6,4,4,10,5,5,2,17,3,10,3,1,B03,7,1,1,8,2,1,,51,51,1,6,4,120.709488,24.310504,2
8228,66000,387130000C,(04)23274275,(04)23288582,2025,2,21,19,0,臺中市,南區,0,0,0,7,,,50,,,,,,,,,,,,,,17,,,,,,,,,,,,,85,85,1,,,120.676416,24.130068,3
8229,66000,387130000C,(04)23274275,(04)23288582,2025,2,21,19,3,臺中市,西屯區,0,0,0,7,,,30,,,,,,,,,,,,,,12,,,,,B02,,,1,,1,,,8,8,1,12,4,120.644723,24.175593,3
8230,66000,387130000C,(04)23274275,(04)23288582,2025,2,21,19,6,臺中市,北屯區,0,0,0,7,,,50,,,,,,,,,,,,,,13,,,,,B03,,,1,,1,,,7,7,1,12,4,120.666808,24.2007,3
8231,66000,387130000C,(04)23274275,(04)23288582,2025,2,21,19,10,臺中市,東區,0,2,0,7,1,6,50,4,1,1,5,4,6,6,1,1,10,5,5,2,16,3,10,3,1,B03,7,5,1,8,2,6,,11,11,1,12,4,120.701504,24.14022,2
8232,66000,387130000C,(04)23274275,(04)23288582,2025,2,21,19,11,臺中市,南區,0,1,0,7,1,6,50,3,1,1,5,4,6,6,4,4,10,5,5,2,13,3,10,3,1,B03,7,6,1,8,2,8,,7,7,1,12,4,120.646292,24.111027,2
8233,66000,387130000C,(04)23274275,(04)23288582,2025,2,21,19,13,臺中市,東區,0,1,0,7,2,6,50,4,2,1,5,4,6,6,1,1,3,2,4,2,12,3,10,3,1,B03,7,7,1,8,1,6,,35,35,1,13,4,120.693573,24.147967,2
8234,66000,387130000C,(04)23274275,(04)23288582,2025,2,21,19,14,臺中市,南區,0,1,0,7,1,6,50,4,1,1,5,4,6,6,4,4,10,5,5,2,15,3,10,5,4,B01,7,9,1,4,2,6,,15,15,1,12,4,120.663938,24.121068,2
8235,66000,387130000C,(04)23274275,(04)23288582,2025,2,21,19,14,臺中市,西屯區,0,2,0,7,1,6,50,13,9,1,5,4,6,6,4,4,5,5,5,2,12,2,9,1,4,C03,7,11,1,10,2,14,,45,45,1,13,4,120.61639,24.179908,2
8236,66000,387130000C,(04)23274275,(04)23288582,2025,2,21,19,18,臺中市,太平區,0,1,0,7,1,6,50,13,9,1,5,4,6,6,3,1,5,5,5,1,12,3,10,3,1,B03,7,9,1,8,2,5,,8,8,1,12,4,120.734136,24.143777,2
8237,66000,387130000C,(04)23274275,(04)23288582,2025,2,21,19,20,臺中市,大雅區,0,1,0,7,1,6,30,13,9,1,5,4,6,6,4,4,10,5,5,1,28,2,7,1,1,C03,7,9,1,10,2,11,12,84,84,1,13,4,120.670789,24.232693,2
8238,66000,387130000C,(04)23274275,(04)23288582,2025,2,21,19,20,臺中市,潭子區,0,1,0,7,1,6,50,4,1,1,5,4,6,6,1,1,5,5,5,1,15,3,10,3,1,B03,7,9,1,8,1,1,,21,21,1,13,4,120.718325,24.21811,2
8239,66000,387130000C,(04)23274275,(04)23288582,2025,2,21,19,22,臺中市,太平區,0,1,0,7,1,6,50,13,8,1,5,4,6,6,2,1,1,4,1,1,13,2,8,2,1,C03,7,9,1,10,2,11,,7,7,1,6,4,120.717355,24.158425,2
8240,66000,387130000C,(04)23274275,(04)23288582,2025,2,21,19,28,臺中市,西區,0,0,0,7,,,50,,,,,,,,,,,,,,13,,,,,B03,,,1,,1,,,7,7,1,13,4,120.657365,24.144335,3
8241,66000,387130000C,(04)23274275,(04)23288582,2025,2,21,19,30,臺中市,西屯區,0,0,0,7,,,50,,,,,,,,,,,,,,13,,,,,C03,,,1,,1,,,7,7,1,12,4,120.648169,24.16927,3
8242,66000,387130000C,(04)23274275,(04)23288582,2025,2,21,19,36,臺中市,沙鹿區,0,0,0,7,,,50,,,,,,,,,,,,,,,,,,,C03,,,1,,2,,,84,84,1,13,4,120.579438,24.219853,3
8243,66000,387130000C,(04)23274275,(04)23288582,2025,2,21,19,37,臺中市,西屯區,0,1,0,7,1,6,50,3,1,1,5,4,6,6,1,1,10,5,5,1,12,3,10,3,1,B03,7,6,1,8,2,4,,48,48,1,12,4,120.646483,24.175161,2
8244,66000,387130000C,(04)23274275,(04)23288582,2025,2,21,19,39,臺中市,龍井區,0,2,0,7,1,6,50,3,1,1,5,4,6,6,4,4,10,5,5,2,16,2,8,5,4,C03,7,6,1,10,1,15,,14,14,1,12,4,120.5853,24.185144,2
8245,66000,387130000C,(04)23274275,(04)23288582,2025,2,21,19,44,臺中市,北區,0,0,0,7,,,50,,,,,,,,,,,,,,14,,,,,B03,,,1,,1,,,59,59,1,12,4,120.685255,24.16246,3
8246,66000,387130000C,(04)23274275,(04)23288582,2025,2,21,19,48,臺中市,北區,0,2,0,7,1,6,30,4,1,1,5,4,6,6,4,4,10,5,5,2,15,2,9,5,4,C03,7,9,1,10,2,11,,84,84,1,12,4,120.685948,24.162113,2
8247,66000,387130000C,(04)23274275,(04)23288582,2025,2,21,19,51,臺中市,大雅區,0,2,0,7,1,6,50,3,1,1,5,4,6,6,1,1,5,5,5,1,16,2,9,2,1,C03,7,6,1,10,2,11,,11,11,1,13,4,120.647856,24.216036,2
8248,66000,387130000C,(04)23274275,(04)23288582,2025,2,21,19,51,臺中市,中區,0,1,0,7,1,6,30,4,1,1,5,4,6,6,4,4,10,5,5,2,17,3,10,2,1,C03,7,6,1,10,2,14,,13,13,1,12,4,120.674671,24.14336,2
8249,66000,387130000C,(04)23274275,(04)23288582,2025,2,21,19,54,臺中市,西區,0,2,0,7,1,6,50,3,1,1,5,4,6,6,1,1,10,5,5,2,17,2,9,2,1,C03,7,9,1,10,2,11,,21,21,1,12,4,120.658856,24.155976,2