序號,縣市別代碼,機關代碼,市話,傳真,年,月,日,時,分,縣市,區,死亡數量,受傷數量,2-30,天候,道路照明設備,道路類別,道路速限,道路型態,事故位置,路面鋪裝,路面狀態,路面缺陷,障礙物,視距,號誌種類,號誌動作,分向設施,快車道或一般車道間,快慢車道間,路面邊線,事故類型及型態,受傷程度,主要傷處,保護裝備,行動電話或功能裝置,當事者區分(類別),車輛用途,當事者行動狀態,駕照狀態,駕照種類,飲酒情形,車輛撞擊部位最初,車輛撞擊部位其他,肇事因素個別,肇事因素主要,肇事逃逸,職業,共享經濟或外送平台,GPS座標X,GPS座標Y,事故類別
8250,66000,387130000C,(04)23274275,(04)23288582,2025,2,21,19,54,臺中市,西屯區,0,0,0,7,1,6,50,4,2,1,5,4,6,6,1,1,1,5,5,2,17,,,,,C03,,,1,,2,,,7,7,1,13,4,120.643183,24.176657,3
8251,66000,387130000C,(04)23274275,(04)23288582,2025,2,21,19,55,臺中市,西屯區,0,0,0,7,,,30,,,,,,,,,,,,,,11,,,,,B01,,,1,,1,,,8,8,1,12,4,120.615034,24.18596,3
8252,66000,387130000C,(04)23274275,(04)23288582,2025,2,21,19,55,臺中市,大里區,0,0,0,7,,,50,,,,,,,,,,,,,,17,,,,,A11,,,1,,2,,,84,84,1,6,4,120.703049,24.107476,3
8253,66000,387130000C,(04)23274275,(04)23288582,2025,2,21,19,58,臺中市,烏日區,0,1,0,7,1,6,60,3,1,1,5,4,6,6,1,1,1,4,5,1,17,3,10,3,1,B03,7,9,1,4,2,8,,7,7,1,6,4,120.645706,24.110071,2
8254,66000,387130000C,(04)23274275,(04)23288582,2025,2,21,20,3,臺中市,霧峰區,0,0,0,7,,,50,,,,,,,,,,,,,,30,,,,,B03,,,1,,2,,,84,84,1,6,4,120.699845,24.06908,3
8255,66000,387130000C,(04)23274275,(04)23288582,2025,2,21,20,10,臺中市,霧峰區,0,1,0,7,1,6,30,4,1,1,5,4,6,6,4,4,10,5,5,2,15,3,10,3,1,B03,7,9,1,8,2,2,,15,15,1,6,4,120.687289,24.05145,2
8256,66000,387130000C,(04)23274275,(04)23288582,2025,2,21,20,18,臺中市,大里區,0,1,0,7,1,6,50,13,19,1,5,4,6,6,1,1,10,5,5,2,1,3,10,3,1,B03,7,6,1,8,2,8,,10,10,1,12,4,120.682412,24.100469,2
8257,66000,387130000C,(04)23274275,(04)23288582,2025,2,21,20,18,臺中市,大肚區,0,0,0,7,1,6,50,3,23,1,5,4,6,6,4,4,10,5,5,2,19,3,10,3,1,B12,7,9,1,8,2,5,,59,59,1,6,4,120.54265,24.170227,3
8258,66000,387130000C,(04)23274275,(04)23288582,2025,2,21,20,19,臺中市,南屯區,0,1,0,7,2,6,40,3,1,1,5,4,6,6,4,4,1,4,5,2,17,2,8,2,1,C03,7,6,1,10,2,14,,12,12,1,13,4,120.597006,24.149546,2
8259,66000,387130000C,(04)23274275,(04)23288582,2025,2,21,20,20,臺中市,潭子區,0,1,0,7,1,6,50,13,12,1,5,4,6,6,4,4,1,4,4,1,9,3,10,2,1,C03,7,9,1,10,2,12,,8,8,1,13,4,120.693484,24.216138,2
8260,66000,387130000C,(04)23274275,(04)23288582,2025,2,21,20,20,臺中市,大里區,0,0,0,7,,,50,,,,,,,,,,,,,,13,,,,,B03,,,1,,2,,,84,84,1,13,4,120.68453,24.104813,3
8261,66000,387130000C,(04)23274275,(04)23288582,2025,2,21,20,30,臺中市,大甲區,0,0,0,5,,,30,,,,,,,,,,,,,,11,,,,,B03,,,1,,1,,,41,41,1,11,4,120.631874,24.347039,3
8262,66000,387130000C,(04)23274275,(04)23288582,2025,2,21,20,37,臺中市,烏日區,0,1,0,7,1,6,50,3,1,1,5,4,6,6,4,4,10,5,5,2,16,3,10,3,1,B03,7,6,1,8,2,8,,12,12,1,6,4,120.63581,24.104274,2
8263,66000,387130000C,(04)23274275,(04)23288582,2025,2,21,20,40,臺中市,清水區,0,0,0,7,,,50,,,,,,,,,,,,,,,,,,,B03,,,1,,1,,,12,12,1,12,4,120.576774,24.270623,3
8264,66000,387130000C,(04)23274275,(04)23288582,2025,2,21,20,40,臺中市,豐原區,0,0,0,7,,,50,,,,,,,,,,,,,,17,,,,,B03,,,1,,2,,,1,1,1,6,4,120.719024,24.257521,3
8265,66000,387130000C,(04)23274275,(04)23288582,2025,2,21,20,48,臺中市,龍井區,0,0,0,7,,,30,,,,,,,,,,,,,,,,,,,C03,,,1,,11,,,77,77,1,6,4,120.583629,24.182111,3
8266,66000,387130000C,(04)23274275,(04)23288582,2025,2,21,20,52,臺中市,太平區,0,2,0,7,1,6,50,4,1,1,5,4,6,6,1,1,10,5,5,2,16,2,9,2,1,C03,7,1,1,10,2,14,,51,51,1,12,4,120.728369,24.150166,2
8267,66000,387130000C,(04)23274275,(04)23288582,2025,2,21,20,56,臺中市,霧峰區,0,0,0,7,,,50,,,,,,,,,,,,,,17,,,,,B03,,,1,,2,,,51,51,1,6,4,120.697725,24.064465,3
8268,66000,387130000C,(04)23274275,(04)23288582,2025,2,21,20,58,臺中市,西區,0,0,0,7,,,50,,,,,,,,,,,,,,,,,,,F01,,,1,,2,,,84,84,1,12,4,120.661699,24.150845,3
8269,66000,387130000C,(04)23274275,(04)23288582,2025,2,21,21,0,臺中市,南區,0,1,0,7,1,6,1,13,7,1,5,4,6,6,4,4,9,5,4,2,17,3,10,5,4,B03,7,1,1,8,2,8,,51,51,1,12,4,120.649262,24.118115,2
8270,66000,387130000C,(04)23274275,(04)23288582,2025,2,21,21,1,臺中市,太平區,0,1,0,7,1,6,80,10,9,1,5,4,6,6,4,4,1,4,5,1,13,2,8,3,1,B03,7,9,3,19,2,8,,7,7,1,12,4,120.71526,24.152218,2
8271,66000,387130000C,(04)23274275,(04)23288582,2025,2,21,21,4,臺中市,西屯區,0,0,0,7,,,30,,,,,,,,,,,,,,17,,,,,B03,,,3,,11,,,87,87,1,13,4,120.650653,24.173245,3
8272,66000,387130000C,(04)23274275,(04)23288582,2025,2,21,21,8,臺中市,北屯區,0,1,0,7,1,6,50,13,9,1,5,4,6,6,4,4,1,2,5,2,12,2,1,3,1,B03,7,1,1,8,2,4,,51,51,1,9,4,120.662768,24.188316,2
8273,66000,387130000C,(04)23274275,(04)23288582,2025,2,21,21,36,臺中市,南屯區,0,0,0,7,,,60,,,,,,,,,,,,,,2,,,,,B03,,,1,,2,,,84,84,1,6,4,120.611182,24.138534,3
8274,66000,387130000C,(04)23274275,(04)23288582,2025,2,21,21,37,臺中市,太平區,0,0,0,7,,,50,,,,,,,,,,,,,,,,,,,B03,,,1,,2,,,7,7,1,12,4,120.717021,24.131532,3
8275,66000,387130000C,(04)23274275,(04)23288582,2025,2,21,21,40,臺中市,北區,0,0,0,7,,,,,,,,,,,,,,,,,17,,,,,,,,,,,,,119,119,1,,,120.674193,24.163485,3
8276,66000,387130000C,(04)23274275,(04)23288582,2025,2,21,21,42,臺中市,南區,0,0,0,7,,,30,,,,,,,,,,,,,,17,,,,,,,,,,,,,118,118,1,,,120.670512,24.111275,3
8277,66000,387130000C,(04)23274275,(04)23288582,2025,2,21,21,50,臺中市,沙鹿區,0,1,0,6,1,6,50,13,9,1,5,4,6,6,4,4,5,5,5,1,10,3,10,3,1,B03,7,9,1,8,3,1,8,34,34,1,12,4,120.572002,24.242354,2
8278,66000,387130000C,(04)23274275,(04)23288582,2025,2,21,21,53,臺中市,南區,0,1,0,7,1,6,50,3,1,1,5,4,6,6,4,4,10,5,5,2,16,3,10,3,1,B03,7,1,1,8,2,4,,51,51,1,12,4,120.653381,24.125634,2
8279,66000,387130000C,(04)23274275,(04)23288582,2025,2,21,21,55,臺中市,清水區,0,0,0,7,,,50,,,,,,,,,,,,,,13,,,,,B03,,,1,,2,,,7,7,1,13,4,120.570714,24.258999,3
8280,66000,387130000C,(04)23274275,(04)23288582,2025,2,21,21,56,臺中市,南屯區,0,2,0,7,1,6,40,13,9,1,5,4,6,6,4,4,9,5,5,2,10,2,8,2,4,C03,7,1,1,10,2,14,,51,51,1,6,2,120.647384,24.142968,2
8281,66000,387130000C,(04)23274275,(04)23288582,2025,2,21,22,2,臺中市,北區,0,1,0,7,1,6,50,13,9,1,5,4,6,6,4,4,5,5,5,2,17,3,10,4,1,B03,7,13,1,8,2,4,,76,76,1,12,4,120.69164,24.161511,2
8282,66000,387130000C,(04)23274275,(04)23288582,2025,2,21,22,3,臺中市,南區,0,0,0,7,,,50,,,,,,,,,,,,,,16,,,,,B01,,,1,,2,,,45,45,1,12,4,120.679273,24.126395,3
8283,66000,387130000C,(04)23274275,(04)23288582,2025,2,21,22,4,臺中市,梧棲區,0,1,0,7,1,6,50,13,9,1,5,4,6,6,2,1,5,4,5,2,13,3,10,3,1,B03,7,1,1,8,2,8,,82,82,1,12,4,120.528194,24.252569,2
8284,66000,387130000C,(04)23274275,(04)23288582,2025,2,21,22,6,臺中市,北區,0,1,0,7,1,6,50,4,2,1,5,4,6,6,1,1,2,4,5,2,18,2,9,1,1,C03,7,5,1,9,2,16,12,84,84,1,12,4,120.683401,24.148329,2
8285,66000,387130000C,(04)23274275,(04)23288582,2025,2,21,22,8,臺中市,大里區,0,0,0,7,,,50,,,,,,,,,,,,,,17,,,,,B03,,,1,,1,,,7,7,1,6,4,120.703152,24.089323,3
8286,66000,387130000C,(04)23274275,(04)23288582,2025,2,21,22,16,臺中市,太平區,0,2,0,7,1,6,50,5,1,1,5,4,6,6,1,1,10,5,5,2,16,2,9,1,1,C03,7,6,3,19,2,14,,48,48,1,12,4,120.713025,24.143507,2
8287,66000,387130000C,(04)23274275,(04)23288582,2025,2,21,22,17,臺中市,沙鹿區,0,0,0,7,,,40,,,,,,,,,,,,,,,,,,,B03,,,1,,2,,,49,49,1,13,4,120.565423,24.207373,3
8288,66000,387130000C,(04)23274275,(04)23288582,2025,2,21,22,18,臺中市,北區,0,2,0,7,1,6,50,4,1,1,5,4,6,6,3,1,5,4,5,2,15,3,10,5,4,B03,7,9,1,4,2,1,,20,20,1,13,4,120.675421,24.153882,2
8289,66000,387130000C,(04)23274275,(04)23288582,2025,2,21,22,20,臺中市,霧峰區,0,2,0,7,1,6,50,4,1,1,5,4,6,6,1,1,10,5,5,2,16,2,9,1,1,C03,7,6,1,10,2,11,,11,11,1,5,4,120.693079,24.073101,2
8290,66000,387130000C,(04)23274275,(04)23288582,2025,2,21,22,24,臺中市,北區,0,0,0,7,,,0,,,,,,,,,,,,,,17,,,,,C03,,,1,,9,,,84,84,1,13,4,120.701484,24.157871,3
8291,66000,387130000C,(04)23274275,(04)23288582,2025,2,21,22,42,臺中市,沙鹿區,0,0,0,7,,,50,,,,,,,,,,,,,,,,,,,B03,,,1,,2,,,84,84,1,13,4,120.581421,24.209662,3
8292,66000,387130000C,(04)23274275,(04)23288582,2025,2,21,22,46,臺中市,南屯區,0,0,0,7,,,50,,,,,,,,,,,,,,30,,,,,B03,,,1,,2,,,59,59,1,12,4,120.616641,24.152488,3
8293,66000,387130000C,(04)23274275,(04)23288582,2025,2,21,23,0,臺中市,豐原區,0,1,0,7,1,6,50,3,1,1,5,4,6,6,4,4,1,4,4,2,17,3,10,3,1,B03,7,11,1,8,2,5,,45,45,1,6,4,120.713677,24.245314,2
8294,66000,387130000C,(04)23274275,(04)23288582,2025,2,21,23,5,臺中市,西區,0,0,0,7,,,,,,,,,,,,,,,,,17,,,,,B12,,,,,,,,49,49,1,,4,120.665589,24.130652,3
8295,66000,387130000C,(04)23274275,(04)23288582,2025,2,21,23,10,臺中市,北區,0,0,0,7,,,50,,,,,,,,,,,,,,,,,,,B03,,,1,,1,,,49,49,1,12,4,120.665081,24.165047,4
8296,66000,387130000C,(04)23274275,(04)23288582,2025,2,21,23,11,臺中市,大里區,0,1,0,7,1,6,50,3,9,1,5,4,6,6,4,4,5,5,5,2,18,2,9,1,1,C03,7,9,1,10,2,14,,84,84,1,13,4,120.672114,24.088621,2
8297,66000,387130000C,(04)23274275,(04)23288582,2025,2,21,23,21,臺中市,西區,0,0,0,7,,,50,,,,,,,,,,,,,,,,,,,,,,,,,,,59,59,1,,,120.661452,24.140801,3
8298,66000,387130000C,(04)23274275,(04)23288582,2025,2,21,23,28,臺中市,西屯區,0,0,0,7,,,30,,,,,,,,,,,,,,16,,,,,C03,,,1,,11,,,14,14,1,13,4,120.650246,24.176429,3
8299,66000,387130000C,(04)23274275,(04)23288582,2025,2,21,23,36,臺中市,龍井區,0,2,0,7,1,6,50,4,1,1,5,4,6,6,3,1,10,5,5,2,16,2,7,2,1,C03,7,6,1,10,7,11,,48,48,1,13,4,120.5836,24.18067,2
8300,66000,387130000C,(04)23274275,(04)23288582,2025,2,21,23,40,臺中市,西屯區,0,1,0,7,1,6,50,3,1,1,5,4,6,6,2,1,10,5,5,2,12,2,8,1,1,C03,7,9,1,10,2,14,,84,84,1,12,4,120.659481,24.175598,2
8301,66000,387130000C,(04)23274275,(04)23288582,2025,2,21,23,45,臺中市,烏日區,0,0,0,7,,,50,,,,,,,,,,,,,,13,,,,,B01,,,1,,1,,,7,7,1,6,4,120.615642,24.11396,3
8302,66000,387130000C,(04)23274275,(04)23288582,2025,2,21,23,46,臺中市,龍井區,0,1,0,7,1,6,30,11,9,1,5,4,6,6,4,4,10,5,5,2,18,2,8,2,1,C03,7,6,1,10,2,12,,82,82,1,6,4,120.597443,24.188476,2
8303,66000,387130000C,(04)23274275,(04)23288582,2025,2,21,23,54,臺中市,北區,0,1,0,7,1,6,50,4,19,1,5,4,6,6,1,1,1,4,5,2,3,3,10,3,1,B03,7,6,1,8,2,1,,10,10,1,12,4,120.676154,24.173415,2
8304,66000,387130000C,(04)23274275,(04)23288582,2025,2,22,0,11,臺中市,北屯區,0,0,0,7,,,30,,,,,,,,,,,,,,17,,,,,C03,,,1,,9,,,59,59,1,13,4,120.70185,24.169017,3
8305,66000,387130000C,(04)23274275,(04)23288582,2025,2,22,0,20,臺中市,西屯區,0,1,0,7,1,6,50,3,1,1,5,4,6,6,4,4,4,4,5,2,18,2,9,5,4,C03,7,6,1,10,2,14,,84,84,1,13,4,120.664611,24.180478,2
8306,66000,387130000C,(04)23274275,(04)23288582,2025,2,22,0,34,臺中市,西屯區,0,0,0,7,,,30,,,,,,,,,,,,,,11,,,,,C03,,,1,,2,,,8,8,1,12,4,120.645936,24.175006,3
8307,66000,387130000C,(04)23274275,(04)23288582,2025,2,22,1,10,臺中市,西區,0,2,0,7,1,6,50,4,1,1,5,4,6,6,1,1,10,5,5,2,18,2,9,1,1,C03,7,9,1,10,2,12,,82,82,1,13,4,120.663096,24.146699,2
8308,66000,387130000C,(04)23274275,(04)23288582,2025,2,22,2,4,臺中市,西屯區,0,0,0,7,,,50,,,,,,,,,,,,,,13,,,,,B12,,,1,,1,,,51,51,1,13,4,120.653131,24.156371,4
8309,66000,387130000C,(04)23274275,(04)23288582,2025,2,22,2,11,臺中市,西屯區,0,0,0,7,1,6,50,13,9,1,5,4,6,6,4,4,5,5,5,2,16,,,,,C03,,,1,,1,,,84,84,1,12,4,120.631183,24.183357,3
8310,66000,387130000C,(04)23274275,(04)23288582,2025,2,22,2,48,臺中市,西屯區,0,0,0,7,,,50,,,,,,,,,,,,,,16,,,,,A12,,,1,,1,,,20,20,1,12,4,120.640188,24.166025,3
8311,66000,387130000C,(04)23274275,(04)23288582,2025,2,22,2,55,臺中市,西區,0,1,0,7,1,6,50,4,1,1,5,4,6,6,4,4,5,5,5,2,15,2,9,1,1,C03,7,9,1,10,2,11,,15,15,1,12,4,120.660207,24.152541,2
8312,66000,387130000C,(04)23274275,(04)23288582,2025,2,22,3,40,臺中市,西區,0,2,0,7,1,6,50,4,1,1,5,4,6,6,1,1,10,5,5,2,16,2,9,1,1,C03,7,5,1,10,2,12,,47,47,1,13,4,120.658452,24.150853,2
8313,66000,387130000C,(04)23274275,(04)23288582,2025,2,22,4,22,臺中市,東區,0,0,0,7,,,30,,,,,,,,,,,,,,,,,,,B03,,,1,,1,,,84,84,1,6,4,120.692065,24.125233,3
8314,66000,387130000C,(04)23274275,(04)23288582,2025,2,22,4,23,臺中市,西屯區,0,1,0,7,1,6,50,4,1,1,5,4,6,6,2,1,1,3,1,2,16,3,10,5,4,B03,7,6,1,8,2,6,,23,23,1,13,4,120.593044,24.183185,2
8315,66000,387130000C,(04)23274275,(04)23288582,2025,2,22,4,57,臺中市,西區,0,1,0,7,1,6,50,13,9,1,5,4,6,6,4,4,9,5,5,2,17,2,9,2,1,C03,7,9,1,10,11,11,,84,84,2,12,4,120.673238,24.149418,2
8316,66000,387130000C,(04)23274275,(04)23288582,2025,2,22,5,10,臺中市,西屯區,0,1,0,7,1,6,0,13,9,1,5,4,6,6,4,4,10,5,5,2,3,2,8,6,5,H01,8,16,7,21,10,17,,95,95,1,12,5,120.64808,24.172091,2
8317,66000,387130000C,(04)23274275,(04)23288582,2025,2,22,6,44,臺中市,北屯區,0,1,0,7,1,6,50,3,2,1,5,4,6,6,4,4,3,4,5,2,18,2,9,1,1,C03,7,9,1,10,2,14,,84,84,1,13,4,120.700969,24.180166,2
8318,66000,387130000C,(04)23274275,(04)23288582,2025,2,22,6,50,臺中市,沙鹿區,0,0,0,7,,,30,,,,,,,,,,,,,,17,,,,,C03,,,1,,2,,,59,59,1,6,4,120.55868,24.237517,3
8319,66000,387130000C,(04)23274275,(04)23288582,2025,2,22,6,52,臺中市,太平區,0,0,0,7,,,80,,,,,,,,,,,,,,17,,,,,B03,,,1,,2,,,91,91,1,12,4,120.717499,24.157451,3
8320,66000,387130000C,(04)23274275,(04)23288582,2025,2,22,6,57,臺中市,大雅區,0,2,0,7,3,6,30,3,2,1,5,4,6,6,4,4,5,2,5,1,17,2,8,1,1,C03,7,6,1,10,2,14,,14,14,1,12,4,120.667554,24.214866,2
8321,66000,387130000C,(04)23274275,(04)23288582,2025,2,22,7,0,臺中市,龍井區,0,0,0,7,,,50,,,,,,,,,,,,,,,,,,,B03,,,1,,2,,,59,59,1,12,4,120.529611,24.18481,3
8322,66000,387130000C,(04)23274275,(04)23288582,2025,2,22,7,20,臺中市,霧峰區,0,1,0,7,3,6,60,5,2,1,5,4,6,6,1,1,1,2,4,1,12,3,10,3,1,B03,7,5,1,8,2,6,,39,39,1,12,4,120.6963,24.054327,2
8323,66000,387130000C,(04)23274275,(04)23288582,2025,2,22,7,22,臺中市,龍井區,0,1,0,7,2,6,50,4,1,1,5,4,6,6,1,1,10,5,5,2,16,3,10,3,1,B03,7,6,1,8,2,5,,85,85,1,12,4,120.509428,24.218316,2
8324,66000,387130000C,(04)23274275,(04)23288582,2025,2,22,7,26,臺中市,北區,0,1,0,7,2,6,50,4,9,1,5,4,6,6,1,1,5,5,5,2,14,3,10,5,4,B03,7,2,1,8,2,7,,49,49,1,13,4,120.686918,24.164866,2
8325,66000,387130000C,(04)23274275,(04)23288582,2025,2,22,7,30,臺中市,太平區,0,2,0,7,2,6,40,4,1,1,5,4,6,6,1,1,10,5,5,2,17,2,9,3,1,B03,7,9,1,8,2,1,,21,21,1,12,4,120.715286,24.108104,2
8326,66000,387130000C,(04)23274275,(04)23288582,2025,2,22,7,33,臺中市,西屯區,0,1,0,7,2,6,50,4,1,1,5,4,6,6,4,4,10,5,5,2,16,2,8,1,4,C03,7,6,1,8,2,11,12,14,14,1,12,4,120.650715,24.173647,2
8327,66000,387130000C,(04)23274275,(04)23288582,2025,2,22,7,35,臺中市,大雅區,0,0,0,7,,,50,,,,,,,,,,,,,,,,,,,C03,,,1,,1,,,7,7,1,12,4,120.646346,24.222602,3
8328,66000,387130000C,(04)23274275,(04)23288582,2025,2,22,7,36,臺中市,豐原區,0,1,0,7,2,6,50,4,1,1,5,4,6,6,2,1,1,2,4,1,16,3,10,3,1,B03,7,5,1,8,2,6,,20,20,1,12,4,120.747326,24.26968,2
8329,66000,387130000C,(04)23274275,(04)23288582,2025,2,22,7,39,臺中市,太平區,0,0,0,7,,,50,,,,,,,,,,,,,,12,,,,,C03,,,1,,2,,,84,84,1,12,4,120.710649,24.140682,3
8330,66000,387130000C,(04)23274275,(04)23288582,2025,2,22,7,40,臺中市,西屯區,0,0,0,7,,,30,,,,,,,,,,,,,,17,,,,,C03,,,1,,2,,,84,84,1,12,4,120.651677,24.171261,3
8331,66000,387130000C,(04)23274275,(04)23288582,2025,2,22,7,43,臺中市,潭子區,0,0,0,7,,,40,,,,,,,,,,,,,,,,,,,,,,,,,,,86,86,1,,,120.696276,24.195828,3
8332,66000,387130000C,(04)23274275,(04)23288582,2025,2,22,8,10,臺中市,北區,0,1,0,7,3,9,50,4,1,1,5,4,6,6,2,1,10,5,5,2,17,3,10,5,4,B12,7,5,1,8,2,2,,20,20,1,13,4,120.703886,24.159574,2
8333,66000,387130000C,(04)23274275,(04)23288582,2025,2,22,8,14,臺中市,太平區,0,0,0,7,,,50,,,,,,,,,,,,,,16,,,,,C03,,,1,,2,,,84,84,1,12,4,120.715121,24.138322,3
8334,66000,387130000C,(04)23274275,(04)23288582,2025,2,22,8,14,臺中市,豐原區,0,1,0,7,3,6,50,3,1,1,5,4,6,6,4,4,1,4,4,1,17,3,10,3,1,B03,7,5,1,8,2,6,,84,84,1,13,4,120.75364,24.27309,2
8335,66000,387130000C,(04)23274275,(04)23288582,2025,2,22,8,23,臺中市,北屯區,0,1,0,7,2,6,50,13,9,1,5,4,6,6,4,4,10,4,5,2,12,3,10,3,1,B03,7,9,1,8,2,2,,1,1,1,12,4,120.718163,24.188514,2
8336,66000,387130000C,(04)23274275,(04)23288582,2025,2,22,8,25,臺中市,東勢區,0,1,0,7,3,6,50,13,9,1,5,4,6,6,4,4,9,4,4,1,14,3,10,5,4,B03,7,2,1,8,2,7,,85,85,1,12,4,120.833907,24.248522,2
8337,66000,387130000C,(04)23274275,(04)23288582,2025,2,22,8,28,臺中市,外埔區,0,0,0,7,2,6,50,4,1,1,5,4,6,6,1,1,5,5,5,1,10,3,10,3,1,B03,7,6,1,8,2,1,,48,48,1,12,4,120.644886,24.331954,3
8338,66000,387130000C,(04)23274275,(04)23288582,2025,2,22,8,30,臺中市,東區,0,1,0,7,3,8,0,11,10,2,5,4,6,6,4,4,10,5,5,2,9,3,10,3,1,A02,7,9,1,1,1,16,,87,87,1,12,4,120.68744,24.138052,2
8339,66000,387130000C,(04)23274275,(04)23288582,2025,2,22,8,32,臺中市,沙鹿區,0,1,0,7,2,6,50,4,2,1,5,4,6,6,1,1,8,3,4,1,17,2,9,5,4,C03,7,9,1,10,2,11,,84,84,1,13,4,120.562002,24.237645,2
8340,66000,387130000C,(04)23274275,(04)23288582,2025,2,22,8,33,臺中市,北區,0,0,0,7,,,50,,,,,,,,,,,,,,17,,,,,B03,,,1,,1,,,84,84,1,13,4,120.686083,24.146765,3
8341,66000,387130000C,(04)23274275,(04)23288582,2025,2,22,8,34,臺中市,大安區,0,0,0,7,,,40,,,,,,,,,,,,,,,,,,,B12,,,1,,1,,,49,49,1,12,4,120.608876,24.3772,3
8342,66000,387130000C,(04)23274275,(04)23288582,2025,2,22,8,38,臺中市,南區,0,0,0,7,,,50,,,,,,,,,,,,,,17,,,,,C03,,,1,,2,,,59,59,1,13,4,120.660927,24.12337,3
8343,66000,387130000C,(04)23274275,(04)23288582,2025,2,22,8,42,臺中市,北區,0,1,0,7,3,6,50,13,7,1,5,4,6,6,1,1,3,4,4,2,17,3,10,5,4,C03,7,9,1,10,2,11,,59,59,1,13,4,120.698631,24.152297,2
8344,66000,387130000C,(04)23274275,(04)23288582,2025,2,22,8,45,臺中市,后里區,0,1,0,7,2,6,50,3,2,1,5,4,6,6,4,4,9,5,5,1,16,3,10,3,1,A42,7,1,1,1,2,2,,51,51,1,12,4,120.716644,24.285755,2
8345,66000,387130000C,(04)23274275,(04)23288582,2025,2,22,8,50,臺中市,北屯區,0,1,0,7,3,6,50,4,1,1,5,4,6,6,2,1,10,5,5,2,16,2,8,1,1,C03,7,6,1,10,2,13,,48,48,1,12,4,120.682195,24.183634,2
8346,66000,387130000C,(04)23274275,(04)23288582,2025,2,22,8,55,臺中市,西屯區,0,0,0,7,,,30,,,,,,,,,,,,,,12,,,,,B03,,,1,,1,,,8,8,1,12,4,120.640773,24.17155,3
8347,66000,387130000C,(04)23274275,(04)23288582,2025,2,22,8,56,臺中市,北屯區,0,1,0,7,3,6,80,13,7,1,5,4,6,6,4,4,1,5,5,1,13,3,10,3,1,B03,7,9,1,8,2,1,,59,59,1,6,4,120.68568,24.200946,2
8348,66000,387130000C,(04)23274275,(04)23288582,2025,2,22,8,56,臺中市,西屯區,0,1,0,7,2,6,40,3,1,1,5,4,6,6,4,4,10,5,5,2,12,3,10,2,1,C03,7,6,1,10,2,14,,7,7,1,12,4,120.648309,24.17487,2
8349,66000,387130000C,(04)23274275,(04)23288582,2025,2,22,8,57,臺中市,北屯區,0,2,0,7,2,6,80,13,9,1,5,4,6,6,4,4,1,4,5,1,13,3,10,3,1,A41,7,9,1,1,2,5,,7,7,1,6,4,120.690326,24.200964,2
8350,66000,387130000C,(04)23274275,(04)23288582,2025,2,22,8,57,臺中市,西屯區,0,0,0,7,2,6,30,13,9,1,5,4,6,6,4,4,10,5,5,2,12,3,10,3,4,B03,7,9,1,8,1,6,,8,8,1,12,4,120.619686,24.182679,3
8351,66000,387130000C,(04)23274275,(04)23288582,2025,2,22,8,58,臺中市,潭子區,0,4,0,7,3,6,30,3,1,1,5,4,6,6,4,4,10,5,5,1,17,2,8,2,1,C03,7,6,1,10,2,12,,14,14,1,13,4,120.725543,24.19956,2
8352,66000,387130000C,(04)23274275,(04)23288582,2025,2,22,8,58,臺中市,大肚區,0,1,0,7,2,6,50,3,1,1,5,4,6,6,2,1,10,5,5,2,16,3,10,3,1,B12,7,5,1,8,2,5,,11,11,1,6,4,120.567032,24.122399,2
8353,66000,387130000C,(04)23274275,(04)23288582,2025,2,22,9,6,臺中市,霧峰區,0,0,0,7,,,40,,,,,,,,,,,,,,17,,,,,B03,,,1,,2,,,84,84,1,12,4,120.699068,24.066473,3
8354,66000,387130000C,(04)23274275,(04)23288582,2025,2,22,9,12,臺中市,后里區,0,1,0,7,2,6,50,13,9,1,5,4,6,6,4,4,5,5,5,1,11,3,10,3,1,B12,7,4,1,8,2,8,,1,1,1,12,4,120.729169,24.309189,2
8355,66000,387130000C,(04)23274275,(04)23288582,2025,2,22,9,18,臺中市,豐原區,0,0,0,7,,,30,,,,,,,,,,,,,,12,,,,,B03,,,1,,1,,,2,2,1,13,4,120.722706,24.254642,3
8356,66000,387130000C,(04)23274275,(04)23288582,2025,2,22,9,20,臺中市,豐原區,0,0,0,7,,,50,,,,,,,,,,,,,,17,,,,,B03,,,1,,1,,,84,84,1,6,4,120.752171,24.271583,3
8357,66000,387130000C,(04)23274275,(04)23288582,2025,2,22,9,21,臺中市,大甲區,0,1,0,7,2,6,40,13,9,1,5,4,6,6,4,4,8,3,5,1,12,3,10,3,1,B12,7,8,1,8,2,8,,40,40,1,12,4,120.623784,24.341208,2
8358,66000,387130000C,(04)23274275,(04)23288582,2025,2,22,9,23,臺中市,潭子區,0,2,0,7,3,6,50,3,1,1,5,4,6,6,4,4,5,4,4,2,17,2,7,2,1,C04,7,6,1,10,2,12,,84,84,1,13,4,120.703483,24.210819,2
8359,66000,387130000C,(04)23274275,(04)23288582,2025,2,22,9,23,臺中市,沙鹿區,0,2,0,7,2,6,50,3,1,1,5,4,6,6,4,4,9,5,5,2,17,2,9,1,1,C03,7,6,1,10,2,12,,14,14,1,13,4,120.610814,24.242826,2
8360,66000,387130000C,(04)23274275,(04)23288582,2025,2,22,9,25,臺中市,北區,0,0,0,7,,,50,,,,,,,,,,,,,,14,,,,,B03,,,1,,2,,,49,49,1,13,4,120.691634,24.157842,3