序號,縣市別代碼,機關代碼,市話,傳真,年,月,日,時,分,縣市,區,死亡數量,受傷數量,2-30,天候,道路照明設備,道路類別,道路速限,道路型態,事故位置,路面鋪裝,路面狀態,路面缺陷,障礙物,視距,號誌種類,號誌動作,分向設施,快車道或一般車道間,快慢車道間,路面邊線,事故類型及型態,受傷程度,主要傷處,保護裝備,行動電話或功能裝置,當事者區分(類別),車輛用途,當事者行動狀態,駕照狀態,駕照種類,飲酒情形,車輛撞擊部位最初,車輛撞擊部位其他,肇事因素個別,肇事因素主要,肇事逃逸,職業,共享經濟或外送平台,GPS座標X,GPS座標Y,事故類別
8471,66000,387130000C,(04)23274275,(04)23288582,2025,2,22,12,52,臺中市,西屯區,0,0,0,7,,,50,,,,,,,,,,,,,,12,,,,,B03,,,1,,1,,,84,84,1,12,4,120.645191,24.162759,3
8472,66000,387130000C,(04)23274275,(04)23288582,2025,2,22,12,54,臺中市,東區,0,0,0,7,,,50,,,,,,,,,,,,,,17,,,,,B03,,,1,,2,,,11,11,1,13,4,120.692441,24.140098,3
8473,66000,387130000C,(04)23274275,(04)23288582,2025,2,22,12,55,臺中市,南區,0,1,0,7,2,6,50,3,1,1,5,4,6,6,4,4,3,4,5,2,17,3,10,1,1,C03,7,5,1,10,2,16,,47,47,1,12,4,120.658366,24.118129,2
8474,66000,387130000C,(04)23274275,(04)23288582,2025,2,22,12,55,臺中市,南屯區,0,0,0,7,,,50,,,,,,,,,,,,,,,,,,,B12,,,1,,1,,,49,49,1,6,4,120.640722,24.149881,3
8475,66000,387130000C,(04)23274275,(04)23288582,2025,2,22,12,58,臺中市,南區,0,1,0,7,3,6,50,4,4,1,5,4,6,6,1,1,10,5,5,2,13,3,10,3,1,B03,7,9,1,8,2,5,,59,59,1,13,4,120.65347,24.122808,2
8476,66000,387130000C,(04)23274275,(04)23288582,2025,2,22,12,58,臺中市,大里區,0,0,0,7,,,50,,,,,,,,,,,,,,16,,,,,C03,,,1,,2,,,48,48,1,12,4,120.700233,24.109822,3
8477,66000,387130000C,(04)23274275,(04)23288582,2025,2,22,13,0,臺中市,沙鹿區,0,1,0,7,2,6,50,13,9,1,5,4,6,6,4,4,5,5,5,1,3,2,8,6,5,H01,8,20,7,21,10,17,,95,95,1,1,5,120.569261,24.241418,2
8478,66000,387130000C,(04)23274275,(04)23288582,2025,2,22,13,1,臺中市,北屯區,0,0,0,7,,,50,,,,,,,,,,,,,,17,,,,,B03,,,1,,2,,,84,84,1,12,4,120.666828,24.187053,3
8479,66000,387130000C,(04)23274275,(04)23288582,2025,2,22,13,2,臺中市,西區,0,1,0,7,1,6,30,4,1,1,5,4,6,6,4,4,10,5,5,1,17,2,9,5,4,C03,7,9,1,10,2,11,,12,12,1,12,4,120.656817,24.154677,2
8480,66000,387130000C,(04)23274275,(04)23288582,2025,2,22,13,3,臺中市,南屯區,0,0,0,7,,,40,,,,,,,,,,,,,,13,,,,,B01,,,1,,2,,,85,85,1,12,4,120.623033,24.140267,3
8481,66000,387130000C,(04)23274275,(04)23288582,2025,2,22,13,15,臺中市,北區,0,1,0,7,2,6,50,18,9,1,5,4,6,6,4,4,5,5,5,2,6,2,9,6,5,H01,8,18,7,21,10,17,,109,109,1,13,5,120.674614,24.144172,2
8482,66000,387130000C,(04)23274275,(04)23288582,2025,2,22,13,15,臺中市,后里區,0,1,0,7,3,6,50,13,7,1,5,4,6,6,2,1,1,4,4,1,13,2,9,1,1,C03,7,14,1,10,2,11,,59,59,1,6,4,120.72321,24.312369,2
8483,66000,387130000C,(04)23274275,(04)23288582,2025,2,22,13,18,臺中市,北區,0,1,0,7,3,9,50,5,1,1,5,4,6,6,2,1,10,5,5,2,17,3,10,5,4,B03,7,5,1,8,2,6,,11,11,1,13,4,120.687956,24.15399,2
8484,66000,387130000C,(04)23274275,(04)23288582,2025,2,22,13,22,臺中市,豐原區,0,0,0,7,,,50,,,,,,,,,,,,,,13,,,,,B12,,,1,,2,,,7,7,1,6,4,120.718362,24.243604,3
8485,66000,387130000C,(04)23274275,(04)23288582,2025,2,22,13,24,臺中市,北屯區,0,0,0,7,,,50,,,,,,,,,,,,,,13,,,,,B03,,,1,,1,,,59,59,1,6,4,120.740348,24.1792,3
8486,66000,387130000C,(04)23274275,(04)23288582,2025,2,22,13,25,臺中市,南區,0,0,0,7,,,50,,,,,,,,,,,,,,13,,,,,C03,,,1,,2,,,7,7,1,12,4,120.679176,24.12695,3
8487,66000,387130000C,(04)23274275,(04)23288582,2025,2,22,13,30,臺中市,大肚區,0,0,0,7,,,30,,,,,,,,,,,,,,,,,,,B03,,,1,,2,,,84,84,1,6,4,120.577775,24.119107,3
8488,66000,387130000C,(04)23274275,(04)23288582,2025,2,22,13,30,臺中市,梧棲區,0,0,0,7,,,50,,,,,,,,,,,,,,23,,,,,B03,,,1,,1,,,56,56,1,6,4,120.532269,24.260388,3
8489,66000,387130000C,(04)23274275,(04)23288582,2025,2,22,13,34,臺中市,潭子區,0,0,0,7,,,60,,,,,,,,,,,,,,,,,,,B03,,,1,,2,,,39,39,1,13,4,120.703479,24.200691,3
8490,66000,387130000C,(04)23274275,(04)23288582,2025,2,22,13,40,臺中市,大雅區,0,1,0,7,3,6,30,4,1,1,5,4,6,6,3,1,10,5,5,1,15,3,10,3,1,B03,7,9,1,8,2,4,,12,12,1,13,4,120.662872,24.221602,2
8491,66000,387130000C,(04)23274275,(04)23288582,2025,2,22,13,50,臺中市,西屯區,0,1,0,7,2,6,40,13,9,1,5,4,6,6,4,4,10,5,5,2,13,2,9,2,1,C03,7,9,1,10,2,11,,7,7,1,12,4,120.635137,24.19191,2
8492,66000,387130000C,(04)23274275,(04)23288582,2025,2,22,13,51,臺中市,北屯區,0,0,0,7,,,50,,,,,,,,,,,,,,12,,,,,B03,,,1,,1,,,51,51,1,6,4,120.661634,24.193137,3
8493,66000,387130000C,(04)23274275,(04)23288582,2025,2,22,13,51,臺中市,西屯區,0,0,0,7,2,6,50,3,2,1,5,4,6,6,4,4,4,1,5,2,12,3,10,2,4,C03,7,9,1,10,2,11,,7,7,1,12,4,120.657756,24.160339,3
8494,66000,387130000C,(04)23274275,(04)23288582,2025,2,22,13,52,臺中市,北區,0,0,0,7,,,50,,,,,,,,,,,,,,17,,,,,B03,,,1,,2,,,40,40,1,13,4,120.667809,24.163055,3
8495,66000,387130000C,(04)23274275,(04)23288582,2025,2,22,13,58,臺中市,北屯區,0,0,0,7,,,50,,,,,,,,,,,,,,13,,,,,B03,,,1,,1,,,56,56,1,12,4,120.702627,24.186477,3
8496,66000,387130000C,(04)23274275,(04)23288582,2025,2,22,14,4,臺中市,北屯區,0,0,0,7,,,50,,,,,,,,,,,,,,,,,,,B03,,,1,,9,,,49,49,1,13,4,120.72971,24.171083,3
8497,66000,387130000C,(04)23274275,(04)23288582,2025,2,22,14,5,臺中市,西屯區,0,0,0,7,,,50,,,,,,,,,,,,,,13,,,,,B03,,,1,,2,,,84,84,1,13,4,120.634976,24.182165,3
8498,66000,387130000C,(04)23274275,(04)23288582,2025,2,22,14,9,臺中市,豐原區,0,0,0,7,,,50,,,,,,,,,,,,,,13,,,,,B03,,,1,,2,,,59,59,1,12,4,120.710839,24.250332,3
8499,66000,387130000C,(04)23274275,(04)23288582,2025,2,22,14,12,臺中市,豐原區,0,2,0,7,3,6,50,13,8,1,5,4,6,6,4,4,1,4,4,1,17,2,9,2,1,C03,7,9,1,10,2,11,,7,7,1,13,4,120.756188,24.275204,2
8500,66000,387130000C,(04)23274275,(04)23288582,2025,2,22,14,13,臺中市,西屯區,0,0,0,7,,,30,,,,,,,,,,,,,,10,,,,,B12,,,1,,1,,,41,41,1,6,4,120.640769,24.168999,3
8501,66000,387130000C,(04)23274275,(04)23288582,2025,2,22,14,21,臺中市,南屯區,0,0,0,7,,,0,,,,,,,,,,,,,,,,,,,B03,,,1,,2,,,40,40,1,13,4,120.63655,24.154312,3
8502,66000,387130000C,(04)23274275,(04)23288582,2025,2,22,14,24,臺中市,西屯區,0,1,0,7,2,6,40,4,9,1,5,4,6,6,3,1,9,5,5,2,16,3,10,3,1,B03,7,6,1,8,2,5,,48,48,1,12,4,120.64821,24.181938,2
8503,66000,387130000C,(04)23274275,(04)23288582,2025,2,22,14,26,臺中市,南屯區,0,0,0,7,,,50,,,,,,,,,,,,,,,,,,,B12,,,1,,2,,,49,49,1,13,4,120.632976,24.158368,3
8504,66000,387130000C,(04)23274275,(04)23288582,2025,2,22,14,36,臺中市,北屯區,0,0,0,7,,,50,,,,,,,,,,,,,,9,,,,,B03,,,1,16,2,,,8,8,1,12,4,120.664063,24.185579,3
8505,66000,387130000C,(04)23274275,(04)23288582,2025,2,22,14,37,臺中市,南屯區,0,1,0,7,2,6,50,3,1,1,5,4,6,6,4,4,10,5,5,2,17,3,10,3,1,B03,7,6,1,8,2,1,,84,84,1,12,4,120.642674,24.153675,2
8506,66000,387130000C,(04)23274275,(04)23288582,2025,2,22,14,40,臺中市,東勢區,0,2,0,7,2,6,50,3,1,1,5,4,6,6,1,1,8,4,5,1,21,2,9,3,1,B03,7,9,1,8,2,1,,59,59,1,12,4,120.839818,24.202846,2
8507,66000,387130000C,(04)23274275,(04)23288582,2025,2,22,14,41,臺中市,東區,0,1,0,7,2,6,50,13,7,1,5,4,6,6,4,4,5,3,4,2,13,2,9,1,1,C03,7,9,1,10,2,11,,7,7,1,13,4,120.707017,24.148788,2
8508,66000,387130000C,(04)23274275,(04)23288582,2025,2,22,14,42,臺中市,潭子區,0,1,0,7,3,6,60,3,2,1,5,4,6,6,1,1,1,4,4,1,13,2,8,2,1,C03,7,9,1,10,2,11,,7,7,1,13,4,120.702633,24.196934,2
8509,66000,387130000C,(04)23274275,(04)23288582,2025,2,22,14,43,臺中市,大里區,0,1,0,7,3,6,50,3,2,1,5,4,6,6,4,4,5,5,5,1,13,2,9,1,1,C03,7,9,1,10,2,11,,7,7,1,12,4,120.693652,24.090641,2
8510,66000,387130000C,(04)23274275,(04)23288582,2025,2,22,14,49,臺中市,北區,0,1,0,7,2,6,50,3,1,1,5,4,6,6,4,4,10,5,5,2,13,3,10,3,1,B03,7,9,1,8,2,1,,59,59,1,12,4,120.67502,24.149051,2
8511,66000,387130000C,(04)23274275,(04)23288582,2025,2,22,14,49,臺中市,大里區,0,1,0,7,2,6,50,4,1,1,5,4,6,6,2,1,5,4,4,1,16,2,9,1,1,C03,7,9,1,10,2,14,12,58,58,1,6,4,120.67514,24.103085,2
8512,66000,387130000C,(04)23274275,(04)23288582,2025,2,22,14,52,臺中市,南屯區,0,0,0,7,,,40,,,,,,,,,,,,,,17,,,,,B03,,,1,,2,,,84,84,1,13,4,120.639919,24.139749,3
8513,66000,387130000C,(04)23274275,(04)23288582,2025,2,22,14,52,臺中市,烏日區,0,0,0,7,,,80,,,,,,,,,,,,,,17,,,,,A41,,,1,,2,,,84,84,1,6,4,120.616521,24.107356,3
8514,66000,387130000C,(04)23274275,(04)23288582,2025,2,22,14,55,臺中市,大里區,0,1,0,7,2,6,30,13,9,1,5,4,6,6,4,4,10,5,5,2,18,2,9,1,1,C03,7,9,1,10,2,14,,84,84,1,12,4,120.688328,24.109282,2
8515,66000,387130000C,(04)23274275,(04)23288582,2025,2,22,14,56,臺中市,南屯區,0,0,0,7,,,50,,,,,,,,,,,,,,17,,,,,,,,,,,,,116,116,1,,,120.62482,24.148849,3
8516,66000,387130000C,(04)23274275,(04)23288582,2025,2,22,14,58,臺中市,沙鹿區,0,1,0,7,3,6,30,4,1,1,5,4,6,6,3,1,10,5,5,2,17,3,10,3,1,B03,7,9,1,8,11,16,,24,24,1,6,4,120.564279,24.236543,2
8517,66000,387130000C,(04)23274275,(04)23288582,2025,2,22,15,0,臺中市,西屯區,0,0,0,7,,,50,,,,,,,,,,,,,,13,,,,,B03,,,1,,1,,,7,7,1,13,4,120.64976,24.175268,3
8518,66000,387130000C,(04)23274275,(04)23288582,2025,2,22,15,0,臺中市,烏日區,0,0,0,7,,,50,,,,,,,,,,,,,,17,,,,,A11,,,1,,2,,,50,50,1,12,4,120.646232,24.110101,3
8519,66000,387130000C,(04)23274275,(04)23288582,2025,2,22,15,0,臺中市,豐原區,0,0,0,7,,,50,,,,,,,,,,,,,,13,,,,,B03,,,1,,1,,,59,59,1,13,4,120.709419,24.250543,3
8520,66000,387130000C,(04)23274275,(04)23288582,2025,2,22,15,2,臺中市,西區,0,0,0,7,,,50,,,,,,,,,,,,,,12,,,,,C03,,,1,,11,,,51,51,2,13,4,120.662681,24.151904,3
8521,66000,387130000C,(04)23274275,(04)23288582,2025,2,22,15,4,臺中市,西區,0,0,0,7,,,50,,,,,,,,,,,,,,,,,,,B03,,,1,,2,,,84,84,1,12,4,120.655327,24.135332,3
8522,66000,387130000C,(04)23274275,(04)23288582,2025,2,22,15,6,臺中市,北屯區,0,0,0,7,,,50,,,,,,,,,,,,,,15,,,,,B03,,,1,,1,,,84,84,1,12,4,120.731816,24.177157,3
8523,66000,387130000C,(04)23274275,(04)23288582,2025,2,22,15,9,臺中市,南區,0,0,0,7,,,50,,,,,,,,,,,,,,,,,,,C03,,,1,,1,,,49,49,1,12,4,120.679394,24.122376,3
8524,66000,387130000C,(04)23274275,(04)23288582,2025,2,22,15,20,臺中市,西區,0,0,0,7,,,50,,,,,,,,,,,,,,,,,,,,,,,,,,,118,118,1,,,120.664979,24.139162,3
8525,66000,387130000C,(04)23274275,(04)23288582,2025,2,22,15,20,臺中市,南區,0,0,0,7,,,50,,,,,,,,,,,,,,17,,,,,B03,,,1,,2,,,84,84,1,12,4,120.663782,24.119351,3
8526,66000,387130000C,(04)23274275,(04)23288582,2025,2,22,15,26,臺中市,南區,0,1,0,7,2,6,50,4,1,1,5,4,6,6,1,1,10,5,5,2,15,3,10,3,1,B03,7,9,1,8,2,8,,21,21,1,12,4,120.683705,24.130371,2
8527,66000,387130000C,(04)23274275,(04)23288582,2025,2,22,15,28,臺中市,北屯區,0,0,0,7,,,50,,,,,,,,,,,,,,17,,,,,,,,,,,,,119,119,1,,,120.72907,24.176649,3
8528,66000,387130000C,(04)23274275,(04)23288582,2025,2,22,15,28,臺中市,太平區,0,2,0,7,3,6,40,11,9,1,5,4,6,6,4,4,4,5,5,1,17,2,9,2,1,C03,7,9,1,10,2,14,,84,84,1,6,4,120.817328,24.088979,2
8529,66000,387130000C,(04)23274275,(04)23288582,2025,2,22,15,29,臺中市,大甲區,0,0,0,7,,,90,,,,,,,,,,,,,,,,,,,B03,,,1,,2,,,6,6,1,12,4,120.620266,24.423726,3
8530,66000,387130000C,(04)23274275,(04)23288582,2025,2,22,15,29,臺中市,新社區,0,1,0,7,2,6,50,13,9,1,5,4,6,6,4,4,10,5,5,1,21,2,9,1,1,C03,7,9,1,10,2,11,,54,54,1,12,4,120.802858,24.205973,2
8531,66000,387130000C,(04)23274275,(04)23288582,2025,2,22,15,30,臺中市,南屯區,0,0,0,7,3,6,50,13,23,1,5,4,6,6,4,4,5,,5,2,17,,,,,B03,,,1,,1,,,50,50,1,12,4,120.650156,24.140928,3
8532,66000,387130000C,(04)23274275,(04)23288582,2025,2,22,15,32,臺中市,梧棲區,0,1,0,7,2,6,30,13,9,1,5,4,6,6,4,4,10,5,5,1,13,2,8,2,1,C03,7,9,1,10,2,11,,7,7,1,6,4,120.545927,24.23271,2
8533,66000,387130000C,(04)23274275,(04)23288582,2025,2,22,15,39,臺中市,北區,0,0,0,7,,,40,,,,,,,,,,,,,,,,,,,B03,,,1,,2,,,51,51,1,13,4,120.687916,24.163084,3
8534,66000,387130000C,(04)23274275,(04)23288582,2025,2,22,15,43,臺中市,大甲區,0,0,0,7,,,90,,,,,,,,,,,,,,,,,,,B02,,,1,,2,,,6,6,1,12,4,120.617182,24.413522,3
8535,66000,387130000C,(04)23274275,(04)23288582,2025,2,22,15,45,臺中市,北區,0,0,0,7,,,30,,,,,,,,,,,,,,17,,,,,B02,,,1,,2,,,58,58,1,12,4,120.667685,24.170389,3
8536,66000,387130000C,(04)23274275,(04)23288582,2025,2,22,15,50,臺中市,清水區,0,1,0,7,3,6,50,13,9,1,5,4,6,6,4,4,5,5,5,1,17,3,10,3,1,B03,7,4,1,8,5,4,,84,84,1,12,4,120.550601,24.279318,2
8537,66000,387130000C,(04)23274275,(04)23288582,2025,2,22,15,51,臺中市,大肚區,0,1,0,6,1,6,50,13,9,1,5,4,6,6,4,4,9,4,5,1,16,3,10,3,1,B03,7,1,1,8,2,4,,51,51,1,6,4,120.577297,24.16966,2
8538,66000,387130000C,(04)23274275,(04)23288582,2025,2,22,15,52,臺中市,大里區,0,0,0,7,2,6,30,4,1,1,5,4,6,6,4,4,10,5,5,2,15,,,,,C03,,,1,,2,,,15,15,1,6,4,120.701292,24.088112,3
8539,66000,387130000C,(04)23274275,(04)23288582,2025,2,22,15,59,臺中市,豐原區,0,0,0,7,,,50,,,,,,,,,,,,,,10,,,,,B03,,,1,,2,,,4,4,1,12,4,120.727102,24.225836,3
8540,66000,387130000C,(04)23274275,(04)23288582,2025,2,22,16,2,臺中市,北區,0,0,0,7,,,50,,,,,,,,,,,,,,17,,,,,B03,,,1,,9,,,85,85,1,13,4,120.683518,24.153831,3
8541,66000,387130000C,(04)23274275,(04)23288582,2025,2,22,16,2,臺中市,南屯區,0,0,0,7,,,50,,,,,,,,,,,,,,,,,,,B03,,,1,,1,,,84,84,1,13,4,120.642163,24.146617,3
8542,66000,387130000C,(04)23274275,(04)23288582,2025,2,22,16,3,臺中市,南屯區,0,0,0,7,,,50,,,,,,,,,,,,,,,,,,,B03,,,1,,1,,,50,50,1,12,4,120.64655,24.133376,3
8543,66000,387130000C,(04)23274275,(04)23288582,2025,2,22,16,11,臺中市,北區,0,0,0,7,,,50,,,,,,,,,,,,,,17,,,,,B03,,,1,,1,,,35,35,1,13,4,120.684988,24.161402,3
8544,66000,387130000C,(04)23274275,(04)23288582,2025,2,22,16,12,臺中市,龍井區,0,1,0,7,2,6,30,4,1,1,5,4,6,3,4,4,10,5,5,2,15,3,10,3,1,B03,7,9,1,8,2,5,,15,15,1,6,4,120.590216,24.1894,2
8545,66000,387130000C,(04)23274275,(04)23288582,2025,2,22,16,12,臺中市,清水區,0,1,0,7,3,6,50,3,1,1,5,4,6,6,4,4,5,5,5,1,16,3,10,3,1,B03,7,5,1,8,2,5,,14,14,1,12,4,120.563824,24.29351,2
8546,66000,387130000C,(04)23274275,(04)23288582,2025,2,22,16,15,臺中市,清水區,0,2,0,7,3,6,50,3,1,1,5,4,6,6,3,1,1,4,4,2,16,2,5,2,1,C03,7,6,1,10,2,11,,11,11,1,12,4,120.577295,24.2737,2
8547,66000,387130000C,(04)23274275,(04)23288582,2025,2,22,16,18,臺中市,西區,0,0,0,7,,,50,,,,,,,,,,,,,,,,,,,B03,,,1,,1,,,87,87,1,12,4,120.667758,24.139484,3
8548,66000,387130000C,(04)23274275,(04)23288582,2025,2,22,16,18,臺中市,北區,0,0,0,7,,,30,,,,,,,,,,,,,,,,,,,C03,,,1,,2,,,8,8,1,13,4,120.684966,24.151534,3
8549,66000,387130000C,(04)23274275,(04)23288582,2025,2,22,16,20,臺中市,西屯區,0,1,0,7,3,6,50,3,2,1,5,4,6,6,4,4,10,5,5,2,17,2,8,1,1,C03,7,9,1,10,2,11,,59,59,1,12,2,120.658253,24.167357,2
8550,66000,387130000C,(04)23274275,(04)23288582,2025,2,22,16,27,臺中市,大雅區,0,3,0,7,1,6,0,13,14,1,5,4,6,6,4,4,9,5,5,1,30,2,9,2,1,C03,7,9,1,10,2,12,,84,84,1,13,4,120.671934,24.228222,2
8551,66000,387130000C,(04)23274275,(04)23288582,2025,2,22,16,28,臺中市,潭子區,0,1,0,6,3,6,40,3,9,1,5,4,6,6,4,4,10,5,5,1,11,2,9,2,1,C03,7,5,3,19,2,14,,59,59,1,13,4,120.727915,24.202604,2
8552,66000,387130000C,(04)23274275,(04)23288582,2025,2,22,16,31,臺中市,西屯區,0,1,0,7,2,6,40,3,1,1,5,4,6,6,4,4,5,4,4,2,16,2,9,5,4,C03,7,6,1,10,2,11,,48,48,1,12,4,120.650415,24.175912,2
8553,66000,387130000C,(04)23274275,(04)23288582,2025,2,22,16,35,臺中市,北區,0,0,0,7,,,30,,,,,,,,,,,,,,17,,,,,B03,,,1,,2,,,59,59,1,13,4,120.686077,24.162116,3
8554,66000,387130000C,(04)23274275,(04)23288582,2025,2,22,16,36,臺中市,北屯區,0,0,0,7,,,50,,,,,,,,,,,,,,,,,,,B03,,,1,,1,,,84,84,1,12,4,120.710078,24.181246,3
8555,66000,387130000C,(04)23274275,(04)23288582,2025,2,22,16,37,臺中市,北屯區,0,1,0,7,2,6,40,4,2,1,5,4,6,6,2,1,10,5,5,2,18,2,9,2,1,C03,7,9,1,10,2,12,,58,58,1,12,4,120.694493,24.186868,2
8556,66000,387130000C,(04)23274275,(04)23288582,2025,2,22,16,41,臺中市,西屯區,0,0,0,7,,,50,,,,,,,,,,,,,,16,,,,,B03,,,1,,1,,,8,8,1,13,4,120.622131,24.186138,3
8557,66000,387130000C,(04)23274275,(04)23288582,2025,2,22,16,50,臺中市,梧棲區,0,1,0,7,2,6,50,4,1,1,5,4,6,6,1,1,10,5,5,2,17,3,10,3,1,B03,7,5,1,8,2,1,,22,22,1,12,4,120.529872,24.253954,2
8558,66000,387130000C,(04)23274275,(04)23288582,2025,2,22,16,52,臺中市,東區,0,2,0,7,3,6,50,4,1,1,5,4,6,6,1,1,5,4,4,2,12,2,9,2,1,C03,7,7,1,10,2,12,,40,40,1,13,4,120.705414,24.137593,2
8559,66000,387130000C,(04)23274275,(04)23288582,2025,2,22,16,55,臺中市,太平區,0,0,0,7,,,50,,,,,,,,,,,,,,13,,,,,C03,,,1,,2,,,7,7,1,12,4,120.734296,24.143958,3
8560,66000,387130000C,(04)23274275,(04)23288582,2025,2,22,16,56,臺中市,大里區,0,0,0,7,,,80,,,,,,,,,,,,,,,,,,,B02,,,1,,2,,,40,40,1,12,4,120.690704,24.098029,3
8561,66000,387130000C,(04)23274275,(04)23288582,2025,2,22,16,59,臺中市,大里區,0,1,0,7,3,6,40,4,1,1,5,4,6,6,2,1,3,4,3,1,16,3,10,5,4,B03,7,5,1,8,2,6,,38,38,1,13,4,120.687891,24.094591,2
8562,66000,387130000C,(04)23274275,(04)23288582,2025,2,22,17,0,臺中市,北屯區,0,0,0,7,,,50,,,,,,,,,,,,,,13,,,,,B03,,,1,,2,,,84,84,1,6,4,120.707547,24.18655,3
8563,66000,387130000C,(04)23274275,(04)23288582,2025,2,22,17,0,臺中市,西屯區,0,1,0,7,1,6,50,13,9,1,5,4,6,6,1,1,7,5,5,2,11,2,7,2,1,C03,7,14,1,10,2,14,,82,82,1,12,4,120.66722,24.173455,2
8564,66000,387130000C,(04)23274275,(04)23288582,2025,2,22,17,3,臺中市,西區,0,0,0,7,,,50,,,,,,,,,,,,,,2,,,,,C03,,,1,,1,,,8,8,1,13,4,120.656643,24.156329,3
8565,66000,387130000C,(04)23274275,(04)23288582,2025,2,22,17,5,臺中市,梧棲區,0,0,0,7,,,50,,,,,,,,,,,,,,16,,,,,B03,,,1,,1,,,39,39,1,6,4,120.533241,24.245113,3
8566,66000,387130000C,(04)23274275,(04)23288582,2025,2,22,17,9,臺中市,西屯區,0,2,0,7,1,6,50,13,9,1,5,4,6,6,4,4,5,4,5,2,17,3,10,5,4,B03,7,14,1,8,2,4,,76,76,1,13,4,120.642135,24.169366,2
8567,66000,387130000C,(04)23274275,(04)23288582,2025,2,22,17,10,臺中市,南區,0,2,0,7,1,8,50,13,13,1,5,4,6,6,4,4,9,4,5,2,12,2,9,1,1,F01,7,9,7,21,2,12,14,7,7,1,12,4,120.652498,24.122127,2
8568,66000,387130000C,(04)23274275,(04)23288582,2025,2,22,17,11,臺中市,石岡區,0,0,0,7,,,70,,,,,,,,,,,,,,,,,,,A11,,,1,,2,,,7,7,1,12,4,120.772886,24.274957,3
8569,66000,387130000C,(04)23274275,(04)23288582,2025,2,22,17,14,臺中市,西區,0,2,0,7,2,6,40,5,2,1,5,4,6,6,2,1,10,5,5,2,12,2,9,2,1,C03,7,9,1,10,2,11,14,84,84,1,12,4,120.665839,24.135245,2
8570,66000,387130000C,(04)23274275,(04)23288582,2025,2,22,17,14,臺中市,北屯區,0,2,0,7,2,6,50,3,1,1,5,4,6,6,1,1,10,5,5,2,17,2,9,1,1,C03,7,9,3,19,2,11,,21,21,1,12,4,120.714938,24.182173,2
8571,66000,387130000C,(04)23274275,(04)23288582,2025,2,22,17,15,臺中市,東區,0,0,0,7,,,50,,,,,,,,,,,,,,13,,,,,B03,,,1,,1,,,84,84,1,12,4,120.70736,24.136465,3
8572,66000,387130000C,(04)23274275,(04)23288582,2025,2,22,17,20,臺中市,西屯區,0,2,0,7,2,6,40,13,8,1,5,4,6,6,4,4,1,4,1,2,9,2,9,2,1,C03,7,9,1,10,2,11,,7,7,1,12,4,120.648152,24.163883,2
8573,66000,387130000C,(04)23274275,(04)23288582,2025,2,22,17,23,臺中市,北屯區,0,0,0,7,,,50,,,,,,,,,,,,,,,,,,,C03,,,1,,1,,,85,85,1,12,4,120.694698,24.174431,3
8574,66000,387130000C,(04)23274275,(04)23288582,2025,2,22,17,24,臺中市,西區,0,0,0,7,,,50,,,,,,,,,,,,,,17,,,,,B03,,,1,,2,,,84,84,1,12,4,120.65769,24.1478,3
8575,66000,387130000C,(04)23274275,(04)23288582,2025,2,22,17,24,臺中市,西屯區,0,1,0,6,2,6,30,4,1,1,5,4,6,6,1,1,10,5,5,2,13,3,10,5,4,B03,7,6,1,8,1,8,,7,7,1,12,4,120.642519,24.181538,2
8576,66000,387130000C,(04)23274275,(04)23288582,2025,2,22,17,25,臺中市,大里區,0,0,0,7,,,50,,,,,,,,,,,,,,17,,,,,B03,,,1,,2,,,59,59,1,12,4,120.698127,24.094549,3
8577,66000,387130000C,(04)23274275,(04)23288582,2025,2,22,17,30,臺中市,潭子區,0,0,0,7,,,50,,,,,,,,,,,,,,,,,,,B03,,,1,,2,,,40,40,1,13,4,120.703923,24.201065,3
8578,66000,387130000C,(04)23274275,(04)23288582,2025,2,22,17,30,臺中市,太平區,0,0,0,7,,,50,,,,,,,,,,,,,,17,,,,,C03,,,1,,2,,,50,50,1,13,4,120.72008,24.156457,3
8579,66000,387130000C,(04)23274275,(04)23288582,2025,2,22,17,33,臺中市,烏日區,0,0,0,7,,,50,,,,,,,,,,,,,,13,,,,,B01,,,1,,1,,,59,59,1,13,4,120.602052,24.107093,3
8580,66000,387130000C,(04)23274275,(04)23288582,2025,2,22,17,34,臺中市,北區,0,1,0,7,3,6,50,3,1,1,5,4,6,6,4,4,3,5,5,2,16,3,10,3,1,B03,7,5,1,8,2,6,,20,20,1,12,4,120.673562,24.163087,2
8581,66000,387130000C,(04)23274275,(04)23288582,2025,2,22,17,38,臺中市,西屯區,0,0,0,7,,,40,,,,,,,,,,,,,,16,,,,,B03,,,1,,1,,,45,45,1,12,4,120.656624,24.195516,3
8582,66000,387130000C,(04)23274275,(04)23288582,2025,2,22,17,38,臺中市,太平區,0,0,0,7,,,40,,,,,,,,,,,,,,,,,,,B03,,,1,,2,,,49,49,1,12,4,120.73419,24.144919,3
8583,66000,387130000C,(04)23274275,(04)23288582,2025,2,22,17,39,臺中市,西屯區,0,0,0,7,,,80,,,,,,,,,,,,,,13,,,,,B03,,,1,,1,,,7,7,1,12,4,120.654321,24.199264,3