序號,縣市別代碼,機關代碼,市話,傳真,年,月,日,時,分,縣市,區,死亡數量,受傷數量,2-30,天候,道路照明設備,道路類別,道路速限,道路型態,事故位置,路面鋪裝,路面狀態,路面缺陷,障礙物,視距,號誌種類,號誌動作,分向設施,快車道或一般車道間,快慢車道間,路面邊線,事故類型及型態,受傷程度,主要傷處,保護裝備,行動電話或功能裝置,當事者區分(類別),車輛用途,當事者行動狀態,駕照狀態,駕照種類,飲酒情形,車輛撞擊部位最初,車輛撞擊部位其他,肇事因素個別,肇事因素主要,肇事逃逸,職業,共享經濟或外送平台,GPS座標X,GPS座標Y,事故類別
8584,66000,387130000C,(04)23274275,(04)23288582,2025,2,22,17,41,臺中市,北區,0,1,0,7,1,6,50,3,1,1,5,4,6,6,1,1,5,4,5,2,17,3,10,5,1,C03,7,6,1,10,2,14,,48,48,1,13,4,120.683625,24.142999,2
8585,66000,387130000C,(04)23274275,(04)23288582,2025,2,22,17,43,臺中市,南屯區,0,0,0,7,,,30,,,,,,,,,,,,,,12,,,,,B02,,,1,,9,,,8,8,1,12,4,120.632106,24.118155,4
8586,66000,387130000C,(04)23274275,(04)23288582,2025,2,22,17,45,臺中市,大肚區,0,0,0,7,,,50,,,,,,,,,,,,,,14,,,,,B03,,,1,,2,,,49,49,1,6,4,120.543803,24.158965,3
8587,66000,387130000C,(04)23274275,(04)23288582,2025,2,22,17,45,臺中市,豐原區,0,0,0,7,,,50,,,,,,,,,,,,,,35,,,,,B12,,,1,,1,,,84,84,1,12,4,120.726259,24.245671,3
8588,66000,387130000C,(04)23274275,(04)23288582,2025,2,22,17,46,臺中市,大里區,0,0,0,7,,,80,,,,,,,,,,,,,,,,,,,B03,,,1,,2,,,59,59,1,12,4,120.690704,24.098029,3
8589,66000,387130000C,(04)23274275,(04)23288582,2025,2,22,17,47,臺中市,西區,0,0,0,7,,,30,,,,,,,,,,,,,,,,,,,B12,,,1,,1,,,84,84,1,12,4,120.660098,24.148666,3
8590,66000,387130000C,(04)23274275,(04)23288582,2025,2,22,17,48,臺中市,西區,0,0,0,7,,,50,,,,,,,,,,,,,,16,,,,,B03,,,1,,2,,,11,11,1,13,4,120.655107,24.147008,3
8591,66000,387130000C,(04)23274275,(04)23288582,2025,2,22,17,48,臺中市,北屯區,0,1,0,7,1,6,50,3,1,1,5,4,6,6,4,4,10,5,5,2,17,3,10,3,1,B03,7,9,1,8,1,4,,12,12,1,12,4,120.720464,24.162869,2
8592,66000,387130000C,(04)23274275,(04)23288582,2025,2,22,17,49,臺中市,西區,0,2,0,7,2,6,50,4,1,1,5,4,6,6,2,1,10,5,5,2,17,2,9,2,1,C03,7,4,1,10,2,12,,21,21,1,12,4,120.662477,24.139199,2
8593,66000,387130000C,(04)23274275,(04)23288582,2025,2,22,17,53,臺中市,潭子區,0,1,0,6,1,6,50,4,1,1,5,4,6,6,1,1,10,5,5,2,15,3,10,2,1,C03,7,9,1,10,2,12,,21,21,1,13,4,120.703578,24.215914,2
8594,66000,387130000C,(04)23274275,(04)23288582,2025,2,22,17,54,臺中市,大里區,0,1,0,7,3,6,50,4,1,1,5,4,6,6,2,1,5,4,4,1,16,2,8,5,4,F01,7,6,7,21,2,14,,11,11,1,13,4,120.67514,24.103085,2
8595,66000,387130000C,(04)23274275,(04)23288582,2025,2,22,17,58,臺中市,大甲區,0,0,0,7,,,40,,,,,,,,,,,,,,1,,,,,B03,,,1,,1,,,8,8,1,12,4,120.677755,24.376919,3
8596,66000,387130000C,(04)23274275,(04)23288582,2025,2,22,17,59,臺中市,神岡區,0,0,0,6,,,50,,,,,,,,,,,,,,13,,,,,B03,,,1,,1,,,84,84,1,12,4,120.654816,24.258611,3
8597,66000,387130000C,(04)23274275,(04)23288582,2025,2,22,18,5,臺中市,西屯區,0,1,0,7,1,6,50,3,1,1,5,4,6,6,2,1,10,5,5,2,17,3,10,5,4,B03,7,6,1,8,2,4,,48,48,1,13,4,120.64238,24.169413,2
8598,66000,387130000C,(04)23274275,(04)23288582,2025,2,22,18,5,臺中市,沙鹿區,0,0,0,6,,,40,,,,,,,,,,,,,,,,,,,C03,,,1,,2,,,84,84,1,12,4,120.55862,24.236491,3
8599,66000,387130000C,(04)23274275,(04)23288582,2025,2,22,18,7,臺中市,北屯區,0,1,0,7,1,6,40,13,8,1,5,4,6,6,2,1,1,4,4,2,17,2,9,2,1,C03,7,9,1,10,2,12,,84,84,1,6,4,120.714802,24.182601,2
8600,66000,387130000C,(04)23274275,(04)23288582,2025,2,22,18,9,臺中市,西屯區,0,0,0,7,,,50,,,,,,,,,,,,,,17,,,,,B03,,,1,,2,,,59,59,1,13,4,120.64238,24.169413,3
8601,66000,387130000C,(04)23274275,(04)23288582,2025,2,22,18,10,臺中市,沙鹿區,0,0,0,7,,,50,,,,,,,,,,,,,,17,,,,,C03,,,1,,1,,,7,7,1,12,4,120.556333,24.228139,3
8602,66000,387130000C,(04)23274275,(04)23288582,2025,2,22,18,13,臺中市,東區,0,0,0,7,,,50,,,,,,,,,,,,,,12,,,,,B03,,,1,,2,,,87,87,1,12,4,120.703112,24.135192,3
8603,66000,387130000C,(04)23274275,(04)23288582,2025,2,22,18,14,臺中市,南屯區,0,0,0,7,,,50,,,,,,,,,,,,,,,,,,,B03,,,1,,1,,,8,8,1,13,4,120.651503,24.151433,3
8604,66000,387130000C,(04)23274275,(04)23288582,2025,2,22,18,20,臺中市,沙鹿區,0,0,0,7,2,6,50,13,9,1,5,4,6,6,4,4,4,4,5,1,14,,,,,B03,,,1,,2,,,49,49,1,12,4,120.566273,24.236422,3
8605,66000,387130000C,(04)23274275,(04)23288582,2025,2,22,18,23,臺中市,北區,0,2,0,7,1,6,50,5,1,1,5,4,6,6,2,1,1,4,5,2,17,3,10,3,1,A04,7,1,1,2,2,5,,84,84,1,12,4,120.686025,24.146356,2
8606,66000,387130000C,(04)23274275,(04)23288582,2025,2,22,18,25,臺中市,北屯區,0,1,0,7,1,6,50,13,7,1,5,4,6,6,4,4,1,4,4,2,13,3,10,3,1,B03,7,9,1,8,2,1,,84,84,1,12,4,120.71462,24.182574,2
8607,66000,387130000C,(04)23274275,(04)23288582,2025,2,22,18,25,臺中市,豐原區,0,0,0,7,,,30,,,,,,,,,,,,,,17,,,,,B03,,,1,,2,,,8,8,1,12,4,120.720295,24.242849,3
8608,66000,387130000C,(04)23274275,(04)23288582,2025,2,22,18,27,臺中市,西屯區,0,1,0,7,1,6,50,3,19,1,5,4,6,6,4,4,5,4,4,2,3,3,10,3,1,B12,7,6,1,8,2,1,,10,10,1,12,4,120.649215,24.171282,2
8609,66000,387130000C,(04)23274275,(04)23288582,2025,2,22,18,28,臺中市,潭子區,0,2,0,7,3,6,40,5,1,1,5,4,6,6,1,1,1,4,4,1,17,2,9,2,1,C03,7,9,1,10,2,12,,84,84,1,13,4,120.697966,24.216886,2
8610,66000,387130000C,(04)23274275,(04)23288582,2025,2,22,18,30,臺中市,西區,0,1,0,7,1,6,50,13,8,1,5,4,6,6,4,4,1,4,4,2,9,3,10,5,4,A04,7,14,1,2,2,15,,84,84,1,12,4,120.660649,24.15825,2
8611,66000,387130000C,(04)23274275,(04)23288582,2025,2,22,18,31,臺中市,西區,0,0,0,7,,,50,,,,,,,,,,,,,,16,,,,,B03,,,1,,2,,,2,2,1,13,4,120.657261,24.139286,3
8612,66000,387130000C,(04)23274275,(04)23288582,2025,2,22,18,39,臺中市,南屯區,0,1,0,7,1,6,50,13,9,1,5,4,6,6,4,4,1,4,5,2,20,2,9,2,1,C03,7,9,1,10,2,11,,84,84,1,12,4,120.620273,24.14511,2
8613,66000,387130000C,(04)23274275,(04)23288582,2025,2,22,18,40,臺中市,南區,0,0,0,7,,,50,,,,,,,,,,,,,,13,,,,,B03,,,1,,1,,,7,7,1,12,4,120.655163,24.113472,3
8614,66000,387130000C,(04)23274275,(04)23288582,2025,2,22,18,40,臺中市,沙鹿區,0,1,0,6,1,6,50,13,9,1,5,4,6,6,4,4,5,5,5,2,12,2,9,1,1,C03,7,4,1,10,2,14,,42,42,1,12,4,120.57903,24.220455,2
8615,66000,387130000C,(04)23274275,(04)23288582,2025,2,22,18,44,臺中市,南屯區,0,0,0,7,,,50,,,,,,,,,,,,,,14,,,,,B12,,,1,,1,,,49,49,1,12,4,120.632841,24.142648,3
8616,66000,387130000C,(04)23274275,(04)23288582,2025,2,22,18,49,臺中市,南屯區,0,0,0,7,,,50,,,,,,,,,,,,,,13,,,,,B03,,,1,,1,,,59,59,1,12,4,120.635711,24.143383,3
8617,66000,387130000C,(04)23274275,(04)23288582,2025,2,22,18,50,臺中市,西屯區,0,0,0,7,,,50,,,,,,,,,,,,,,12,,,,,B02,,,1,,1,,,8,8,1,13,4,120.621364,24.185954,3
8618,66000,387130000C,(04)23274275,(04)23288582,2025,2,22,18,50,臺中市,霧峰區,0,0,0,7,1,6,40,4,1,1,5,4,6,6,4,4,10,5,5,2,12,,,,,B03,,,1,,1,,,8,8,1,6,4,120.662599,24.059641,3
8619,66000,387130000C,(04)23274275,(04)23288582,2025,2,22,18,52,臺中市,北區,0,2,0,7,1,6,50,4,1,1,5,4,6,6,1,1,10,5,5,2,13,2,9,1,1,C03,7,9,1,10,2,11,,59,59,1,12,4,120.682344,24.165307,2
8620,66000,387130000C,(04)23274275,(04)23288582,2025,2,22,18,54,臺中市,大雅區,0,2,0,7,1,6,50,13,7,1,5,4,6,6,4,4,1,5,4,1,17,2,9,1,1,C03,7,9,1,10,2,11,,84,84,1,13,4,120.665378,24.217664,2
8621,66000,387130000C,(04)23274275,(04)23288582,2025,2,22,18,55,臺中市,太平區,0,0,0,7,,,50,,,,,,,,,,,,,,16,,,,,B03,,,1,,2,,,45,45,1,12,4,120.733528,24.154945,3
8622,66000,387130000C,(04)23274275,(04)23288582,2025,2,22,18,55,臺中市,梧棲區,0,0,0,7,,,70,,,,,,,,,,,,,,12,,,,,B03,,,1,,9,,,40,40,1,6,4,120.542901,24.247802,3
8623,66000,387130000C,(04)23274275,(04)23288582,2025,2,22,18,57,臺中市,西屯區,0,0,0,7,,,30,,,,,,,,,,,,,,17,,,,,B03,,,1,,9,,,59,59,1,12,4,120.664521,24.16527,3
8624,66000,387130000C,(04)23274275,(04)23288582,2025,2,22,19,2,臺中市,西區,0,0,0,7,,,40,,,,,,,,,,,,,,,,,,,C03,,,1,,1,,,84,84,1,12,4,120.663358,24.154771,3
8625,66000,387130000C,(04)23274275,(04)23288582,2025,2,22,19,22,臺中市,潭子區,0,1,0,6,1,6,60,5,1,1,5,4,6,6,1,1,3,4,5,1,17,3,10,3,1,B03,7,5,1,8,2,2,,47,47,1,12,4,120.702971,24.227041,2
8626,66000,387130000C,(04)23274275,(04)23288582,2025,2,22,19,26,臺中市,潭子區,0,1,0,7,1,6,30,13,9,1,5,4,6,6,4,4,10,5,5,2,27,2,9,6,1,F02,7,9,7,21,4,16,,84,84,1,13,4,120.6706,24.203678,2
8627,66000,387130000C,(04)23274275,(04)23288582,2025,2,22,19,27,臺中市,西屯區,0,0,0,7,,,50,,,,,,,,,,,,,,13,,,,,B03,,,1,,2,,,78,78,1,13,4,120.657663,24.187168,3
8628,66000,387130000C,(04)23274275,(04)23288582,2025,2,22,19,30,臺中市,西屯區,0,2,0,7,1,6,30,4,1,1,5,4,6,6,1,1,10,5,5,2,16,3,10,5,4,C03,7,9,1,10,2,11,12,59,59,1,12,4,120.659481,24.175598,2
8629,66000,387130000C,(04)23274275,(04)23288582,2025,2,22,19,32,臺中市,潭子區,0,1,0,6,1,6,60,3,2,1,5,4,6,6,3,1,3,4,4,2,13,3,10,3,1,B03,7,9,1,8,2,1,,84,84,1,12,4,120.690319,24.215971,2
8630,66000,387130000C,(04)23274275,(04)23288582,2025,2,22,19,38,臺中市,南屯區,0,1,0,7,2,6,50,13,9,1,5,4,6,6,4,4,9,5,5,2,18,2,9,2,1,C03,7,9,1,9,2,14,,84,84,1,13,4,120.643341,24.138182,2
8631,66000,387130000C,(04)23274275,(04)23288582,2025,2,22,19,50,臺中市,北屯區,0,0,0,7,,,50,,,,,,,,,,,,,,9,,,,,A04,,,1,,2,,,8,8,1,6,4,120.684826,24.190441,4
8632,66000,387130000C,(04)23274275,(04)23288582,2025,2,22,19,54,臺中市,太平區,0,1,0,7,1,6,50,4,1,1,5,4,6,6,2,1,10,5,5,2,18,2,9,2,1,C03,7,9,1,10,2,16,,65,65,1,12,4,120.723689,24.133889,2
8633,66000,387130000C,(04)23274275,(04)23288582,2025,2,22,20,0,臺中市,豐原區,0,0,0,7,,,30,,,,,,,,,,,,,,17,,,,,B12,,,1,,2,,,50,50,1,13,4,120.742875,24.252782,3
8634,66000,387130000C,(04)23274275,(04)23288582,2025,2,22,20,3,臺中市,太平區,0,2,0,7,1,6,50,5,2,1,5,4,6,6,1,1,5,2,5,1,16,2,9,1,1,C03,7,6,1,10,2,11,12,11,11,1,12,4,120.714684,24.110313,2
8635,66000,387130000C,(04)23274275,(04)23288582,2025,2,22,20,6,臺中市,南屯區,0,0,0,7,,,50,,,,,,,,,,,,,,,,,,,B03,,,1,,2,,,11,11,1,12,4,120.641382,24.133415,4
8636,66000,387130000C,(04)23274275,(04)23288582,2025,2,22,20,11,臺中市,南區,0,0,0,7,,,50,,,,,,,,,,,,,,,,,,,B03,,,1,,2,,,49,49,1,12,4,120.65547,24.124058,3
8637,66000,387130000C,(04)23274275,(04)23288582,2025,2,22,20,14,臺中市,北區,0,1,0,7,1,6,50,4,1,1,5,4,6,6,1,1,10,5,5,2,16,3,10,3,1,B03,7,11,1,8,2,5,,59,59,1,12,4,120.684312,24.147867,2
8638,66000,387130000C,(04)23274275,(04)23288582,2025,2,22,20,14,臺中市,沙鹿區,0,0,0,7,,,50,,,,,,,,,,,,,,,,,,,B03,,,1,,2,,,51,51,1,13,4,120.55858,24.232701,3
8639,66000,387130000C,(04)23274275,(04)23288582,2025,2,22,20,17,臺中市,南區,0,2,0,7,1,6,50,3,1,1,5,4,6,6,4,4,10,5,5,2,13,2,9,2,1,C03,7,9,1,10,2,11,12,7,7,1,12,4,120.656625,24.124661,2
8640,66000,387130000C,(04)23274275,(04)23288582,2025,2,22,20,21,臺中市,北區,0,0,0,7,,,50,,,,,,,,,,,,,,17,,,,,C03,,,1,,1,,,7,7,1,13,4,120.683872,24.148755,3
8641,66000,387130000C,(04)23274275,(04)23288582,2025,2,22,20,25,臺中市,西屯區,0,0,0,7,,,50,,,,,,,,,,,,,,16,,,,,C03,,,1,,2,,,84,84,1,12,4,120.656588,24.163604,3
8642,66000,387130000C,(04)23274275,(04)23288582,2025,2,22,20,41,臺中市,沙鹿區,0,0,0,6,,,50,,,,,,,,,,,,,,15,,,,,B12,,,1,,2,,,15,15,1,12,4,120.571666,24.224935,3
8643,66000,387130000C,(04)23274275,(04)23288582,2025,2,22,20,50,臺中市,北屯區,0,0,0,7,,,50,,,,,,,,,,,,,,,,,,,B03,,,3,,1,,,84,84,1,12,4,120.712986,24.172785,3
8644,66000,387130000C,(04)23274275,(04)23288582,2025,2,22,20,53,臺中市,神岡區,0,1,0,6,1,6,50,13,7,1,5,4,6,6,4,4,4,4,4,2,16,3,10,1,1,C03,7,6,3,19,2,14,,48,48,1,12,4,120.680382,24.247972,2
8645,66000,387130000C,(04)23274275,(04)23288582,2025,2,22,20,55,臺中市,西屯區,0,1,0,7,2,6,50,4,1,1,5,4,6,6,2,1,10,5,5,2,13,2,9,2,1,C03,7,9,1,10,2,11,,7,7,1,13,4,120.635879,24.181852,2
8646,66000,387130000C,(04)23274275,(04)23288582,2025,2,22,20,58,臺中市,北區,0,1,0,7,1,6,50,4,1,1,5,4,6,6,1,1,5,5,5,2,18,2,9,1,1,C03,7,9,1,10,2,11,,84,84,1,13,4,120.687722,24.164972,2
8647,66000,387130000C,(04)23274275,(04)23288582,2025,2,22,20,59,臺中市,霧峰區,0,1,0,7,1,6,50,13,12,1,5,4,6,6,4,4,5,5,4,1,13,3,10,5,4,C03,7,9,1,10,2,11,,7,7,1,12,4,120.698199,24.061144,2
8648,66000,387130000C,(04)23274275,(04)23288582,2025,2,22,21,1,臺中市,西區,0,1,0,7,1,6,50,3,1,1,5,4,6,6,3,1,10,4,5,2,13,3,10,3,1,B02,7,9,1,8,2,1,,84,84,1,13,4,120.678248,24.139194,2
8649,66000,387130000C,(04)23274275,(04)23288582,2025,2,22,21,2,臺中市,東區,0,1,0,7,1,6,50,4,1,1,5,4,6,6,1,1,10,5,5,2,16,3,10,3,1,B03,7,6,1,8,2,6,,11,11,1,12,4,120.701456,24.138879,2
8650,66000,387130000C,(04)23274275,(04)23288582,2025,2,22,21,10,臺中市,沙鹿區,0,0,0,7,,,50,,,,,,,,,,,,,,30,,,,,B03,,,1,,2,,,59,59,1,6,4,120.55858,24.235463,3
8651,66000,387130000C,(04)23274275,(04)23288582,2025,2,22,21,14,臺中市,大甲區,0,0,0,7,1,6,50,13,7,1,5,4,6,6,4,4,10,4,4,1,13,3,10,1,1,C03,7,9,1,19,7,11,,53,53,1,6,4,120.6275,24.351746,3
8652,66000,387130000C,(04)23274275,(04)23288582,2025,2,22,21,18,臺中市,西區,0,0,0,7,,,50,,,,,,,,,,,,,,,,,,,B03,,,1,,2,,,43,43,1,12,4,120.66105,24.148862,3
8653,66000,387130000C,(04)23274275,(04)23288582,2025,2,22,21,26,臺中市,南屯區,0,1,0,7,1,6,50,4,1,1,5,4,6,6,2,1,4,2,4,1,15,3,10,3,1,B03,7,15,1,8,2,1,,11,11,1,6,4,120.649827,24.148829,2
8654,66000,387130000C,(04)23274275,(04)23288582,2025,2,22,21,32,臺中市,西區,0,0,0,7,1,6,30,13,9,1,5,4,6,6,4,4,10,5,5,2,12,,,,,B03,,,1,,1,,,8,8,1,13,4,120.656404,24.151267,3
8655,66000,387130000C,(04)23274275,(04)23288582,2025,2,22,21,34,臺中市,東區,0,1,0,7,1,6,40,4,2,1,5,4,6,6,1,1,5,5,4,2,17,2,7,5,4,C03,7,15,1,10,1,14,,84,84,1,12,4,120.707536,24.14447,2
8656,66000,387130000C,(04)23274275,(04)23288582,2025,2,22,21,34,臺中市,大安區,0,1,0,7,1,6,50,3,1,1,5,4,6,6,1,1,10,5,5,1,27,2,9,3,1,B03,7,9,1,8,2,1,,59,59,1,6,4,120.592043,24.338592,2
8657,66000,387130000C,(04)23274275,(04)23288582,2025,2,22,21,43,臺中市,西屯區,0,0,0,7,,,50,,,,,,,,,,,,,,17,,,,,B03,,,1,,1,,,7,7,1,13,4,120.65865,24.164811,3
8658,66000,387130000C,(04)23274275,(04)23288582,2025,2,22,21,47,臺中市,西屯區,0,0,0,7,,,50,,,,,,,,,,,,,,13,,,,,B03,,,1,,1,,,51,51,1,12,4,120.646732,24.157142,3
8659,66000,387130000C,(04)23274275,(04)23288582,2025,2,22,21,48,臺中市,南區,0,0,0,7,,,50,,,,,,,,,,,,,,,,,,,B03,,,1,,2,,,8,8,1,12,4,120.667385,24.122344,3
8660,66000,387130000C,(04)23274275,(04)23288582,2025,2,22,21,49,臺中市,西屯區,0,0,0,7,,,50,,,,,,,,,,,,,,13,,,,,B03,,,1,,1,,,59,59,1,13,4,120.654972,24.200501,3
8661,66000,387130000C,(04)23274275,(04)23288582,2025,2,22,21,50,臺中市,西區,0,1,0,7,1,6,50,4,1,1,5,4,6,6,2,1,5,4,4,2,16,3,10,3,1,B02,7,5,1,8,2,6,,47,47,1,12,4,120.675763,24.138754,2
8662,66000,387130000C,(04)23274275,(04)23288582,2025,2,22,21,52,臺中市,清水區,0,0,0,7,,,50,,,,,,,,,,,,,,15,,,,,B01,,,1,,1,,,12,12,1,13,4,120.576943,24.26895,3
8663,66000,387130000C,(04)23274275,(04)23288582,2025,2,22,22,4,臺中市,西區,0,0,0,7,,,50,,,,,,,,,,,,,,,,,,,B01,,,1,,2,,,7,7,1,12,4,120.659327,24.156093,3
8664,66000,387130000C,(04)23274275,(04)23288582,2025,2,22,22,5,臺中市,大甲區,0,1,0,7,1,6,50,4,1,1,5,4,6,6,4,4,10,5,5,2,15,2,9,1,1,C03,7,9,1,10,2,12,,15,15,1,6,4,120.622235,24.346312,2
8665,66000,387130000C,(04)23274275,(04)23288582,2025,2,22,22,14,臺中市,西區,0,0,0,7,1,6,50,4,2,1,5,4,6,6,1,1,5,4,5,2,13,,,,,B03,,,1,,1,,,7,7,1,13,4,120.665268,24.146718,3
8666,66000,387130000C,(04)23274275,(04)23288582,2025,2,22,22,14,臺中市,南屯區,0,3,0,7,1,6,40,4,1,1,5,4,6,6,4,4,10,5,5,2,15,2,1,5,4,B03,7,9,1,8,2,4,,12,12,1,6,4,120.647775,24.1426,2
8667,66000,387130000C,(04)23274275,(04)23288582,2025,2,22,22,14,臺中市,大里區,0,0,0,7,,,50,,,,,,,,,,,,,,14,,,,,B01,,,1,,1,,,49,49,1,12,4,120.699119,24.089421,3
8668,66000,387130000C,(04)23274275,(04)23288582,2025,2,22,22,15,臺中市,北區,0,0,0,7,,,50,,,,,,,,,,,,,,,,,,,B03,,,1,,1,,,84,84,1,13,4,120.676845,24.155729,3
8669,66000,387130000C,(04)23274275,(04)23288582,2025,2,22,22,18,臺中市,大雅區,0,1,0,7,1,6,50,3,2,1,5,4,6,6,1,1,5,5,5,2,17,2,9,1,1,C03,7,4,1,10,2,11,,84,84,1,13,4,120.668415,24.218567,2
8670,66000,387130000C,(04)23274275,(04)23288582,2025,2,22,22,20,臺中市,太平區,0,1,0,7,1,6,50,4,9,1,5,4,6,6,2,1,5,2,5,1,18,2,9,1,1,C03,7,9,1,10,2,14,,84,84,1,12,4,120.722434,24.133511,2
8671,66000,387130000C,(04)23274275,(04)23288582,2025,2,22,22,21,臺中市,西屯區,0,0,0,7,1,6,50,13,9,1,5,4,6,6,1,1,5,5,5,2,13,,,,,B02,,,1,,2,,,59,59,1,5,4,120.653243,24.166385,3
8672,66000,387130000C,(04)23274275,(04)23288582,2025,2,22,22,22,臺中市,南區,0,1,0,7,1,6,40,3,1,1,5,4,6,6,1,1,10,5,5,2,16,2,9,2,1,C03,7,9,1,10,2,11,12,21,21,1,12,4,120.670017,24.11146,2
8673,66000,387130000C,(04)23274275,(04)23288582,2025,2,22,22,22,臺中市,西屯區,0,0,0,7,,,30,,,,,,,,,,,,,,14,,,,,B03,,,1,,2,,,49,49,1,13,4,120.642061,24.174024,3
8674,66000,387130000C,(04)23274275,(04)23288582,2025,2,22,22,30,臺中市,西屯區,0,0,0,7,,,40,,,,,,,,,,,,,,17,,,,,C03,,,1,,9,,,59,59,1,12,4,120.637327,24.175622,3
8675,66000,387130000C,(04)23274275,(04)23288582,2025,2,22,22,30,臺中市,烏日區,0,1,0,7,2,6,40,13,11,1,5,4,6,6,4,4,1,4,4,1,18,2,9,1,1,C03,7,9,1,10,2,14,,84,84,1,6,4,120.584408,24.114382,2
8676,66000,387130000C,(04)23274275,(04)23288582,2025,2,22,22,36,臺中市,北區,0,0,0,7,1,6,50,13,9,1,5,4,6,6,4,4,1,4,5,2,12,3,10,3,1,B03,7,7,1,8,1,5,,40,40,1,12,4,120.68597,24.146135,3
8677,66000,387130000C,(04)23274275,(04)23288582,2025,2,22,22,36,臺中市,北區,0,1,0,7,1,6,50,13,9,1,5,4,6,6,4,4,9,5,5,2,17,3,10,5,1,B03,7,9,1,8,2,1,,59,59,1,13,4,120.687662,24.152753,2
8678,66000,387130000C,(04)23274275,(04)23288582,2025,2,22,22,43,臺中市,南屯區,0,0,0,7,,,50,,,,,,,,,,,,,,17,,,,,B03,,,1,,1,,,50,50,1,12,4,120.635201,24.154312,3
8679,66000,387130000C,(04)23274275,(04)23288582,2025,2,22,22,55,臺中市,南屯區,0,0,0,7,,,60,,,,,,,,,,,,,,23,,,,,B03,,,1,,1,,,54,54,1,6,4,120.623284,24.140514,3
8680,66000,387130000C,(04)23274275,(04)23288582,2025,2,22,23,3,臺中市,豐原區,0,1,0,7,1,6,50,13,9,1,5,4,6,6,4,4,1,4,5,1,17,3,10,5,4,C03,7,15,1,10,2,13,,84,84,1,12,4,120.721197,24.270332,2
8681,66000,387130000C,(04)23274275,(04)23288582,2025,2,22,23,5,臺中市,西屯區,0,0,0,7,,,50,,,,,,,,,,,,,,13,,,,,B03,,,1,,1,,,56,56,1,13,4,120.63956,24.174971,3
8682,66000,387130000C,(04)23274275,(04)23288582,2025,2,22,23,5,臺中市,梧棲區,0,0,0,7,,,70,,,,,,,,,,,,,,14,,,,,B03,,,1,,2,,,49,49,1,12,4,120.550315,24.240401,3
8683,66000,387130000C,(04)23274275,(04)23288582,2025,2,22,23,8,臺中市,大雅區,0,2,0,7,1,6,30,4,1,1,5,4,6,6,3,1,5,5,5,1,17,2,9,3,1,B03,7,9,1,8,2,4,,24,24,1,13,4,120.650356,24.243564,2
8684,66000,387130000C,(04)23274275,(04)23288582,2025,2,22,23,11,臺中市,西區,0,1,0,7,1,6,60,5,1,1,5,4,6,6,2,1,1,4,3,2,16,,,,,,,6,,,,,,86,86,2,,,120.669678,24.150839,2
8685,66000,387130000C,(04)23274275,(04)23288582,2025,2,22,23,11,臺中市,大里區,0,0,0,7,,,50,,,,,,,,,,,,,,14,,,,,B03,,,1,,2,,,49,49,1,13,4,120.678859,24.109501,3
8686,66000,387130000C,(04)23274275,(04)23288582,2025,2,22,23,26,臺中市,西區,0,1,0,7,1,6,50,4,1,1,5,4,6,6,1,1,10,5,5,2,16,3,10,3,1,B03,7,6,1,8,1,2,,11,11,1,13,4,120.655113,24.146705,2
8687,66000,387130000C,(04)23274275,(04)23288582,2025,2,22,23,28,臺中市,大里區,0,0,0,7,,,30,,,,,,,,,,,,,,12,,,,,B03,,,1,,2,,,8,8,1,13,4,120.699868,24.10714,3
8688,66000,387130000C,(04)23274275,(04)23288582,2025,2,22,23,48,臺中市,大里區,0,0,0,7,,,50,,,,,,,,,,,,,,17,,,,,B03,,,1,,2,,,50,50,1,13,4,120.704786,24.111282,3
8689,66000,387130000C,(04)23274275,(04)23288582,2025,2,23,0,25,臺中市,烏日區,0,1,0,7,1,6,50,4,1,1,5,4,6,6,2,1,1,4,4,2,23,2,9,1,1,C03,7,9,1,10,2,11,,84,84,1,6,4,120.616655,24.113803,2
8690,66000,387130000C,(04)23274275,(04)23288582,2025,2,23,0,31,臺中市,大雅區,0,0,0,7,1,6,50,11,9,1,5,4,6,6,4,4,5,5,5,2,17,,,,,B12,,,1,,8,,,84,84,1,13,4,120.634508,24.213723,3
8691,66000,387130000C,(04)23274275,(04)23288582,2025,2,23,0,41,臺中市,西區,0,0,0,7,,,30,,,,,,,,,,,,,,,,,,,B12,,,1,,9,,,84,84,1,6,4,120.659994,24.160716,3
8692,66000,387130000C,(04)23274275,(04)23288582,2025,2,23,0,46,臺中市,西屯區,0,0,0,7,,,80,,,,,,,,,,,,,,13,,,,,B03,,,1,,3,,,84,84,1,13,4,120.634948,24.179291,3
8693,66000,387130000C,(04)23274275,(04)23288582,2025,2,23,0,54,臺中市,西屯區,0,1,0,7,1,6,60,4,1,1,5,4,6,6,1,1,10,5,5,2,12,3,10,3,4,B02,7,5,1,8,2,5,,38,38,1,13,4,120.653021,24.160553,2
8694,66000,387130000C,(04)23274275,(04)23288582,2025,2,23,1,15,臺中市,西屯區,0,0,0,7,,,50,,,,,,,,,,,,,,13,,,,,B03,,,1,,1,,,59,59,1,13,4,120.660864,24.172447,3