序號,縣市別代碼,機關代碼,市話,傳真,年,月,日,時,分,縣市,區,死亡數量,受傷數量,2-30,天候,道路照明設備,道路類別,道路速限,道路型態,事故位置,路面鋪裝,路面狀態,路面缺陷,障礙物,視距,號誌種類,號誌動作,分向設施,快車道或一般車道間,快慢車道間,路面邊線,事故類型及型態,受傷程度,主要傷處,保護裝備,行動電話或功能裝置,當事者區分(類別),車輛用途,當事者行動狀態,駕照狀態,駕照種類,飲酒情形,車輛撞擊部位最初,車輛撞擊部位其他,肇事因素個別,肇事因素主要,肇事逃逸,職業,共享經濟或外送平台,GPS座標X,GPS座標Y,事故類別
8695,66000,387130000C,(04)23274275,(04)23288582,2025,2,23,1,17,臺中市,西屯區,0,0,0,7,,,50,,,,,,,,,,,,,,14,,,,,B12,,,1,,1,,,49,49,1,13,4,120.647629,24.172011,3
8696,66000,387130000C,(04)23274275,(04)23288582,2025,2,23,2,41,臺中市,后里區,0,0,0,7,1,6,50,4,2,1,5,4,6,6,1,1,5,5,5,1,14,3,10,3,1,B03,7,2,1,8,1,7,,49,49,1,12,4,120.723171,24.294835,3
8697,66000,387130000C,(04)23274275,(04)23288582,2025,2,23,3,16,臺中市,西屯區,0,0,0,7,,,40,,,,,,,,,,,,,,17,,,,,B03,,,1,,9,,,47,47,1,12,4,120.61689,24.174907,3
8698,66000,387130000C,(04)23274275,(04)23288582,2025,2,23,4,7,臺中市,北區,0,2,0,7,1,6,50,4,4,1,5,4,6,6,1,1,5,4,5,2,13,3,10,3,1,A12,7,9,1,3,2,5,,84,84,1,12,4,120.682353,24.153979,2
8699,66000,387130000C,(04)23274275,(04)23288582,2025,2,23,4,28,臺中市,大里區,0,4,0,6,1,6,50,3,1,1,5,4,6,6,3,1,10,5,5,2,17,2,8,3,1,B03,7,6,1,8,2,4,,24,24,1,6,4,120.686455,24.088536,2
8700,66000,387130000C,(04)23274275,(04)23288582,2025,2,23,4,38,臺中市,西屯區,0,1,0,7,1,6,40,13,8,1,5,4,6,6,4,4,4,3,4,2,12,2,9,5,4,C03,7,10,1,10,2,11,,82,82,1,13,4,120.648026,24.173873,2
8701,66000,387130000C,(04)23274275,(04)23288582,2025,2,23,6,14,臺中市,北屯區,0,0,0,7,,,50,,,,,,,,,,,,,,13,,,,,B03,,,1,,3,,,59,59,1,6,4,120.67965,24.172812,3
8702,66000,387130000C,(04)23274275,(04)23288582,2025,2,23,6,18,臺中市,東區,0,1,0,7,1,6,50,4,9,1,5,4,6,6,2,1,3,5,5,2,16,2,7,5,4,C03,7,9,1,10,2,11,,84,84,1,6,4,120.687678,24.138152,2
8703,66000,387130000C,(04)23274275,(04)23288582,2025,2,23,7,16,臺中市,西屯區,0,1,0,7,1,6,50,4,1,1,5,4,6,6,1,1,10,5,5,1,15,3,10,1,1,C03,7,9,1,10,2,11,,21,21,1,12,4,120.619549,24.169032,2
8704,66000,387130000C,(04)23274275,(04)23288582,2025,2,23,7,17,臺中市,西屯區,0,0,0,7,,,50,,,,,,,,,,,,,,30,,,,,A41,,,1,,1,,,1,1,1,13,4,120.594789,24.193526,3
8705,66000,387130000C,(04)23274275,(04)23288582,2025,2,23,7,20,臺中市,太平區,0,1,0,6,3,6,40,4,4,1,5,4,6,6,4,4,10,5,5,2,13,2,3,1,1,C03,7,9,1,10,2,11,,59,59,1,12,4,120.700818,24.14806,2
8706,66000,387130000C,(04)23274275,(04)23288582,2025,2,23,7,30,臺中市,清水區,0,1,0,3,3,6,50,13,7,1,5,4,6,6,4,4,5,5,4,2,30,2,9,2,1,C03,7,9,1,10,2,11,,84,84,1,12,4,120.615949,24.289356,2
8707,66000,387130000C,(04)23274275,(04)23288582,2025,2,23,7,39,臺中市,北區,0,1,0,7,2,6,50,13,9,1,5,4,6,6,4,4,5,4,5,2,17,2,9,5,1,C03,7,9,1,10,2,11,,59,59,1,13,4,120.669662,24.173398,2
8708,66000,387130000C,(04)23274275,(04)23288582,2025,2,23,7,39,臺中市,豐原區,0,1,0,6,2,6,50,11,9,1,5,4,6,6,4,4,5,2,5,2,12,3,10,3,1,B03,7,15,1,8,2,1,,35,35,1,12,4,120.72547,24.254849,2
8709,66000,387130000C,(04)23274275,(04)23288582,2025,2,23,7,48,臺中市,西屯區,0,1,0,7,2,6,30,4,1,1,5,4,6,6,4,4,10,5,5,2,17,3,10,5,4,B03,7,5,1,8,2,2,,8,8,1,12,4,120.643425,24.167878,2
8710,66000,387130000C,(04)23274275,(04)23288582,2025,2,23,7,48,臺中市,西屯區,0,0,0,7,,,50,,,,,,,,,,,,,,13,,,,,B03,,,1,,1,,,59,59,1,12,4,120.635644,24.176333,3
8711,66000,387130000C,(04)23274275,(04)23288582,2025,2,23,7,52,臺中市,沙鹿區,0,1,0,6,1,6,50,4,1,1,5,4,6,6,4,4,10,5,5,2,15,2,9,2,1,C03,7,9,1,10,2,14,,12,12,1,13,4,120.581923,24.221959,2
8712,66000,387130000C,(04)23274275,(04)23288582,2025,2,23,8,3,臺中市,龍井區,0,1,0,6,3,6,50,4,1,1,5,4,6,6,4,4,10,5,5,2,15,2,9,1,1,C03,7,9,1,10,2,11,,20,20,1,6,4,120.561668,24.199434,2
8713,66000,387130000C,(04)23274275,(04)23288582,2025,2,23,8,17,臺中市,東區,0,0,0,7,,,50,,,,,,,,,,,,,,13,,,,,B03,,,1,,2,,,84,84,1,12,4,120.690488,24.125068,3
8714,66000,387130000C,(04)23274275,(04)23288582,2025,2,23,8,21,臺中市,南屯區,0,0,0,7,,,50,,,,,,,,,,,,,,,,,,,C03,,,1,,1,,,84,84,1,13,4,120.638808,24.139989,3
8715,66000,387130000C,(04)23274275,(04)23288582,2025,2,23,8,30,臺中市,西屯區,0,0,0,7,,,50,,,,,,,,,,,,,,14,,,,,B03,,,1,,1,,,49,49,1,13,4,120.643554,24.168209,3
8716,66000,387130000C,(04)23274275,(04)23288582,2025,2,23,8,35,臺中市,清水區,0,0,0,5,,,30,,,,,,,,,,,,,,17,,,,,B03,,,1,,2,,,14,14,1,12,4,120.605935,24.269673,3
8717,66000,387130000C,(04)23274275,(04)23288582,2025,2,23,8,40,臺中市,北屯區,0,0,0,7,,,50,,,,,,,,,,,,,,12,,,,,B12,,,1,,1,,,8,8,1,12,4,120.685691,24.179899,3
8718,66000,387130000C,(04)23274275,(04)23288582,2025,2,23,8,40,臺中市,后里區,0,1,0,5,3,6,50,11,9,1,4,4,6,6,4,4,10,5,5,2,11,2,8,1,1,C03,7,6,1,10,2,11,,84,84,1,12,2,120.711492,24.294609,2
8719,66000,387130000C,(04)23274275,(04)23288582,2025,2,23,8,47,臺中市,潭子區,0,0,0,5,2,6,60,3,1,1,5,4,6,6,1,1,1,3,5,1,16,3,10,1,1,B03,7,5,1,8,2,5,,47,47,1,13,4,120.703019,24.202714,3
8720,66000,387130000C,(04)23274275,(04)23288582,2025,2,23,8,47,臺中市,北區,0,0,0,7,3,9,50,18,24,1,5,4,6,6,4,4,10,5,5,2,17,,,,,B03,,,1,,2,,,49,49,1,13,4,120.685872,24.147663,3
8721,66000,387130000C,(04)23274275,(04)23288582,2025,2,23,8,47,臺中市,太平區,0,1,0,6,2,6,50,13,9,1,5,4,6,6,4,4,5,5,5,2,18,2,9,2,1,C03,7,9,1,10,2,12,,56,56,1,12,4,120.72934,24.124751,2
8722,66000,387130000C,(04)23274275,(04)23288582,2025,2,23,8,49,臺中市,沙鹿區,0,1,0,6,2,6,30,4,1,1,5,4,6,6,4,4,10,5,5,2,15,3,10,3,1,B12,7,9,1,8,2,4,,12,12,1,13,4,120.565136,24.250441,2
8723,66000,387130000C,(04)23274275,(04)23288582,2025,2,23,8,55,臺中市,北區,0,2,0,7,2,6,50,3,1,1,5,4,6,6,1,1,5,4,5,2,17,2,9,5,1,F02,7,6,7,21,2,14,,23,23,1,13,4,120.687169,24.148841,2
8724,66000,387130000C,(04)23274275,(04)23288582,2025,2,23,8,59,臺中市,東勢區,0,1,0,5,2,6,50,13,9,1,4,4,6,6,4,4,5,5,5,1,12,3,10,5,1,B03,7,5,1,8,2,5,,65,65,1,12,4,120.825814,24.260587,2
8725,66000,387130000C,(04)23274275,(04)23288582,2025,2,23,9,5,臺中市,西屯區,0,1,0,6,2,6,50,13,8,1,5,4,6,6,1,1,1,4,4,2,17,2,8,1,1,C03,7,7,1,10,2,12,,84,84,1,12,4,120.669085,24.177265,2
8726,66000,387130000C,(04)23274275,(04)23288582,2025,2,23,9,8,臺中市,大肚區,0,1,0,7,2,6,50,4,1,1,5,4,6,6,1,1,10,5,5,2,18,2,9,1,1,C03,7,5,1,10,2,12,,84,84,1,6,4,120.543217,24.15037,2
8727,66000,387130000C,(04)23274275,(04)23288582,2025,2,23,9,12,臺中市,南屯區,0,0,0,7,,,50,,,,,,,,,,,,,,28,,,,,,,,,,,,,118,118,1,,,120.630333,24.116978,3
8728,66000,387130000C,(04)23274275,(04)23288582,2025,2,23,9,13,臺中市,清水區,0,0,0,5,,,50,,,,,,,,,,,,,,,,,,,A12,,,1,,2,,,84,84,1,12,4,120.561199,24.274315,3
8729,66000,387130000C,(04)23274275,(04)23288582,2025,2,23,9,14,臺中市,西屯區,0,0,0,7,,,50,,,,,,,,,,,,,,17,,,,,B12,,,1,,2,,,50,50,1,13,4,120.617373,24.18436,3
8730,66000,387130000C,(04)23274275,(04)23288582,2025,2,23,9,15,臺中市,大里區,0,0,0,7,2,6,50,4,2,1,5,4,6,6,1,1,5,4,5,1,17,,,,,B03,,,5,,2,,,50,50,1,13,4,120.689929,24.109925,3
8731,66000,387130000C,(04)23274275,(04)23288582,2025,2,23,9,19,臺中市,北區,0,1,0,6,2,6,30,4,1,1,5,4,6,6,3,1,10,5,5,2,15,3,10,5,4,B03,7,9,1,8,2,8,,24,24,1,13,4,120.680341,24.15511,2
8732,66000,387130000C,(04)23274275,(04)23288582,2025,2,23,9,22,臺中市,東區,0,0,0,7,,,50,,,,,,,,,,,,,,17,,,,,B03,,,1,,1,,,11,11,1,13,4,120.689127,24.139997,3
8733,66000,387130000C,(04)23274275,(04)23288582,2025,2,23,9,26,臺中市,東區,0,0,0,7,,,50,,,,,,,,,,,,,,17,,,,,B01,,,1,,1,,,7,7,1,13,4,120.689705,24.144271,3
8734,66000,387130000C,(04)23274275,(04)23288582,2025,2,23,9,35,臺中市,太平區,0,1,0,7,3,6,30,3,9,1,5,4,6,6,4,4,10,5,5,2,16,2,9,1,1,C03,7,9,1,10,2,12,,6,6,1,12,4,120.716663,24.149657,2
8735,66000,387130000C,(04)23274275,(04)23288582,2025,2,23,9,36,臺中市,北屯區,0,1,0,6,3,6,50,4,1,1,5,4,6,6,4,4,10,5,5,2,15,2,9,1,1,C03,7,9,1,10,2,12,,15,15,1,12,4,120.725122,24.157826,2
8736,66000,387130000C,(04)23274275,(04)23288582,2025,2,23,9,42,臺中市,南屯區,0,1,0,6,3,6,50,13,7,1,5,4,6,6,1,1,5,5,4,2,17,2,9,1,1,C03,7,9,1,10,2,14,,84,84,1,12,4,120.620407,24.116488,2
8737,66000,387130000C,(04)23274275,(04)23288582,2025,2,23,9,45,臺中市,西屯區,0,0,0,6,,,30,,,,,,,,,,,,,,17,,,,,B03,,,1,,2,,,59,59,1,12,4,120.645371,24.186414,3
8738,66000,387130000C,(04)23274275,(04)23288582,2025,2,23,9,45,臺中市,大甲區,0,0,0,5,,,30,,,,,,,,,,,,,,,,,,,B12,,,1,,9,,,8,8,1,7,4,120.607944,24.34008,3
8739,66000,387130000C,(04)23274275,(04)23288582,2025,2,23,9,46,臺中市,和平區,1,4,0,6,2,6,50,13,9,1,5,4,6,6,4,4,9,5,5,1,22,2,9,5,1,B03,7,9,1,8,2,5,,59,59,1,12,4,120.878969,24.17379,1
8740,66000,387130000C,(04)23274275,(04)23288582,2025,2,23,9,49,臺中市,東區,0,1,0,7,2,6,50,4,1,1,5,4,6,6,4,4,10,5,5,2,17,2,9,6,1,F01,7,9,7,21,2,11,,20,20,1,12,4,120.706651,24.13602,2
8741,66000,387130000C,(04)23274275,(04)23288582,2025,2,23,10,8,臺中市,大雅區,0,1,0,5,3,6,30,3,2,1,4,4,6,6,4,4,10,5,5,2,17,3,10,3,1,B03,7,9,1,8,2,4,,41,41,1,12,4,120.651982,24.226541,2
8742,66000,387130000C,(04)23274275,(04)23288582,2025,2,23,10,11,臺中市,東區,0,1,0,6,3,6,50,3,1,1,5,4,6,6,3,1,10,5,5,2,17,2,9,2,1,C03,7,15,1,10,2,11,,84,84,1,13,4,120.693281,24.133753,2
8743,66000,387130000C,(04)23274275,(04)23288582,2025,2,23,10,19,臺中市,霧峰區,0,0,0,7,,,50,,,,,,,,,,,,,,,,,,,C03,,,1,,2,,,7,7,1,13,4,120.699664,24.075545,3
8744,66000,387130000C,(04)23274275,(04)23288582,2025,2,23,10,21,臺中市,西屯區,0,0,0,6,2,6,50,3,1,1,4,4,6,6,4,4,10,5,5,2,13,3,10,3,4,B03,7,9,1,8,1,1,,7,7,1,12,4,120.6215,24.186604,3
8745,66000,387130000C,(04)23274275,(04)23288582,2025,2,23,10,25,臺中市,東區,0,0,0,7,,,50,,,,,,,,,,,,,,17,,,,,C03,,,1,,1,,,51,51,1,12,4,120.693059,24.134772,3
8746,66000,387130000C,(04)23274275,(04)23288582,2025,2,23,10,35,臺中市,后里區,0,0,0,5,,,40,,,,,,,,,,,,,,14,3,10,3,1,B03,7,2,1,8,2,3,,49,49,1,6,4,120.71571,24.306066,3
8747,66000,387130000C,(04)23274275,(04)23288582,2025,2,23,10,35,臺中市,豐原區,0,0,0,5,,,30,,,,,,,,,,,,,,12,,,,,B03,,,1,,2,,,84,84,1,6,4,120.747832,24.273986,3
8748,66000,387130000C,(04)23274275,(04)23288582,2025,2,23,10,40,臺中市,南屯區,0,1,0,7,2,6,50,13,9,1,5,4,6,6,4,4,4,5,5,2,17,2,9,5,4,B01,7,15,1,8,2,8,4,84,84,1,13,4,120.654533,24.12855,2
8749,66000,387130000C,(04)23274275,(04)23288582,2025,2,23,10,42,臺中市,西屯區,0,0,0,7,,,50,,,,,,,,,,,,,,,,,,,C03,,,1,,1,,,48,48,1,12,4,120.638029,24.175602,3
8750,66000,387130000C,(04)23274275,(04)23288582,2025,2,23,10,45,臺中市,烏日區,0,0,0,7,,,50,,,,,,,,,,,,,,17,,,,,A11,,,1,,1,,,51,51,1,6,4,120.631008,24.105277,3
8751,66000,387130000C,(04)23274275,(04)23288582,2025,2,23,10,45,臺中市,外埔區,0,0,0,5,,,50,,,,,,,,,,,,,,11,,,,,B03,,,1,,1,,,41,41,1,12,4,120.698431,24.334427,3
8752,66000,387130000C,(04)23274275,(04)23288582,2025,2,23,10,45,臺中市,豐原區,0,1,0,5,3,6,50,13,7,1,4,4,6,6,4,4,5,4,5,1,27,2,9,3,1,B03,7,9,1,8,2,1,,58,58,1,13,4,120.721385,24.27119,2
8753,66000,387130000C,(04)23274275,(04)23288582,2025,2,23,10,46,臺中市,神岡區,0,2,0,5,2,6,30,3,1,1,4,4,6,3,4,4,10,5,5,2,10,2,9,5,4,C03,7,9,3,19,2,11,,41,41,1,12,4,120.654185,24.278949,2
8754,66000,387130000C,(04)23274275,(04)23288582,2025,2,23,10,48,臺中市,北屯區,0,1,0,7,2,6,50,4,1,1,5,4,6,6,1,1,10,5,5,2,18,2,9,1,1,C03,7,9,1,10,1,12,,85,85,1,6,4,120.671251,24.173901,2
8755,66000,387130000C,(04)23274275,(04)23288582,2025,2,23,10,54,臺中市,北屯區,0,1,0,7,2,6,40,3,1,1,5,4,6,6,4,4,10,5,5,2,17,2,9,5,4,C03,7,9,1,10,2,11,,59,59,1,12,4,120.722559,24.161416,2
8756,66000,387130000C,(04)23274275,(04)23288582,2025,2,23,10,58,臺中市,中區,0,0,0,7,,,50,,,,,,,,,,,,,,,,,,,B03,,,1,,2,,,49,49,1,12,4,120.679137,24.143538,3
8757,66000,387130000C,(04)23274275,(04)23288582,2025,2,23,10,58,臺中市,南屯區,0,0,0,7,,,50,,,,,,,,,,,,,,30,,,,,,,,,,,,,119,119,1,,,120.637475,24.138079,3
8758,66000,387130000C,(04)23274275,(04)23288582,2025,2,23,10,59,臺中市,沙鹿區,0,0,0,5,,,50,,,,,,,,,,,,,,,,,,,B03,,,1,,1,,,76,76,1,13,4,120.561223,24.231863,3
8759,66000,387130000C,(04)23274275,(04)23288582,2025,2,23,11,0,臺中市,北區,0,0,0,7,,,50,,,,,,,,,,,,,,17,,,,,C03,,,1,,1,,,87,87,1,13,4,120.67795,24.151391,3
8760,66000,387130000C,(04)23274275,(04)23288582,2025,2,23,11,5,臺中市,清水區,0,1,0,6,3,6,30,11,9,1,5,4,6,6,4,4,10,5,5,1,17,3,10,3,1,B12,7,9,1,8,2,7,,41,41,1,12,4,120.600089,24.268239,2
8761,66000,387130000C,(04)23274275,(04)23288582,2025,2,23,11,10,臺中市,太平區,0,1,0,7,3,6,50,13,7,1,5,4,6,6,4,4,9,5,4,1,16,3,10,3,1,B03,7,6,1,8,2,1,,20,20,1,12,4,120.729105,24.094642,2
8762,66000,387130000C,(04)23274275,(04)23288582,2025,2,23,11,11,臺中市,西屯區,0,1,0,5,2,6,50,13,7,1,4,4,6,6,4,4,9,4,4,2,2,2,8,1,4,C03,7,9,1,10,2,12,,7,7,1,12,4,120.667774,24.178084,2
8763,66000,387130000C,(04)23274275,(04)23288582,2025,2,23,11,15,臺中市,太平區,0,0,0,6,,,50,,,,,,,,,,,,,,14,,,,,B03,,,1,,2,,,49,49,1,6,4,120.72534,24.124377,3
8764,66000,387130000C,(04)23274275,(04)23288582,2025,2,23,11,20,臺中市,南屯區,0,0,0,7,,,60,,,,,,,,,,,,,,,,,,,B03,,,1,,1,,,59,59,1,6,4,120.623265,24.149777,3
8765,66000,387130000C,(04)23274275,(04)23288582,2025,2,23,11,21,臺中市,西區,0,1,0,7,2,6,50,4,1,1,5,4,6,6,1,1,10,5,5,2,17,2,9,2,1,C03,7,5,1,10,2,11,,7,7,1,12,4,120.660166,24.150713,2
8766,66000,387130000C,(04)23274275,(04)23288582,2025,2,23,11,22,臺中市,西屯區,0,1,0,7,2,6,30,3,2,1,5,4,6,6,1,1,10,5,5,2,17,2,9,5,4,F01,7,6,7,21,1,11,,84,84,1,13,4,120.65882,24.16365,2
8767,66000,387130000C,(04)23274275,(04)23288582,2025,2,23,11,23,臺中市,北區,0,1,0,5,2,6,50,3,1,1,4,4,6,6,4,4,10,5,5,2,17,2,9,5,4,C03,7,9,1,10,2,14,,84,84,1,13,4,120.667063,24.159211,2
8768,66000,387130000C,(04)23274275,(04)23288582,2025,2,23,11,28,臺中市,太平區,0,2,0,7,3,6,50,4,1,1,5,4,6,6,1,1,10,5,5,2,11,2,7,2,1,C03,7,9,1,10,2,14,,39,39,1,12,4,120.719889,24.156279,2
8769,66000,387130000C,(04)23274275,(04)23288582,2025,2,23,11,29,臺中市,潭子區,0,0,0,7,,,50,,,,,,,,,,,,,,13,,,,,B03,,,1,,9,,,51,51,1,13,4,120.700715,24.214042,3
8770,66000,387130000C,(04)23274275,(04)23288582,2025,2,23,11,30,臺中市,沙鹿區,0,0,0,7,,,50,,,,,,,,,,,,,,13,,,,,B03,,,1,,2,,,7,7,1,13,4,120.570943,24.216083,3
8771,66000,387130000C,(04)23274275,(04)23288582,2025,2,23,11,31,臺中市,東區,0,1,0,7,2,6,50,13,9,1,5,4,6,6,4,4,9,4,5,2,17,2,9,1,1,C03,7,9,1,10,2,11,,7,7,1,12,4,120.69422,24.14155,2
8772,66000,387130000C,(04)23274275,(04)23288582,2025,2,23,11,32,臺中市,南屯區,0,0,0,7,3,6,40,13,7,1,5,4,6,6,4,4,9,5,4,2,12,,,,,B03,,,1,,1,,,76,76,1,12,4,120.63704,24.143863,3
8773,66000,387130000C,(04)23274275,(04)23288582,2025,2,23,11,38,臺中市,北屯區,0,1,0,7,2,6,50,4,1,1,5,4,6,6,4,4,10,5,5,2,15,3,10,3,1,B03,7,9,1,8,2,5,,12,12,1,12,4,120.684589,24.170913,2
8774,66000,387130000C,(04)23274275,(04)23288582,2025,2,23,11,41,臺中市,豐原區,0,0,0,6,2,6,50,4,2,1,4,4,6,6,4,4,5,5,4,2,17,3,10,3,1,B12,7,15,1,8,2,3,,76,76,1,12,4,120.716531,24.253101,3
8775,66000,387130000C,(04)23274275,(04)23288582,2025,2,23,11,44,臺中市,南屯區,0,0,0,7,,,50,,,,,,,,,,,,,,,,,,,B03,,,1,,1,,,7,7,1,13,4,120.622398,24.150091,3
8776,66000,387130000C,(04)23274275,(04)23288582,2025,2,23,11,47,臺中市,北屯區,0,0,0,6,,,50,,,,,,,,,,,,,,13,,,,,B03,,,1,,1,,,7,7,1,12,4,120.686027,24.172138,3
8777,66000,387130000C,(04)23274275,(04)23288582,2025,2,23,11,50,臺中市,沙鹿區,0,1,0,7,2,6,50,13,9,1,5,4,6,6,4,4,5,5,5,2,18,2,9,1,1,C03,7,9,1,10,2,14,,84,84,1,13,4,120.565191,24.236632,2
8778,66000,387130000C,(04)23274275,(04)23288582,2025,2,23,11,55,臺中市,沙鹿區,0,1,0,6,2,6,30,4,2,1,5,4,6,6,4,4,10,5,5,1,17,2,9,5,4,C03,7,9,1,10,2,14,,20,20,1,13,4,120.550037,24.217077,2
8779,66000,387130000C,(04)23274275,(04)23288582,2025,2,23,11,58,臺中市,南屯區,0,1,0,6,3,6,50,13,9,1,5,4,6,6,1,1,5,5,4,2,12,2,9,1,1,C03,7,9,1,10,2,11,,84,84,1,12,4,120.610345,24.13447,2
8780,66000,387130000C,(04)23274275,(04)23288582,2025,2,23,11,59,臺中市,外埔區,0,1,0,5,3,6,50,3,1,1,4,4,6,6,4,4,10,5,5,2,16,2,9,1,1,C04,7,6,1,10,2,12,11,14,14,1,12,4,120.636566,24.343205,2
8781,66000,387130000C,(04)23274275,(04)23288582,2025,2,23,12,4,臺中市,霧峰區,0,0,0,7,,,40,,,,,,,,,,,,,,17,,,,,C03,,,1,,2,,,78,78,1,12,4,120.698837,24.06461,3
8782,66000,387130000C,(04)23274275,(04)23288582,2025,2,23,12,13,臺中市,南屯區,0,2,0,6,2,6,50,3,1,1,5,4,6,6,4,4,10,5,5,2,17,2,9,2,4,C03,7,11,1,10,2,12,14,46,46,1,13,4,120.610682,24.144844,2
8783,66000,387130000C,(04)23274275,(04)23288582,2025,2,23,12,15,臺中市,北區,0,0,0,7,,,50,,,,,,,,,,,,,,17,,,,,B03,,,1,,1,,,49,49,1,13,4,120.680372,24.152277,3
8784,66000,387130000C,(04)23274275,(04)23288582,2025,2,23,12,18,臺中市,大里區,0,1,0,7,2,6,50,4,1,1,5,4,6,6,1,1,3,4,4,1,16,3,10,5,4,B03,7,5,1,8,2,5,,11,11,1,12,4,120.688867,24.079818,2
8785,66000,387130000C,(04)23274275,(04)23288582,2025,2,23,12,20,臺中市,南區,0,1,0,6,3,6,50,13,9,1,5,4,6,6,4,4,5,4,5,2,18,2,9,2,1,C03,7,9,1,10,2,14,,82,82,1,13,4,120.682658,24.134896,2
8786,66000,387130000C,(04)23274275,(04)23288582,2025,2,23,12,20,臺中市,南屯區,0,2,0,7,1,6,50,3,2,1,5,4,6,6,4,4,5,4,5,2,17,2,5,1,1,C03,7,1,1,10,2,14,,39,39,1,6,4,120.639185,24.146796,2
8787,66000,387130000C,(04)23274275,(04)23288582,2025,2,23,12,20,臺中市,北屯區,0,2,0,7,3,6,50,13,7,1,5,4,6,6,4,4,2,4,4,2,13,3,10,3,1,B03,7,9,1,8,2,5,,84,84,1,12,4,120.691846,24.162644,2
8788,66000,387130000C,(04)23274275,(04)23288582,2025,2,23,12,22,臺中市,大里區,0,2,0,7,2,6,50,4,1,1,5,4,6,6,1,1,10,5,5,2,12,3,10,3,1,B03,7,9,1,8,2,2,,8,8,1,12,4,120.689973,24.110031,2
8789,66000,387130000C,(04)23274275,(04)23288582,2025,2,23,12,29,臺中市,北區,0,0,0,7,,,30,,,,,,,,,,,,,,17,,,,,B03,,,7,,10,,,85,85,1,13,4,120.693113,24.16067,3
8790,66000,387130000C,(04)23274275,(04)23288582,2025,2,23,12,30,臺中市,北屯區,0,1,0,7,3,6,50,4,1,1,5,4,6,6,1,1,1,4,4,2,13,2,9,2,1,C03,7,9,1,10,2,11,,7,7,1,13,4,120.668703,24.178238,2
8791,66000,387130000C,(04)23274275,(04)23288582,2025,2,23,12,30,臺中市,梧棲區,0,1,0,6,2,6,30,3,1,1,5,4,6,6,4,4,10,5,5,2,11,3,10,3,1,B03,7,6,1,8,2,8,,41,41,1,6,4,120.547323,24.228568,2
8792,66000,387130000C,(04)23274275,(04)23288582,2025,2,23,12,31,臺中市,南區,0,1,0,7,2,6,50,4,1,1,5,4,6,6,4,4,10,5,5,2,15,2,8,2,1,C03,7,9,1,10,2,11,,15,15,1,12,4,120.673093,24.127404,2
8793,66000,387130000C,(04)23274275,(04)23288582,2025,2,23,12,38,臺中市,太平區,0,4,0,7,3,6,40,5,1,1,5,4,6,6,1,1,10,5,5,2,17,2,9,1,1,C03,7,9,3,19,2,14,,39,39,1,12,4,120.714678,24.110385,2
8794,66000,387130000C,(04)23274275,(04)23288582,2025,2,23,12,40,臺中市,東區,0,0,0,7,,,50,,,,,,,,,,,,,,17,,,,,B12,,,1,,1,,,68,68,1,12,4,120.70689,24.148373,3
8795,66000,387130000C,(04)23274275,(04)23288582,2025,2,23,12,55,臺中市,梧棲區,0,2,0,7,3,6,50,3,1,1,5,4,6,6,4,4,10,5,5,2,16,2,9,1,1,C03,7,4,1,10,2,12,,59,59,1,6,4,120.537438,24.244837,2
8796,66000,387130000C,(04)23274275,(04)23288582,2025,2,23,12,58,臺中市,清水區,0,1,0,7,3,6,30,3,1,1,5,4,6,6,4,4,10,5,5,2,17,3,10,3,1,B03,7,6,1,8,2,1,,14,14,1,12,4,120.582634,24.291917,2
8797,66000,387130000C,(04)23274275,(04)23288582,2025,2,23,13,0,臺中市,大雅區,0,0,0,7,,,70,,,,,,,,,,,,,,,,,,,B03,,,1,,1,,,84,84,1,13,4,120.629575,24.241426,3
8798,66000,387130000C,(04)23274275,(04)23288582,2025,2,23,13,9,臺中市,南區,0,2,0,6,3,6,50,4,1,1,5,4,6,6,4,4,10,5,5,2,15,3,10,3,1,B03,7,9,3,19,2,5,,15,15,1,13,4,120.659494,24.125044,2
8799,66000,387130000C,(04)23274275,(04)23288582,2025,2,23,13,10,臺中市,北屯區,0,1,0,7,1,6,30,13,9,1,5,4,6,6,4,4,7,5,5,2,17,2,1,5,4,B03,7,9,1,7,8,1,,53,53,1,12,4,120.701456,24.169198,2
8800,66000,387130000C,(04)23274275,(04)23288582,2025,2,23,13,11,臺中市,北區,0,0,0,7,3,9,50,18,24,1,5,4,6,6,4,4,10,5,5,2,17,,,,,B03,,,1,,2,,,49,49,1,13,4,120.663668,24.160571,3
8801,66000,387130000C,(04)23274275,(04)23288582,2025,2,23,13,18,臺中市,西區,0,0,0,7,,,50,,,,,,,,,,,,,,,,,,,B12,,,1,,1,,,49,49,1,12,4,120.667849,24.14329,3
8802,66000,387130000C,(04)23274275,(04)23288582,2025,2,23,13,20,臺中市,東區,0,1,0,7,1,6,50,3,1,1,5,4,6,6,1,1,10,5,5,2,13,3,10,1,1,C03,7,9,1,10,2,11,,84,84,1,12,4,120.693742,24.139979,2
8803,66000,387130000C,(04)23274275,(04)23288582,2025,2,23,13,35,臺中市,北區,0,1,0,7,2,6,50,4,2,1,5,4,6,6,1,1,5,4,5,2,17,3,10,5,1,C03,7,5,1,10,2,13,,20,20,1,13,4,120.686168,24.146477,2