序號,縣市別代碼,機關代碼,市話,傳真,年,月,日,時,分,縣市,區,死亡數量,受傷數量,2-30,天候,道路照明設備,道路類別,道路速限,道路型態,事故位置,路面鋪裝,路面狀態,路面缺陷,障礙物,視距,號誌種類,號誌動作,分向設施,快車道或一般車道間,快慢車道間,路面邊線,事故類型及型態,受傷程度,主要傷處,保護裝備,行動電話或功能裝置,當事者區分(類別),車輛用途,當事者行動狀態,駕照狀態,駕照種類,飲酒情形,車輛撞擊部位最初,車輛撞擊部位其他,肇事因素個別,肇事因素主要,肇事逃逸,職業,共享經濟或外送平台,GPS座標X,GPS座標Y,事故類別
8916,66000,387130000C,(04)23274275,(04)23288582,2025,2,23,19,42,臺中市,北屯區,0,2,0,7,2,6,50,4,1,1,5,4,6,6,1,1,10,5,5,2,17,2,9,1,1,C03,7,4,1,10,2,13,,84,84,1,12,4,120.697745,24.170349,2
8917,66000,387130000C,(04)23274275,(04)23288582,2025,2,23,19,43,臺中市,沙鹿區,0,0,0,7,,,40,,,,,,,,,,,,,,17,,,,,C03,,,1,,2,,,84,84,1,6,4,120.579189,24.218246,3
8918,66000,387130000C,(04)23274275,(04)23288582,2025,2,23,19,49,臺中市,西屯區,0,0,0,7,,,60,,,,,,,,,,,,,,17,,,,,B03,,,1,,1,,,8,8,1,12,4,120.630765,24.162551,3
8919,66000,387130000C,(04)23274275,(04)23288582,2025,2,23,19,50,臺中市,潭子區,0,2,0,6,1,6,50,4,1,1,5,4,6,6,3,1,5,4,5,1,17,2,9,1,1,C03,7,6,1,10,2,11,,24,24,1,12,4,120.688513,24.22537,2
8920,66000,387130000C,(04)23274275,(04)23288582,2025,2,23,19,55,臺中市,沙鹿區,0,1,0,6,1,6,40,13,14,1,5,4,6,6,4,4,1,4,4,2,13,2,9,1,1,C03,7,9,1,9,2,11,,6,6,1,12,4,120.565096,24.232676,2
8921,66000,387130000C,(04)23274275,(04)23288582,2025,2,23,20,14,臺中市,北區,0,1,0,7,1,6,50,13,9,1,5,4,1,4,4,4,2,4,5,2,18,2,9,1,1,C03,7,9,1,10,2,12,14,58,58,1,13,4,120.684855,24.159941,2
8922,66000,387130000C,(04)23274275,(04)23288582,2025,2,23,20,19,臺中市,西屯區,0,0,0,7,,,50,,,,,,,,,,,,,,12,,,,,C03,,,1,,2,,,40,40,1,12,4,120.662174,24.165707,3
8923,66000,387130000C,(04)23274275,(04)23288582,2025,2,23,20,19,臺中市,沙鹿區,0,0,0,7,,,50,,,,,,,,,,,,,,16,,,,,C03,,,1,,2,,,14,14,1,6,4,120.557228,24.23337,3
8924,66000,387130000C,(04)23274275,(04)23288582,2025,2,23,20,20,臺中市,南屯區,0,0,0,7,1,6,40,13,8,1,5,4,6,6,4,4,5,5,4,2,12,,,,,B03,,,1,,2,,,50,50,1,12,4,120.610209,24.135934,3
8925,66000,387130000C,(04)23274275,(04)23288582,2025,2,23,20,29,臺中市,石岡區,0,1,0,7,1,6,70,3,1,1,5,4,6,6,1,1,1,5,5,1,15,3,10,5,4,B03,7,9,1,8,2,1,,21,21,1,13,4,120.784737,24.274617,2
8926,66000,387130000C,(04)23274275,(04)23288582,2025,2,23,20,30,臺中市,太平區,0,0,0,7,,,50,,,,,,,,,,,,,,17,,,,,A12,,,1,,9,,,84,84,1,12,4,120.722798,24.121897,3
8927,66000,387130000C,(04)23274275,(04)23288582,2025,2,23,20,42,臺中市,豐原區,0,0,0,7,,,50,,,,,,,,,,,,,,17,,,,,B03,,,1,,2,,,50,50,1,12,4,120.720286,24.263768,3
8928,66000,387130000C,(04)23274275,(04)23288582,2025,2,23,20,49,臺中市,烏日區,0,0,0,7,,,30,,,,,,,,,,,,,,15,,,,,B03,,,1,,2,,,20,20,1,6,4,120.642025,24.103199,3
8929,66000,387130000C,(04)23274275,(04)23288582,2025,2,23,20,51,臺中市,東區,0,0,0,7,,,50,,,,,,,,,,,,,,,,,,,B03,,,1,,1,,,40,40,1,12,4,120.686706,24.136653,3
8930,66000,387130000C,(04)23274275,(04)23288582,2025,2,23,20,51,臺中市,大里區,0,0,0,7,,,50,,,,,,,,,,,,,,11,,,,,B02,,,1,,1,,,84,84,1,12,4,120.684432,24.111925,3
8931,66000,387130000C,(04)23274275,(04)23288582,2025,2,23,20,55,臺中市,南區,0,1,0,7,1,6,50,4,2,1,5,4,6,6,4,4,10,5,5,2,12,3,10,3,1,B03,7,1,1,8,2,8,,51,51,1,12,4,120.653384,24.123544,2
8932,66000,387130000C,(04)23274275,(04)23288582,2025,2,23,21,0,臺中市,西屯區,0,0,0,7,,,50,,,,,,,,,,,,,,12,,,,,B03,,,1,,2,,,59,59,1,13,4,120.607011,24.194123,3
8933,66000,387130000C,(04)23274275,(04)23288582,2025,2,23,21,1,臺中市,北屯區,0,0,0,7,,,50,,,,,,,,,,,,,,12,,,,,B03,,,1,8,1,,,84,84,1,6,4,120.706565,24.167914,3
8934,66000,387130000C,(04)23274275,(04)23288582,2025,2,23,21,11,臺中市,北屯區,0,0,0,7,,,50,,,,,,,,,,,,,,14,,,,,B03,,,1,,1,,,49,49,1,12,4,120.667029,24.180064,3
8935,66000,387130000C,(04)23274275,(04)23288582,2025,2,23,21,18,臺中市,西屯區,0,0,0,7,,,50,,,,,,,,,,,,,,17,,,,,B03,,,1,,2,,,59,59,1,12,4,120.632516,24.182843,3
8936,66000,387130000C,(04)23274275,(04)23288582,2025,2,23,21,38,臺中市,西區,0,0,0,7,,,40,,,,,,,,,,,,,,,,,,,B03,,,1,,1,,,84,84,1,6,4,120.659894,24.158815,3
8937,66000,387130000C,(04)23274275,(04)23288582,2025,2,23,22,0,臺中市,北屯區,0,0,0,7,,,30,,,,,,,,,,,,,,15,,,,,B03,,,1,,1,,,24,24,1,6,4,120.67915,24.178237,3
8938,66000,387130000C,(04)23274275,(04)23288582,2025,2,23,22,19,臺中市,太平區,0,1,0,7,1,6,40,3,8,1,5,4,6,6,1,1,5,5,4,2,16,3,10,1,1,C03,7,1,1,10,2,13,,84,84,1,12,4,120.702327,24.147991,2
8939,66000,387130000C,(04)23274275,(04)23288582,2025,2,23,22,38,臺中市,西屯區,0,1,0,7,1,6,50,13,9,1,5,4,6,6,4,4,3,4,5,2,17,3,10,3,1,B02,7,3,1,8,2,16,,50,50,1,13,4,120.65029,24.166966,2
8940,66000,387130000C,(04)23274275,(04)23288582,2025,2,23,23,25,臺中市,南區,0,1,0,7,1,6,50,13,8,1,5,4,6,6,4,4,9,4,4,2,11,3,10,3,1,B03,7,11,1,8,2,5,,45,45,1,6,4,120.654451,24.122678,2
8941,66000,387130000C,(04)23274275,(04)23288582,2025,2,23,23,26,臺中市,霧峰區,0,0,0,7,,,30,,,,,,,,,,,,,,17,,,,,B03,,,1,7,2,,,84,84,1,13,4,120.713634,24.080106,3
8942,66000,387130000C,(04)23274275,(04)23288582,2025,2,24,0,18,臺中市,東區,0,0,0,7,,,50,,,,,,,,,,,,,,13,,,,,B03,,,1,,1,,,56,56,1,6,4,120.694457,24.147985,3
8943,66000,387130000C,(04)23274275,(04)23288582,2025,2,24,0,40,臺中市,東區,0,2,0,7,1,6,50,4,1,1,5,4,6,6,3,1,10,5,5,2,12,2,9,2,1,C03,7,5,1,9,2,11,,24,24,1,13,4,120.692473,24.149457,2
8944,66000,387130000C,(04)23274275,(04)23288582,2025,2,24,1,23,臺中市,西屯區,0,0,0,7,,,40,,,,,,,,,,,,,,17,,,,,B03,,,1,,11,,,51,51,1,13,4,120.666266,24.17017,3
8945,66000,387130000C,(04)23274275,(04)23288582,2025,2,24,1,33,臺中市,中區,0,1,0,7,1,6,50,4,2,1,5,4,6,6,1,1,5,4,4,2,13,3,10,3,1,B03,7,9,1,8,2,1,,84,84,1,13,4,120.680864,24.145425,2
8946,66000,387130000C,(04)23274275,(04)23288582,2025,2,24,1,41,臺中市,北區,0,0,0,7,,,50,,,,,,,,,,,,,,17,,,,,C03,,,1,,1,,,84,84,1,13,4,120.672207,24.16678,3
8947,66000,387130000C,(04)23274275,(04)23288582,2025,2,24,1,53,臺中市,南屯區,0,2,0,7,1,6,50,3,7,1,5,4,6,6,4,4,1,4,4,2,12,2,9,5,4,C02,7,8,1,9,2,14,,40,40,1,13,4,120.623977,24.145183,2
8948,66000,387130000C,(04)23274275,(04)23288582,2025,2,24,2,21,臺中市,西屯區,0,1,0,7,3,6,50,13,8,1,4,4,6,6,4,4,1,3,1,2,16,3,10,3,1,B01,7,11,1,8,2,8,,45,45,1,12,4,120.643625,24.170727,2
8949,66000,387130000C,(04)23274275,(04)23288582,2025,2,24,2,40,臺中市,龍井區,0,1,0,7,1,6,40,13,8,1,5,4,6,4,4,4,1,5,3,1,29,2,9,2,1,C03,7,9,1,10,2,11,,6,6,1,6,4,120.532097,24.221053,2
8950,66000,387130000C,(04)23274275,(04)23288582,2025,2,24,3,50,臺中市,烏日區,0,0,0,7,,,50,,,,,,,,,,,,,,9,,,,,B03,,,1,,2,,,87,87,1,6,4,120.650614,24.108716,4
8951,66000,387130000C,(04)23274275,(04)23288582,2025,2,24,4,47,臺中市,北屯區,0,0,0,7,,,80,,,,,,,,,,,,,,12,,,,,B03,,,1,,1,,,59,59,1,6,4,120.720975,24.177284,3
8952,66000,387130000C,(04)23274275,(04)23288582,2025,2,24,4,54,臺中市,梧棲區,0,1,0,7,1,6,50,13,9,1,5,4,6,6,4,4,5,4,5,1,18,2,9,1,1,C03,7,9,5,19,5,11,,53,53,1,12,4,120.536183,24.225424,2
8953,66000,387130000C,(04)23274275,(04)23288582,2025,2,24,5,23,臺中市,西屯區,0,0,0,7,,,50,,,,,,,,,,,,,,13,,,,,C03,,,1,,2,,,7,7,1,13,4,120.656865,24.16698,3
8954,66000,387130000C,(04)23274275,(04)23288582,2025,2,24,5,29,臺中市,北區,0,1,0,7,1,6,50,4,19,1,5,4,6,6,1,1,5,4,5,2,3,3,10,3,1,B03,7,9,5,8,2,1,,84,84,1,12,4,120.681845,24.144585,2
8955,66000,387130000C,(04)23274275,(04)23288582,2025,2,24,5,35,臺中市,清水區,0,0,0,7,,,50,,,,,,,,,,,,,,,,,,,B03,,,1,,2,,,12,12,1,12,4,120.577786,24.271173,3
8956,66000,387130000C,(04)23274275,(04)23288582,2025,2,24,6,44,臺中市,北屯區,0,2,0,6,2,6,50,13,7,1,5,4,6,6,4,4,5,5,4,2,13,2,9,1,1,C01,7,9,1,9,2,12,,7,7,1,6,4,120.679164,24.176773,2
8957,66000,387130000C,(04)23274275,(04)23288582,2025,2,24,6,49,臺中市,神岡區,0,1,0,7,2,6,50,3,19,1,5,4,6,6,1,1,10,5,5,2,3,3,10,5,4,B03,7,6,1,8,2,1,,10,10,1,12,4,120.658911,24.263294,2
8958,66000,387130000C,(04)23274275,(04)23288582,2025,2,24,6,51,臺中市,西區,0,1,0,7,3,6,50,4,1,1,5,4,6,6,1,1,10,5,5,2,12,3,10,3,1,B03,7,9,1,8,2,4,,84,84,1,6,4,120.668285,24.142527,2
8959,66000,387130000C,(04)23274275,(04)23288582,2025,2,24,7,12,臺中市,豐原區,0,1,0,6,2,6,30,13,9,1,5,4,6,6,4,4,10,5,5,2,12,2,9,6,1,F01,7,9,7,21,2,12,,8,8,1,13,4,120.708309,24.243751,2
8960,66000,387130000C,(04)23274275,(04)23288582,2025,2,24,7,17,臺中市,西屯區,0,0,0,7,,,50,,,,,,,,,,,,,,,,,,,C03,,,1,,1,,,8,8,1,12,4,120.612506,24.171816,3
8961,66000,387130000C,(04)23274275,(04)23288582,2025,2,24,7,20,臺中市,大雅區,0,1,0,6,2,6,40,3,1,1,5,4,6,6,4,4,10,4,5,1,17,2,9,1,1,C03,7,9,1,10,2,11,,7,7,1,12,4,120.632046,24.24057,2
8962,66000,387130000C,(04)23274275,(04)23288582,2025,2,24,7,21,臺中市,北區,0,1,0,7,2,6,50,3,9,1,5,4,6,6,4,4,5,5,5,2,14,3,10,3,1,B03,7,2,1,8,2,3,,49,49,1,12,4,120.666483,24.160943,2
8963,66000,387130000C,(04)23274275,(04)23288582,2025,2,24,7,22,臺中市,豐原區,0,2,0,6,2,6,50,3,9,1,5,4,6,6,2,1,1,2,5,1,12,2,9,1,1,C03,7,5,1,10,2,13,,22,22,1,12,4,120.720066,24.262745,2
8964,66000,387130000C,(04)23274275,(04)23288582,2025,2,24,7,25,臺中市,大肚區,0,2,0,7,2,6,30,4,1,1,5,4,6,6,4,4,10,5,5,2,15,2,7,2,1,C03,7,9,1,10,2,11,,15,15,1,6,4,120.579489,24.172832,2
8965,66000,387130000C,(04)23274275,(04)23288582,2025,2,24,7,27,臺中市,梧棲區,0,1,0,7,3,6,50,4,1,1,5,4,6,6,1,1,10,5,5,2,16,3,10,3,1,B03,7,5,1,8,2,2,,11,11,1,6,4,120.539285,24.244827,2
8966,66000,387130000C,(04)23274275,(04)23288582,2025,2,24,7,28,臺中市,南屯區,0,0,0,7,,,50,,,,,,,,,,,,,,17,,,,,B03,,,1,,1,,,84,84,1,12,4,120.640688,24.151011,3
8967,66000,387130000C,(04)23274275,(04)23288582,2025,2,24,7,30,臺中市,大雅區,0,0,0,7,,,60,,,,,,,,,,,,,,,,,,,B03,,,1,,1,,,84,84,1,13,4,120.63109,24.205352,3
8968,66000,387130000C,(04)23274275,(04)23288582,2025,2,24,7,30,臺中市,大雅區,0,0,0,7,,,50,,,,,,,,,,,,,,,,,,,B03,,,1,,2,,,39,39,1,12,4,120.654968,24.219258,3
8969,66000,387130000C,(04)23274275,(04)23288582,2025,2,24,7,30,臺中市,北區,0,2,0,7,2,6,30,4,1,1,5,4,6,6,4,4,5,5,5,2,17,2,9,5,1,C03,7,9,1,10,2,11,,15,15,1,13,4,120.669803,24.161811,2
8970,66000,387130000C,(04)23274275,(04)23288582,2025,2,24,7,30,臺中市,南屯區,0,1,0,7,3,6,50,3,9,1,5,4,6,6,4,4,3,4,5,2,17,2,9,1,1,C03,7,6,1,10,2,14,,12,12,1,12,4,120.614876,24.153539,2
8971,66000,387130000C,(04)23274275,(04)23288582,2025,2,24,7,31,臺中市,梧棲區,0,0,0,7,,,50,,,,,,,,,,,,,,16,,,,,C03,,,1,,2,,,59,59,1,6,4,120.527803,24.243869,3
8972,66000,387130000C,(04)23274275,(04)23288582,2025,2,24,7,33,臺中市,潭子區,0,1,0,7,2,6,30,11,9,1,5,4,6,6,4,4,10,5,5,2,11,3,10,1,1,C03,7,9,1,10,2,11,,41,41,1,13,4,120.690776,24.21734,2
8973,66000,387130000C,(04)23274275,(04)23288582,2025,2,24,7,34,臺中市,大雅區,0,0,0,7,,,,,,,,,,,,,,,,,,,,,,,,,,,,,,109,109,1,,,120.625272,24.231262,3
8974,66000,387130000C,(04)23274275,(04)23288582,2025,2,24,7,36,臺中市,西區,0,1,0,7,2,6,50,4,1,1,5,4,6,6,2,1,10,5,5,2,17,3,10,3,1,B03,7,6,1,8,2,1,,11,11,1,12,4,120.67358,24.140607,2
8975,66000,387130000C,(04)23274275,(04)23288582,2025,2,24,7,40,臺中市,潭子區,0,2,0,6,2,6,40,11,9,1,5,4,6,6,4,4,10,5,5,2,3,2,8,2,1,C03,7,9,1,10,2,15,,58,58,1,12,4,120.70139,24.223889,2
8976,66000,387130000C,(04)23274275,(04)23288582,2025,2,24,7,40,臺中市,南屯區,0,1,0,7,2,6,50,13,9,1,5,4,6,6,4,4,5,5,5,2,17,3,10,3,1,B12,7,11,1,8,2,4,,45,45,1,13,4,120.651285,24.154311,2
8977,66000,387130000C,(04)23274275,(04)23288582,2025,2,24,7,40,臺中市,北屯區,0,1,0,7,1,6,50,4,1,1,5,4,6,6,4,4,10,5,5,2,17,3,10,5,4,B03,7,5,1,8,2,2,,38,38,1,13,4,120.676675,24.177359,2
8978,66000,387130000C,(04)23274275,(04)23288582,2025,2,24,7,42,臺中市,北區,0,1,0,6,2,6,50,4,4,1,5,4,6,6,1,1,10,5,5,2,13,2,9,5,4,C03,7,12,1,10,2,11,,7,7,1,13,4,120.677156,24.150952,2
8979,66000,387130000C,(04)23274275,(04)23288582,2025,2,24,7,42,臺中市,南屯區,0,0,0,7,,,50,,,,,,,,,,,,,,13,,,,,B03,,,3,,2,,,84,84,1,13,4,120.612045,24.149624,3
8980,66000,387130000C,(04)23274275,(04)23288582,2025,2,24,7,43,臺中市,南區,0,2,0,7,3,6,50,4,1,1,5,4,6,6,2,1,10,5,5,2,30,2,9,2,1,C03,7,9,1,10,2,12,,84,84,1,13,4,120.657348,24.13381,2
8981,66000,387130000C,(04)23274275,(04)23288582,2025,2,24,7,44,臺中市,豐原區,0,0,0,7,,,50,,,,,,,,,,,,,,13,,,,,C03,,,1,,2,,,7,7,1,6,4,120.74127,24.255646,4
8982,66000,387130000C,(04)23274275,(04)23288582,2025,2,24,7,45,臺中市,沙鹿區,0,1,0,6,2,6,50,4,1,1,5,4,6,6,1,1,10,5,5,2,17,3,10,3,1,B03,7,1,1,8,2,1,,84,84,1,12,4,120.568814,24.223568,2
8983,66000,387130000C,(04)23274275,(04)23288582,2025,2,24,7,45,臺中市,清水區,0,2,0,7,2,6,50,3,8,1,5,4,6,6,4,4,8,3,4,2,12,3,10,3,1,B12,7,5,1,8,2,5,,14,14,1,12,4,120.608102,24.27052,2
8984,66000,387130000C,(04)23274275,(04)23288582,2025,2,24,7,46,臺中市,北屯區,0,2,0,7,2,6,50,13,9,1,5,4,6,6,4,4,4,3,4,2,16,2,9,2,1,C03,7,8,1,10,2,14,,40,40,1,13,4,120.69426,24.173388,2
8985,66000,387130000C,(04)23274275,(04)23288582,2025,2,24,7,48,臺中市,南區,0,1,0,7,2,6,40,4,1,1,5,4,6,6,2,1,10,5,5,2,17,3,10,2,1,C03,7,15,1,10,2,13,,84,84,1,12,4,120.679127,24.127172,2
8986,66000,387130000C,(04)23274275,(04)23288582,2025,2,24,7,49,臺中市,南屯區,0,2,0,6,2,6,50,13,8,1,5,4,6,6,3,1,1,3,5,2,13,2,8,2,4,C03,7,9,1,10,2,11,14,7,7,1,13,4,120.62323,24.140453,2
8987,66000,387130000C,(04)23274275,(04)23288582,2025,2,24,7,50,臺中市,南區,0,0,0,7,,,50,,,,,,,,,,,,,,13,,,,,B03,,,1,,2,,,7,7,1,13,4,120.667417,24.119097,3
8988,66000,387130000C,(04)23274275,(04)23288582,2025,2,24,7,50,臺中市,豐原區,0,1,0,6,2,6,30,13,9,1,5,4,6,6,4,4,10,5,4,2,11,3,10,1,1,C03,7,9,1,10,2,11,,41,41,1,5,4,120.724556,24.266449,2
8989,66000,387130000C,(04)23274275,(04)23288582,2025,2,24,7,52,臺中市,北區,0,0,0,7,,,40,,,,,,,,,,,,,,13,,,,,C03,,,1,,2,,,84,84,1,12,4,120.672674,24.168118,3
8990,66000,387130000C,(04)23274275,(04)23288582,2025,2,24,7,54,臺中市,西屯區,0,2,0,7,2,6,50,3,1,1,5,4,6,6,4,4,10,5,5,2,11,2,8,1,4,C03,7,11,1,10,2,13,12,14,14,1,12,4,120.63398,24.16248,2
8991,66000,387130000C,(04)23274275,(04)23288582,2025,2,24,7,54,臺中市,大里區,0,2,0,7,3,6,50,5,1,1,5,4,6,6,1,1,10,5,5,2,16,3,10,3,1,B03,7,5,1,8,2,2,,11,11,1,13,4,120.699495,24.085326,2
8992,66000,387130000C,(04)23274275,(04)23288582,2025,2,24,7,54,臺中市,大肚區,0,1,0,7,2,6,50,13,9,1,5,4,6,6,4,4,9,5,5,1,12,3,10,3,1,B03,7,7,1,8,2,5,,84,84,1,6,4,120.578937,24.168403,2
8993,66000,387130000C,(04)23274275,(04)23288582,2025,2,24,7,55,臺中市,大雅區,0,0,0,7,,,50,,,,,,,,,,,,,,,,,,,C03,,,1,,2,,,7,7,1,13,4,120.64685,24.226234,3
8994,66000,387130000C,(04)23274275,(04)23288582,2025,2,24,7,55,臺中市,烏日區,0,0,0,7,,,70,,,,,,,,,,,,,,,,,,,B12,,,1,,2,,,40,40,1,6,4,120.599745,24.111184,3
8995,66000,387130000C,(04)23274275,(04)23288582,2025,2,24,7,55,臺中市,梧棲區,0,0,0,7,,,40,,,,,,,,,,,,,,13,,,,,B03,,,1,,1,,,7,7,1,6,4,120.537137,24.251221,3
8996,66000,387130000C,(04)23274275,(04)23288582,2025,2,24,7,57,臺中市,南區,0,0,0,7,,,50,,,,,,,,,,,,,,17,,,,,C03,,,5,,1,,,7,7,1,12,4,120.673597,24.125668,3
8997,66000,387130000C,(04)23274275,(04)23288582,2025,2,24,8,0,臺中市,大雅區,0,1,0,6,2,6,40,5,2,1,5,4,6,6,1,1,10,4,4,1,18,2,9,1,1,C03,7,9,1,10,2,12,,84,84,1,12,4,120.648913,24.218033,2
8998,66000,387130000C,(04)23274275,(04)23288582,2025,2,24,8,0,臺中市,西區,0,1,0,7,2,6,50,5,1,1,5,4,6,6,1,1,10,5,5,2,16,2,8,2,1,C03,7,15,1,10,2,14,,21,21,1,12,4,120.669801,24.150724,2
8999,66000,387130000C,(04)23274275,(04)23288582,2025,2,24,8,5,臺中市,西屯區,0,0,0,7,,,60,,,,,,,,,,,,,,13,,,,,B03,,,1,,1,,,84,84,1,13,4,120.657655,24.158401,3
9000,66000,387130000C,(04)23274275,(04)23288582,2025,2,24,8,5,臺中市,大安區,0,2,0,1,2,6,50,4,1,1,5,4,6,6,3,3,10,5,5,2,15,2,9,3,1,B12,7,9,1,1,2,1,,15,15,1,6,4,120.605574,24.388329,2
9001,66000,387130000C,(04)23274275,(04)23288582,2025,2,24,8,6,臺中市,西屯區,0,1,0,7,2,6,50,11,9,1,5,4,6,6,4,4,1,4,5,2,12,3,10,5,4,B03,7,9,1,8,2,2,,8,8,1,13,4,120.654393,24.184681,2
9002,66000,387130000C,(04)23274275,(04)23288582,2025,2,24,8,7,臺中市,南屯區,0,1,0,7,3,6,50,13,9,1,5,4,6,6,4,4,10,5,5,2,18,2,9,1,1,C03,7,9,1,10,2,14,,59,59,1,12,4,120.61821,24.154169,2
9003,66000,387130000C,(04)23274275,(04)23288582,2025,2,24,8,7,臺中市,沙鹿區,0,0,0,7,,,50,,,,,,,,,,,,,,17,,,,,B03,,,1,,2,,,76,76,1,13,4,120.566028,24.250622,3
9004,66000,387130000C,(04)23274275,(04)23288582,2025,2,24,8,9,臺中市,豐原區,0,1,0,6,2,6,50,13,9,1,5,4,6,6,4,4,1,4,4,1,12,3,10,3,1,B03,7,1,1,8,2,7,,51,51,1,12,4,120.743848,24.264336,2
9005,66000,387130000C,(04)23274275,(04)23288582,2025,2,24,8,10,臺中市,南屯區,0,1,0,7,3,6,50,4,1,1,5,4,6,6,1,1,5,5,4,2,16,3,10,3,1,B03,7,6,1,8,2,6,,11,11,1,12,4,120.610334,24.135676,2
9006,66000,387130000C,(04)23274275,(04)23288582,2025,2,24,8,10,臺中市,北屯區,0,1,0,7,2,6,50,4,1,1,5,4,6,6,1,1,10,5,5,2,16,3,10,5,4,B03,7,5,1,8,2,2,,20,20,1,12,4,120.7175,24.175504,2
9007,66000,387130000C,(04)23274275,(04)23288582,2025,2,24,8,10,臺中市,西屯區,0,0,0,7,,,80,,,,,,,,,,,,,,13,,,,,B12,,,1,,1,,,7,7,1,12,4,120.634948,24.179291,3
9008,66000,387130000C,(04)23274275,(04)23288582,2025,2,24,8,10,臺中市,沙鹿區,0,0,0,7,2,6,50,4,9,1,5,4,6,6,1,1,1,3,4,2,13,,,,,B03,,,1,,2,,,7,7,1,12,4,120.570432,24.213768,3
9009,66000,387130000C,(04)23274275,(04)23288582,2025,2,24,8,12,臺中市,大肚區,0,1,0,7,2,6,70,13,8,1,5,4,6,6,4,4,1,4,4,1,16,3,10,3,1,B12,7,1,1,8,2,7,,51,51,1,6,4,120.553892,24.133307,2
9010,66000,387130000C,(04)23274275,(04)23288582,2025,2,24,8,15,臺中市,東勢區,0,1,0,7,2,6,50,11,9,1,5,4,6,6,4,4,5,5,5,1,18,2,9,5,4,C03,7,9,1,10,9,16,,84,84,1,13,4,120.773113,24.286349,2
9011,66000,387130000C,(04)23274275,(04)23288582,2025,2,24,8,17,臺中市,西屯區,0,0,0,7,,,80,,,,,,,,,,,,,,10,,,,,B03,,,1,,1,,,40,40,1,13,4,120.628568,24.161814,3
9012,66000,387130000C,(04)23274275,(04)23288582,2025,2,24,8,19,臺中市,北屯區,0,0,0,7,,,40,,,,,,,,,,,,,,13,,,,,B03,,,1,,2,,,7,7,1,12,4,120.721857,24.182705,3
9013,66000,387130000C,(04)23274275,(04)23288582,2025,2,24,8,20,臺中市,北區,0,0,0,7,,,50,,,,,,,,,,,,,,17,,,,,C03,,,1,,1,,,7,7,1,13,4,120.678524,24.163261,3
9014,66000,387130000C,(04)23274275,(04)23288582,2025,2,24,8,22,臺中市,烏日區,0,0,0,7,,,50,,,,,,,,,,,,,,14,,,,,B12,,,1,,1,,,84,84,1,6,4,120.617936,24.117869,3
9015,66000,387130000C,(04)23274275,(04)23288582,2025,2,24,8,22,臺中市,后里區,0,0,0,7,,,50,,,,,,,,,,,,,,11,,,,,B03,,,1,,1,,,8,8,1,12,4,120.701363,24.318271,3
9016,66000,387130000C,(04)23274275,(04)23288582,2025,2,24,8,23,臺中市,太平區,0,1,0,7,2,6,50,11,9,1,5,4,6,6,4,4,5,4,5,2,17,2,9,5,4,C03,7,9,1,10,2,13,,84,84,1,5,4,120.734292,24.150255,2
9017,66000,387130000C,(04)23274275,(04)23288582,2025,2,24,8,25,臺中市,北區,0,1,0,6,2,6,50,4,1,1,5,4,6,6,1,1,10,5,5,2,17,2,9,5,4,C03,7,15,1,10,2,14,,42,42,1,13,4,120.672277,24.165254,2
9018,66000,387130000C,(04)23274275,(04)23288582,2025,2,24,8,28,臺中市,太平區,0,0,0,7,,,50,,,,,,,,,,,,,,24,,,,,A11,,,1,,2,,,87,87,1,6,4,120.715918,24.141712,3
9019,66000,387130000C,(04)23274275,(04)23288582,2025,2,24,8,30,臺中市,大雅區,0,0,0,7,,,30,,,,,,,,,,,,,,,,,,,B03,,,1,,2,,,14,14,1,13,4,120.647749,24.22386,3
9020,66000,387130000C,(04)23274275,(04)23288582,2025,2,24,8,30,臺中市,豐原區,0,0,0,7,,,50,,,,,,,,,,,,,,13,,,,,C03,,,1,,2,,,7,7,1,6,4,120.720595,24.266866,3
9021,66000,387130000C,(04)23274275,(04)23288582,2025,2,24,8,31,臺中市,北屯區,0,1,0,7,2,6,50,5,1,1,5,4,6,6,2,1,5,5,5,2,16,2,9,2,1,C03,7,9,1,10,2,11,,84,84,1,12,4,120.711881,24.182277,2
9022,66000,387130000C,(04)23274275,(04)23288582,2025,2,24,8,31,臺中市,西屯區,0,1,0,7,1,6,30,13,9,1,5,4,6,6,4,4,9,5,5,1,17,3,10,1,1,C03,7,9,1,10,2,16,,84,84,1,12,4,120.665005,24.166274,2
9023,66000,387130000C,(04)23274275,(04)23288582,2025,2,24,8,31,臺中市,霧峰區,0,0,0,7,,,50,,,,,,,,,,,,,,,,,,,B03,,,1,,2,,,49,49,1,13,4,120.698273,24.062423,3
9024,66000,387130000C,(04)23274275,(04)23288582,2025,2,24,8,34,臺中市,西屯區,0,0,0,7,,,50,,,,,,,,,,,,,,25,,,,,A11,,,1,,2,,,49,49,1,12,4,120.607239,24.187149,3
9025,66000,387130000C,(04)23274275,(04)23288582,2025,2,24,8,38,臺中市,大里區,0,0,0,7,,,50,,,,,,,,,,,,,,,,,,,B03,,,1,,2,,,8,8,1,12,4,120.68835,24.0942,3
9026,66000,387130000C,(04)23274275,(04)23288582,2025,2,24,8,43,臺中市,大雅區,0,1,0,6,2,6,50,13,9,1,5,4,6,6,4,4,9,5,5,1,17,3,10,3,1,B03,7,11,1,8,2,5,,20,20,1,12,4,120.626789,24.238393,2