序號,縣市別代碼,機關代碼,市話,傳真,年,月,日,時,分,縣市,區,死亡數量,受傷數量,2-30,天候,道路照明設備,道路類別,道路速限,道路型態,事故位置,路面鋪裝,路面狀態,路面缺陷,障礙物,視距,號誌種類,號誌動作,分向設施,快車道或一般車道間,快慢車道間,路面邊線,事故類型及型態,受傷程度,主要傷處,保護裝備,行動電話或功能裝置,當事者區分(類別),車輛用途,當事者行動狀態,駕照狀態,駕照種類,飲酒情形,車輛撞擊部位最初,車輛撞擊部位其他,肇事因素個別,肇事因素主要,肇事逃逸,職業,共享經濟或外送平台,GPS座標X,GPS座標Y,事故類別
9027,66000,387130000C,(04)23274275,(04)23288582,2025,2,24,8,48,臺中市,西屯區,0,0,0,7,,,30,,,,,,,,,,,,,,14,,,,,A41,,,1,,2,,,49,49,1,13,4,120.596107,24.164796,3
9028,66000,387130000C,(04)23274275,(04)23288582,2025,2,24,8,49,臺中市,大里區,0,0,0,7,,,50,,,,,,,,,,,,,,27,,,,,B03,,,1,,2,,,84,84,1,6,4,120.734599,24.086817,3
9029,66000,387130000C,(04)23274275,(04)23288582,2025,2,24,8,56,臺中市,西屯區,0,0,0,7,,,25,,,,,,,,,,,,,,17,,,,,C03,,,1,,1,,,51,51,1,13,4,120.618929,24.169297,3
9030,66000,387130000C,(04)23274275,(04)23288582,2025,2,24,9,0,臺中市,北屯區,0,1,0,7,2,6,50,3,1,1,5,4,6,6,4,4,10,5,5,2,16,3,10,3,1,B12,7,6,1,8,2,8,,14,14,1,12,4,120.741551,24.179672,2
9031,66000,387130000C,(04)23274275,(04)23288582,2025,2,24,9,0,臺中市,沙鹿區,0,1,0,7,2,6,30,4,9,1,5,4,6,6,4,4,4,4,5,2,15,3,10,2,1,C03,7,9,1,10,1,11,,12,12,1,12,4,120.571752,24.226457,2
9032,66000,387130000C,(04)23274275,(04)23288582,2025,2,24,9,8,臺中市,梧棲區,0,1,0,7,3,6,30,4,1,1,5,4,6,6,4,4,10,5,5,2,15,3,10,3,1,B12,7,9,1,7,2,5,,13,13,1,6,4,120.550198,24.25791,2
9033,66000,387130000C,(04)23274275,(04)23288582,2025,2,24,9,14,臺中市,北屯區,0,0,0,7,,,50,,,,,,,,,,,,,,12,,,,,C03,,,1,,1,,,48,48,1,6,4,120.717051,24.167079,3
9034,66000,387130000C,(04)23274275,(04)23288582,2025,2,24,9,24,臺中市,大雅區,0,1,0,7,1,6,50,5,2,1,5,4,6,6,1,1,5,5,5,1,17,3,10,1,1,C03,7,6,1,10,2,14,,8,8,1,13,4,120.650277,24.227211,2
9035,66000,387130000C,(04)23274275,(04)23288582,2025,2,24,9,29,臺中市,西屯區,0,2,0,7,2,6,40,4,1,1,5,4,6,6,4,4,9,5,5,2,12,2,7,2,1,C03,7,6,5,19,2,14,,48,48,1,12,4,120.655576,24.171862,2
9036,66000,387130000C,(04)23274275,(04)23288582,2025,2,24,9,29,臺中市,豐原區,0,0,0,7,,,50,,,,,,,,,,,,,,13,,,,,B12,,,1,,2,,,7,7,1,6,4,120.719045,24.257351,3
9037,66000,387130000C,(04)23274275,(04)23288582,2025,2,24,9,30,臺中市,南屯區,0,0,0,7,,,50,,,,,,,,,,,,,,30,,,,,,,,,,,,,119,119,1,,,120.61268,24.139321,3
9038,66000,387130000C,(04)23274275,(04)23288582,2025,2,24,9,30,臺中市,西屯區,0,0,0,7,,,50,,,,,,,,,,,,,,,,,,,B03,,,5,,8,,,53,53,1,13,4,120.58894,24.171735,3
9039,66000,387130000C,(04)23274275,(04)23288582,2025,2,24,9,32,臺中市,新社區,0,0,0,7,2,6,50,4,1,1,5,4,6,6,4,4,10,5,5,2,12,3,10,5,4,B12,7,5,1,8,2,5,,47,47,1,13,4,120.795958,24.21518,3
9040,66000,387130000C,(04)23274275,(04)23288582,2025,2,24,9,40,臺中市,大雅區,0,0,0,7,,,30,,,,,,,,,,,,,,,,,,,B03,,,1,,2,,,12,12,1,12,4,120.648453,24.246336,3
9041,66000,387130000C,(04)23274275,(04)23288582,2025,2,24,9,41,臺中市,霧峰區,0,0,0,7,,,50,,,,,,,,,,,,,,,,,,,C03,,,1,,2,,,35,35,1,13,4,120.70017,24.07499,3
9042,66000,387130000C,(04)23274275,(04)23288582,2025,2,24,9,42,臺中市,西區,0,2,0,7,2,6,50,4,1,1,5,4,6,6,2,1,10,5,5,2,15,2,9,5,1,C03,7,9,3,19,2,11,,21,21,1,6,4,120.66332,24.132198,2
9043,66000,387130000C,(04)23274275,(04)23288582,2025,2,24,9,42,臺中市,西屯區,0,0,0,7,,,50,,,,,,,,,,,,,,,,,,,C03,,,1,,1,,,48,48,1,12,4,120.638662,24.185333,3
9044,66000,387130000C,(04)23274275,(04)23288582,2025,2,24,9,45,臺中市,西屯區,0,1,0,7,2,6,50,4,1,1,5,4,6,6,1,1,10,5,5,2,17,2,9,5,4,C03,7,6,1,10,1,16,,84,84,1,13,4,120.641712,24.17826,2
9045,66000,387130000C,(04)23274275,(04)23288582,2025,2,24,9,46,臺中市,北屯區,0,0,0,7,,,30,,,,,,,,,,,,,,,,,,,C03,,,1,,1,,,14,14,1,13,4,120.690469,24.177583,3
9046,66000,387130000C,(04)23274275,(04)23288582,2025,2,24,9,46,臺中市,大肚區,0,1,0,7,2,6,50,13,14,1,5,4,6,6,4,4,1,4,5,1,16,3,10,3,1,B03,7,5,1,8,2,6,,47,47,1,6,4,120.549108,24.140814,2
9047,66000,387130000C,(04)23274275,(04)23288582,2025,2,24,9,51,臺中市,中區,0,1,0,7,2,6,50,13,9,1,5,4,6,6,4,4,5,4,5,2,13,2,9,2,1,C02,7,9,1,9,2,11,,84,84,1,12,4,120.682375,24.140532,2
9048,66000,387130000C,(04)23274275,(04)23288582,2025,2,24,10,0,臺中市,西屯區,0,0,0,7,,,50,,,,,,,,,,,,,,17,,,,,B12,,,1,,1,,,49,49,1,13,4,120.658649,24.171898,3
9049,66000,387130000C,(04)23274275,(04)23288582,2025,2,24,10,0,臺中市,大甲區,0,0,0,7,,,30,,,,,,,,,,,,,,,,,,,B03,,,1,,2,,,49,49,1,6,4,120.617596,24.346786,3
9050,66000,387130000C,(04)23274275,(04)23288582,2025,2,24,10,8,臺中市,西屯區,0,1,0,7,2,6,0,13,21,2,5,4,6,6,4,4,10,5,5,2,17,2,8,2,1,C03,7,9,1,10,9,12,,59,59,1,13,4,120.601678,24.181622,2
9051,66000,387130000C,(04)23274275,(04)23288582,2025,2,24,10,10,臺中市,北屯區,0,2,0,6,2,6,50,4,1,1,5,4,6,6,2,1,3,3,5,2,12,2,9,2,1,C03,7,5,1,10,2,12,14,84,84,1,13,4,120.697671,24.170486,2
9052,66000,387130000C,(04)23274275,(04)23288582,2025,2,24,10,10,臺中市,西屯區,0,2,0,7,2,6,50,13,9,1,5,4,6,6,4,4,9,5,5,2,3,2,9,6,5,H01,8,16,7,21,10,17,,95,95,1,13,5,120.664286,24.173372,2
9053,66000,387130000C,(04)23274275,(04)23288582,2025,2,24,10,15,臺中市,清水區,0,1,0,7,3,6,70,4,2,1,5,4,6,6,1,1,1,4,1,1,13,3,10,3,1,A11,7,9,1,1,2,5,,7,7,1,12,4,120.564446,24.296968,2
9054,66000,387130000C,(04)23274275,(04)23288582,2025,2,24,10,16,臺中市,龍井區,0,1,0,7,3,6,30,13,9,1,5,4,6,6,4,4,10,5,5,1,11,2,9,1,1,C03,7,9,1,10,2,11,,59,59,1,6,4,120.537321,24.184329,2
9055,66000,387130000C,(04)23274275,(04)23288582,2025,2,24,10,19,臺中市,霧峰區,0,1,0,7,2,6,50,4,1,1,5,4,6,6,4,4,10,5,5,1,18,2,9,2,1,C03,7,5,1,10,2,12,,85,85,1,6,4,120.68797,24.05238,2
9056,66000,387130000C,(04)23274275,(04)23288582,2025,2,24,10,23,臺中市,太平區,0,1,0,6,2,6,50,3,1,1,5,4,6,6,2,1,10,5,5,2,12,3,10,3,1,B03,7,1,1,8,2,5,,84,84,1,12,4,120.733723,24.155525,2
9057,66000,387130000C,(04)23274275,(04)23288582,2025,2,24,10,25,臺中市,大肚區,0,1,0,7,2,6,60,3,1,1,5,4,6,6,2,1,10,5,5,2,16,3,10,3,1,B03,7,9,1,8,2,6,,21,21,1,6,4,120.582778,24.16847,2
9058,66000,387130000C,(04)23274275,(04)23288582,2025,2,24,10,30,臺中市,豐原區,0,1,0,6,2,6,50,13,7,1,5,4,6,6,4,4,5,5,4,2,12,2,8,1,1,C03,7,9,1,10,2,14,,84,84,1,12,4,120.70773,24.24344,2
9059,66000,387130000C,(04)23274275,(04)23288582,2025,2,24,10,40,臺中市,大里區,0,0,0,7,1,6,30,3,2,1,5,4,6,6,1,1,10,5,5,1,13,,,,,B03,,,1,,1,,,84,84,1,13,4,120.674693,24.110122,3
9060,66000,387130000C,(04)23274275,(04)23288582,2025,2,24,10,41,臺中市,豐原區,0,0,0,7,,,50,,,,,,,,,,,,,,13,,,,,B03,,,1,,1,,,7,7,1,6,4,120.699116,24.247643,3
9061,66000,387130000C,(04)23274275,(04)23288582,2025,2,24,10,42,臺中市,西區,0,2,0,7,2,6,50,3,1,1,5,4,6,6,2,1,1,4,4,2,17,2,9,1,1,C03,7,6,1,10,2,14,,48,48,1,12,4,120.658502,24.155427,2
9062,66000,387130000C,(04)23274275,(04)23288582,2025,2,24,10,43,臺中市,潭子區,0,1,0,7,2,6,60,4,9,1,5,4,6,6,2,1,1,3,5,1,23,3,10,3,1,B02,7,5,1,8,2,8,,43,43,1,13,4,120.71215,24.212835,2
9063,66000,387130000C,(04)23274275,(04)23288582,2025,2,24,10,43,臺中市,西屯區,0,0,0,7,,,40,,,,,,,,,,,,,,11,,,,,A04,,,1,,9,,,8,8,1,12,4,120.626041,24.188706,3
9064,66000,387130000C,(04)23274275,(04)23288582,2025,2,24,10,45,臺中市,大甲區,0,1,0,7,2,6,50,4,2,1,5,4,6,6,1,1,10,5,5,1,12,3,10,3,1,B03,7,1,1,8,2,8,,51,51,1,6,4,120.622151,24.344962,2
9065,66000,387130000C,(04)23274275,(04)23288582,2025,2,24,10,51,臺中市,南屯區,0,2,0,7,2,6,50,13,9,1,5,4,6,6,4,4,5,4,5,2,17,2,9,1,1,C03,7,15,1,10,2,12,,65,65,1,13,4,120.648097,24.137234,2
9066,66000,387130000C,(04)23274275,(04)23288582,2025,2,24,10,54,臺中市,烏日區,0,0,0,7,,,30,,,,,,,,,,,,,,,,,,,C03,,,1,,2,,,84,84,1,13,4,120.640318,24.098281,3
9067,66000,387130000C,(04)23274275,(04)23288582,2025,2,24,11,0,臺中市,梧棲區,0,0,0,7,,,50,,,,,,,,,,,,,,13,,,,,B03,,,1,,1,,,51,51,1,12,4,120.529138,24.249989,3
9068,66000,387130000C,(04)23274275,(04)23288582,2025,2,24,11,2,臺中市,東區,0,1,0,7,2,6,50,4,9,1,5,4,6,6,1,1,9,4,4,2,16,3,10,3,1,B12,7,5,1,8,2,5,,20,20,1,13,4,120.694458,24.1473,2
9069,66000,387130000C,(04)23274275,(04)23288582,2025,2,24,11,8,臺中市,豐原區,0,0,0,7,,,50,,,,,,,,,,,,,,12,,,,,,,,,,,,,119,119,1,,,120.713102,24.238883,3
9070,66000,387130000C,(04)23274275,(04)23288582,2025,2,24,11,10,臺中市,北區,0,1,0,7,2,6,50,4,1,1,5,4,6,6,1,1,5,4,5,2,17,3,10,5,1,B03,7,5,1,8,2,5,,26,26,1,13,4,120.676674,24.155455,2
9071,66000,387130000C,(04)23274275,(04)23288582,2025,2,24,11,12,臺中市,東區,0,1,0,7,2,6,50,4,1,1,5,4,6,6,2,1,10,5,5,2,16,3,10,3,1,B03,7,6,1,7,2,5,,11,11,1,12,4,120.709035,24.135395,2
9072,66000,387130000C,(04)23274275,(04)23288582,2025,2,24,11,13,臺中市,西屯區,0,1,0,7,1,6,50,3,1,1,5,4,6,6,4,4,10,5,5,1,11,3,10,3,1,B03,7,6,1,8,2,1,,14,14,1,12,4,120.66731,24.173529,2
9073,66000,387130000C,(04)23274275,(04)23288582,2025,2,24,11,15,臺中市,西屯區,0,0,0,7,,,50,,,,,,,,,,,,,,,,,,,B03,,,1,,1,,,50,50,1,13,4,120.622324,24.183791,3
9074,66000,387130000C,(04)23274275,(04)23288582,2025,2,24,11,15,臺中市,沙鹿區,0,1,0,7,2,6,50,3,1,1,5,4,6,6,1,1,10,5,5,2,17,2,9,1,1,C03,7,6,1,10,2,14,,48,48,1,5,4,120.578309,24.221794,2
9075,66000,387130000C,(04)23274275,(04)23288582,2025,2,24,11,16,臺中市,豐原區,0,1,0,7,2,6,50,4,2,1,5,4,6,6,4,4,5,5,4,2,12,2,9,1,1,C03,7,5,5,19,2,12,,14,14,1,12,4,120.718832,24.250569,2
9076,66000,387130000C,(04)23274275,(04)23288582,2025,2,24,11,19,臺中市,西屯區,0,0,0,7,,,40,,,,,,,,,,,,,,16,,,,,B03,,,1,,1,,,14,14,1,12,4,120.638199,24.169314,3
9077,66000,387130000C,(04)23274275,(04)23288582,2025,2,24,11,20,臺中市,南區,0,0,0,7,,,50,,,,,,,,,,,,,,,,,,,B03,,,1,,2,,,49,49,1,13,4,120.671402,24.12178,3
9078,66000,387130000C,(04)23274275,(04)23288582,2025,2,24,11,21,臺中市,豐原區,0,0,0,7,,,50,,,,,,,,,,,,,,13,,,,,C03,,,1,,1,,,7,7,1,12,4,120.714478,24.24907,3
9079,66000,387130000C,(04)23274275,(04)23288582,2025,2,24,11,25,臺中市,太平區,0,1,0,7,2,6,50,4,2,1,5,4,6,6,1,1,9,4,4,1,13,3,10,2,1,C03,7,9,1,10,2,11,,84,84,1,12,4,120.713956,24.144849,2
9080,66000,387130000C,(04)23274275,(04)23288582,2025,2,24,11,28,臺中市,大甲區,0,1,0,7,2,6,50,3,9,1,5,4,6,6,4,4,5,5,5,1,16,3,10,3,1,B03,7,6,1,8,2,2,,48,48,1,12,4,120.63198,24.344878,2
9081,66000,387130000C,(04)23274275,(04)23288582,2025,2,24,11,29,臺中市,大甲區,0,0,0,7,,,50,,,,,,,,,,,,,,14,,,,,B03,,,1,,2,,,49,49,1,6,4,120.624463,24.343576,3
9082,66000,387130000C,(04)23274275,(04)23288582,2025,2,24,11,30,臺中市,潭子區,0,0,0,7,,,30,,,,,,,,,,,,,,,,,,,A12,,,1,,2,,,84,84,1,12,4,120.704909,24.229824,3
9083,66000,387130000C,(04)23274275,(04)23288582,2025,2,24,11,34,臺中市,神岡區,0,0,0,7,,,40,,,,,,,,,,,,,,17,,,,,B12,,,1,,1,,,76,76,1,6,4,120.655674,24.259584,3
9084,66000,387130000C,(04)23274275,(04)23288582,2025,2,24,11,36,臺中市,西區,0,1,0,7,2,6,50,4,1,1,5,4,6,6,4,4,10,5,5,2,16,2,9,1,1,C03,7,4,1,10,9,11,,4,4,1,12,4,120.658825,24.136973,2
9085,66000,387130000C,(04)23274275,(04)23288582,2025,2,24,11,40,臺中市,西屯區,0,1,0,7,2,6,50,13,9,1,5,4,6,6,4,4,5,5,5,2,11,2,9,5,4,C03,7,9,1,10,1,14,,34,34,1,13,4,120.609346,24.167289,2
9086,66000,387130000C,(04)23274275,(04)23288582,2025,2,24,11,41,臺中市,西屯區,0,0,0,7,,,50,,,,,,,,,,,,,,30,,,,,B03,,,1,,2,,,8,8,1,13,4,120.62113,24.186776,3
9087,66000,387130000C,(04)23274275,(04)23288582,2025,2,24,11,44,臺中市,太平區,0,1,0,7,3,6,50,4,1,1,5,4,6,6,4,4,10,5,5,2,16,3,10,1,1,C03,7,6,1,10,2,12,,14,14,1,12,4,120.727562,24.126594,2
9088,66000,387130000C,(04)23274275,(04)23288582,2025,2,24,11,45,臺中市,東區,0,1,0,7,2,6,50,3,1,1,5,4,6,6,4,4,9,4,4,2,17,3,10,3,1,B12,7,15,1,8,2,1,,4,4,1,12,4,120.705511,24.13003,2
9089,66000,387130000C,(04)23274275,(04)23288582,2025,2,24,11,47,臺中市,烏日區,0,0,0,7,,,30,,,,,,,,,,,,,,,,,,,B12,,,1,,1,,,49,49,1,6,4,120.634689,24.101034,3
9090,66000,387130000C,(04)23274275,(04)23288582,2025,2,24,11,49,臺中市,北屯區,0,0,0,7,,,30,,,,,,,,,,,,,,13,,,,,C03,,,1,,2,,,7,7,1,12,4,120.669364,24.178578,4
9091,66000,387130000C,(04)23274275,(04)23288582,2025,2,24,11,50,臺中市,大里區,0,1,0,7,2,6,50,3,1,1,5,4,6,6,1,1,10,5,5,2,16,3,10,3,1,B03,7,5,1,8,2,2,,47,47,1,12,4,120.676262,24.086041,2
9092,66000,387130000C,(04)23274275,(04)23288582,2025,2,24,11,55,臺中市,大里區,0,1,0,7,2,6,50,13,12,1,5,4,6,6,4,4,5,5,4,1,16,3,10,3,1,B03,7,1,1,8,2,8,,51,51,1,12,4,120.68216,24.109728,2
9093,66000,387130000C,(04)23274275,(04)23288582,2025,2,24,11,55,臺中市,清水區,0,1,0,7,3,6,50,3,1,1,5,4,6,6,4,4,5,4,5,1,17,3,10,3,1,B03,7,5,1,8,2,8,,12,12,1,12,4,120.566124,24.267361,2
9094,66000,387130000C,(04)23274275,(04)23288582,2025,2,24,12,0,臺中市,潭子區,0,1,0,7,2,6,50,5,2,1,5,4,6,6,3,1,4,5,5,1,13,2,9,1,1,C03,7,12,1,10,2,13,,84,84,1,13,4,120.706439,24.215482,2
9095,66000,387130000C,(04)23274275,(04)23288582,2025,2,24,12,5,臺中市,后里區,0,0,0,7,,,30,,,,,,,,,,,,,,27,,,,,A11,,,1,,2,,,49,49,1,6,4,120.711413,24.295983,3
9096,66000,387130000C,(04)23274275,(04)23288582,2025,2,24,12,7,臺中市,霧峰區,0,0,0,7,,,30,,,,,,,,,,,,,,14,,,,,B12,,,1,,2,,,49,49,1,13,4,120.660902,24.065883,3
9097,66000,387130000C,(04)23274275,(04)23288582,2025,2,24,12,10,臺中市,大里區,0,1,0,7,2,6,30,4,1,1,5,4,6,6,4,4,10,5,5,1,15,3,10,3,1,B03,7,9,1,8,2,8,,20,20,1,13,4,120.680652,24.103925,2
9098,66000,387130000C,(04)23274275,(04)23288582,2025,2,24,12,15,臺中市,南區,0,2,0,7,3,6,50,3,2,1,5,4,6,6,4,4,5,2,5,2,17,2,8,2,1,C03,7,1,1,10,2,11,,51,51,1,13,4,120.68201,24.131146,2
9099,66000,387130000C,(04)23274275,(04)23288582,2025,2,24,12,15,臺中市,沙鹿區,0,0,0,7,,,50,,,,,,,,,,,,,,17,,,,,C03,,,1,,2,,,50,50,1,13,4,120.559106,24.235853,3
9100,66000,387130000C,(04)23274275,(04)23288582,2025,2,24,12,15,臺中市,后里區,0,0,0,7,,,50,,,,,,,,,,,,,,13,,,,,B03,,,1,,2,,,7,7,1,6,4,120.725068,24.321294,3
9101,66000,387130000C,(04)23274275,(04)23288582,2025,2,24,12,21,臺中市,烏日區,0,0,0,7,,,40,,,,,,,,,,,,,,12,,,,,B03,,,1,,1,,,26,26,1,6,4,120.613205,24.102979,3
9102,66000,387130000C,(04)23274275,(04)23288582,2025,2,24,12,22,臺中市,烏日區,0,0,0,7,2,6,50,13,8,1,5,4,6,6,4,4,1,4,1,1,14,3,10,3,1,B03,7,2,1,8,2,6,,49,49,1,6,4,120.647653,24.076,3
9103,66000,387130000C,(04)23274275,(04)23288582,2025,2,24,12,35,臺中市,烏日區,0,1,0,7,2,6,50,4,19,1,5,4,6,6,1,1,10,5,5,2,2,3,10,3,1,B03,7,6,1,8,2,5,,10,10,1,6,4,120.64173,24.108964,2
9104,66000,387130000C,(04)23274275,(04)23288582,2025,2,24,12,37,臺中市,北屯區,0,0,0,7,,,50,,,,,,,,,,,,,,17,,,,,C03,,,1,,1,,,51,51,1,12,4,120.689206,24.181856,3
9105,66000,387130000C,(04)23274275,(04)23288582,2025,2,24,12,40,臺中市,后里區,0,1,0,7,2,6,30,13,9,1,5,4,6,6,4,4,10,5,5,2,14,3,10,3,1,B03,7,2,1,8,2,3,,49,49,1,12,4,120.709572,24.310658,2
9106,66000,387130000C,(04)23274275,(04)23288582,2025,2,24,12,42,臺中市,大里區,0,0,0,7,,,50,,,,,,,,,,,,,,,,,,,C03,,,1,,2,,,14,14,1,13,4,120.690072,24.076897,3
9107,66000,387130000C,(04)23274275,(04)23288582,2025,2,24,12,45,臺中市,沙鹿區,0,1,0,7,2,6,50,12,9,1,5,4,6,6,1,1,4,3,5,2,30,2,1,2,1,C03,7,9,1,10,2,11,,84,84,1,12,4,120.559933,24.229546,2
9108,66000,387130000C,(04)23274275,(04)23288582,2025,2,24,12,48,臺中市,霧峰區,0,1,0,7,2,6,50,4,1,1,5,4,6,6,1,1,10,5,5,2,16,3,10,3,1,B12,7,6,1,7,2,8,,11,11,1,6,4,120.664583,24.059904,2
9109,66000,387130000C,(04)23274275,(04)23288582,2025,2,24,12,49,臺中市,北區,0,2,0,7,2,6,50,4,1,1,5,4,6,6,1,1,10,5,5,2,17,2,7,5,4,C03,7,9,1,10,2,14,,8,8,1,13,4,120.679431,24.151911,2
9110,66000,387130000C,(04)23274275,(04)23288582,2025,2,24,12,49,臺中市,龍井區,0,1,0,7,3,6,30,13,9,1,5,4,6,6,4,4,10,5,5,2,20,2,8,1,1,C03,7,9,1,10,2,14,,59,59,1,6,4,120.526123,24.211712,2
9111,66000,387130000C,(04)23274275,(04)23288582,2025,2,24,12,51,臺中市,南屯區,0,0,0,7,,,50,,,,,,,,,,,,,,15,,,,,B03,,,1,,1,,,12,12,1,13,4,120.62875,24.116376,3
9112,66000,387130000C,(04)23274275,(04)23288582,2025,2,24,12,54,臺中市,北屯區,0,0,0,7,,,,,,,,,,,,,,,,,,,,,,,,,,,,,,86,86,1,,,120.661939,24.184924,3
9113,66000,387130000C,(04)23274275,(04)23288582,2025,2,24,13,2,臺中市,南屯區,0,0,0,7,,,50,,,,,,,,,,,,,,14,,,,,B03,,,1,,1,,,49,49,1,12,4,120.65395,24.142219,3
9114,66000,387130000C,(04)23274275,(04)23288582,2025,2,24,13,3,臺中市,太平區,0,1,0,7,3,6,50,4,1,1,5,4,6,6,1,1,10,5,5,2,16,3,10,3,1,B03,7,5,1,8,2,5,,11,11,1,12,4,120.710724,24.140915,2
9115,66000,387130000C,(04)23274275,(04)23288582,2025,2,24,13,13,臺中市,南區,0,1,0,7,2,6,30,13,9,1,5,4,6,6,4,4,10,5,5,2,13,2,9,2,1,C03,7,9,1,10,2,11,,84,84,1,12,4,120.652281,24.122075,2
9116,66000,387130000C,(04)23274275,(04)23288582,2025,2,24,13,14,臺中市,西區,0,1,0,7,3,6,50,4,1,1,5,4,6,6,2,1,10,5,5,2,17,3,10,3,1,B03,7,6,1,8,2,1,,48,48,1,13,4,120.660201,24.15084,2
9117,66000,387130000C,(04)23274275,(04)23288582,2025,2,24,13,16,臺中市,豐原區,0,0,0,7,,,50,,,,,,,,,,,,,,17,,,,,B03,,,1,,2,,,84,84,1,12,4,120.717498,24.250506,3
9118,66000,387130000C,(04)23274275,(04)23288582,2025,2,24,13,17,臺中市,北區,0,1,0,7,1,6,50,13,9,1,5,4,6,6,2,1,8,3,5,1,13,2,9,2,1,C03,7,9,1,10,2,11,,7,7,1,13,4,120.677156,24.150952,2
9119,66000,387130000C,(04)23274275,(04)23288582,2025,2,24,13,21,臺中市,大里區,0,0,0,7,,,50,,,,,,,,,,,,,,17,,,,,B03,,,1,,2,,,51,51,1,13,4,120.693585,24.090365,3
9120,66000,387130000C,(04)23274275,(04)23288582,2025,2,24,13,22,臺中市,西屯區,0,0,0,7,,,50,,,,,,,,,,,,,,16,,,,,C03,,,1,,1,,,11,11,1,12,4,120.650798,24.17864,3
9121,66000,387130000C,(04)23274275,(04)23288582,2025,2,24,13,25,臺中市,烏日區,0,0,0,7,2,6,50,13,9,1,5,4,6,6,4,4,5,4,5,1,12,3,10,3,1,B03,7,4,1,8,2,2,,84,84,1,6,4,120.643614,24.080261,3
9122,66000,387130000C,(04)23274275,(04)23288582,2025,2,24,13,26,臺中市,石岡區,0,0,0,7,,,30,,,,,,,,,,,,,,,,,,,B03,,,1,,2,,,84,84,1,12,4,120.814811,24.260894,3
9123,66000,387130000C,(04)23274275,(04)23288582,2025,2,24,13,36,臺中市,大安區,0,1,0,7,3,6,50,13,9,1,5,4,6,6,4,4,8,5,5,1,16,3,10,3,1,B03,7,11,1,8,2,5,,45,45,1,6,4,120.591415,24.345992,2
9124,66000,387130000C,(04)23274275,(04)23288582,2025,2,24,13,36,臺中市,豐原區,0,0,0,7,,,50,,,,,,,,,,,,,,16,,,,,C03,,,1,,2,,,11,11,1,13,4,120.720617,24.24951,3
9125,66000,387130000C,(04)23274275,(04)23288582,2025,2,24,13,37,臺中市,烏日區,0,0,0,7,,,50,,,,,,,,,,,,,,17,,,,,B03,,,1,,1,,,51,51,1,6,4,120.624284,24.102502,3
9126,66000,387130000C,(04)23274275,(04)23288582,2025,2,24,13,38,臺中市,大里區,0,1,0,7,2,6,50,11,9,1,5,4,6,6,4,4,5,5,5,2,18,2,9,6,1,F01,7,12,7,21,2,12,,84,84,1,13,4,120.695129,24.084316,2
9127,66000,387130000C,(04)23274275,(04)23288582,2025,2,24,13,49,臺中市,大里區,0,1,0,7,2,6,50,4,1,1,5,4,6,6,1,1,10,5,5,2,15,3,10,3,1,B03,7,9,1,8,2,1,,21,21,1,6,4,120.692218,24.081637,2
9128,66000,387130000C,(04)23274275,(04)23288582,2025,2,24,13,49,臺中市,大里區,0,1,0,7,3,6,50,4,1,1,5,4,6,6,4,4,10,5,5,2,15,2,9,2,1,C03,7,9,1,10,2,12,,15,15,1,13,4,120.688116,24.086029,2
9129,66000,387130000C,(04)23274275,(04)23288582,2025,2,24,13,53,臺中市,中區,0,0,0,7,,,50,,,,,,,,,,,,,,,,,,,B03,,,1,,1,,,49,49,1,12,4,120.681986,24.138961,3
9130,66000,387130000C,(04)23274275,(04)23288582,2025,2,24,14,0,臺中市,大雅區,0,1,0,7,1,6,0,13,14,1,5,4,6,6,4,4,5,5,5,1,17,2,9,5,4,F01,7,14,7,21,2,14,,54,54,1,13,4,120.647358,24.224334,2
9131,66000,387130000C,(04)23274275,(04)23288582,2025,2,24,14,0,臺中市,大甲區,0,0,0,7,,,50,,,,,,,,,,,,,,,,,,,F01,,,1,,2,,,59,59,1,6,4,120.622329,24.34251,4
9132,66000,387130000C,(04)23274275,(04)23288582,2025,2,24,14,2,臺中市,霧峰區,0,0,0,7,,,50,,,,,,,,,,,,,,,,,,,B03,,,1,,1,,,87,87,1,13,4,120.69675,24.052336,3
9133,66000,387130000C,(04)23274275,(04)23288582,2025,2,24,14,7,臺中市,太平區,0,0,0,7,,,50,,,,,,,,,,,,,,,,,,,H04,,,7,,1,,,109,109,1,12,4,120.716046,24.14831,3
9134,66000,387130000C,(04)23274275,(04)23288582,2025,2,24,14,10,臺中市,大雅區,0,0,0,7,,,30,,,,,,,,,,,,,,,,,,,A12,,,1,,2,,,8,8,1,12,4,120.644037,24.237084,3
9135,66000,387130000C,(04)23274275,(04)23288582,2025,2,24,14,12,臺中市,東區,0,1,0,7,3,6,50,4,1,1,5,4,6,6,1,1,10,5,5,2,16,3,10,3,1,B12,7,5,1,8,2,6,,20,20,1,13,4,120.694456,24.149744,2
9136,66000,387130000C,(04)23274275,(04)23288582,2025,2,24,14,15,臺中市,大里區,0,1,0,7,2,6,50,5,1,1,5,4,6,6,1,1,10,5,5,2,17,2,9,2,1,C03,7,11,1,10,2,14,,38,38,1,6,4,120.690064,24.092694,2