序號,縣市別代碼,機關代碼,市話,傳真,年,月,日,時,分,縣市,區,死亡數量,受傷數量,2-30,天候,道路照明設備,道路類別,道路速限,道路型態,事故位置,路面鋪裝,路面狀態,路面缺陷,障礙物,視距,號誌種類,號誌動作,分向設施,快車道或一般車道間,快慢車道間,路面邊線,事故類型及型態,受傷程度,主要傷處,保護裝備,行動電話或功能裝置,當事者區分(類別),車輛用途,當事者行動狀態,駕照狀態,駕照種類,飲酒情形,車輛撞擊部位最初,車輛撞擊部位其他,肇事因素個別,肇事因素主要,肇事逃逸,職業,共享經濟或外送平台,GPS座標X,GPS座標Y,事故類別
9137,66000,387130000C,(04)23274275,(04)23288582,2025,2,24,14,19,臺中市,北屯區,0,0,0,7,,,50,,,,,,,,,,,,,,,,,,,A02,,,1,,2,,,51,51,1,12,4,120.672532,24.174191,3
9138,66000,387130000C,(04)23274275,(04)23288582,2025,2,24,14,20,臺中市,潭子區,0,1,0,7,3,6,50,13,7,1,5,4,6,6,4,4,3,4,4,1,17,3,10,3,1,B12,7,1,1,8,2,3,,51,51,1,12,4,120.686902,24.207004,2
9139,66000,387130000C,(04)23274275,(04)23288582,2025,2,24,14,22,臺中市,北屯區,0,1,0,7,1,6,50,4,1,1,5,4,6,6,4,4,10,5,5,2,15,2,9,5,4,C03,7,9,1,10,2,11,,12,12,1,13,4,120.701194,24.185849,2
9140,66000,387130000C,(04)23274275,(04)23288582,2025,2,24,14,26,臺中市,西區,0,2,0,7,2,6,50,4,1,1,5,4,6,6,2,1,10,4,4,2,17,2,9,1,1,C03,7,9,1,10,2,11,,84,84,1,12,4,120.671994,24.135147,2
9141,66000,387130000C,(04)23274275,(04)23288582,2025,2,24,14,29,臺中市,西屯區,0,0,0,7,,,50,,,,,,,,,,,,,,17,,,,,B03,,,1,,1,,,76,76,1,13,4,120.648927,24.15846,3
9142,66000,387130000C,(04)23274275,(04)23288582,2025,2,24,14,29,臺中市,大里區,0,1,0,7,2,6,50,13,9,1,5,4,6,6,4,4,1,4,5,1,12,2,9,1,1,C03,7,9,1,10,2,11,,7,7,1,12,4,120.680844,24.106912,2
9143,66000,387130000C,(04)23274275,(04)23288582,2025,2,24,14,30,臺中市,南屯區,0,0,0,7,,,30,,,,,,,,,,,,,,12,,,,,B03,,,1,,2,,,51,51,1,12,4,120.636005,24.139453,3
9144,66000,387130000C,(04)23274275,(04)23288582,2025,2,24,14,39,臺中市,大里區,0,1,0,7,2,6,50,3,1,1,5,4,6,6,4,4,5,5,4,2,17,2,8,1,1,C03,7,6,1,10,2,14,,14,14,1,13,4,120.681085,24.109677,2
9145,66000,387130000C,(04)23274275,(04)23288582,2025,2,24,14,41,臺中市,龍井區,0,1,0,7,1,6,30,13,9,1,5,4,6,6,4,4,10,5,5,2,17,2,9,1,1,C03,7,9,1,10,2,11,,84,84,1,6,4,120.582247,24.178776,2
9146,66000,387130000C,(04)23274275,(04)23288582,2025,2,24,14,43,臺中市,東勢區,0,3,0,7,2,6,50,13,9,1,5,4,6,6,4,4,5,5,5,1,12,2,9,5,4,C03,7,1,1,10,2,14,,85,85,1,13,4,120.829173,24.25523,2
9147,66000,387130000C,(04)23274275,(04)23288582,2025,2,24,14,50,臺中市,太平區,0,0,0,7,,,50,,,,,,,,,,,,,,,,,,,A42,,,1,,2,,,49,49,1,12,4,120.714708,24.153132,3
9148,66000,387130000C,(04)23274275,(04)23288582,2025,2,24,14,54,臺中市,烏日區,0,1,0,7,2,6,30,4,1,1,5,4,6,6,4,4,10,5,5,2,17,3,10,5,4,B13,7,9,1,8,2,5,,15,15,1,6,4,120.629901,24.079891,2
9149,66000,387130000C,(04)23274275,(04)23288582,2025,2,24,14,55,臺中市,豐原區,0,0,0,7,,,40,,,,,,,,,,,,,,17,,,,,B03,,,1,,2,,,84,84,1,12,4,120.735423,24.236526,3
9150,66000,387130000C,(04)23274275,(04)23288582,2025,2,24,14,56,臺中市,神岡區,0,0,0,7,,,50,,,,,,,,,,,,,,13,,,,,C03,,,1,,2,,,58,58,1,12,4,120.668989,24.256978,3
9151,66000,387130000C,(04)23274275,(04)23288582,2025,2,24,14,58,臺中市,北屯區,0,1,0,7,3,6,40,3,1,1,5,4,6,6,4,4,1,4,4,2,12,3,10,2,1,C03,7,9,1,10,2,16,,68,68,1,6,4,120.700672,24.168322,2
9152,66000,387130000C,(04)23274275,(04)23288582,2025,2,24,15,0,臺中市,北屯區,0,0,0,7,,,50,,,,,,,,,,,,,,13,,,,,B03,,,1,,1,,,84,84,1,6,4,120.719077,24.161999,3
9153,66000,387130000C,(04)23274275,(04)23288582,2025,2,24,15,0,臺中市,大里區,0,1,0,7,2,6,50,13,7,1,5,4,6,6,4,4,5,5,4,2,16,3,10,3,1,B03,7,11,1,8,2,8,,39,39,1,13,4,120.713822,24.094924,2
9154,66000,387130000C,(04)23274275,(04)23288582,2025,2,24,15,1,臺中市,西屯區,0,0,0,7,,,50,,,,,,,,,,,,,,13,,,,,B11,,,1,,2,,,7,7,1,12,4,120.60449,24.173645,3
9155,66000,387130000C,(04)23274275,(04)23288582,2025,2,24,15,3,臺中市,西屯區,0,0,0,7,,,40,,,,,,,,,,,,,,23,,,,,B03,,,1,,2,,,59,59,1,12,4,120.624383,24.178531,3
9156,66000,387130000C,(04)23274275,(04)23288582,2025,2,24,15,6,臺中市,東區,0,3,0,7,2,6,50,4,1,1,5,4,6,6,3,1,10,5,5,2,15,2,9,1,1,C03,7,9,1,10,2,14,,24,24,1,12,4,120.699079,24.142117,2
9157,66000,387130000C,(04)23274275,(04)23288582,2025,2,24,15,6,臺中市,南屯區,0,1,0,7,2,6,50,4,1,1,5,4,6,6,2,1,5,4,4,2,16,3,10,3,1,B03,7,9,1,8,2,4,,21,21,1,12,4,120.634431,24.155754,2
9158,66000,387130000C,(04)23274275,(04)23288582,2025,2,24,15,7,臺中市,西屯區,0,0,0,7,,,30,,,,,,,,,,,,,,17,,,,,B02,,,1,,2,,,51,51,1,12,4,120.649168,24.159319,3
9159,66000,387130000C,(04)23274275,(04)23288582,2025,2,24,15,7,臺中市,西屯區,0,0,0,7,,,70,,,,,,,,,,,,,,13,,,,,B03,,,1,,2,,,7,7,1,13,4,120.623477,24.179409,3
9160,66000,387130000C,(04)23274275,(04)23288582,2025,2,24,15,7,臺中市,太平區,0,1,0,7,3,6,50,13,9,1,5,4,6,6,4,4,5,4,5,2,12,2,9,1,1,C03,7,9,1,10,2,11,,84,84,1,12,4,120.716725,24.158453,2
9161,66000,387130000C,(04)23274275,(04)23288582,2025,2,24,15,10,臺中市,西屯區,0,1,0,7,2,6,50,4,1,1,5,4,6,6,2,1,10,5,5,2,5,3,10,3,1,B03,7,6,5,19,2,8,,59,59,1,13,4,120.638001,24.180814,2
9162,66000,387130000C,(04)23274275,(04)23288582,2025,2,24,15,11,臺中市,豐原區,0,1,0,7,2,6,50,13,7,1,5,4,6,6,4,4,5,4,4,2,12,2,9,1,1,F01,7,1,7,21,2,14,,84,84,1,12,4,120.719518,24.253437,2
9163,66000,387130000C,(04)23274275,(04)23288582,2025,2,24,15,12,臺中市,潭子區,0,0,0,7,,,30,,,,,,,,,,,,,,,,,,,B12,,,1,,2,,,49,49,1,12,4,120.727476,24.200669,3
9164,66000,387130000C,(04)23274275,(04)23288582,2025,2,24,15,12,臺中市,神岡區,0,0,0,7,,,40,,,,,,,,,,,,,,17,,,,,C03,,,1,,2,,,84,84,1,6,4,120.694641,24.236456,3
9165,66000,387130000C,(04)23274275,(04)23288582,2025,2,24,15,15,臺中市,東區,0,1,0,7,3,6,50,4,1,1,5,4,6,6,4,4,5,5,5,2,15,2,9,2,1,C03,7,9,1,10,2,16,,15,15,1,6,4,120.704022,24.135703,2
9166,66000,387130000C,(04)23274275,(04)23288582,2025,2,24,15,18,臺中市,太平區,0,0,0,7,,,50,,,,,,,,,,,,,,12,,,,,H01,,,7,,10,,,109,109,1,12,5,120.718882,24.158203,3
9167,66000,387130000C,(04)23274275,(04)23288582,2025,2,24,15,19,臺中市,西區,0,1,0,7,2,6,50,5,1,1,5,4,6,6,1,1,10,5,5,2,16,3,10,3,1,B03,7,5,1,8,2,6,,47,47,1,12,4,120.670631,24.153424,2
9168,66000,387130000C,(04)23274275,(04)23288582,2025,2,24,15,21,臺中市,豐原區,0,1,0,7,2,6,50,3,2,1,5,4,6,6,4,4,5,5,4,2,12,3,10,2,1,C03,7,9,1,10,2,12,,8,8,1,6,4,120.718067,24.253294,2
9169,66000,387130000C,(04)23274275,(04)23288582,2025,2,24,15,22,臺中市,東區,0,1,0,7,1,6,50,4,1,1,5,4,6,6,1,1,9,4,5,2,12,3,10,1,1,C03,7,6,1,10,2,14,,48,48,1,12,4,120.689407,24.1456,2
9170,66000,387130000C,(04)23274275,(04)23288582,2025,2,24,15,23,臺中市,西屯區,0,0,0,6,2,6,50,13,2,1,5,4,6,6,2,1,4,3,5,1,12,3,10,3,4,C03,7,7,1,10,2,12,,40,40,1,12,4,120.621631,24.186386,3
9171,66000,387130000C,(04)23274275,(04)23288582,2025,2,24,15,31,臺中市,東區,0,1,0,7,2,6,50,3,1,1,5,4,6,6,4,4,10,5,5,2,16,3,10,3,1,B03,7,11,1,8,2,8,,45,45,1,12,4,120.702294,24.141148,2
9172,66000,387130000C,(04)23274275,(04)23288582,2025,2,24,15,34,臺中市,東區,0,0,0,7,,,50,,,,,,,,,,,,,,,,,,,B03,,,1,,1,,,84,84,1,12,4,120.683491,24.134095,3
9173,66000,387130000C,(04)23274275,(04)23288582,2025,2,24,15,38,臺中市,神岡區,0,1,0,7,1,6,30,13,9,1,5,4,6,6,4,4,10,5,5,2,27,2,9,1,4,C03,7,9,1,10,2,12,,84,84,1,12,4,120.663057,24.280686,2
9174,66000,387130000C,(04)23274275,(04)23288582,2025,2,24,15,41,臺中市,清水區,0,1,0,7,3,6,30,3,2,1,5,4,6,6,4,4,9,4,5,1,17,3,10,3,1,A11,7,5,1,7,2,16,,20,20,1,12,4,120.57755,24.279887,2
9175,66000,387130000C,(04)23274275,(04)23288582,2025,2,24,15,43,臺中市,北屯區,0,0,0,7,,,50,,,,,,,,,,,,,,,,,,,B12,,,1,,1,,,7,7,1,12,4,120.722933,24.162148,3
9176,66000,387130000C,(04)23274275,(04)23288582,2025,2,24,15,45,臺中市,西屯區,0,1,0,7,2,6,50,13,9,1,5,4,6,6,2,1,9,4,5,2,13,3,10,3,1,B03,7,9,1,8,1,1,,59,59,1,12,4,120.640919,24.187272,2
9177,66000,387130000C,(04)23274275,(04)23288582,2025,2,24,15,48,臺中市,南屯區,0,0,0,7,,,50,,,,,,,,,,,,,,13,,,,,B03,,,1,,1,,,40,40,1,6,4,120.622303,24.150141,3
9178,66000,387130000C,(04)23274275,(04)23288582,2025,2,24,15,55,臺中市,清水區,0,0,0,7,,,50,,,,,,,,,,,,,,17,,,,,B03,,,1,,2,,,8,8,1,12,4,120.576328,24.270119,3
9179,66000,387130000C,(04)23274275,(04)23288582,2025,2,24,16,2,臺中市,南屯區,0,0,0,7,,,50,,,,,,,,,,,,,,13,,,,,B03,,,1,,1,,,7,7,1,12,4,120.635213,24.151303,3
9180,66000,387130000C,(04)23274275,(04)23288582,2025,2,24,16,6,臺中市,神岡區,0,0,0,7,,,30,,,,,,,,,,,,,,14,,,,,B11,,,1,,2,,,49,49,1,6,4,120.667965,24.248825,3
9181,66000,387130000C,(04)23274275,(04)23288582,2025,2,24,16,8,臺中市,梧棲區,0,0,0,7,,,50,,,,,,,,,,,,,,16,,,,,B03,,,1,,1,,,20,20,1,13,4,120.53661,24.252484,3
9182,66000,387130000C,(04)23274275,(04)23288582,2025,2,24,16,12,臺中市,龍井區,0,2,0,7,3,6,50,3,9,1,5,4,6,6,4,4,5,5,5,1,17,2,8,1,1,C03,7,6,1,10,2,11,,84,84,1,6,4,120.523063,24.197744,2
9183,66000,387130000C,(04)23274275,(04)23288582,2025,2,24,16,12,臺中市,豐原區,0,1,0,7,2,6,30,3,1,1,5,4,6,6,4,4,10,5,5,2,17,3,10,5,4,B03,7,6,1,8,2,5,,11,11,1,12,4,120.727223,24.232324,2
9184,66000,387130000C,(04)23274275,(04)23288582,2025,2,24,16,16,臺中市,霧峰區,0,1,0,7,2,6,50,4,2,1,5,4,6,6,1,1,1,4,4,1,17,2,9,2,1,C03,7,6,1,10,2,12,,84,84,1,5,4,120.695136,24.059705,2
9185,66000,387130000C,(04)23274275,(04)23288582,2025,2,24,16,18,臺中市,北屯區,0,2,0,7,3,6,50,4,2,1,5,4,6,6,1,1,3,4,5,2,17,2,9,1,1,C03,7,6,1,10,2,14,,39,39,1,12,4,120.73042,24.177167,2
9186,66000,387130000C,(04)23274275,(04)23288582,2025,2,24,16,20,臺中市,西屯區,0,1,0,7,2,6,50,4,1,1,5,4,6,6,1,1,10,5,5,2,16,3,10,5,4,B03,7,6,1,8,2,6,1,11,11,1,12,4,120.628377,24.183973,2
9187,66000,387130000C,(04)23274275,(04)23288582,2025,2,24,16,20,臺中市,大里區,0,1,0,7,2,6,50,13,9,1,5,4,6,6,4,4,5,5,5,2,17,2,9,6,1,F01,7,8,7,21,2,11,,84,84,1,13,4,120.694893,24.090974,2
9188,66000,387130000C,(04)23274275,(04)23288582,2025,2,24,16,23,臺中市,東區,0,0,0,7,,,50,,,,,,,,,,,,,,,,,,,G03,,,,,2,,,6,6,1,6,4,120.684102,24.133399,3
9189,66000,387130000C,(04)23274275,(04)23288582,2025,2,24,16,25,臺中市,南區,0,1,0,7,1,6,50,4,1,1,5,4,6,6,4,4,9,4,5,2,11,2,9,1,1,C03,7,9,1,10,2,14,,8,8,1,12,4,120.655312,24.121637,2
9190,66000,387130000C,(04)23274275,(04)23288582,2025,2,24,16,25,臺中市,北屯區,0,0,0,7,,,50,,,,,,,,,,,,,,12,,,,,B03,,,1,8,1,,,35,35,1,6,4,120.721466,24.178124,3
9191,66000,387130000C,(04)23274275,(04)23288582,2025,2,24,16,30,臺中市,北區,0,0,0,7,,,50,,,,,,,,,,,,,,,,,,,B03,,,1,,1,,,84,84,1,12,4,120.676212,24.158279,3
9192,66000,387130000C,(04)23274275,(04)23288582,2025,2,24,16,36,臺中市,大里區,0,1,0,7,3,6,50,4,2,1,5,4,6,6,4,4,9,5,5,1,12,3,10,1,1,C03,7,9,1,10,2,11,12,84,84,1,12,4,120.706019,24.087596,2
9193,66000,387130000C,(04)23274275,(04)23288582,2025,2,24,16,37,臺中市,西屯區,0,0,0,7,,,50,,,,,,,,,,,,,,12,,,,,B03,,,1,,1,,,8,8,1,12,4,120.636444,24.168816,3
9194,66000,387130000C,(04)23274275,(04)23288582,2025,2,24,16,38,臺中市,西屯區,0,0,0,7,,,40,,,,,,,,,,,,,,13,,,,,C03,,,1,,1,,,7,7,1,13,4,120.613583,24.183805,3
9195,66000,387130000C,(04)23274275,(04)23288582,2025,2,24,16,42,臺中市,東勢區,0,1,0,7,2,6,40,11,9,1,5,4,6,6,4,4,5,5,5,1,11,3,10,5,4,B03,7,5,1,8,2,8,,59,59,1,13,4,120.858897,24.259329,2
9196,66000,387130000C,(04)23274275,(04)23288582,2025,2,24,16,45,臺中市,沙鹿區,0,0,0,7,,,50,,,,,,,,,,,,,,13,,,,,C03,,,1,,1,,,7,7,1,12,4,120.563073,24.242165,3
9197,66000,387130000C,(04)23274275,(04)23288582,2025,2,24,16,46,臺中市,大里區,0,0,0,7,,,50,,,,,,,,,,,,,,13,,,,,B03,,,1,,1,,,58,58,1,12,4,120.692623,24.091243,3
9198,66000,387130000C,(04)23274275,(04)23288582,2025,2,24,16,47,臺中市,神岡區,0,1,0,7,1,6,30,3,1,1,5,4,6,6,4,4,10,5,5,2,16,3,10,5,4,B03,7,6,1,8,2,8,,12,12,1,12,4,120.682474,24.24682,2
9199,66000,387130000C,(04)23274275,(04)23288582,2025,2,24,16,48,臺中市,西屯區,0,0,0,7,,,50,,,,,,,,,,,,,,13,,,,,B03,,,1,,1,,,7,7,1,13,4,120.619413,24.187519,3
9200,66000,387130000C,(04)23274275,(04)23288582,2025,2,24,16,50,臺中市,大雅區,0,0,0,7,,,50,,,,,,,,,,,,,,,,,,,C03,,,1,,1,,,7,7,1,12,4,120.647245,24.224411,3
9201,66000,387130000C,(04)23274275,(04)23288582,2025,2,24,16,50,臺中市,西屯區,0,0,0,7,,,80,,,,,,,,,,,,,,13,,,,,B03,,,1,,1,,,59,59,1,12,4,120.631169,24.167911,3
9202,66000,387130000C,(04)23274275,(04)23288582,2025,2,24,16,50,臺中市,太平區,0,1,0,7,2,6,50,4,1,1,5,4,6,6,3,1,10,5,5,2,17,3,10,2,1,C03,7,6,1,10,2,12,,11,11,1,12,4,120.727561,24.150122,2
9203,66000,387130000C,(04)23274275,(04)23288582,2025,2,24,16,50,臺中市,梧棲區,0,0,0,7,,,40,,,,,,,,,,,,,,17,,,,,B03,,,1,,1,,,50,50,1,12,4,120.539865,24.248429,3
9204,66000,387130000C,(04)23274275,(04)23288582,2025,2,24,16,55,臺中市,沙鹿區,0,2,0,7,2,6,1,4,2,1,5,4,6,6,1,1,5,5,5,2,16,2,8,2,1,C03,7,5,1,10,2,14,,22,22,1,6,2,120.569855,24.237356,2
9205,66000,387130000C,(04)23274275,(04)23288582,2025,2,24,16,57,臺中市,西屯區,0,3,0,7,2,6,50,4,1,1,5,4,6,6,1,1,10,5,5,2,11,2,9,2,1,C03,7,6,1,10,2,13,,11,11,1,12,4,120.638827,24.180171,2
9206,66000,387130000C,(04)23274275,(04)23288582,2025,2,24,16,59,臺中市,神岡區,0,1,0,7,2,6,50,13,9,1,5,4,6,6,4,4,9,4,5,2,16,3,10,5,4,B03,7,11,1,8,2,4,,45,45,1,13,4,120.706624,24.260863,2
9207,66000,387130000C,(04)23274275,(04)23288582,2025,2,24,17,0,臺中市,神岡區,0,0,0,7,,,30,,,,,,,,,,,,,,13,,,,,B03,,,1,,1,,,7,7,1,12,4,120.687949,24.25632,3
9208,66000,387130000C,(04)23274275,(04)23288582,2025,2,24,17,4,臺中市,太平區,0,2,0,7,3,6,50,5,1,1,5,4,6,6,1,1,10,5,5,2,16,2,9,4,1,F01,7,6,7,21,2,14,,48,48,1,3,4,120.712988,24.143338,2
9209,66000,387130000C,(04)23274275,(04)23288582,2025,2,24,17,5,臺中市,西屯區,0,0,0,7,,,30,,,,,,,,,,,,,,17,,,,,B03,,,1,,9,,,8,8,1,13,4,120.620123,24.171538,3
9210,66000,387130000C,(04)23274275,(04)23288582,2025,2,24,17,5,臺中市,大里區,0,1,0,7,2,6,50,13,7,1,5,4,6,6,4,4,5,5,4,2,17,3,10,1,1,C03,7,8,1,10,2,12,,4,4,1,13,4,120.703131,24.093281,2
9211,66000,387130000C,(04)23274275,(04)23288582,2025,2,24,17,5,臺中市,豐原區,0,1,0,7,2,6,50,4,1,1,5,4,6,6,1,1,1,4,4,1,17,2,9,5,4,C03,7,11,1,10,2,16,,21,21,1,12,4,120.728167,24.250692,2
9212,66000,387130000C,(04)23274275,(04)23288582,2025,2,24,17,7,臺中市,潭子區,0,0,0,7,,,50,,,,,,,,,,,,,,11,,,,,B03,,,1,,9,,,39,39,1,13,4,120.700487,24.223057,3
9213,66000,387130000C,(04)23274275,(04)23288582,2025,2,24,17,10,臺中市,南區,0,0,0,7,,,50,,,,,,,,,,,,,,13,,,,,B03,,,1,,1,,,84,84,1,12,4,120.661554,24.131404,3
9214,66000,387130000C,(04)23274275,(04)23288582,2025,2,24,17,10,臺中市,東區,0,0,0,7,,,50,,,,,,,,,,,,,,,,,,,C03,,,1,,2,,,84,84,1,12,4,120.705712,24.135288,3
9215,66000,387130000C,(04)23274275,(04)23288582,2025,2,24,17,10,臺中市,西屯區,0,1,0,7,2,6,50,13,8,1,5,4,6,6,4,4,9,5,4,2,11,3,10,3,1,B03,7,6,1,8,2,4,,84,84,1,12,4,120.644121,24.182278,2
9216,66000,387130000C,(04)23274275,(04)23288582,2025,2,24,17,10,臺中市,梧棲區,0,0,0,7,,,30,,,,,,,,,,,,,,12,,,,,B03,,,1,,2,,,51,51,1,13,4,120.515637,24.229789,3
9217,66000,387130000C,(04)23274275,(04)23288582,2025,2,24,17,12,臺中市,外埔區,0,0,0,7,,,30,,,,,,,,,,,,,,14,,,,,B03,,,1,,2,,,49,49,1,12,4,120.663436,24.349295,3
9218,66000,387130000C,(04)23274275,(04)23288582,2025,2,24,17,13,臺中市,北屯區,0,0,0,7,,,50,,,,,,,,,,,,,,,,,,,B03,,,1,,1,,,14,14,1,12,4,120.708226,24.19068,3
9219,66000,387130000C,(04)23274275,(04)23288582,2025,2,24,17,13,臺中市,后里區,0,0,0,7,,,40,,,,,,,,,,,,,,17,,,,,B03,,,1,,2,,,84,84,1,12,4,120.720631,24.303824,3
9220,66000,387130000C,(04)23274275,(04)23288582,2025,2,24,17,14,臺中市,西屯區,0,2,0,7,2,6,30,13,9,1,5,4,6,6,4,4,10,5,5,2,13,2,9,5,4,C03,7,9,1,10,2,11,,7,7,1,12,4,120.634776,24.19225,2
9221,66000,387130000C,(04)23274275,(04)23288582,2025,2,24,17,15,臺中市,大雅區,0,0,0,7,,,50,,,,,,,,,,,,,,,,,,,C03,,,1,,2,,,4,4,1,12,4,120.649476,24.223888,3
9222,66000,387130000C,(04)23274275,(04)23288582,2025,2,24,17,15,臺中市,太平區,0,1,0,7,2,6,50,11,9,1,5,4,6,6,4,4,9,5,5,2,17,2,9,3,1,B03,7,9,1,8,2,8,,59,59,1,12,4,120.719637,24.130961,2
9223,66000,387130000C,(04)23274275,(04)23288582,2025,2,24,17,16,臺中市,潭子區,0,0,0,7,,,50,,,,,,,,,,,,,,,,,,,B03,,,1,,1,,,51,51,1,12,4,120.718132,24.197555,3
9224,66000,387130000C,(04)23274275,(04)23288582,2025,2,24,17,16,臺中市,神岡區,0,1,0,7,2,6,50,13,9,1,5,4,6,6,2,1,5,4,5,2,18,2,9,5,4,C03,7,9,1,10,2,14,,59,59,1,13,4,120.682063,24.246853,2
9225,66000,387130000C,(04)23274275,(04)23288582,2025,2,24,17,17,臺中市,北區,0,0,0,7,,,40,,,,,,,,,,,,,,16,,,,,B03,,,1,,1,,,47,47,1,13,4,120.676548,24.16324,3
9226,66000,387130000C,(04)23274275,(04)23288582,2025,2,24,17,19,臺中市,大里區,0,0,0,7,,,50,,,,,,,,,,,,,,17,,,,,C03,,,1,,1,,,7,7,1,12,4,120.681438,24.104855,3
9227,66000,387130000C,(04)23274275,(04)23288582,2025,2,24,17,20,臺中市,南屯區,0,2,0,7,2,6,50,3,1,1,5,4,6,6,4,4,5,4,4,2,16,2,9,2,1,C03,7,6,1,10,2,12,,14,14,1,12,4,120.645353,24.153642,2
9228,66000,387130000C,(04)23274275,(04)23288582,2025,2,24,17,20,臺中市,大里區,0,1,0,7,3,6,30,4,2,1,5,4,6,6,3,1,10,5,5,2,14,3,10,3,1,B03,7,2,1,8,2,3,,49,49,1,13,4,120.690329,24.106216,2
9229,66000,387130000C,(04)23274275,(04)23288582,2025,2,24,17,21,臺中市,南區,0,1,0,7,2,6,50,3,1,1,5,4,6,6,4,4,10,5,5,2,17,3,10,3,1,B03,7,6,1,8,2,5,,13,13,1,12,4,120.646095,24.112458,2
9230,66000,387130000C,(04)23274275,(04)23288582,2025,2,24,17,21,臺中市,南區,0,0,0,7,,,40,,,,,,,,,,,,,,,,,,,B12,,,1,,1,,,49,49,1,6,4,120.655064,24.109509,3
9231,66000,387130000C,(04)23274275,(04)23288582,2025,2,24,17,23,臺中市,西屯區,0,1,0,7,2,6,50,4,7,1,5,4,6,6,2,1,1,4,4,2,13,2,9,2,1,C03,7,9,3,19,2,11,,59,59,1,12,4,120.647774,24.166957,2
9232,66000,387130000C,(04)23274275,(04)23288582,2025,2,24,17,26,臺中市,南區,0,1,0,7,2,6,50,13,9,1,5,4,6,6,4,4,1,4,5,2,13,2,9,2,1,C03,7,9,1,10,2,11,14,84,84,1,12,4,120.670116,24.124057,2
9233,66000,387130000C,(04)23274275,(04)23288582,2025,2,24,17,28,臺中市,大雅區,0,1,0,7,3,6,30,3,1,1,5,4,6,6,4,4,10,5,5,2,17,2,1,2,1,C03,7,6,1,10,2,12,,14,14,1,12,4,120.633595,24.227532,2
9234,66000,387130000C,(04)23274275,(04)23288582,2025,2,24,17,30,臺中市,南屯區,0,0,0,7,,,50,,,,,,,,,,,,,,17,,,,,B03,,,1,,2,,,54,54,1,12,4,120.646174,24.135224,3
9235,66000,387130000C,(04)23274275,(04)23288582,2025,2,24,17,30,臺中市,南屯區,0,1,0,7,2,6,40,13,8,1,5,4,6,6,4,4,9,4,4,2,13,2,9,1,1,C03,7,9,1,10,2,11,,82,82,1,12,4,120.616986,24.139272,2
9236,66000,387130000C,(04)23274275,(04)23288582,2025,2,24,17,30,臺中市,梧棲區,0,0,0,7,,,50,,,,,,,,,,,,,,17,,,,,B03,,,1,,9,,,85,85,1,6,4,120.549823,24.245635,3
9237,66000,387130000C,(04)23274275,(04)23288582,2025,2,24,17,31,臺中市,大里區,0,3,0,7,2,6,50,4,2,1,5,4,6,6,4,4,1,5,4,2,17,3,10,1,1,C03,7,5,1,10,1,13,,85,85,1,12,4,120.67133,24.102365,2
9238,66000,387130000C,(04)23274275,(04)23288582,2025,2,24,17,33,臺中市,潭子區,0,1,0,7,3,6,60,13,7,1,5,4,6,6,4,4,1,4,4,1,17,2,9,2,1,C03,7,4,1,10,2,12,14,84,84,1,13,4,120.705003,24.208183,2
9239,66000,387130000C,(04)23274275,(04)23288582,2025,2,24,17,34,臺中市,神岡區,0,0,0,7,,,50,,,,,,,,,,,,,,13,,,,,B03,,,1,,1,,,78,78,1,12,4,120.686513,24.249843,4
9240,66000,387130000C,(04)23274275,(04)23288582,2025,2,24,17,36,臺中市,烏日區,0,0,0,7,2,6,50,13,7,1,5,4,6,6,1,1,1,4,1,2,13,3,10,3,1,B03,7,9,1,8,2,1,,58,58,1,6,4,120.618855,24.115679,3
9241,66000,387130000C,(04)23274275,(04)23288582,2025,2,24,17,37,臺中市,大雅區,0,0,0,7,,,50,,,,,,,,,,,,,,,,,,,C03,,,1,,2,,,7,7,1,13,4,120.647621,24.214677,3
9242,66000,387130000C,(04)23274275,(04)23288582,2025,2,24,17,40,臺中市,南屯區,0,1,0,7,2,6,50,4,2,1,5,4,6,6,2,1,1,4,4,2,12,3,10,3,1,B03,7,5,1,8,2,8,,84,84,1,12,4,120.634323,24.144207,2
9243,66000,387130000C,(04)23274275,(04)23288582,2025,2,24,17,40,臺中市,大甲區,0,0,0,7,,,60,,,,,,,,,,,,,,,,,,,B03,,,1,,1,,,7,7,1,12,4,120.617627,24.351005,3
9244,66000,387130000C,(04)23274275,(04)23288582,2025,2,24,17,41,臺中市,豐原區,0,2,0,7,2,6,60,4,9,1,5,4,6,6,1,1,1,4,5,2,12,2,9,5,4,C03,7,5,1,10,2,14,,84,84,1,13,4,120.737622,24.255688,2
9245,66000,387130000C,(04)23274275,(04)23288582,2025,2,24,17,42,臺中市,霧峰區,0,0,0,7,,,50,,,,,,,,,,,,,,,,,,,C03,,,1,,2,,,8,8,1,5,4,120.665859,24.071572,3
9246,66000,387130000C,(04)23274275,(04)23288582,2025,2,24,17,45,臺中市,梧棲區,0,1,0,7,2,6,50,13,9,1,5,4,6,6,4,4,1,4,5,2,12,3,10,3,1,B12,7,1,1,8,1,4,,51,51,1,12,4,120.528915,24.250587,2