序號,縣市別代碼,機關代碼,市話,傳真,年,月,日,時,分,縣市,區,死亡數量,受傷數量,2-30,天候,道路照明設備,道路類別,道路速限,道路型態,事故位置,路面鋪裝,路面狀態,路面缺陷,障礙物,視距,號誌種類,號誌動作,分向設施,快車道或一般車道間,快慢車道間,路面邊線,事故類型及型態,受傷程度,主要傷處,保護裝備,行動電話或功能裝置,當事者區分(類別),車輛用途,當事者行動狀態,駕照狀態,駕照種類,飲酒情形,車輛撞擊部位最初,車輛撞擊部位其他,肇事因素個別,肇事因素主要,肇事逃逸,職業,共享經濟或外送平台,GPS座標X,GPS座標Y,事故類別
9247,66000,387130000C,(04)23274275,(04)23288582,2025,2,24,17,46,臺中市,西屯區,0,0,0,7,,,50,,,,,,,,,,,,,,12,,,,,B03,,,1,,1,,,8,8,1,13,4,120.644251,24.194815,3
9248,66000,387130000C,(04)23274275,(04)23288582,2025,2,24,17,46,臺中市,烏日區,0,0,0,7,,,80,,,,,,,,,,,,,,13,,,,,B03,,,1,,1,,,84,84,1,6,4,120.612807,24.102862,3
9249,66000,387130000C,(04)23274275,(04)23288582,2025,2,24,17,47,臺中市,北屯區,0,0,0,7,,,50,,,,,,,,,,,,,,,,,,,B03,,,1,,1,,,7,7,1,12,4,120.68672,24.200327,4
9250,66000,387130000C,(04)23274275,(04)23288582,2025,2,24,17,47,臺中市,北屯區,0,1,0,7,1,6,50,13,9,1,5,4,6,6,4,4,1,3,5,2,12,2,9,2,1,C03,7,9,1,10,2,14,,39,39,1,12,4,120.685918,24.174932,2
9251,66000,387130000C,(04)23274275,(04)23288582,2025,2,24,17,48,臺中市,南屯區,0,1,0,7,2,6,50,4,1,1,5,4,6,6,2,1,5,5,5,2,16,3,10,3,1,B03,7,5,1,8,2,5,,47,47,1,6,4,120.641382,24.133415,2
9252,66000,387130000C,(04)23274275,(04)23288582,2025,2,24,17,49,臺中市,潭子區,0,0,0,6,,,50,,,,,,,,,,,,,,,,,,,C03,,,1,,2,,,39,39,1,13,4,120.70872,24.210589,3
9253,66000,387130000C,(04)23274275,(04)23288582,2025,2,24,17,49,臺中市,太平區,0,1,0,7,1,6,50,4,1,1,5,4,6,6,1,1,10,5,5,2,13,2,9,1,1,C03,7,9,1,10,2,11,,7,7,1,12,4,120.713683,24.125154,2
9254,66000,387130000C,(04)23274275,(04)23288582,2025,2,24,17,49,臺中市,梧棲區,0,0,0,7,,,40,,,,,,,,,,,,,,12,,,,,A12,,,1,,2,,,84,84,1,13,4,120.526273,24.222351,3
9255,66000,387130000C,(04)23274275,(04)23288582,2025,2,24,17,50,臺中市,北區,0,1,0,7,1,6,50,4,1,1,5,4,6,6,2,1,10,5,5,2,17,3,10,1,1,C03,7,6,1,10,2,12,,11,11,1,13,4,120.684796,24.161457,2
9256,66000,387130000C,(04)23274275,(04)23288582,2025,2,24,17,50,臺中市,南屯區,0,0,0,7,,,50,,,,,,,,,,,,,,12,,,,,C03,,,1,,1,,,48,48,1,12,4,120.649893,24.143803,3
9257,66000,387130000C,(04)23274275,(04)23288582,2025,2,24,17,50,臺中市,南屯區,0,1,0,7,2,6,50,4,2,1,5,4,6,6,2,1,9,4,4,2,12,2,9,1,1,C03,7,7,1,10,1,11,,39,39,1,12,4,120.628399,24.140188,2
9258,66000,387130000C,(04)23274275,(04)23288582,2025,2,24,17,50,臺中市,北屯區,0,0,0,7,,,40,,,,,,,,,,,,,,12,,,,,C03,,,1,10,9,,,84,84,1,6,4,120.671722,24.175473,3
9259,66000,387130000C,(04)23274275,(04)23288582,2025,2,24,17,53,臺中市,西區,0,1,0,7,2,6,25,5,1,1,5,4,6,6,1,1,10,5,5,2,17,2,9,6,1,F01,7,9,7,21,2,11,,7,7,1,4,4,120.66846,24.13236,2
9260,66000,387130000C,(04)23274275,(04)23288582,2025,2,24,17,53,臺中市,大里區,0,0,0,7,,,50,,,,,,,,,,,,,,17,,,,,B03,,,1,,2,,,7,7,1,12,4,120.696806,24.111016,3
9261,66000,387130000C,(04)23274275,(04)23288582,2025,2,24,17,55,臺中市,東區,0,1,0,7,1,6,50,4,1,1,5,4,6,6,2,1,10,5,5,2,18,2,9,1,1,C03,7,9,1,10,2,14,,84,84,1,12,4,120.706347,24.136694,2
9262,66000,387130000C,(04)23274275,(04)23288582,2025,2,24,17,55,臺中市,北屯區,0,2,0,7,3,6,50,13,9,1,5,4,6,6,4,4,5,5,5,2,12,3,10,3,1,B03,7,5,1,8,2,5,,47,47,1,6,4,120.681656,24.17086,2
9263,66000,387130000C,(04)23274275,(04)23288582,2025,2,24,17,55,臺中市,梧棲區,0,0,0,7,,,60,,,,,,,,,,,,,,17,,,,,A31,,,1,,9,,,85,85,1,6,4,120.534619,24.246615,3
9264,66000,387130000C,(04)23274275,(04)23288582,2025,2,24,17,58,臺中市,龍井區,0,1,0,6,1,6,50,13,9,1,5,4,6,6,4,4,9,4,5,1,12,3,10,3,1,B03,7,9,1,8,2,2,,8,8,1,6,4,120.584512,24.183265,2
9265,66000,387130000C,(04)23274275,(04)23288582,2025,2,24,17,59,臺中市,大安區,0,1,0,7,3,6,50,13,9,1,5,4,6,6,4,4,10,5,5,1,16,3,10,3,1,B03,7,6,1,8,2,5,,20,20,1,6,4,120.611632,24.369065,2
9266,66000,387130000C,(04)23274275,(04)23288582,2025,2,24,18,0,臺中市,南屯區,0,0,0,7,,,50,,,,,,,,,,,,,,12,,,,,B03,,,1,,2,,,50,50,1,12,4,120.65434,24.142773,3
9267,66000,387130000C,(04)23274275,(04)23288582,2025,2,24,18,2,臺中市,西區,0,0,0,7,,,50,,,,,,,,,,,,,,,,,,,B03,,,1,,2,,,84,84,1,12,4,120.660597,24.154285,3
9268,66000,387130000C,(04)23274275,(04)23288582,2025,2,24,18,3,臺中市,北區,0,1,0,7,1,6,50,3,1,1,5,4,6,6,4,4,10,5,5,2,16,3,10,3,1,B03,7,6,1,8,2,1,,14,14,1,12,4,120.685152,24.165997,2
9269,66000,387130000C,(04)23274275,(04)23288582,2025,2,24,18,4,臺中市,北屯區,0,0,0,7,,,50,,,,,,,,,,,,,,,,,,,B02,,,1,,2,,,51,51,1,12,4,120.718912,24.172244,3
9270,66000,387130000C,(04)23274275,(04)23288582,2025,2,24,18,5,臺中市,南區,0,0,0,7,,,50,,,,,,,,,,,,,,,,,,,B03,,,1,,1,,,51,51,1,6,4,120.662196,24.122455,4
9271,66000,387130000C,(04)23274275,(04)23288582,2025,2,24,18,6,臺中市,西屯區,0,0,0,6,1,6,50,13,9,1,5,4,6,6,2,1,1,3,5,1,13,3,10,3,4,B03,7,14,1,8,1,1,,7,7,1,12,4,120.634832,24.181355,3
9272,66000,387130000C,(04)23274275,(04)23288582,2025,2,24,18,7,臺中市,南屯區,0,1,0,7,1,6,50,3,1,1,5,4,6,6,4,4,1,5,5,2,13,3,10,2,1,C03,7,9,1,10,2,11,,7,7,1,6,2,120.646685,24.154626,2
9273,66000,387130000C,(04)23274275,(04)23288582,2025,2,24,18,7,臺中市,太平區,0,1,0,7,1,6,50,13,9,1,5,4,6,6,4,4,5,4,5,2,12,3,10,3,1,B03,7,7,1,8,2,5,,40,40,1,12,4,120.722791,24.149378,2
9274,66000,387130000C,(04)23274275,(04)23288582,2025,2,24,18,8,臺中市,西屯區,0,0,0,7,,,50,,,,,,,,,,,,,,18,,,,,C03,,,1,,1,,,83,83,1,12,4,120.666978,24.173033,4
9275,66000,387130000C,(04)23274275,(04)23288582,2025,2,24,18,9,臺中市,南區,0,1,0,7,1,6,50,3,1,1,5,4,6,6,1,1,9,4,5,2,12,2,8,1,1,C03,7,9,1,10,2,11,,7,7,1,12,4,120.679394,24.122376,2
9276,66000,387130000C,(04)23274275,(04)23288582,2025,2,24,18,10,臺中市,西屯區,0,1,0,7,1,6,50,13,9,1,5,4,6,6,4,4,5,4,5,2,18,2,9,2,1,C03,7,9,1,10,2,12,,59,59,1,12,4,120.639946,24.185741,2
9277,66000,387130000C,(04)23274275,(04)23288582,2025,2,24,18,10,臺中市,太平區,0,2,0,7,1,6,30,3,1,1,5,4,6,6,4,4,10,5,5,2,17,2,9,2,1,C03,7,6,1,10,2,11,,14,14,1,12,4,120.734764,24.147701,2
9278,66000,387130000C,(04)23274275,(04)23288582,2025,2,24,18,13,臺中市,大里區,0,0,0,7,,,50,,,,,,,,,,,,,,11,,,,,B03,,,1,,9,,,8,8,1,12,4,120.709462,24.082436,3
9279,66000,387130000C,(04)23274275,(04)23288582,2025,2,24,18,15,臺中市,南區,0,0,0,7,,,50,,,,,,,,,,,,,,13,,,,,B03,,,1,,1,,,59,59,1,12,4,120.66683,24.118682,3
9280,66000,387130000C,(04)23274275,(04)23288582,2025,2,24,18,17,臺中市,北屯區,0,1,0,7,1,6,50,4,1,1,5,4,6,6,2,1,10,5,5,2,16,3,10,3,1,B03,7,5,1,8,2,2,,84,84,1,12,4,120.676923,24.185848,2
9281,66000,387130000C,(04)23274275,(04)23288582,2025,2,24,18,17,臺中市,北屯區,0,1,0,7,1,6,50,13,8,1,5,4,6,6,4,4,5,4,4,2,18,2,9,2,1,C03,7,9,1,10,9,14,,53,53,1,12,4,120.704454,24.164862,2
9282,66000,387130000C,(04)23274275,(04)23288582,2025,2,24,18,17,臺中市,西屯區,0,0,0,7,,,50,,,,,,,,,,,,,,12,,,,,C03,,,1,,1,,,56,56,1,13,4,120.632103,24.170355,3
9283,66000,387130000C,(04)23274275,(04)23288582,2025,2,24,18,18,臺中市,北屯區,0,0,0,7,,,50,,,,,,,,,,,,,,,,,,,C03,,,1,,1,,,7,7,1,12,4,120.70904,24.172748,3
9284,66000,387130000C,(04)23274275,(04)23288582,2025,2,24,18,18,臺中市,豐原區,0,0,0,7,,,50,,,,,,,,,,,,,,14,,,,,B11,,,1,,1,,,49,49,1,12,4,120.712914,24.249827,3
9285,66000,387130000C,(04)23274275,(04)23288582,2025,2,24,18,20,臺中市,南屯區,0,0,0,7,,,50,,,,,,,,,,,,,,13,,,,,C03,,,1,,1,,,7,7,1,12,4,120.652965,24.140261,3
9286,66000,387130000C,(04)23274275,(04)23288582,2025,2,24,18,20,臺中市,西屯區,0,0,0,7,,,40,,,,,,,,,,,,,,13,,,,,B12,,,1,,1,,,7,7,1,13,4,120.616682,24.182272,3
9287,66000,387130000C,(04)23274275,(04)23288582,2025,2,24,18,21,臺中市,大里區,0,0,0,7,,,50,,,,,,,,,,,,,,12,,,,,B03,,,1,,2,,,39,39,1,6,4,120.690004,24.107717,3
9288,66000,387130000C,(04)23274275,(04)23288582,2025,2,24,18,24,臺中市,西屯區,0,0,0,7,1,6,40,4,8,1,5,4,6,6,2,1,1,5,1,1,13,3,10,3,4,B03,7,9,1,8,1,1,,59,59,1,12,4,120.634743,24.161251,3
9289,66000,387130000C,(04)23274275,(04)23288582,2025,2,24,18,26,臺中市,西屯區,0,0,0,7,,,50,,,,,,,,,,,,,,12,,,,,C03,,,1,,2,,,8,8,1,12,4,120.651209,24.165225,3
9290,66000,387130000C,(04)23274275,(04)23288582,2025,2,24,18,29,臺中市,西屯區,0,1,0,7,1,6,40,4,1,1,5,4,6,6,2,1,1,4,5,2,13,3,10,3,1,B03,7,9,1,8,2,1,,7,7,1,12,4,120.643487,24.16574,2
9291,66000,387130000C,(04)23274275,(04)23288582,2025,2,24,18,30,臺中市,北屯區,0,2,0,6,1,6,50,3,1,1,5,4,6,6,4,4,10,5,5,2,16,2,9,2,1,C03,7,6,1,10,2,12,,14,14,1,6,4,120.669433,24.176173,2
9292,66000,387130000C,(04)23274275,(04)23288582,2025,2,24,18,30,臺中市,北屯區,0,2,0,7,3,6,50,4,1,1,5,4,6,6,4,4,10,5,5,2,12,2,9,2,1,C03,7,1,1,10,2,11,,51,51,1,6,4,120.711637,24.16953,2
9293,66000,387130000C,(04)23274275,(04)23288582,2025,2,24,18,30,臺中市,大里區,0,1,0,7,1,6,50,3,2,1,5,4,6,6,4,4,3,4,5,2,13,3,10,3,1,B03,7,9,1,8,2,1,,7,7,1,12,4,120.6851,24.119033,2
9294,66000,387130000C,(04)23274275,(04)23288582,2025,2,24,18,35,臺中市,南屯區,0,0,0,7,,,60,,,,,,,,,,,,,,17,,,,,B03,,,1,,2,,,8,8,1,6,4,120.635901,24.151519,4
9295,66000,387130000C,(04)23274275,(04)23288582,2025,2,24,18,37,臺中市,潭子區,0,0,0,7,,,30,,,,,,,,,,,,,,,,,,,B03,,,1,,1,,,49,49,1,12,4,120.726536,24.20156,3
9296,66000,387130000C,(04)23274275,(04)23288582,2025,2,24,18,40,臺中市,南屯區,0,1,0,7,2,6,50,13,9,1,5,4,6,6,4,4,9,4,5,2,13,2,9,1,1,C03,7,9,5,19,2,11,,84,84,1,12,4,120.649747,24.133792,2
9297,66000,387130000C,(04)23274275,(04)23288582,2025,2,24,18,40,臺中市,霧峰區,0,0,0,7,,,50,,,,,,,,,,,,,,,,,,,C03,,,1,,1,,,84,84,1,5,4,120.70032,24.065851,3
9298,66000,387130000C,(04)23274275,(04)23288582,2025,2,24,18,45,臺中市,北屯區,0,0,0,7,,,50,,,,,,,,,,,,,,,,,,,B03,,,1,,1,,,84,84,1,12,4,120.667449,24.200722,3
9299,66000,387130000C,(04)23274275,(04)23288582,2025,2,24,18,46,臺中市,北屯區,0,2,0,7,1,6,50,4,17,1,5,4,6,6,1,1,10,5,5,2,16,2,8,1,1,C03,7,6,1,10,2,12,,48,48,1,6,2,120.66149,24.187975,2
9300,66000,387130000C,(04)23274275,(04)23288582,2025,2,24,18,47,臺中市,北屯區,0,1,0,7,1,6,50,4,1,1,5,4,6,6,2,1,10,5,5,2,16,3,10,3,1,B03,7,6,1,8,2,6,,11,11,1,12,4,120.722608,24.166912,2
9301,66000,387130000C,(04)23274275,(04)23288582,2025,2,24,18,47,臺中市,烏日區,0,0,0,7,,,50,,,,,,,,,,,,,,13,,,,,B03,,,1,,1,,,87,87,1,6,4,120.641611,24.115441,4
9302,66000,387130000C,(04)23274275,(04)23288582,2025,2,24,18,50,臺中市,北區,0,1,0,7,2,6,50,13,7,1,5,4,6,6,4,4,3,4,4,2,12,3,10,3,1,B12,7,9,1,8,9,2,,84,84,1,13,4,120.676796,24.155268,2
9303,66000,387130000C,(04)23274275,(04)23288582,2025,2,24,18,50,臺中市,清水區,0,0,0,7,,,50,,,,,,,,,,,,,,,,,,,B03,,,1,,2,,,49,49,1,12,4,120.566384,24.268329,3
9304,66000,387130000C,(04)23274275,(04)23288582,2025,2,24,18,51,臺中市,大甲區,0,0,0,7,1,6,50,5,2,1,5,4,6,6,4,4,5,2,5,1,13,3,10,3,1,B03,7,12,1,8,1,6,,7,7,1,12,4,120.617501,24.346684,3
9305,66000,387130000C,(04)23274275,(04)23288582,2025,2,24,18,52,臺中市,西屯區,0,0,0,7,,,50,,,,,,,,,,,,,,14,,,,,B12,,,1,,1,,,8,8,1,12,4,120.625946,24.199291,3
9306,66000,387130000C,(04)23274275,(04)23288582,2025,2,24,18,55,臺中市,西區,0,2,0,7,1,6,50,4,2,1,5,4,6,6,2,1,5,4,5,1,13,2,9,2,1,C03,7,9,1,10,2,11,,7,7,1,13,4,120.681893,24.135934,2
9307,66000,387130000C,(04)23274275,(04)23288582,2025,2,24,18,55,臺中市,北屯區,0,0,0,7,,,50,,,,,,,,,,,,,,14,,,,,B03,,,1,,2,,,50,50,1,13,4,120.696034,24.168354,3
9308,66000,387130000C,(04)23274275,(04)23288582,2025,2,24,18,55,臺中市,西屯區,0,0,0,7,,,40,,,,,,,,,,,,,,13,,,,,B03,,,1,,2,,,7,7,1,13,4,120.629945,24.165913,3
9309,66000,387130000C,(04)23274275,(04)23288582,2025,2,24,18,57,臺中市,大里區,0,0,0,7,,,50,,,,,,,,,,,,,,17,,,,,B03,,,1,,1,,,84,84,1,12,4,120.700284,24.11846,3
9310,66000,387130000C,(04)23274275,(04)23288582,2025,2,24,19,0,臺中市,潭子區,0,0,0,7,,,50,,,,,,,,,,,,,,,,,,,B03,,,1,,2,,,84,84,1,12,4,120.694222,24.221331,3
9311,66000,387130000C,(04)23274275,(04)23288582,2025,2,24,19,3,臺中市,大里區,0,0,0,7,,,50,,,,,,,,,,,,,,13,,,,,B03,,,1,,2,,,84,84,1,6,4,120.679841,24.115802,3
9312,66000,387130000C,(04)23274275,(04)23288582,2025,2,24,19,10,臺中市,南屯區,0,0,0,7,,,50,,,,,,,,,,,,,,17,,,,,B03,,,1,,1,,,8,8,1,12,4,120.615621,24.148203,3
9313,66000,387130000C,(04)23274275,(04)23288582,2025,2,24,19,13,臺中市,豐原區,0,0,0,7,,,50,,,,,,,,,,,,,,13,,,,,C03,,,1,,2,,,7,7,1,12,4,120.718508,24.25337,3
9314,66000,387130000C,(04)23274275,(04)23288582,2025,2,24,19,15,臺中市,南屯區,0,3,0,7,2,6,50,4,2,1,5,4,6,6,2,1,9,4,4,2,13,4,11,1,1,C03,7,15,1,10,1,11,,84,84,1,12,4,120.650233,24.151027,2
9315,66000,387130000C,(04)23274275,(04)23288582,2025,2,24,19,15,臺中市,石岡區,0,0,0,7,,,70,,,,,,,,,,,,,,13,,,,,B03,,,1,,2,,,7,7,1,12,4,120.78344,24.27464,3
9316,66000,387130000C,(04)23274275,(04)23288582,2025,2,24,19,16,臺中市,南屯區,0,0,0,7,,,50,,,,,,,,,,,,,,,,,,,B03,,,1,,1,,,47,47,1,6,4,120.62267,24.140394,3
9317,66000,387130000C,(04)23274275,(04)23288582,2025,2,24,19,16,臺中市,南屯區,0,0,0,6,,,50,,,,,,,,,,,,,,13,,,,,C02,,,1,,1,,,7,7,1,6,4,120.62267,24.140394,3
9318,66000,387130000C,(04)23274275,(04)23288582,2025,2,24,19,29,臺中市,西屯區,0,1,0,7,1,6,30,3,1,1,5,4,6,6,4,4,10,5,5,2,16,3,10,1,1,C03,7,6,1,10,1,11,,14,14,1,13,4,120.647657,24.176045,2
9319,66000,387130000C,(04)23274275,(04)23288582,2025,2,24,19,31,臺中市,大里區,0,0,0,7,,,50,,,,,,,,,,,,,,16,,,,,C03,,,1,,2,,,39,39,1,13,4,120.698506,24.079764,3
9320,66000,387130000C,(04)23274275,(04)23288582,2025,2,24,19,36,臺中市,東區,0,1,0,7,1,6,50,4,19,1,5,4,6,6,1,1,10,5,5,2,3,3,10,3,1,B03,7,6,1,8,2,1,,10,10,1,12,4,120.706027,24.142738,2
9321,66000,387130000C,(04)23274275,(04)23288582,2025,2,24,19,59,臺中市,西區,0,0,0,7,,,50,,,,,,,,,,,,,,,,,,,C03,,,1,,1,,,7,7,1,12,4,120.660912,24.158653,3
9322,66000,387130000C,(04)23274275,(04)23288582,2025,2,24,20,2,臺中市,北區,0,0,0,7,,,50,,,,,,,,,,,,,,17,,,,,B03,,,1,,9,,,49,49,1,13,4,120.686061,24.166846,3
9323,66000,387130000C,(04)23274275,(04)23288582,2025,2,24,20,2,臺中市,西屯區,0,0,0,7,,,0,,,,,,,,,,,,,,17,,,,,B03,,,1,,9,,,77,77,1,12,4,120.609992,24.160828,3
9324,66000,387130000C,(04)23274275,(04)23288582,2025,2,24,20,4,臺中市,大里區,0,0,0,7,,,50,,,,,,,,,,,,,,17,,,,,B03,,,1,,2,,,50,50,1,12,4,120.687955,24.10056,3
9325,66000,387130000C,(04)23274275,(04)23288582,2025,2,24,20,5,臺中市,東區,0,0,0,7,,,50,,,,,,,,,,,,,,,,,,,F03,,,7,,1,,,21,21,1,12,4,120.697777,24.133211,4
9326,66000,387130000C,(04)23274275,(04)23288582,2025,2,24,20,8,臺中市,西屯區,0,0,0,7,,,50,,,,,,,,,,,,,,12,,,,,B03,,,1,,1,,,87,87,1,12,4,120.609505,24.194177,4
9327,66000,387130000C,(04)23274275,(04)23288582,2025,2,24,20,8,臺中市,西屯區,0,2,0,7,1,6,40,4,1,1,5,4,6,6,2,1,1,4,1,2,13,2,9,5,4,C03,7,9,1,10,2,11,,7,7,1,12,4,120.655911,24.158976,2
9328,66000,387130000C,(04)23274275,(04)23288582,2025,2,24,20,13,臺中市,太平區,0,0,0,7,,,50,,,,,,,,,,,,,,17,,,,,C03,,,3,,2,,,84,84,1,12,4,120.718011,24.148589,3
9329,66000,387130000C,(04)23274275,(04)23288582,2025,2,24,20,16,臺中市,南區,0,0,0,7,,,50,,,,,,,,,,,,,,16,,,,,B03,,,1,,1,,,14,14,1,12,4,120.675668,24.128467,3
9330,66000,387130000C,(04)23274275,(04)23288582,2025,2,24,20,18,臺中市,霧峰區,0,2,0,7,1,6,30,4,1,1,5,4,6,6,4,4,10,5,5,2,15,2,9,1,1,C03,7,9,1,10,2,14,,12,12,1,5,4,120.699411,24.070116,2
9331,66000,387130000C,(04)23274275,(04)23288582,2025,2,24,20,18,臺中市,龍井區,0,0,0,6,,,50,,,,,,,,,,,,,,13,,,,,B03,,,1,,1,,,59,59,1,6,4,120.581717,24.17637,3
9332,66000,387130000C,(04)23274275,(04)23288582,2025,2,24,20,22,臺中市,龍井區,0,0,0,7,,,30,,,,,,,,,,,,,,,,,,,B03,,,1,,1,,,12,12,1,12,4,120.586997,24.181363,3
9333,66000,387130000C,(04)23274275,(04)23288582,2025,2,24,20,25,臺中市,大里區,0,2,0,7,1,6,50,4,1,1,5,4,6,6,4,4,10,5,5,2,15,2,8,2,1,C03,7,9,1,10,2,11,,20,20,1,6,4,120.704212,24.095114,2
9334,66000,387130000C,(04)23274275,(04)23288582,2025,2,24,20,25,臺中市,沙鹿區,0,1,0,7,1,6,50,4,1,1,5,4,6,6,4,4,10,5,5,2,17,3,10,3,1,B03,7,11,1,8,2,8,,45,45,1,5,4,120.570992,24.229624,2
9335,66000,387130000C,(04)23274275,(04)23288582,2025,2,24,20,27,臺中市,大里區,0,1,0,7,1,6,50,4,1,1,5,4,6,6,1,1,10,5,5,2,16,2,9,2,1,C03,7,9,1,10,2,11,,39,39,1,13,4,120.694163,24.100304,2
9336,66000,387130000C,(04)23274275,(04)23288582,2025,2,24,20,32,臺中市,沙鹿區,0,0,0,7,,,40,,,,,,,,,,,,,,13,,,,,C03,,,1,,1,,,7,7,1,6,4,120.57292,24.231375,3
9337,66000,387130000C,(04)23274275,(04)23288582,2025,2,24,20,33,臺中市,中區,0,0,0,7,,,30,,,,,,,,,,,,,,,,,,,C03,,,1,,2,,,12,12,1,12,4,120.678207,24.145585,3
9338,66000,387130000C,(04)23274275,(04)23288582,2025,2,24,20,35,臺中市,沙鹿區,0,0,0,7,,,60,,,,,,,,,,,,,,23,,,,,B03,,,1,,2,,,59,59,1,9,4,120.569788,24.200638,3
9339,66000,387130000C,(04)23274275,(04)23288582,2025,2,24,20,39,臺中市,梧棲區,0,0,0,7,,,50,,,,,,,,,,,,,,13,,,,,B03,,,1,,1,,,7,7,1,13,4,120.541159,24.257162,3
9340,66000,387130000C,(04)23274275,(04)23288582,2025,2,24,20,46,臺中市,西區,0,0,0,7,,,50,,,,,,,,,,,,,,,,,,,B03,,,1,,1,,,15,15,1,12,4,120.668086,24.141301,3
9341,66000,387130000C,(04)23274275,(04)23288582,2025,2,24,20,46,臺中市,西屯區,0,0,0,7,,,50,,,,,,,,,,,,,,16,,,,,C03,,,1,,1,,,59,59,1,12,4,120.647894,24.174161,3
9342,66000,387130000C,(04)23274275,(04)23288582,2025,2,24,20,51,臺中市,潭子區,0,0,0,7,,,50,,,,,,,,,,,,,,3,,,,,C03,,,1,,2,,,46,46,1,12,4,120.70082,24.215023,3
9343,66000,387130000C,(04)23274275,(04)23288582,2025,2,24,21,7,臺中市,北屯區,0,2,0,6,1,6,30,3,1,1,5,4,6,6,4,4,10,5,5,2,16,3,10,3,1,B03,7,6,1,8,2,8,,14,14,1,6,4,120.718734,24.185883,2
9344,66000,387130000C,(04)23274275,(04)23288582,2025,2,24,21,15,臺中市,西區,0,2,0,7,1,6,50,4,1,1,5,4,6,6,1,1,10,5,5,2,12,2,9,2,1,C04,7,6,1,8,2,14,,84,84,1,12,4,120.663884,24.157614,2
9345,66000,387130000C,(04)23274275,(04)23288582,2025,2,24,21,15,臺中市,南屯區,0,1,0,7,1,6,50,4,1,1,5,4,6,6,4,4,9,5,5,2,17,2,9,2,1,C03,7,9,1,10,2,11,,15,15,1,13,2,120.653837,24.136696,2
9346,66000,387130000C,(04)23274275,(04)23288582,2025,2,24,21,15,臺中市,大甲區,0,0,0,7,,,50,,,,,,,,,,,,,,12,,,,,B03,,,1,,2,,,8,8,2,12,4,120.632358,24.345711,3
9347,66000,387130000C,(04)23274275,(04)23288582,2025,2,24,21,16,臺中市,北屯區,0,3,0,7,3,6,50,3,2,1,5,4,6,6,4,4,5,4,5,2,17,2,9,2,1,C03,7,15,1,10,2,13,,34,34,1,6,4,120.712645,24.172954,2
9348,66000,387130000C,(04)23274275,(04)23288582,2025,2,24,21,17,臺中市,太平區,0,1,0,7,2,6,50,13,7,1,5,4,6,6,4,4,9,4,4,2,16,3,10,3,1,B02,7,11,1,8,2,8,,45,45,1,13,4,120.726756,24.122137,2
9349,66000,387130000C,(04)23274275,(04)23288582,2025,2,24,21,23,臺中市,南區,0,0,0,7,,,50,,,,,,,,,,,,,,,,,,,B02,,,1,,2,,,49,49,1,12,4,120.657432,24.132724,3
9350,66000,387130000C,(04)23274275,(04)23288582,2025,2,24,21,28,臺中市,大里區,0,1,0,7,1,6,50,4,1,1,5,4,6,6,1,1,10,5,5,2,17,3,10,3,1,B03,7,5,5,8,2,2,,38,38,1,12,4,120.687891,24.094591,2
9351,66000,387130000C,(04)23274275,(04)23288582,2025,2,24,21,29,臺中市,大雅區,0,3,0,7,1,6,50,3,9,1,5,4,6,6,4,4,10,5,5,2,17,2,8,2,1,C03,7,9,1,10,2,14,,1,1,1,12,4,120.650318,24.219453,2
9352,66000,387130000C,(04)23274275,(04)23288582,2025,2,24,21,30,臺中市,西屯區,0,1,0,7,2,6,40,13,8,1,5,4,6,6,4,4,1,4,1,2,13,2,9,2,1,C03,7,9,1,10,1,11,,7,7,1,13,4,120.650964,24.162311,2
9353,66000,387130000C,(04)23274275,(04)23288582,2025,2,24,21,35,臺中市,大里區,0,4,0,7,1,6,50,5,2,1,5,4,6,6,1,1,1,3,4,1,13,2,7,1,1,C03,7,9,1,10,2,11,,7,7,1,12,4,120.697163,24.084148,2
9354,66000,387130000C,(04)23274275,(04)23288582,2025,2,24,21,36,臺中市,北屯區,0,1,0,7,1,6,50,13,9,1,5,4,6,6,4,4,5,4,5,2,16,3,10,5,4,B03,7,1,1,8,2,8,,51,51,1,13,4,120.710412,24.17179,2
9355,66000,387130000C,(04)23274275,(04)23288582,2025,2,24,21,37,臺中市,大雅區,0,1,0,7,1,6,50,5,19,1,5,4,6,6,2,1,9,4,4,1,3,3,10,3,1,B03,7,6,1,8,2,1,,10,10,1,13,4,120.653271,24.221298,2
9356,66000,387130000C,(04)23274275,(04)23288582,2025,2,24,21,40,臺中市,外埔區,0,0,0,7,,,30,,,,,,,,,,,,,,,,,,,B03,,,1,,2,,,49,49,1,12,4,120.670306,24.318455,3
9357,66000,387130000C,(04)23274275,(04)23288582,2025,2,24,22,9,臺中市,西區,0,3,0,7,1,6,40,3,2,1,5,4,6,6,3,1,1,4,1,2,13,2,9,1,1,C03,7,9,1,10,2,11,,7,7,1,6,4,120.671364,24.149935,2
9358,66000,387130000C,(04)23274275,(04)23288582,2025,2,24,22,13,臺中市,北區,0,1,0,7,1,6,50,11,7,1,5,4,6,6,4,4,5,2,4,2,17,2,9,1,1,C03,7,5,1,10,2,13,,82,82,1,12,4,120.674572,24.168846,2