序號,縣市別代碼,機關代碼,市話,傳真,年,月,日,時,分,縣市,區,死亡數量,受傷數量,2-30,天候,道路照明設備,道路類別,道路速限,道路型態,事故位置,路面鋪裝,路面狀態,路面缺陷,障礙物,視距,號誌種類,號誌動作,分向設施,快車道或一般車道間,快慢車道間,路面邊線,事故類型及型態,受傷程度,主要傷處,保護裝備,行動電話或功能裝置,當事者區分(類別),車輛用途,當事者行動狀態,駕照狀態,駕照種類,飲酒情形,車輛撞擊部位最初,車輛撞擊部位其他,肇事因素個別,肇事因素主要,肇事逃逸,職業,共享經濟或外送平台,GPS座標X,GPS座標Y,事故類別
9359,66000,387130000C,(04)23274275,(04)23288582,2025,2,24,22,25,臺中市,潭子區,0,0,0,7,1,6,60,3,2,1,5,4,6,6,1,1,1,4,4,1,12,,,,,C03,,,1,,2,,,84,84,1,12,4,120.708952,24.231433,3
9360,66000,387130000C,(04)23274275,(04)23288582,2025,2,24,22,25,臺中市,西區,0,0,0,7,,,30,,,,,,,,,,,,,,,,,,,C03,,,1,,2,,,84,84,1,12,4,120.661802,24.150186,3
9361,66000,387130000C,(04)23274275,(04)23288582,2025,2,24,22,56,臺中市,西屯區,0,1,0,7,1,6,50,13,7,1,5,4,6,6,4,4,3,2,4,2,13,2,9,2,1,C03,7,9,1,10,2,11,,59,59,1,12,4,120.660399,24.173146,2
9362,66000,387130000C,(04)23274275,(04)23288582,2025,2,24,23,15,臺中市,南區,0,2,0,7,1,6,50,4,1,1,5,4,6,6,1,1,10,5,5,2,17,2,9,1,1,C03,7,15,1,10,2,13,,84,84,1,12,4,120.679278,24.124247,2
9363,66000,387130000C,(04)23274275,(04)23288582,2025,2,24,23,47,臺中市,東區,0,1,0,7,1,6,50,3,1,1,5,4,6,6,2,1,5,2,5,2,18,2,9,2,1,C03,7,9,1,10,2,16,,87,87,1,6,4,120.695053,24.134833,2
9364,66000,387130000C,(04)23274275,(04)23288582,2025,2,24,23,54,臺中市,北區,0,2,0,7,1,6,50,13,12,1,5,4,6,6,4,4,5,5,4,2,17,2,9,1,1,C03,7,9,1,10,2,11,,7,7,1,13,4,120.672876,24.155718,2
9365,66000,387130000C,(04)23274275,(04)23288582,2025,2,25,0,25,臺中市,太平區,0,1,0,7,1,6,50,4,1,1,5,4,6,6,1,1,5,5,5,1,17,3,10,2,1,C03,7,11,3,19,9,11,,11,11,1,12,4,120.724719,24.141939,2
9366,66000,387130000C,(04)23274275,(04)23288582,2025,2,25,0,30,臺中市,西屯區,0,0,0,7,1,6,40,4,2,1,5,4,6,6,4,1,1,4,1,2,12,,,,,B03,,,1,,1,,,40,40,1,12,4,120.652908,24.160724,3
9367,66000,387130000C,(04)23274275,(04)23288582,2025,2,25,0,32,臺中市,西屯區,0,0,0,7,1,6,50,18,24,1,5,4,6,6,1,1,5,2,5,2,19,3,10,5,1,B03,7,6,3,19,7,1,,59,59,1,13,4,120.655099,24.176111,3
9368,66000,387130000C,(04)23274275,(04)23288582,2025,2,25,0,42,臺中市,潭子區,0,1,0,7,1,6,40,13,9,1,5,4,6,6,4,4,9,4,5,1,27,2,9,3,1,B03,7,9,3,19,2,5,,84,84,1,12,4,120.697501,24.205269,2
9369,66000,387130000C,(04)23274275,(04)23288582,2025,2,25,2,37,臺中市,神岡區,0,0,0,7,,,50,,,,,,,,,,,,,,2,,,,,B03,,,1,,2,,,59,59,1,12,4,120.690824,24.248134,3
9370,66000,387130000C,(04)23274275,(04)23288582,2025,2,25,2,56,臺中市,太平區,0,1,0,7,1,6,50,4,1,1,5,4,6,6,3,1,10,5,5,2,15,3,10,3,1,B03,7,9,1,8,2,8,,24,24,1,12,4,120.722953,24.155715,2
9371,66000,387130000C,(04)23274275,(04)23288582,2025,2,25,5,4,臺中市,大肚區,0,0,0,7,,,50,,,,,,,,,,,,,,,,,,,B12,,,1,,2,,,8,8,1,6,4,120.577951,24.175175,3
9372,66000,387130000C,(04)23274275,(04)23288582,2025,2,25,5,43,臺中市,中區,0,2,0,7,1,6,30,4,1,1,5,4,6,6,4,4,10,5,5,2,15,2,9,2,1,C03,7,9,1,10,1,11,,15,15,1,12,4,120.679751,24.147071,2
9373,66000,387130000C,(04)23274275,(04)23288582,2025,2,25,5,51,臺中市,南區,0,1,0,7,1,6,50,4,1,1,5,4,6,6,3,1,10,5,5,2,17,2,9,1,1,C03,7,9,1,10,2,12,,12,12,1,12,4,120.656793,24.117345,2
9374,66000,387130000C,(04)23274275,(04)23288582,2025,2,25,6,20,臺中市,西屯區,0,2,0,7,3,6,50,13,8,1,5,4,3,3,1,1,5,4,4,2,16,2,9,2,1,C03,7,1,1,10,2,14,12,51,51,1,12,4,120.592898,24.179547,2
9375,66000,387130000C,(04)23274275,(04)23288582,2025,2,25,6,20,臺中市,神岡區,0,1,0,7,2,6,30,13,9,1,5,4,3,5,4,4,10,5,5,1,17,3,10,5,1,G03,7,6,1,1,2,17,,72,72,1,6,4,120.661915,24.247991,2
9376,66000,387130000C,(04)23274275,(04)23288582,2025,2,25,6,29,臺中市,西區,0,1,0,7,3,6,50,4,1,1,5,4,6,6,3,1,10,5,5,2,18,2,9,1,1,C03,7,9,1,10,2,12,,84,84,1,6,4,120.663063,24.147868,2
9377,66000,387130000C,(04)23274275,(04)23288582,2025,2,25,6,40,臺中市,東區,1,1,0,7,3,6,50,13,9,1,5,4,6,6,4,4,5,4,5,2,12,1,9,4,1,F01,7,8,7,21,2,14,,40,40,1,13,4,120.696503,24.142783,1
9378,66000,387130000C,(04)23274275,(04)23288582,2025,2,25,6,41,臺中市,南區,0,1,0,7,1,6,50,13,9,1,5,4,6,6,4,4,10,5,5,2,17,3,10,3,1,B03,7,1,1,8,2,8,,51,51,1,12,4,120.66529,24.12689,2
9379,66000,387130000C,(04)23274275,(04)23288582,2025,2,25,6,48,臺中市,豐原區,0,0,0,7,2,6,50,13,9,1,5,4,6,6,4,4,10,5,5,2,14,3,10,3,1,B03,7,2,1,8,2,3,,49,49,1,12,4,120.735213,24.263565,3
9380,66000,387130000C,(04)23274275,(04)23288582,2025,2,25,6,50,臺中市,烏日區,0,2,0,7,2,6,40,13,8,1,5,4,6,6,4,4,1,4,4,2,16,3,10,3,1,A01,7,3,1,8,2,2,,50,50,1,6,4,120.632539,24.105984,2
9381,66000,387130000C,(04)23274275,(04)23288582,2025,2,25,6,58,臺中市,大里區,0,2,0,7,2,6,50,4,1,1,5,4,6,6,4,4,10,5,5,2,16,2,7,1,1,F03,7,6,7,21,2,11,,15,15,1,12,4,120.702576,24.089058,2
9382,66000,387130000C,(04)23274275,(04)23288582,2025,2,25,7,0,臺中市,神岡區,0,1,0,7,3,6,30,13,9,1,5,4,6,6,4,4,10,5,5,2,12,2,9,1,1,C03,7,9,1,10,2,11,,7,7,1,13,4,120.668153,24.269489,2
9383,66000,387130000C,(04)23274275,(04)23288582,2025,2,25,7,4,臺中市,大雅區,0,0,0,7,,,30,,,,,,,,,,,,,,,,,,,B03,,,1,,2,,,84,84,1,12,4,120.640778,24.208945,3
9384,66000,387130000C,(04)23274275,(04)23288582,2025,2,25,7,9,臺中市,大甲區,0,1,0,7,2,6,50,3,2,1,5,4,6,6,4,4,5,5,5,1,13,3,10,3,1,B03,7,6,1,8,2,5,,59,59,1,6,4,120.632661,24.345883,2
9385,66000,387130000C,(04)23274275,(04)23288582,2025,2,25,7,10,臺中市,東區,0,0,0,7,,,50,,,,,,,,,,,,,,14,,,,,B03,,,1,,1,,,49,49,1,13,4,120.690878,24.127541,3
9386,66000,387130000C,(04)23274275,(04)23288582,2025,2,25,7,10,臺中市,豐原區,0,1,0,6,2,6,40,3,1,1,5,4,6,6,1,1,1,4,4,1,12,2,9,5,4,C03,7,11,1,10,2,14,,26,26,1,12,4,120.718107,24.257248,2
9387,66000,387130000C,(04)23274275,(04)23288582,2025,2,25,7,12,臺中市,大雅區,0,0,0,7,,,70,,,,,,,,,,,,,,,,,,,A11,,,1,,2,,,40,40,1,12,4,120.629575,24.241426,3
9388,66000,387130000C,(04)23274275,(04)23288582,2025,2,25,7,17,臺中市,南區,0,1,0,7,2,6,50,4,1,1,5,4,6,6,3,1,5,5,5,2,16,3,10,3,1,B11,7,5,1,8,2,4,,24,24,1,13,4,120.663659,24.127929,2
9389,66000,387130000C,(04)23274275,(04)23288582,2025,2,25,7,21,臺中市,沙鹿區,0,0,0,7,,,50,,,,,,,,,,,,,,,,,,,B03,,,1,,1,,,42,42,1,13,4,120.566846,24.203623,3
9390,66000,387130000C,(04)23274275,(04)23288582,2025,2,25,7,25,臺中市,沙鹿區,0,0,0,7,2,6,50,4,9,1,5,4,6,6,1,1,4,3,4,2,13,,,,,B03,,,1,,1,,,84,84,1,12,4,120.563475,24.234931,3
9391,66000,387130000C,(04)23274275,(04)23288582,2025,2,25,7,27,臺中市,北屯區,0,1,0,6,2,6,50,13,9,1,5,4,6,6,4,4,1,4,5,2,12,2,9,2,1,C03,7,8,1,10,2,14,,40,40,1,13,4,120.667503,24.201353,2
9392,66000,387130000C,(04)23274275,(04)23288582,2025,2,25,7,27,臺中市,豐原區,0,2,0,7,2,6,50,4,1,1,5,4,6,6,1,1,10,5,5,2,16,2,9,1,1,C04,7,6,3,19,2,12,,11,11,1,12,4,120.721732,24.248888,2
9393,66000,387130000C,(04)23274275,(04)23288582,2025,2,25,7,30,臺中市,北屯區,0,1,0,7,1,6,30,4,1,1,5,4,6,6,4,4,10,5,5,2,15,3,10,5,4,B03,7,9,1,8,2,5,,15,15,1,13,4,120.72301,24.17666,2
9394,66000,387130000C,(04)23274275,(04)23288582,2025,2,25,7,30,臺中市,清水區,0,0,0,7,,,30,,,,,,,,,,,,,,,,,,,B03,,,1,,2,,,56,56,1,12,4,120.553923,24.279918,3
9395,66000,387130000C,(04)23274275,(04)23288582,2025,2,25,7,32,臺中市,南屯區,0,0,0,7,,,50,,,,,,,,,,,,,,13,,,,,C03,,,1,,1,,,7,7,1,12,4,120.617731,24.145484,3
9396,66000,387130000C,(04)23274275,(04)23288582,2025,2,25,7,32,臺中市,南屯區,0,2,0,7,2,6,50,4,1,1,5,4,6,6,4,4,10,5,5,2,17,2,9,2,1,C03,7,6,1,10,2,12,,14,14,1,12,4,120.610112,24.142186,2
9397,66000,387130000C,(04)23274275,(04)23288582,2025,2,25,7,33,臺中市,北區,0,1,0,7,2,6,50,13,9,1,5,4,6,6,4,4,1,5,5,2,17,3,10,1,1,C03,7,10,1,10,2,15,,42,42,1,13,4,120.677559,24.165438,2
9398,66000,387130000C,(04)23274275,(04)23288582,2025,2,25,7,33,臺中市,太平區,0,0,0,7,,,50,,,,,,,,,,,,,,13,,,,,C03,,,1,,2,,,84,84,1,4,4,120.701865,24.153694,3
9399,66000,387130000C,(04)23274275,(04)23288582,2025,2,25,7,34,臺中市,北屯區,0,0,0,7,,,50,,,,,,,,,,,,,,17,,,,,,,,,,,,,87,87,1,,,120.673695,24.193385,3
9400,66000,387130000C,(04)23274275,(04)23288582,2025,2,25,7,35,臺中市,東區,0,1,0,7,2,6,50,4,1,1,5,4,6,6,1,1,10,5,5,2,16,3,10,3,1,B03,7,6,1,8,2,6,,11,11,1,13,4,120.69943,24.135152,2
9401,66000,387130000C,(04)23274275,(04)23288582,2025,2,25,7,35,臺中市,北屯區,0,1,0,7,2,6,50,13,9,1,5,4,6,6,4,4,9,5,5,2,17,3,10,5,4,B12,7,11,1,8,2,4,,32,32,1,12,4,120.719652,24.168975,2
9402,66000,387130000C,(04)23274275,(04)23288582,2025,2,25,7,36,臺中市,西屯區,0,0,0,7,,,50,,,,,,,,,,,,,,,,,,,B03,,,1,,1,,,7,7,1,13,4,120.635487,24.172325,3
9403,66000,387130000C,(04)23274275,(04)23288582,2025,2,25,7,36,臺中市,大肚區,0,0,0,7,,,50,,,,,,,,,,,,,,13,,,,,B03,,,1,,2,,,7,7,1,6,4,120.580841,24.117221,3
9404,66000,387130000C,(04)23274275,(04)23288582,2025,2,25,7,38,臺中市,烏日區,0,1,0,7,2,6,30,13,9,1,5,4,6,6,4,4,10,5,5,2,13,2,9,5,4,C03,7,9,1,10,2,11,,7,7,1,12,4,120.641598,24.097786,2
9405,66000,387130000C,(04)23274275,(04)23288582,2025,2,25,7,40,臺中市,西區,0,2,0,7,2,6,50,4,1,1,5,4,6,6,4,4,10,5,5,2,17,2,9,1,1,C03,7,9,1,10,2,11,,15,15,1,12,4,120.660803,24.161789,2
9406,66000,387130000C,(04)23274275,(04)23288582,2025,2,25,7,40,臺中市,南區,0,1,0,7,2,6,50,4,2,1,5,4,6,6,2,1,1,4,4,2,13,2,8,2,1,C03,7,9,1,10,2,11,,84,84,1,6,4,120.655578,24.115034,2
9407,66000,387130000C,(04)23274275,(04)23288582,2025,2,25,7,40,臺中市,南屯區,0,0,0,7,,,50,,,,,,,,,,,,,,13,,,,,B12,,,1,,1,,,7,7,1,13,4,120.623171,24.150984,3
9408,66000,387130000C,(04)23274275,(04)23288582,2025,2,25,7,40,臺中市,大肚區,0,0,0,7,,,50,,,,,,,,,,,,,,,,,,,H03,,,7,,10,,,109,109,1,6,5,120.567231,24.12301,3
9409,66000,387130000C,(04)23274275,(04)23288582,2025,2,25,7,42,臺中市,北區,0,2,0,7,2,6,50,3,1,1,5,4,6,6,4,4,5,5,5,2,13,2,9,1,1,C03,7,9,1,10,2,11,,7,7,1,12,4,120.672056,24.160433,2
9410,66000,387130000C,(04)23274275,(04)23288582,2025,2,25,7,42,臺中市,沙鹿區,0,0,0,7,,,40,,,,,,,,,,,,,,,,,,,A21,,,1,,2,,,84,84,1,13,4,120.565902,24.205101,3
9411,66000,387130000C,(04)23274275,(04)23288582,2025,2,25,7,45,臺中市,西區,0,1,0,7,2,6,30,4,1,1,5,4,6,6,4,4,10,5,5,2,17,2,9,1,1,C03,7,9,1,10,2,11,,15,15,1,12,4,120.660911,24.150843,2
9412,66000,387130000C,(04)23274275,(04)23288582,2025,2,25,7,45,臺中市,梧棲區,0,0,0,7,,,50,,,,,,,,,,,,,,14,,,,,B03,,,1,,1,,,49,49,1,6,4,120.541319,24.251052,3
9413,66000,387130000C,(04)23274275,(04)23288582,2025,2,25,7,47,臺中市,西屯區,0,0,0,7,,,50,,,,,,,,,,,,,,,,,,,B03,,,1,,1,,,59,59,1,12,4,120.65031,24.178101,3
9414,66000,387130000C,(04)23274275,(04)23288582,2025,2,25,7,48,臺中市,大里區,0,0,0,7,2,6,50,3,2,1,5,4,6,6,4,4,5,5,4,2,13,,,,,C03,,,1,,2,,,7,7,1,13,4,120.678683,24.099512,3
9415,66000,387130000C,(04)23274275,(04)23288582,2025,2,25,7,48,臺中市,烏日區,0,1,0,7,2,6,60,4,1,1,5,4,6,6,1,1,10,5,5,2,16,3,10,3,1,B12,7,5,1,8,2,2,,26,26,1,6,4,120.614085,24.106776,2
9416,66000,387130000C,(04)23274275,(04)23288582,2025,2,25,7,48,臺中市,沙鹿區,0,0,0,7,,,50,,,,,,,,,,,,,,,,,,,B03,,,1,,1,,,84,84,1,12,4,120.557642,24.224591,3
9417,66000,387130000C,(04)23274275,(04)23288582,2025,2,25,7,50,臺中市,南屯區,0,0,0,7,3,6,40,13,8,1,5,4,6,6,4,4,5,5,4,2,13,,,,,C03,,,1,,1,,,7,7,1,12,4,120.641686,24.148786,3
9418,66000,387130000C,(04)23274275,(04)23288582,2025,2,25,7,50,臺中市,北屯區,0,0,0,7,,,50,,,,,,,,,,,,,,12,,,,,B03,,,1,,1,,,84,84,1,12,4,120.685169,24.166985,3
9419,66000,387130000C,(04)23274275,(04)23288582,2025,2,25,7,50,臺中市,后里區,0,0,0,7,,,30,,,,,,,,,,,,,,13,,,,,B03,,,1,,1,,,7,7,1,6,4,120.732579,24.304258,4
9420,66000,387130000C,(04)23274275,(04)23288582,2025,2,25,7,51,臺中市,豐原區,0,1,0,7,2,6,50,13,9,1,5,4,6,6,4,4,5,5,4,2,12,3,10,3,1,B03,7,9,1,8,2,2,,8,8,1,12,4,120.708008,24.246531,2
9421,66000,387130000C,(04)23274275,(04)23288582,2025,2,25,7,52,臺中市,北屯區,0,1,0,7,1,6,50,4,1,1,5,4,6,6,1,1,10,5,5,2,9,3,10,5,4,B03,7,2,1,8,1,3,7,49,49,1,13,4,120.698328,24.185295,2
9422,66000,387130000C,(04)23274275,(04)23288582,2025,2,25,7,52,臺中市,西屯區,0,2,0,7,2,6,40,5,1,1,5,4,6,6,1,1,3,4,4,1,17,2,9,1,1,C03,7,9,1,10,2,11,,84,84,1,12,4,120.64344,24.166386,2
9423,66000,387130000C,(04)23274275,(04)23288582,2025,2,25,7,52,臺中市,西屯區,0,1,0,7,1,6,40,5,8,1,5,4,6,6,1,1,3,4,3,2,13,2,9,1,1,C03,7,9,1,10,2,11,,7,7,1,12,4,120.64344,24.166386,2
9424,66000,387130000C,(04)23274275,(04)23288582,2025,2,25,7,52,臺中市,烏日區,0,0,0,7,,,50,,,,,,,,,,,,,,,,,,,B03,,,1,,1,,,51,51,1,13,4,120.59869,24.109774,3
9425,66000,387130000C,(04)23274275,(04)23288582,2025,2,25,7,53,臺中市,大甲區,0,3,0,7,3,6,50,11,9,1,5,4,6,6,4,4,5,4,5,1,17,2,9,5,4,C03,7,11,3,19,2,14,,39,39,1,6,4,120.626198,24.339898,2
9426,66000,387130000C,(04)23274275,(04)23288582,2025,2,25,7,54,臺中市,西屯區,0,1,0,7,2,6,0,18,21,1,5,4,6,6,4,4,10,5,5,2,10,2,8,1,4,C03,7,9,1,10,2,11,12,4,4,1,12,4,120.651332,24.207975,2
9427,66000,387130000C,(04)23274275,(04)23288582,2025,2,25,7,57,臺中市,北屯區,0,0,0,7,,,40,,,,,,,,,,,,,,13,,,,,B03,,,1,,2,,,7,7,1,13,4,120.681851,24.200966,3
9428,66000,387130000C,(04)23274275,(04)23288582,2025,2,25,7,59,臺中市,潭子區,0,1,0,7,3,6,30,3,1,1,5,4,6,6,4,4,10,5,5,2,18,2,9,2,1,C02,7,9,1,9,2,14,,84,84,1,13,4,120.707475,24.203367,2
9429,66000,387130000C,(04)23274275,(04)23288582,2025,2,25,7,59,臺中市,大甲區,0,1,0,7,2,6,30,4,1,1,5,4,6,6,4,4,10,5,5,2,15,3,10,3,1,B03,7,9,1,8,2,6,,12,12,1,6,4,120.635017,24.411441,2
9430,66000,387130000C,(04)23274275,(04)23288582,2025,2,25,8,1,臺中市,南屯區,0,1,0,7,3,6,50,13,8,1,5,4,6,6,4,4,3,4,5,2,12,3,10,1,1,C03,7,7,1,10,2,12,,40,40,1,12,4,120.620761,24.145181,2
9431,66000,387130000C,(04)23274275,(04)23288582,2025,2,25,8,1,臺中市,霧峰區,0,1,0,7,3,6,30,13,9,1,5,4,6,6,4,4,10,5,5,1,14,3,10,3,1,B03,7,2,1,8,1,3,,49,49,1,13,4,120.650718,24.073311,2
9432,66000,387130000C,(04)23274275,(04)23288582,2025,2,25,8,4,臺中市,大里區,0,0,0,7,,,50,,,,,,,,,,,,,,,,,,,B03,,,1,,2,,,8,8,1,12,4,120.691723,24.100535,3
9433,66000,387130000C,(04)23274275,(04)23288582,2025,2,25,8,12,臺中市,大雅區,0,1,0,7,3,6,50,4,2,1,5,4,6,6,4,4,5,2,5,1,17,3,10,1,1,C03,7,6,1,10,2,14,,48,48,1,12,4,120.650337,24.243568,2
9434,66000,387130000C,(04)23274275,(04)23288582,2025,2,25,8,15,臺中市,沙鹿區,0,0,0,7,,,50,,,,,,,,,,,,,,12,,,,,C03,,,1,,2,,,8,8,1,12,4,120.565188,24.225456,4
9435,66000,387130000C,(04)23274275,(04)23288582,2025,2,25,8,17,臺中市,西屯區,0,1,0,7,2,6,50,3,1,1,5,4,6,6,4,4,8,5,5,1,13,3,10,5,4,C03,7,9,1,10,2,11,,59,59,1,13,4,120.644754,24.173253,2
9436,66000,387130000C,(04)23274275,(04)23288582,2025,2,25,8,18,臺中市,北區,0,1,0,7,2,6,40,4,9,1,5,4,6,6,1,1,5,4,4,2,9,3,10,5,1,C03,7,5,1,9,2,11,,39,39,1,13,4,120.682626,24.159458,2
9437,66000,387130000C,(04)23274275,(04)23288582,2025,2,25,8,19,臺中市,北屯區,0,1,0,7,2,6,50,3,1,1,5,4,6,6,2,1,5,2,5,2,18,2,8,2,1,C03,7,6,1,10,2,12,,82,82,1,12,4,120.678248,24.200795,2
9438,66000,387130000C,(04)23274275,(04)23288582,2025,2,25,8,22,臺中市,沙鹿區,0,1,0,7,2,6,40,3,1,1,5,4,6,6,1,1,10,5,5,2,13,3,10,1,1,C03,7,9,1,9,2,11,,7,7,1,12,4,120.569623,24.219607,2
9439,66000,387130000C,(04)23274275,(04)23288582,2025,2,25,8,23,臺中市,西屯區,0,1,0,7,2,6,50,4,2,1,5,4,6,6,4,4,10,5,5,2,13,2,8,1,1,C03,7,9,1,10,2,11,,7,7,1,13,4,120.635447,24.186746,2
9440,66000,387130000C,(04)23274275,(04)23288582,2025,2,25,8,24,臺中市,南屯區,0,0,0,7,,,50,,,,,,,,,,,,,,,,,,,B03,,,1,,2,,,8,8,1,12,4,120.652971,24.140127,3
9441,66000,387130000C,(04)23274275,(04)23288582,2025,2,25,8,24,臺中市,北屯區,0,0,0,7,,,30,,,,,,,,,,,,,,17,,,,,B03,,,1,,1,,,84,84,1,12,4,120.659963,24.193442,3
9442,66000,387130000C,(04)23274275,(04)23288582,2025,2,25,8,24,臺中市,西屯區,0,1,0,7,2,6,50,4,1,1,5,4,6,6,1,1,5,5,4,2,16,3,10,5,4,B03,7,6,1,8,2,5,,11,11,1,13,4,120.632852,24.164033,2
9443,66000,387130000C,(04)23274275,(04)23288582,2025,2,25,8,25,臺中市,西區,0,2,0,7,2,6,30,4,1,1,5,4,6,3,4,4,10,5,5,2,15,2,9,3,1,B03,7,9,1,8,2,5,2,12,12,1,12,4,120.669653,24.151979,2
9444,66000,387130000C,(04)23274275,(04)23288582,2025,2,25,8,25,臺中市,烏日區,0,0,0,7,,,50,,,,,,,,,,,,,,12,,,,,B12,,,1,,2,,,40,40,1,6,4,120.618786,24.115996,3
9445,66000,387130000C,(04)23274275,(04)23288582,2025,2,25,8,29,臺中市,北屯區,0,0,0,7,,,50,,,,,,,,,,,,,,12,,,,,B03,,,1,,2,,,40,40,1,13,4,120.719732,24.180885,3
9446,66000,387130000C,(04)23274275,(04)23288582,2025,2,25,8,30,臺中市,大里區,0,0,0,7,2,6,50,13,9,1,5,4,6,6,4,4,5,4,5,1,17,,,,,B12,,,1,,2,,,76,76,1,13,4,120.689376,24.10612,3
9447,66000,387130000C,(04)23274275,(04)23288582,2025,2,25,8,33,臺中市,沙鹿區,0,0,0,7,,,40,,,,,,,,,,,,,,,,,,,A04,,,1,,2,,,84,84,1,12,4,120.58045,24.228367,3
9448,66000,387130000C,(04)23274275,(04)23288582,2025,2,25,8,35,臺中市,北屯區,0,0,0,7,,,50,,,,,,,,,,,,,,,,,,,B03,,,1,,1,,,84,84,1,13,4,120.721888,24.1816,3
9449,66000,387130000C,(04)23274275,(04)23288582,2025,2,25,8,37,臺中市,霧峰區,0,0,0,7,,,50,,,,,,,,,,,,,,17,,,,,A12,,,1,,1,,,51,51,1,6,4,120.663072,24.071208,3
9450,66000,387130000C,(04)23274275,(04)23288582,2025,2,25,8,41,臺中市,龍井區,0,0,0,7,,,50,,,,,,,,,,,,,,17,,,,,B03,,,1,,2,,,59,59,1,6,4,120.523379,24.198492,3
9451,66000,387130000C,(04)23274275,(04)23288582,2025,2,25,8,42,臺中市,太平區,0,0,0,7,,,30,,,,,,,,,,,,,,12,,,,,B03,,,1,,2,,,43,43,1,12,4,120.716788,24.123409,3
9452,66000,387130000C,(04)23274275,(04)23288582,2025,2,25,8,46,臺中市,北屯區,0,2,0,7,2,6,50,4,3,1,5,4,6,6,2,1,3,3,5,2,13,2,9,2,1,C03,7,9,1,10,2,11,14,7,7,1,13,4,120.701842,24.182173,2
9453,66000,387130000C,(04)23274275,(04)23288582,2025,2,25,8,47,臺中市,南區,0,0,0,7,,,50,,,,,,,,,,,,,,12,,,,,C03,,,1,,2,,,84,84,1,13,4,120.65061,24.116195,3
9454,66000,387130000C,(04)23274275,(04)23288582,2025,2,25,8,47,臺中市,東區,0,1,0,7,2,6,50,13,9,1,5,4,6,6,4,4,9,5,5,2,17,2,8,2,1,C03,7,9,3,19,2,15,,84,84,1,12,4,120.698789,24.133261,2
9455,66000,387130000C,(04)23274275,(04)23288582,2025,2,25,8,50,臺中市,西屯區,0,1,0,7,1,6,50,13,9,1,5,4,6,6,4,4,9,4,5,2,17,2,9,1,1,C03,7,12,1,10,2,12,,7,7,1,12,4,120.627302,24.184046,2
9456,66000,387130000C,(04)23274275,(04)23288582,2025,2,25,8,50,臺中市,大里區,0,2,0,7,2,6,30,4,1,1,5,4,6,6,4,4,10,5,5,1,15,2,9,1,1,C03,7,9,1,10,2,11,,84,84,1,12,4,120.688927,24.111674,2
9457,66000,387130000C,(04)23274275,(04)23288582,2025,2,25,8,51,臺中市,西區,0,0,0,7,,,50,,,,,,,,,,,,,,12,,,,,B03,,,1,,1,,,20,20,1,13,4,120.665275,24.147883,3
9458,66000,387130000C,(04)23274275,(04)23288582,2025,2,25,8,52,臺中市,豐原區,0,0,0,7,,,50,,,,,,,,,,,,,,14,,,,,B03,,,1,,2,,,49,49,1,13,4,120.714678,24.248269,3
9459,66000,387130000C,(04)23274275,(04)23288582,2025,2,25,8,58,臺中市,西區,0,1,0,7,2,6,50,5,1,1,5,4,6,6,2,1,10,5,5,2,13,2,9,1,1,C03,7,9,1,10,2,11,,7,7,1,12,4,120.669801,24.150724,2
9460,66000,387130000C,(04)23274275,(04)23288582,2025,2,25,8,59,臺中市,西區,0,0,0,7,,,50,,,,,,,,,,,,,,,,,,,B03,,,1,,1,,,7,7,1,12,4,120.669697,24.146577,3
9461,66000,387130000C,(04)23274275,(04)23288582,2025,2,25,8,59,臺中市,西屯區,0,1,0,7,2,6,40,13,8,1,5,4,6,6,4,4,1,4,5,2,13,2,9,5,4,C03,7,9,2,19,2,11,,7,7,1,13,4,120.65513,24.159407,2
9462,66000,387130000C,(04)23274275,(04)23288582,2025,2,25,9,0,臺中市,南屯區,0,1,0,7,3,6,40,13,8,1,5,4,6,6,1,1,5,2,4,2,12,3,10,3,1,B03,7,9,1,8,2,2,,20,20,1,12,4,120.620854,24.13999,2
9463,66000,387130000C,(04)23274275,(04)23288582,2025,2,25,9,0,臺中市,西屯區,0,1,0,7,2,6,50,4,1,1,5,4,6,6,1,1,8,4,5,1,12,3,10,5,4,B03,7,9,1,8,2,2,,8,8,1,13,4,120.637998,24.180839,2
9464,66000,387130000C,(04)23274275,(04)23288582,2025,2,25,9,0,臺中市,神岡區,0,0,0,7,,,30,,,,,,,,,,,,,,17,,,,,B03,,,1,,9,,,59,59,1,13,4,120.698984,24.247971,3
9465,66000,387130000C,(04)23274275,(04)23288582,2025,2,25,9,3,臺中市,大里區,0,0,0,7,,,50,,,,,,,,,,,,,,,,,,,C03,,,1,,1,,,48,48,1,12,4,120.697403,24.082671,3
9466,66000,387130000C,(04)23274275,(04)23288582,2025,2,25,9,3,臺中市,梧棲區,0,1,0,7,3,6,50,13,9,1,5,4,6,6,4,4,5,5,5,1,11,2,9,1,1,F03,7,9,7,21,2,14,,59,59,1,6,4,120.528747,24.25451,2
9467,66000,387130000C,(04)23274275,(04)23288582,2025,2,25,9,4,臺中市,大甲區,0,0,0,7,,,40,,,,,,,,,,,,,,2,,,,,B03,,,1,,2,,,7,7,1,13,4,120.615541,24.335262,3
9468,66000,387130000C,(04)23274275,(04)23288582,2025,2,25,9,5,臺中市,大甲區,0,0,0,7,,,30,,,,,,,,,,,,,,,,,,,B03,,,1,,1,,,8,8,1,6,4,120.619854,24.354645,3
9469,66000,387130000C,(04)23274275,(04)23288582,2025,2,25,9,7,臺中市,豐原區,0,0,0,7,,,50,,,,,,,,,,,,,,14,,,,,B03,,,1,,2,,,49,49,1,6,4,120.726948,24.254834,3