序號,縣市別代碼,機關代碼,市話,傳真,年,月,日,時,分,縣市,區,死亡數量,受傷數量,2-30,天候,道路照明設備,道路類別,道路速限,道路型態,事故位置,路面鋪裝,路面狀態,路面缺陷,障礙物,視距,號誌種類,號誌動作,分向設施,快車道或一般車道間,快慢車道間,路面邊線,事故類型及型態,受傷程度,主要傷處,保護裝備,行動電話或功能裝置,當事者區分(類別),車輛用途,當事者行動狀態,駕照狀態,駕照種類,飲酒情形,車輛撞擊部位最初,車輛撞擊部位其他,肇事因素個別,肇事因素主要,肇事逃逸,職業,共享經濟或外送平台,GPS座標X,GPS座標Y,事故類別
9470,66000,387130000C,(04)23274275,(04)23288582,2025,2,25,9,10,臺中市,霧峰區,0,0,0,7,,,50,,,,,,,,,,,,,,14,,,,,B03,,,1,,2,,,49,49,1,13,4,120.699156,24.067197,3
9471,66000,387130000C,(04)23274275,(04)23288582,2025,2,25,9,15,臺中市,梧棲區,0,1,0,7,3,6,50,3,1,1,5,4,6,6,4,4,10,5,5,2,17,2,8,1,1,C03,7,6,1,10,2,11,,59,59,1,6,4,120.533093,24.244021,2
9472,66000,387130000C,(04)23274275,(04)23288582,2025,2,25,9,15,臺中市,東勢區,0,1,0,7,1,6,50,3,9,1,5,4,6,6,4,4,6,1,5,1,11,3,10,5,4,F03,7,6,7,21,2,11,,12,12,1,12,4,120.832413,24.240449,2
9473,66000,387130000C,(04)23274275,(04)23288582,2025,2,25,9,20,臺中市,太平區,0,2,0,7,3,6,40,13,7,1,5,4,6,6,4,4,10,5,5,1,12,2,9,1,1,C03,7,11,3,19,2,11,,46,46,1,12,4,120.717802,24.153184,2
9474,66000,387130000C,(04)23274275,(04)23288582,2025,2,25,9,20,臺中市,沙鹿區,0,1,0,7,2,6,50,13,9,1,5,4,6,6,4,4,5,5,4,2,19,2,8,3,1,B03,7,9,1,8,2,8,,84,84,1,12,4,120.584518,24.244479,2
9475,66000,387130000C,(04)23274275,(04)23288582,2025,2,25,9,20,臺中市,大安區,0,1,0,7,2,6,50,4,2,1,5,4,6,6,1,1,5,5,5,1,13,3,10,3,1,B12,7,1,1,8,2,1,,56,56,1,6,4,120.57865,24.350131,2
9476,66000,387130000C,(04)23274275,(04)23288582,2025,2,25,9,21,臺中市,西屯區,0,0,0,7,,,40,,,,,,,,,,,,,,13,,,,,B03,,,1,,2,,,7,7,1,13,4,120.62904,24.163157,3
9477,66000,387130000C,(04)23274275,(04)23288582,2025,2,25,9,31,臺中市,沙鹿區,0,0,0,7,,,50,,,,,,,,,,,,,,,,,,,B03,,,1,,2,,,84,84,1,12,4,120.569162,24.238594,3
9478,66000,387130000C,(04)23274275,(04)23288582,2025,2,25,9,32,臺中市,西屯區,0,1,0,7,2,6,50,4,1,1,5,4,6,6,2,1,10,5,5,2,16,3,10,3,1,B03,7,6,1,8,2,5,,11,11,1,13,4,120.660864,24.172447,2
9479,66000,387130000C,(04)23274275,(04)23288582,2025,2,25,9,34,臺中市,南屯區,0,0,0,7,,,50,,,,,,,,,,,,,,16,,,,,B03,,,1,,1,,,48,48,1,12,4,120.640648,24.14699,3
9480,66000,387130000C,(04)23274275,(04)23288582,2025,2,25,9,36,臺中市,北屯區,0,0,0,7,,,50,,,,,,,,,,,,,,14,,,,,B03,,,1,,1,,,49,49,1,12,4,120.687111,24.173315,3
9481,66000,387130000C,(04)23274275,(04)23288582,2025,2,25,9,38,臺中市,烏日區,0,0,0,7,,,50,,,,,,,,,,,,,,12,,,,,B12,,,1,,1,,,40,40,1,6,4,120.631773,24.105166,4
9482,66000,387130000C,(04)23274275,(04)23288582,2025,2,25,9,47,臺中市,霧峰區,0,1,0,7,2,6,50,13,9,1,5,4,6,6,4,4,5,5,5,1,13,3,10,3,1,B03,7,9,1,8,2,5,,7,7,1,6,4,120.70796,24.076946,2
9483,66000,387130000C,(04)23274275,(04)23288582,2025,2,25,9,50,臺中市,梧棲區,0,1,0,7,3,6,50,3,1,1,5,4,6,6,4,4,9,5,5,1,17,2,7,1,1,C04,7,1,1,11,2,11,,51,51,1,6,4,120.542076,24.258683,2
9484,66000,387130000C,(04)23274275,(04)23288582,2025,2,25,9,50,臺中市,后里區,0,0,0,7,,,40,,,,,,,,,,,,,,14,,,,,B03,,,1,,1,,,50,50,1,12,4,120.753814,24.325681,3
9485,66000,387130000C,(04)23274275,(04)23288582,2025,2,25,9,52,臺中市,西屯區,0,0,0,7,,,50,,,,,,,,,,,,,,,,,,,B11,,,1,,1,,,7,7,1,12,4,120.641103,24.173546,3
9486,66000,387130000C,(04)23274275,(04)23288582,2025,2,25,9,54,臺中市,后里區,0,0,0,7,,,40,,,,,,,,,,,,,,14,,,,,A11,,,1,,2,,,84,84,2,6,4,120.735273,24.311409,3
9487,66000,387130000C,(04)23274275,(04)23288582,2025,2,25,9,55,臺中市,潭子區,0,0,0,7,,,60,,,,,,,,,,,,,,,,,,,B03,,,1,,2,,,59,59,1,13,4,120.70515,24.215575,3
9488,66000,387130000C,(04)23274275,(04)23288582,2025,2,25,9,55,臺中市,西區,0,0,0,7,,,50,,,,,,,,,,,,,,,,,,,B13,,,1,,9,,,84,84,1,13,4,120.662566,24.156845,3
9489,66000,387130000C,(04)23274275,(04)23288582,2025,2,25,9,55,臺中市,西屯區,0,0,0,7,,,50,,,,,,,,,,,,,,,,,,,B12,,,1,,1,,,50,50,1,12,4,120.643122,24.156932,4
9490,66000,387130000C,(04)23274275,(04)23288582,2025,2,25,9,58,臺中市,北區,0,1,0,7,2,6,50,13,7,1,5,4,6,6,4,4,8,3,4,1,12,2,9,2,1,C03,7,6,1,10,2,12,,20,20,1,13,4,120.663439,24.162738,2
9491,66000,387130000C,(04)23274275,(04)23288582,2025,2,25,9,58,臺中市,東區,0,0,0,7,,,40,,,,,,,,,,,,,,17,,,,,B03,,,1,,2,,,84,84,1,12,4,120.689958,24.132464,3
9492,66000,387130000C,(04)23274275,(04)23288582,2025,2,25,9,59,臺中市,西區,0,1,0,7,2,6,50,3,2,1,5,4,6,6,4,4,10,5,5,1,12,2,9,2,1,C03,7,6,1,10,2,14,,48,48,1,13,4,120.674808,24.139569,2
9493,66000,387130000C,(04)23274275,(04)23288582,2025,2,25,9,59,臺中市,大里區,0,2,0,7,2,6,50,13,9,1,5,4,6,6,4,4,9,5,5,1,17,2,9,1,1,F01,7,1,7,21,2,14,,51,51,1,12,4,120.678732,24.105273,2
9494,66000,387130000C,(04)23274275,(04)23288582,2025,2,25,10,3,臺中市,太平區,0,0,0,7,,,50,,,,,,,,,,,,,,14,,,,,B03,,,1,,2,,,49,49,1,12,4,120.724173,24.137491,3
9495,66000,387130000C,(04)23274275,(04)23288582,2025,2,25,10,4,臺中市,東區,0,0,0,7,,,50,,,,,,,,,,,,,,12,,,,,C03,,,1,,1,,,1,1,1,13,4,120.693024,24.134762,3
9496,66000,387130000C,(04)23274275,(04)23288582,2025,2,25,10,5,臺中市,南屯區,0,1,0,7,2,6,50,4,1,1,5,4,6,6,4,4,10,5,5,2,15,3,10,3,1,B01,7,9,1,4,2,6,,15,15,1,13,4,120.611786,24.129902,2
9497,66000,387130000C,(04)23274275,(04)23288582,2025,2,25,10,7,臺中市,烏日區,0,0,0,7,,,70,,,,,,,,,,,,,,14,,,,,A21,,,1,,1,,,49,49,1,12,4,120.595167,24.112389,3
9498,66000,387130000C,(04)23274275,(04)23288582,2025,2,25,10,10,臺中市,大里區,0,1,0,7,2,6,50,3,1,1,5,4,6,6,4,4,5,5,5,2,16,2,8,4,1,F01,7,6,7,21,2,11,,12,12,1,13,1,120.678048,24.116514,2
9499,66000,387130000C,(04)23274275,(04)23288582,2025,2,25,10,13,臺中市,南區,0,0,0,7,,,50,,,,,,,,,,,,,,17,,,,,B03,,,1,,1,,,50,50,1,6,4,120.660633,24.124415,3
9500,66000,387130000C,(04)23274275,(04)23288582,2025,2,25,10,14,臺中市,西屯區,0,1,0,7,2,6,50,4,1,1,5,4,6,6,2,1,10,5,5,2,16,3,10,5,4,B03,7,5,1,8,2,2,,11,11,1,13,4,120.610131,24.187151,2
9501,66000,387130000C,(04)23274275,(04)23288582,2025,2,25,10,20,臺中市,大甲區,0,0,0,7,,,50,,,,,,,,,,,,,,,,,,,B03,,,1,,2,,,8,8,1,6,4,120.627048,24.350118,3
9502,66000,387130000C,(04)23274275,(04)23288582,2025,2,25,10,25,臺中市,大甲區,0,0,0,7,,,50,,,,,,,,,,,,,,,,,,,B03,,,1,,1,,,15,15,1,6,4,120.618213,24.346219,3
9503,66000,387130000C,(04)23274275,(04)23288582,2025,2,25,10,30,臺中市,太平區,0,2,0,7,2,6,50,5,2,1,5,4,6,6,2,1,5,5,5,1,11,2,7,2,1,C03,7,9,5,19,2,11,,39,39,1,12,4,120.721501,24.119936,2
9504,66000,387130000C,(04)23274275,(04)23288582,2025,2,25,10,32,臺中市,西屯區,0,0,0,7,,,50,,,,,,,,,,,,,,14,,,,,B03,,,1,,1,,,49,49,1,13,4,120.606244,24.154237,3
9505,66000,387130000C,(04)23274275,(04)23288582,2025,2,25,10,33,臺中市,北屯區,0,1,0,7,2,6,50,5,1,1,5,4,6,6,2,1,10,5,5,2,16,3,10,3,1,B03,7,5,1,8,2,5,,84,84,1,13,4,120.676238,24.201346,2
9506,66000,387130000C,(04)23274275,(04)23288582,2025,2,25,10,33,臺中市,沙鹿區,0,0,0,7,,,30,,,,,,,,,,,,,,,,,,,C03,,,1,,2,,,84,84,1,13,4,120.571286,24.19833,3
9507,66000,387130000C,(04)23274275,(04)23288582,2025,2,25,10,39,臺中市,西區,0,1,0,7,2,6,50,4,1,1,5,4,6,6,3,1,10,5,5,2,17,3,10,1,1,C04,7,6,1,10,1,13,,25,25,1,12,4,120.669952,24.148318,2
9508,66000,387130000C,(04)23274275,(04)23288582,2025,2,25,10,39,臺中市,北屯區,0,1,0,7,1,6,50,13,9,1,5,4,6,6,4,4,1,4,5,2,17,3,10,5,4,B01,7,15,1,4,2,5,,84,84,1,13,4,120.693842,24.164685,2
9509,66000,387130000C,(04)23274275,(04)23288582,2025,2,25,10,44,臺中市,南屯區,0,0,0,7,3,6,50,4,1,1,5,4,6,6,4,4,5,5,5,2,15,,,,,B03,,,1,,2,,,20,20,1,12,4,120.634556,24.138871,3
9510,66000,387130000C,(04)23274275,(04)23288582,2025,2,25,10,45,臺中市,西區,0,1,0,7,2,6,50,4,1,1,5,4,6,6,2,1,10,5,5,2,17,3,10,1,1,C03,7,6,1,10,2,14,,11,11,1,12,2,120.668339,24.139714,2
9511,66000,387130000C,(04)23274275,(04)23288582,2025,2,25,10,47,臺中市,北屯區,0,0,0,7,,,40,,,,,,,,,,,,,,2,,,,,B03,,,1,,1,,,87,87,1,13,4,120.72073,24.174985,3
9512,66000,387130000C,(04)23274275,(04)23288582,2025,2,25,10,48,臺中市,北區,0,1,0,7,2,6,50,3,1,1,5,4,6,6,1,1,5,5,5,2,17,3,10,5,1,B03,7,5,1,8,2,2,,47,47,1,13,4,120.681097,24.157585,2
9513,66000,387130000C,(04)23274275,(04)23288582,2025,2,25,10,49,臺中市,清水區,0,1,0,7,3,6,50,4,2,1,5,4,6,6,2,1,5,5,4,2,13,3,10,3,1,B03,7,6,1,8,2,1,,7,7,1,12,4,120.576809,24.272257,2
9514,66000,387130000C,(04)23274275,(04)23288582,2025,2,25,10,52,臺中市,大甲區,0,1,0,7,3,6,50,3,1,1,5,4,6,6,4,4,10,5,5,2,17,2,9,5,4,C03,7,6,1,10,2,14,,84,84,1,12,4,120.621542,24.34352,2
9515,66000,387130000C,(04)23274275,(04)23288582,2025,2,25,10,55,臺中市,清水區,0,0,0,7,,,60,,,,,,,,,,,,,,17,,,,,A31,,,1,,1,,,59,59,1,12,4,120.552325,24.294061,3
9516,66000,387130000C,(04)23274275,(04)23288582,2025,2,25,11,0,臺中市,南區,0,0,0,7,,,0,,,,,,,,,,,,,,17,,,,,C03,,,1,,2,,,84,84,1,12,4,120.679497,24.127081,3
9517,66000,387130000C,(04)23274275,(04)23288582,2025,2,25,11,4,臺中市,豐原區,0,1,0,7,2,6,50,13,9,1,5,4,6,6,4,4,1,4,5,1,13,2,9,5,4,C03,7,9,1,10,2,11,,7,7,1,13,4,120.721635,24.274545,2
9518,66000,387130000C,(04)23274275,(04)23288582,2025,2,25,11,5,臺中市,北屯區,0,1,0,7,2,6,50,13,7,1,5,4,6,6,4,4,9,5,5,2,13,3,10,5,4,A12,7,9,1,3,2,1,,7,7,1,12,4,120.67355,24.194045,2
9519,66000,387130000C,(04)23274275,(04)23288582,2025,2,25,11,5,臺中市,霧峰區,0,0,0,7,,,30,,,,,,,,,,,,,,16,,,,,B12,,,1,,2,,,14,14,1,13,4,120.666645,24.079715,3
9520,66000,387130000C,(04)23274275,(04)23288582,2025,2,25,11,8,臺中市,大里區,0,2,0,7,2,6,50,4,1,1,5,4,6,6,1,1,10,5,5,1,16,2,9,1,1,C03,7,6,3,19,2,14,,48,48,1,12,4,120.689083,24.104647,2
9521,66000,387130000C,(04)23274275,(04)23288582,2025,2,25,11,13,臺中市,梧棲區,0,0,0,7,,,50,,,,,,,,,,,,,,13,,,,,B03,,,1,,1,,,59,59,1,6,4,120.528168,24.246937,3
9522,66000,387130000C,(04)23274275,(04)23288582,2025,2,25,11,14,臺中市,北區,0,2,0,7,2,6,50,4,9,1,5,4,6,6,2,1,8,3,5,1,13,3,10,3,1,B12,7,9,1,8,2,1,,7,7,1,13,4,120.673791,24.164729,2
9523,66000,387130000C,(04)23274275,(04)23288582,2025,2,25,11,15,臺中市,北屯區,0,0,0,7,,,50,,,,,,,,,,,,,,12,,,,,,,,,,,,,85,85,1,,,120.695583,24.172519,3
9524,66000,387130000C,(04)23274275,(04)23288582,2025,2,25,11,21,臺中市,南區,0,1,0,7,2,6,50,4,2,1,5,4,6,6,1,1,9,4,4,2,9,3,10,3,1,B12,7,5,5,19,2,1,,7,7,1,13,4,120.657337,24.116676,2
9525,66000,387130000C,(04)23274275,(04)23288582,2025,2,25,11,25,臺中市,神岡區,0,0,0,7,,,1,,,,,,,,,,,,,,14,,,,,B03,,,1,,2,,,49,49,1,6,4,120.658759,24.259098,3
9526,66000,387130000C,(04)23274275,(04)23288582,2025,2,25,11,26,臺中市,大里區,0,1,0,7,2,6,50,13,9,1,5,4,6,6,4,4,9,4,5,2,12,2,9,2,1,C03,7,15,3,19,2,14,,42,42,1,12,4,120.687388,24.105422,2
9527,66000,387130000C,(04)23274275,(04)23288582,2025,2,25,11,27,臺中市,西屯區,0,0,0,7,,,40,,,,,,,,,,,,,,14,,,,,B12,,,1,,1,,,49,49,1,13,4,120.632701,24.204644,3
9528,66000,387130000C,(04)23274275,(04)23288582,2025,2,25,11,30,臺中市,南屯區,0,0,0,7,3,6,50,13,9,1,5,4,6,6,4,4,3,2,5,2,16,,,,,B03,,,1,,1,,,12,12,1,12,4,120.606897,24.146782,3
9529,66000,387130000C,(04)23274275,(04)23288582,2025,2,25,11,30,臺中市,豐原區,0,0,0,7,,,50,,,,,,,,,,,,,,17,,,,,B03,,,1,,2,,,50,50,1,12,4,120.716751,24.253056,3
9530,66000,387130000C,(04)23274275,(04)23288582,2025,2,25,11,33,臺中市,霧峰區,0,1,0,7,2,6,50,13,9,1,5,4,6,6,4,4,5,5,5,1,9,2,9,2,1,C03,7,9,3,19,2,12,,84,84,1,6,4,120.703594,24.070897,2
9531,66000,387130000C,(04)23274275,(04)23288582,2025,2,25,11,33,臺中市,新社區,0,2,0,7,1,6,50,13,9,1,5,4,6,6,4,4,4,2,4,1,12,2,7,1,4,C03,7,9,1,10,2,12,,7,7,1,12,4,120.795819,24.218481,2
9532,66000,387130000C,(04)23274275,(04)23288582,2025,2,25,11,36,臺中市,南區,0,0,0,7,,,50,,,,,,,,,,,,,,13,,,,,B12,,,1,,1,,,7,7,1,6,4,120.667108,24.119174,3
9533,66000,387130000C,(04)23274275,(04)23288582,2025,2,25,11,37,臺中市,豐原區,0,1,0,7,2,6,50,3,9,1,5,4,6,6,4,4,1,2,5,1,12,3,10,1,1,C03,7,6,1,10,2,13,,23,23,1,12,4,120.722272,24.276802,2
9534,66000,387130000C,(04)23274275,(04)23288582,2025,2,25,11,41,臺中市,北區,0,2,0,7,2,6,50,13,9,1,5,4,6,6,1,1,5,5,5,2,3,2,9,1,1,C03,7,9,1,10,2,11,,21,21,1,13,4,120.675699,24.151023,2
9535,66000,387130000C,(04)23274275,(04)23288582,2025,2,25,11,42,臺中市,北屯區,0,0,0,7,,,50,,,,,,,,,,,,,,13,,,,,B03,,,1,,1,,,7,7,1,12,4,120.6717,24.173959,3
9536,66000,387130000C,(04)23274275,(04)23288582,2025,2,25,11,45,臺中市,南屯區,0,0,0,7,,,50,,,,,,,,,,,,,,,,,,,B03,,,1,,1,,,7,7,1,12,4,120.612202,24.1498,3
9537,66000,387130000C,(04)23274275,(04)23288582,2025,2,25,11,45,臺中市,梧棲區,0,0,0,7,,,40,,,,,,,,,,,,,,17,,,,,A12,,,1,,1,,,51,51,1,6,4,120.514015,24.228148,3
9538,66000,387130000C,(04)23274275,(04)23288582,2025,2,25,11,49,臺中市,大里區,0,2,0,7,2,6,40,3,1,1,5,4,6,6,4,4,10,5,5,2,16,2,9,1,1,C03,7,6,1,10,2,14,,12,12,1,12,4,120.700079,24.087131,2
9539,66000,387130000C,(04)23274275,(04)23288582,2025,2,25,11,50,臺中市,南屯區,0,2,0,7,3,6,50,13,9,1,5,4,6,6,1,1,5,5,5,2,12,2,9,1,1,C03,7,5,1,10,2,12,,20,20,1,12,4,120.64975,24.155611,2
9540,66000,387130000C,(04)23274275,(04)23288582,2025,2,25,11,50,臺中市,豐原區,0,2,0,7,2,6,30,3,1,1,5,4,6,6,3,1,10,5,5,2,17,2,9,5,4,C03,7,9,1,10,2,14,,24,24,1,13,4,120.730408,24.248438,2
9541,66000,387130000C,(04)23274275,(04)23288582,2025,2,25,11,58,臺中市,西區,0,0,0,6,,,50,,,,,,,,,,,,,,,,,,,B01,,,1,,1,,,84,84,1,12,4,120.669361,24.152741,3
9542,66000,387130000C,(04)23274275,(04)23288582,2025,2,25,12,0,臺中市,大雅區,0,1,0,7,3,6,30,4,1,1,5,4,6,6,4,4,10,5,5,1,17,2,8,1,1,C03,7,9,1,10,2,11,,15,15,1,12,4,120.662677,24.226319,2
9543,66000,387130000C,(04)23274275,(04)23288582,2025,2,25,12,0,臺中市,太平區,0,2,0,7,3,6,50,3,2,1,5,4,6,6,4,4,10,5,5,2,16,2,8,1,1,C03,7,5,1,10,2,12,,14,14,1,6,4,120.720334,24.149313,2
9544,66000,387130000C,(04)23274275,(04)23288582,2025,2,25,12,2,臺中市,大里區,0,0,0,7,,,50,,,,,,,,,,,,,,13,,,,,B03,,,1,,2,,,59,59,1,13,4,120.676865,24.099888,3
9545,66000,387130000C,(04)23274275,(04)23288582,2025,2,25,12,17,臺中市,烏日區,0,0,0,7,,,50,,,,,,,,,,,,,,13,,,,,B03,,,1,,1,,,7,7,1,6,4,120.624583,24.103926,3
9546,66000,387130000C,(04)23274275,(04)23288582,2025,2,25,12,18,臺中市,南屯區,0,0,0,7,,,50,,,,,,,,,,,,,,17,,,,,B03,,,1,,1,,,50,50,1,12,4,120.633663,24.15176,3
9547,66000,387130000C,(04)23274275,(04)23288582,2025,2,25,12,19,臺中市,西屯區,0,0,0,7,,,50,,,,,,,,,,,,,,14,,,,,B03,,,1,,2,,,49,49,1,13,4,120.641672,24.168954,3
9548,66000,387130000C,(04)23274275,(04)23288582,2025,2,25,12,20,臺中市,霧峰區,0,0,0,7,,,50,,,,,,,,,,,,,,17,,,,,B03,,,1,,2,,,39,39,1,13,4,120.715201,24.073759,3
9549,66000,387130000C,(04)23274275,(04)23288582,2025,2,25,12,20,臺中市,沙鹿區,0,1,0,7,2,6,50,4,1,1,5,4,6,6,1,1,5,5,5,2,17,2,9,3,1,B03,7,9,1,8,2,5,,84,84,1,13,4,120.564969,24.243066,2
9550,66000,387130000C,(04)23274275,(04)23288582,2025,2,25,12,20,臺中市,神岡區,0,1,0,7,3,6,50,13,7,1,5,4,6,6,4,4,5,4,4,1,12,3,10,3,1,B03,7,9,1,8,2,1,,84,84,1,13,4,120.65563,24.258978,2
9551,66000,387130000C,(04)23274275,(04)23288582,2025,2,25,12,25,臺中市,南區,0,0,0,7,,,50,,,,,,,,,,,,,,17,,,,,A11,,,1,,1,,,40,40,1,13,4,120.661377,24.109319,3
9552,66000,387130000C,(04)23274275,(04)23288582,2025,2,25,12,27,臺中市,大里區,0,1,0,7,2,6,60,4,1,1,5,4,6,6,1,1,1,2,4,1,13,2,9,1,1,C03,7,9,1,10,2,11,13,7,7,1,13,4,120.680121,24.104642,2
9553,66000,387130000C,(04)23274275,(04)23288582,2025,2,25,12,28,臺中市,西區,0,0,0,7,,,50,,,,,,,,,,,,,,12,,,,,A12,,,1,,1,,,8,8,1,12,4,120.66576,24.136553,3
9554,66000,387130000C,(04)23274275,(04)23288582,2025,2,25,12,28,臺中市,西屯區,0,0,0,7,,,30,,,,,,,,,,,,,,13,,,,,C03,,,1,,9,,,7,7,1,12,4,120.656163,24.177524,3
9555,66000,387130000C,(04)23274275,(04)23288582,2025,2,25,12,30,臺中市,北區,0,0,0,7,,,50,,,,,,,,,,,,,,14,,,,,C03,,,1,,9,,,58,58,1,13,4,120.676954,24.152126,3
9556,66000,387130000C,(04)23274275,(04)23288582,2025,2,25,12,37,臺中市,西屯區,0,2,0,7,1,6,50,4,1,1,5,4,6,6,1,1,10,5,5,1,12,2,9,1,1,C03,7,6,1,10,2,13,,48,48,1,12,4,120.661908,24.170099,2
9557,66000,387130000C,(04)23274275,(04)23288582,2025,2,25,12,45,臺中市,沙鹿區,0,1,0,7,2,6,30,11,9,1,5,3,6,6,4,4,10,5,5,2,18,2,8,2,1,C03,7,9,3,19,2,14,,84,84,1,12,4,120.579159,24.224768,2
9558,66000,387130000C,(04)23274275,(04)23288582,2025,2,25,12,47,臺中市,大里區,0,0,0,7,,,50,,,,,,,,,,,,,,,,,,,B03,,,1,,2,,,59,59,1,12,4,120.696884,24.111747,3
9559,66000,387130000C,(04)23274275,(04)23288582,2025,2,25,12,50,臺中市,西屯區,0,1,0,7,2,6,50,13,9,1,5,4,6,6,4,4,5,4,5,2,16,3,10,5,4,C03,7,11,1,10,2,11,,45,45,1,13,4,120.62557,24.184781,2
9560,66000,387130000C,(04)23274275,(04)23288582,2025,2,25,12,51,臺中市,西屯區,0,1,0,7,2,6,30,4,1,1,5,4,6,6,4,4,10,5,5,2,15,2,6,2,4,C03,7,12,1,10,2,11,14,15,15,1,12,4,120.612089,24.185347,2
9561,66000,387130000C,(04)23274275,(04)23288582,2025,2,25,12,57,臺中市,西屯區,0,2,0,7,2,6,40,3,1,1,5,4,6,6,4,4,5,5,5,2,12,2,8,5,4,C03,7,12,1,10,2,11,,8,8,1,13,4,120.646976,24.1708,2
9562,66000,387130000C,(04)23274275,(04)23288582,2025,2,25,13,4,臺中市,南屯區,0,0,0,7,,,50,,,,,,,,,,,,,,16,,,,,C03,,,1,,2,,,51,51,1,12,4,120.641659,24.134771,3
9563,66000,387130000C,(04)23274275,(04)23288582,2025,2,25,13,5,臺中市,北屯區,0,2,0,7,2,6,50,3,4,1,5,4,6,6,1,1,1,4,4,1,13,2,9,1,1,C03,7,9,1,10,2,13,,7,7,1,5,4,120.709775,24.164794,2
9564,66000,387130000C,(04)23274275,(04)23288582,2025,2,25,13,13,臺中市,北屯區,0,1,0,7,3,6,50,3,1,1,5,4,6,6,4,4,10,5,5,2,17,3,10,3,1,B03,7,5,1,8,2,2,,47,47,1,12,4,120.710992,24.174791,2
9565,66000,387130000C,(04)23274275,(04)23288582,2025,2,25,13,17,臺中市,清水區,0,0,0,7,,,50,,,,,,,,,,,,,,,,,,,C03,,,1,,2,,,51,51,1,12,4,120.57446,24.270174,3
9566,66000,387130000C,(04)23274275,(04)23288582,2025,2,25,13,17,臺中市,沙鹿區,0,1,0,7,2,6,50,3,1,1,5,4,6,6,4,4,10,5,5,2,16,3,10,3,1,B03,7,6,1,8,2,8,,14,14,1,6,4,120.569863,24.225843,2
9567,66000,387130000C,(04)23274275,(04)23288582,2025,2,25,13,22,臺中市,大里區,0,1,0,7,2,6,50,3,9,1,5,4,6,6,4,4,5,5,5,1,13,3,10,3,1,B03,7,9,1,8,2,1,,7,7,1,6,4,120.708668,24.086951,2
9568,66000,387130000C,(04)23274275,(04)23288582,2025,2,25,13,24,臺中市,西區,0,2,0,7,2,6,40,5,1,1,5,4,6,6,1,1,10,5,5,2,17,2,9,1,1,C03,7,9,1,10,2,11,,7,7,1,12,4,120.665649,24.135153,2
9569,66000,387130000C,(04)23274275,(04)23288582,2025,2,25,13,24,臺中市,東勢區,0,0,0,7,2,6,60,3,2,1,5,4,6,6,1,1,1,4,4,1,13,3,10,5,4,B03,7,1,1,8,1,1,,84,84,1,13,4,120.82458,24.25692,3
9570,66000,387130000C,(04)23274275,(04)23288582,2025,2,25,13,25,臺中市,龍井區,0,0,0,7,,,50,,,,,,,,,,,,,,16,,,,,C03,,,1,,1,,,14,14,1,6,2,120.585628,24.181767,4
9571,66000,387130000C,(04)23274275,(04)23288582,2025,2,25,13,26,臺中市,西區,0,0,0,7,,,50,,,,,,,,,,,,,,,,,,,C03,,,1,,1,,,84,84,1,12,4,120.65352,24.151065,3
9572,66000,387130000C,(04)23274275,(04)23288582,2025,2,25,13,30,臺中市,大肚區,0,0,0,7,,,30,,,,,,,,,,,,,,,,,,,B12,,,1,,2,,,84,84,1,6,4,120.581098,24.120178,3
9573,66000,387130000C,(04)23274275,(04)23288582,2025,2,25,13,40,臺中市,東區,0,1,0,7,2,6,50,4,2,1,5,4,6,6,2,1,10,5,5,2,18,2,9,2,1,C03,7,15,1,10,2,14,,84,84,1,12,4,120.687937,24.136315,2
9574,66000,387130000C,(04)23274275,(04)23288582,2025,2,25,13,41,臺中市,大里區,0,0,0,7,,,50,,,,,,,,,,,,,,,,,,,B03,,,1,,1,,,7,7,1,12,4,120.702523,24.081307,3
9575,66000,387130000C,(04)23274275,(04)23288582,2025,2,25,13,55,臺中市,北區,0,0,0,7,,,50,,,,,,,,,,,,,,17,,,,,C03,,,1,,1,,,7,7,1,13,4,120.693982,24.161331,3
9576,66000,387130000C,(04)23274275,(04)23288582,2025,2,25,13,58,臺中市,西區,0,0,0,7,,,50,,,,,,,,,,,,,,9,,,,,B12,,,1,,2,,,7,7,1,12,4,120.671319,24.14545,3
9577,66000,387130000C,(04)23274275,(04)23288582,2025,2,25,14,0,臺中市,北區,0,0,0,7,,,,,,,,,,,,,,,,,17,,,,,,,,,,,,,119,119,1,,,120.687347,24.160149,3
9578,66000,387130000C,(04)23274275,(04)23288582,2025,2,25,14,1,臺中市,西屯區,0,1,0,7,2,6,50,4,1,1,5,4,6,6,1,1,10,5,5,2,16,2,9,5,4,C03,7,9,1,10,2,12,,4,4,1,13,4,120.652425,24.158038,2
9579,66000,387130000C,(04)23274275,(04)23288582,2025,2,25,14,3,臺中市,北屯區,0,0,0,7,,,30,,,,,,,,,,,,,,16,,,,,C03,,,1,,1,,,41,41,1,13,4,120.682183,24.189254,3
9580,66000,387130000C,(04)23274275,(04)23288582,2025,2,25,14,5,臺中市,中區,0,0,0,7,,,50,,,,,,,,,,,,,,12,,,,,B03,,,1,,1,,,39,39,1,12,4,120.680692,24.138637,3