序號,縣市別代碼,機關代碼,市話,傳真,年,月,日,時,分,縣市,區,死亡數量,受傷數量,2-30,天候,道路照明設備,道路類別,道路速限,道路型態,事故位置,路面鋪裝,路面狀態,路面缺陷,障礙物,視距,號誌種類,號誌動作,分向設施,快車道或一般車道間,快慢車道間,路面邊線,事故類型及型態,受傷程度,主要傷處,保護裝備,行動電話或功能裝置,當事者區分(類別),車輛用途,當事者行動狀態,駕照狀態,駕照種類,飲酒情形,車輛撞擊部位最初,車輛撞擊部位其他,肇事因素個別,肇事因素主要,肇事逃逸,職業,共享經濟或外送平台,GPS座標X,GPS座標Y,事故類別
9581,66000,387130000C,(04)23274275,(04)23288582,2025,2,25,14,14,臺中市,北區,0,0,0,7,,,50,,,,,,,,,,,,,,,,,,,B03,,,5,,1,,,59,59,1,13,4,120.674616,24.162533,3
9582,66000,387130000C,(04)23274275,(04)23288582,2025,2,25,14,15,臺中市,西區,0,0,0,7,,,50,,,,,,,,,,,,,,,,,,,B03,,,1,,1,,,84,84,1,13,4,120.671716,24.139558,3
9583,66000,387130000C,(04)23274275,(04)23288582,2025,2,25,14,19,臺中市,西屯區,0,1,0,7,2,6,50,4,1,1,5,4,6,6,1,1,8,4,5,1,17,3,10,5,4,B03,7,15,1,8,2,4,,76,76,1,13,4,120.614483,24.186648,2
9584,66000,387130000C,(04)23274275,(04)23288582,2025,2,25,14,20,臺中市,西區,0,1,0,7,2,6,50,13,9,1,5,4,6,6,4,4,5,4,5,2,17,2,9,1,1,C03,7,9,3,19,2,12,,84,84,1,12,4,120.668355,24.151018,2
9585,66000,387130000C,(04)23274275,(04)23288582,2025,2,25,14,21,臺中市,西區,0,2,0,7,2,6,50,5,1,1,5,4,6,6,4,4,10,5,5,2,17,2,9,1,1,C03,7,9,1,10,2,12,,15,15,1,12,4,120.67128,24.146711,2
9586,66000,387130000C,(04)23274275,(04)23288582,2025,2,25,14,23,臺中市,烏日區,0,0,0,7,2,6,30,13,9,1,5,4,6,6,1,1,1,5,5,1,13,3,10,1,1,C03,7,9,1,10,2,11,,7,7,1,6,4,120.60053,24.111295,3
9587,66000,387130000C,(04)23274275,(04)23288582,2025,2,25,14,25,臺中市,潭子區,0,1,0,7,3,6,60,4,1,1,5,4,6,6,1,1,1,4,5,1,17,3,10,3,1,B03,7,5,1,8,2,2,,11,11,1,13,4,120.705359,24.211544,2
9588,66000,387130000C,(04)23274275,(04)23288582,2025,2,25,14,28,臺中市,西區,0,0,0,7,,,50,,,,,,,,,,,,,,17,,,,,B03,,,1,,1,,,42,42,1,12,4,120.66582,24.152331,3
9589,66000,387130000C,(04)23274275,(04)23288582,2025,2,25,14,28,臺中市,西屯區,0,0,0,7,,,60,,,,,,,,,,,,,,12,,,,,B03,,,1,,1,,,40,40,1,13,4,120.649796,24.162755,3
9590,66000,387130000C,(04)23274275,(04)23288582,2025,2,25,14,30,臺中市,大雅區,0,0,0,7,,,30,,,,,,,,,,,,,,,,,,,B13,,,1,,1,,,49,49,1,12,4,120.660615,24.231524,3
9591,66000,387130000C,(04)23274275,(04)23288582,2025,2,25,14,30,臺中市,西區,0,2,0,7,3,6,50,4,1,1,5,4,6,6,2,1,10,5,5,2,16,2,7,3,1,B01,7,6,1,4,2,2,,85,85,1,13,4,120.665224,24.150944,2
9592,66000,387130000C,(04)23274275,(04)23288582,2025,2,25,14,30,臺中市,后里區,0,1,0,7,2,6,30,3,2,1,5,4,6,6,4,4,10,5,5,2,9,3,10,3,1,B03,7,2,1,8,2,15,,49,49,1,12,4,120.751772,24.323945,2
9593,66000,387130000C,(04)23274275,(04)23288582,2025,2,25,14,35,臺中市,東區,0,0,0,7,,,50,,,,,,,,,,,,,,16,,,,,B03,,,1,,1,,,47,47,1,6,4,120.711693,24.144419,3
9594,66000,387130000C,(04)23274275,(04)23288582,2025,2,25,14,35,臺中市,大里區,0,2,0,7,2,6,50,4,1,1,5,4,6,6,4,4,5,5,5,2,16,2,9,1,1,C03,7,5,3,19,2,13,,14,14,1,13,4,120.681062,24.11562,2
9595,66000,387130000C,(04)23274275,(04)23288582,2025,2,25,14,37,臺中市,西區,0,0,0,7,,,40,,,,,,,,,,,,,,,,,,,B03,,,1,,1,,,8,8,1,12,4,120.665218,24.145953,3
9596,66000,387130000C,(04)23274275,(04)23288582,2025,2,25,14,38,臺中市,北區,0,0,0,7,,,40,,,,,,,,,,,,,,17,,,,,B03,,,1,,1,,,59,59,1,12,4,120.68709,24.162854,3
9597,66000,387130000C,(04)23274275,(04)23288582,2025,2,25,14,40,臺中市,西屯區,0,0,0,7,,,50,,,,,,,,,,,,,,,,,,,C03,,,1,,1,,,59,59,1,13,4,120.639069,24.168932,3
9598,66000,387130000C,(04)23274275,(04)23288582,2025,2,25,14,43,臺中市,北屯區,0,2,0,7,3,6,50,3,1,1,5,4,6,6,4,4,10,5,5,2,17,2,9,1,1,C03,7,9,1,10,2,11,,13,13,1,12,4,120.770007,24.197369,2
9599,66000,387130000C,(04)23274275,(04)23288582,2025,2,25,14,44,臺中市,沙鹿區,0,1,0,7,3,6,50,4,2,1,5,4,6,6,1,1,10,5,5,2,16,2,7,2,1,C03,7,9,1,10,2,12,,21,21,1,12,4,120.576834,24.224518,2
9600,66000,387130000C,(04)23274275,(04)23288582,2025,2,25,14,45,臺中市,北屯區,0,0,0,7,,,50,,,,,,,,,,,,,,9,,,,,B13,,,1,8,1,,,8,8,1,12,4,120.692028,24.182608,3
9601,66000,387130000C,(04)23274275,(04)23288582,2025,2,25,14,47,臺中市,大里區,0,0,0,7,,,,,,,,,,,,,,,,,17,,,,,,,,,,,,,119,119,1,,,120.68419,24.11153,3
9602,66000,387130000C,(04)23274275,(04)23288582,2025,2,25,14,49,臺中市,龍井區,0,0,0,7,,,30,,,,,,,,,,,,,,,,,,,B03,,,1,,2,,,24,24,1,6,4,120.538674,24.190827,3
9603,66000,387130000C,(04)23274275,(04)23288582,2025,2,25,14,51,臺中市,北屯區,0,0,0,7,,,50,,,,,,,,,,,,,,17,,,,,B03,,,1,,1,,,51,51,1,13,4,120.68885,24.168171,3
9604,66000,387130000C,(04)23274275,(04)23288582,2025,2,25,14,51,臺中市,沙鹿區,0,0,0,7,,,50,,,,,,,,,,,,,,,,,,,C03,,,1,,2,,,7,7,1,13,4,120.58045,24.228367,3
9605,66000,387130000C,(04)23274275,(04)23288582,2025,2,25,14,56,臺中市,豐原區,0,1,0,7,2,6,50,13,8,1,5,4,6,6,4,4,1,4,4,1,17,3,10,3,1,B03,7,5,1,8,2,16,,47,47,1,12,4,120.712579,24.240727,2
9606,66000,387130000C,(04)23274275,(04)23288582,2025,2,25,15,4,臺中市,大里區,0,0,0,7,,,50,,,,,,,,,,,,,,,,,,,,,,,,,,,86,86,1,,,120.68279,24.080439,3
9607,66000,387130000C,(04)23274275,(04)23288582,2025,2,25,15,5,臺中市,東區,0,0,0,7,,,40,,,,,,,,,,,,,,17,,,,,C03,,,1,,9,,,84,84,1,12,4,120.705675,24.137868,3
9608,66000,387130000C,(04)23274275,(04)23288582,2025,2,25,15,6,臺中市,北屯區,0,1,0,7,3,6,50,4,1,1,5,4,6,6,2,1,10,5,5,2,16,3,10,3,1,B03,7,5,1,8,2,5,,20,20,1,12,4,120.737084,24.173183,2
9609,66000,387130000C,(04)23274275,(04)23288582,2025,2,25,15,11,臺中市,沙鹿區,0,1,0,7,2,6,50,4,1,1,5,4,6,6,4,4,10,5,5,2,17,3,10,3,1,B12,7,1,1,8,2,4,,51,51,1,6,4,120.563807,24.248216,2
9610,66000,387130000C,(04)23274275,(04)23288582,2025,2,25,15,14,臺中市,南屯區,0,0,0,7,,,50,,,,,,,,,,,,,,12,,,,,B03,,,,,,,,84,84,1,12,4,120.637265,24.11956,3
9611,66000,387130000C,(04)23274275,(04)23288582,2025,2,25,15,14,臺中市,西屯區,0,1,0,7,2,6,50,13,9,1,5,4,6,6,2,1,5,4,5,2,24,2,9,5,4,C03,7,9,1,10,8,11,,59,59,1,12,4,120.643643,24.165818,2
9612,66000,387130000C,(04)23274275,(04)23288582,2025,2,25,15,19,臺中市,東區,0,0,0,7,,,50,,,,,,,,,,,,,,,,,,,B01,,,1,,1,,,7,7,1,12,4,120.690982,24.129706,3
9613,66000,387130000C,(04)23274275,(04)23288582,2025,2,25,15,19,臺中市,南屯區,0,0,0,7,,,50,,,,,,,,,,,,,,,,,,,B12,,,1,,1,,,47,47,1,6,4,120.633589,24.141391,4
9614,66000,387130000C,(04)23274275,(04)23288582,2025,2,25,15,20,臺中市,沙鹿區,0,0,0,7,,,50,,,,,,,,,,,,,,15,,,,,B03,,,1,,1,,,15,15,1,12,4,120.566632,24.236232,3
9615,66000,387130000C,(04)23274275,(04)23288582,2025,2,25,15,21,臺中市,北屯區,0,0,0,7,,,50,,,,,,,,,,,,,,12,,,,,B03,,,5,19,2,,,50,50,1,6,4,120.695298,24.166233,3
9616,66000,387130000C,(04)23274275,(04)23288582,2025,2,25,15,27,臺中市,西屯區,0,1,0,7,2,6,50,4,4,1,5,4,6,6,2,1,5,4,5,2,12,2,8,2,1,C03,7,4,1,10,2,14,,8,8,1,12,4,120.637448,24.178756,2
9617,66000,387130000C,(04)23274275,(04)23288582,2025,2,25,15,30,臺中市,豐原區,0,1,0,7,2,6,50,5,1,1,5,4,6,6,1,1,10,5,5,2,16,3,10,3,1,B03,7,5,1,8,2,2,,47,47,1,13,4,120.714637,24.257454,2
9618,66000,387130000C,(04)23274275,(04)23288582,2025,2,25,15,33,臺中市,豐原區,0,1,0,7,2,6,50,3,1,1,5,4,6,6,2,1,5,5,4,2,12,3,10,3,1,B01,7,11,1,8,2,7,,84,84,1,12,4,120.707331,24.247195,2
9619,66000,387130000C,(04)23274275,(04)23288582,2025,2,25,15,35,臺中市,霧峰區,0,1,0,7,2,6,50,5,1,1,5,4,6,6,1,1,10,5,5,1,17,3,10,3,1,B03,7,9,1,8,2,2,,8,8,1,13,4,120.715191,24.07343,2
9620,66000,387130000C,(04)23274275,(04)23288582,2025,2,25,15,37,臺中市,太平區,0,0,0,7,,,50,,,,,,,,,,,,,,,,,,,A02,,,1,,2,,,34,34,1,12,4,120.733318,24.152316,3
9621,66000,387130000C,(04)23274275,(04)23288582,2025,2,25,15,45,臺中市,北區,0,1,0,7,2,6,50,4,2,1,5,4,6,6,2,1,1,5,5,2,14,3,10,3,1,B03,7,2,1,8,2,3,,49,49,1,13,4,120.674828,24.161508,2
9622,66000,387130000C,(04)23274275,(04)23288582,2025,2,25,15,45,臺中市,北屯區,0,0,0,7,,,50,,,,,,,,,,,,,,13,,,,,C03,,,1,,1,,,7,7,1,6,4,120.704454,24.164862,3
9623,66000,387130000C,(04)23274275,(04)23288582,2025,2,25,15,47,臺中市,大里區,0,1,0,7,2,6,50,13,8,1,5,4,6,6,4,4,5,5,4,2,17,3,10,3,1,B03,7,7,1,8,2,6,,40,40,1,6,4,120.712216,24.093867,2
9624,66000,387130000C,(04)23274275,(04)23288582,2025,2,25,15,50,臺中市,南屯區,0,1,0,7,2,6,50,13,9,1,5,4,6,6,4,4,8,3,5,2,16,3,10,3,1,B03,7,6,1,8,2,7,,48,48,1,12,4,120.637691,24.146319,2
9625,66000,387130000C,(04)23274275,(04)23288582,2025,2,25,15,55,臺中市,西屯區,0,0,0,7,,,50,,,,,,,,,,,,,,13,,,,,B03,,,1,,1,,,56,56,1,13,4,120.651997,24.166135,3
9626,66000,387130000C,(04)23274275,(04)23288582,2025,2,25,15,56,臺中市,西屯區,0,0,0,7,,,30,,,,,,,,,,,,,,20,,,,,B02,,,1,,2,,,84,84,1,12,4,120.651021,24.160686,3
9627,66000,387130000C,(04)23274275,(04)23288582,2025,2,25,15,58,臺中市,中區,0,0,0,7,,,50,,,,,,,,,,,,,,,,,,,C03,,,1,,1,,,84,84,1,12,4,120.677283,24.140471,3
9628,66000,387130000C,(04)23274275,(04)23288582,2025,2,25,16,0,臺中市,南屯區,0,0,0,7,,,50,,,,,,,,,,,,,,17,,,,,B03,,,1,,9,,,77,77,1,12,4,120.620701,24.11714,3
9629,66000,387130000C,(04)23274275,(04)23288582,2025,2,25,16,5,臺中市,南屯區,0,1,0,7,2,6,50,4,1,1,5,4,6,6,2,1,9,4,5,2,11,3,10,3,1,B03,7,11,1,8,2,2,,45,45,1,12,4,120.643965,24.134737,2
9630,66000,387130000C,(04)23274275,(04)23288582,2025,2,25,16,5,臺中市,大安區,0,1,0,7,3,6,30,3,1,1,5,4,6,6,4,4,10,5,5,2,15,2,9,5,4,C03,7,1,1,10,2,11,,51,51,1,12,4,120.628086,24.381223,2
9631,66000,387130000C,(04)23274275,(04)23288582,2025,2,25,16,10,臺中市,霧峰區,0,0,0,7,,,50,,,,,,,,,,,,,,17,,,,,B03,,,1,,2,,,84,84,1,13,4,120.693629,24.049201,3
9632,66000,387130000C,(04)23274275,(04)23288582,2025,2,25,16,13,臺中市,南區,0,2,0,7,1,6,50,4,1,1,5,4,6,6,1,1,9,4,5,2,11,2,9,1,1,C03,7,11,1,10,2,12,,7,7,1,12,4,120.708067,24.135709,2
9633,66000,387130000C,(04)23274275,(04)23288582,2025,2,25,16,14,臺中市,南屯區,0,1,0,7,2,6,40,4,1,1,5,4,6,6,2,1,1,5,5,2,16,3,10,3,1,B03,7,5,1,8,2,2,,65,65,1,6,4,120.608019,24.151116,2
9634,66000,387130000C,(04)23274275,(04)23288582,2025,2,25,16,16,臺中市,北屯區,0,0,0,7,,,50,,,,,,,,,,,,,,12,,,,,B12,,,1,,2,,,8,8,1,6,4,120.682834,24.196261,3
9635,66000,387130000C,(04)23274275,(04)23288582,2025,2,25,16,17,臺中市,北屯區,0,0,0,7,,,50,,,,,,,,,,,,,,16,,,,,B12,,,1,,1,,,20,20,1,6,4,120.663799,24.199678,3
9636,66000,387130000C,(04)23274275,(04)23288582,2025,2,25,16,17,臺中市,神岡區,0,2,0,7,2,6,50,13,9,1,5,4,6,6,4,4,5,4,4,2,17,2,9,5,4,F03,7,15,7,21,2,12,,39,39,1,13,4,120.686939,24.247472,2
9637,66000,387130000C,(04)23274275,(04)23288582,2025,2,25,16,21,臺中市,南屯區,0,1,0,7,2,6,50,4,1,1,5,4,6,6,2,1,9,4,5,2,17,3,10,1,1,C03,7,9,1,10,2,12,,21,21,1,12,4,120.634752,24.153877,2
9638,66000,387130000C,(04)23274275,(04)23288582,2025,2,25,16,30,臺中市,豐原區,0,0,0,7,,,50,,,,,,,,,,,,,,13,,,,,C03,,,1,,2,,,58,58,1,13,4,120.718098,24.25168,3
9639,66000,387130000C,(04)23274275,(04)23288582,2025,2,25,16,33,臺中市,大里區,0,0,0,7,,,80,,,,,,,,,,,,,,13,,,,,B03,,,1,,2,,,7,7,1,6,4,120.690704,24.098029,3
9640,66000,387130000C,(04)23274275,(04)23288582,2025,2,25,16,38,臺中市,太平區,0,1,0,7,3,6,30,3,1,1,5,4,6,6,4,4,10,5,5,2,16,3,10,3,1,B12,7,6,1,8,2,8,,14,14,1,6,4,120.717135,24.148687,2
9641,66000,387130000C,(04)23274275,(04)23288582,2025,2,25,16,39,臺中市,西屯區,0,1,0,7,2,6,30,4,1,1,5,4,6,6,4,4,10,4,5,2,15,3,10,3,1,B03,7,9,1,8,2,1,,15,15,1,13,4,120.660281,24.196417,2
9642,66000,387130000C,(04)23274275,(04)23288582,2025,2,25,16,39,臺中市,豐原區,0,2,0,7,2,6,40,3,2,1,5,4,6,6,2,1,5,2,4,2,17,2,9,5,4,C03,7,1,1,10,2,14,,51,51,1,13,4,120.721973,24.239186,2
9643,66000,387130000C,(04)23274275,(04)23288582,2025,2,25,16,43,臺中市,東區,0,0,0,7,,,40,,,,,,,,,,,,,,,,,,,B12,,,1,,1,,,8,8,1,6,4,120.702641,24.13128,3
9644,66000,387130000C,(04)23274275,(04)23288582,2025,2,25,16,47,臺中市,北區,0,1,0,7,3,6,50,13,9,1,5,4,6,6,4,4,1,4,5,2,13,2,9,2,1,C03,7,9,1,10,2,11,,59,59,1,12,4,120.684855,24.159941,2
9645,66000,387130000C,(04)23274275,(04)23288582,2025,2,25,16,47,臺中市,北屯區,0,2,0,7,3,6,50,3,1,1,5,4,6,6,4,4,10,5,5,2,18,2,9,1,1,C03,7,9,1,10,2,14,,90,90,1,12,4,120.670499,24.17591,2
9646,66000,387130000C,(04)23274275,(04)23288582,2025,2,25,16,51,臺中市,東區,0,1,0,7,2,6,30,3,1,1,5,4,6,6,4,4,10,5,5,2,16,3,10,3,1,B03,7,6,1,8,2,8,,14,14,1,12,4,120.699719,24.140116,2
9647,66000,387130000C,(04)23274275,(04)23288582,2025,2,25,16,52,臺中市,東區,0,0,0,7,,,50,,,,,,,,,,,,,,,,,,,B03,,,1,,2,,,51,51,1,12,4,120.687311,24.136919,3
9648,66000,387130000C,(04)23274275,(04)23288582,2025,2,25,16,55,臺中市,太平區,0,1,0,7,3,6,30,13,9,1,5,4,6,6,4,4,10,5,5,2,28,2,9,1,1,C03,7,9,1,10,2,12,,59,59,1,6,4,120.717902,24.153982,2
9649,66000,387130000C,(04)23274275,(04)23288582,2025,2,25,16,57,臺中市,西屯區,0,0,0,7,,,50,,,,,,,,,,,,,,12,,,,,C03,,,1,,2,,,8,8,2,5,4,120.651959,24.182,3
9650,66000,387130000C,(04)23274275,(04)23288582,2025,2,25,17,0,臺中市,南屯區,0,0,0,7,,,50,,,,,,,,,,,,,,13,,,,,B03,,,1,,1,,,7,7,1,6,4,120.646487,24.149845,3
9651,66000,387130000C,(04)23274275,(04)23288582,2025,2,25,17,0,臺中市,大里區,0,0,0,7,,,50,,,,,,,,,,,,,,,,,,,B03,,,1,,1,,,8,8,1,13,4,120.708225,24.085271,3
9652,66000,387130000C,(04)23274275,(04)23288582,2025,2,25,17,1,臺中市,潭子區,0,1,0,7,2,6,50,4,1,1,5,4,6,6,3,1,10,5,5,2,13,2,8,2,1,C03,7,9,1,10,2,11,,84,84,1,12,4,120.705832,24.215417,2
9653,66000,387130000C,(04)23274275,(04)23288582,2025,2,25,17,1,臺中市,烏日區,0,1,0,7,2,6,70,3,1,1,5,4,6,6,1,1,10,5,5,2,13,2,9,2,1,C03,7,15,1,8,2,13,,7,7,1,6,4,120.608744,24.108089,2
9654,66000,387130000C,(04)23274275,(04)23288582,2025,2,25,17,2,臺中市,潭子區,0,2,0,7,3,6,50,13,9,1,5,4,6,6,4,4,5,4,5,2,17,2,9,2,1,C03,7,1,1,10,2,11,,51,51,1,13,4,120.711184,24.235131,2
9655,66000,387130000C,(04)23274275,(04)23288582,2025,2,25,17,5,臺中市,大雅區,0,2,0,7,1,6,50,3,1,1,5,4,6,6,1,1,10,5,5,2,17,2,3,2,1,C03,7,6,1,10,2,11,,11,11,1,12,4,120.647738,24.215887,2
9656,66000,387130000C,(04)23274275,(04)23288582,2025,2,25,17,5,臺中市,太平區,0,1,0,7,2,6,50,4,1,1,5,4,6,6,1,1,10,5,5,2,17,3,10,3,1,B03,7,9,1,8,2,8,,7,7,1,12,4,120.719334,24.15504,2
9657,66000,387130000C,(04)23274275,(04)23288582,2025,2,25,17,7,臺中市,東勢區,0,1,0,7,2,6,60,4,1,1,5,4,6,6,4,4,10,5,5,2,17,3,10,5,4,B03,7,6,1,8,2,8,,13,13,1,13,4,120.817835,24.27642,2
9658,66000,387130000C,(04)23274275,(04)23288582,2025,2,25,17,10,臺中市,梧棲區,0,2,0,7,2,6,50,3,2,1,5,4,6,6,4,4,5,2,5,2,13,3,10,3,1,B03,7,5,1,8,2,1,,84,84,1,13,4,120.53446,24.261262,2
9659,66000,387130000C,(04)23274275,(04)23288582,2025,2,25,17,13,臺中市,大雅區,0,0,0,7,,,50,,,,,,,,,,,,,,12,,,,,B03,,,1,,2,,,8,8,1,13,4,120.623877,24.230791,3
9660,66000,387130000C,(04)23274275,(04)23288582,2025,2,25,17,13,臺中市,南屯區,0,1,0,7,2,6,50,4,1,1,5,4,6,6,2,1,4,1,5,2,16,3,10,3,1,B03,7,5,1,8,2,5,,84,84,1,12,4,120.649991,24.13204,2
9661,66000,387130000C,(04)23274275,(04)23288582,2025,2,25,17,15,臺中市,西區,0,0,0,7,,,50,,,,,,,,,,,,,,,,,,,B03,,,1,,1,,,51,51,1,13,4,120.677762,24.135694,3
9662,66000,387130000C,(04)23274275,(04)23288582,2025,2,25,17,15,臺中市,霧峰區,0,0,0,7,,,50,,,,,,,,,,,,,,,,,,,B12,,,1,,1,,,48,48,1,6,4,120.662299,24.072388,3
9663,66000,387130000C,(04)23274275,(04)23288582,2025,2,25,17,15,臺中市,清水區,0,0,0,7,,,40,,,,,,,,,,,,,,,,,,,B03,,,1,,2,,,49,49,1,12,4,120.569821,24.274178,3
9664,66000,387130000C,(04)23274275,(04)23288582,2025,2,25,17,16,臺中市,北區,0,1,0,7,1,6,50,4,2,1,5,4,6,6,1,1,5,5,4,2,13,2,9,1,1,C03,7,9,1,10,2,11,,7,7,1,12,4,120.685218,24.159052,2
9665,66000,387130000C,(04)23274275,(04)23288582,2025,2,25,17,16,臺中市,西屯區,0,1,0,7,2,6,50,13,9,1,5,4,6,6,1,1,5,4,5,2,16,3,10,3,1,B03,7,11,1,8,2,7,,45,45,1,12,4,120.623201,24.175964,2
9666,66000,387130000C,(04)23274275,(04)23288582,2025,2,25,17,16,臺中市,龍井區,0,2,0,6,1,6,50,3,1,1,1,4,6,6,4,4,9,5,5,2,16,2,9,1,1,C03,7,9,1,10,2,11,,39,39,1,6,4,120.592915,24.182619,2
9667,66000,387130000C,(04)23274275,(04)23288582,2025,2,25,17,17,臺中市,后里區,0,0,0,7,,,50,,,,,,,,,,,,,,11,,,,,C03,,,1,,1,,,20,20,1,12,4,120.696529,24.312968,3
9668,66000,387130000C,(04)23274275,(04)23288582,2025,2,25,17,18,臺中市,西屯區,0,0,0,7,,,50,,,,,,,,,,,,,,16,,,,,B03,,,1,,1,,,12,12,1,12,4,120.65094,24.164841,3
9669,66000,387130000C,(04)23274275,(04)23288582,2025,2,25,17,20,臺中市,東勢區,0,1,0,7,1,6,50,13,9,1,5,4,6,6,1,1,4,5,5,2,12,2,8,1,4,C03,7,7,1,10,1,11,,7,7,1,12,4,120.837822,24.227294,2
9670,66000,387130000C,(04)23274275,(04)23288582,2025,2,25,17,21,臺中市,霧峰區,0,1,0,6,2,6,40,13,8,1,5,4,6,6,4,4,5,4,4,1,18,2,9,1,1,C03,7,9,1,10,2,12,,84,84,1,13,4,120.70128,24.076032,2
9671,66000,387130000C,(04)23274275,(04)23288582,2025,2,25,17,22,臺中市,太平區,0,3,0,7,3,6,50,13,7,1,5,4,6,6,4,4,9,5,4,1,13,2,9,1,1,C03,7,9,1,10,2,11,,87,87,1,12,4,120.716567,24.150126,2
9672,66000,387130000C,(04)23274275,(04)23288582,2025,2,25,17,25,臺中市,西屯區,0,0,0,7,,,40,,,,,,,,,,,,,,14,,,,,B12,,,1,,2,,,50,50,1,12,4,120.623495,24.184176,3
9673,66000,387130000C,(04)23274275,(04)23288582,2025,2,25,17,29,臺中市,沙鹿區,0,2,0,7,2,6,60,3,1,1,5,4,6,6,1,1,10,5,4,2,13,2,9,2,1,C03,7,9,1,10,2,11,,39,39,1,6,4,120.575974,24.248129,2
9674,66000,387130000C,(04)23274275,(04)23288582,2025,2,25,17,30,臺中市,北屯區,0,0,0,7,,,50,,,,,,,,,,,,,,12,,,,,C03,,,3,,2,,,40,40,1,6,4,120.692894,24.162511,4
9675,66000,387130000C,(04)23274275,(04)23288582,2025,2,25,17,32,臺中市,潭子區,0,1,0,7,3,6,50,5,1,1,5,4,6,6,1,1,1,4,5,1,17,3,10,3,1,B03,7,5,3,19,2,2,,47,47,1,13,4,120.703132,24.200219,2
9676,66000,387130000C,(04)23274275,(04)23288582,2025,2,25,17,32,臺中市,西區,0,2,0,7,3,6,50,3,1,1,5,4,6,6,4,4,10,5,5,2,17,2,9,1,1,C03,7,9,1,10,2,14,,65,65,1,13,4,120.664796,24.135144,2
9677,66000,387130000C,(04)23274275,(04)23288582,2025,2,25,17,33,臺中市,南屯區,0,1,0,7,2,6,50,13,8,1,5,4,6,6,4,4,1,4,4,2,12,2,8,2,1,C03,7,9,1,10,2,12,,42,42,1,12,4,120.639405,24.141649,2
9678,66000,387130000C,(04)23274275,(04)23288582,2025,2,25,17,36,臺中市,烏日區,0,0,0,7,,,50,,,,,,,,,,,,,,,,,,,C03,,,1,,2,,,7,7,1,12,4,120.615264,24.106173,3
9679,66000,387130000C,(04)23274275,(04)23288582,2025,2,25,17,37,臺中市,西區,0,0,0,7,,,50,,,,,,,,,,,,,,,,,,,C03,,,1,,1,,,7,7,1,12,4,120.675422,24.133556,3
9680,66000,387130000C,(04)23274275,(04)23288582,2025,2,25,17,37,臺中市,太平區,0,0,0,7,,,50,,,,,,,,,,,,,,16,,,,,B03,,,1,,2,,,11,11,1,6,4,120.729606,24.151382,3
9681,66000,387130000C,(04)23274275,(04)23288582,2025,2,25,17,40,臺中市,南區,0,0,0,7,,,50,,,,,,,,,,,,,,,,,,,F01,,,7,,2,,,23,23,1,4,4,120.650159,24.111728,4
9682,66000,387130000C,(04)23274275,(04)23288582,2025,2,25,17,40,臺中市,霧峰區,0,1,0,7,2,6,50,13,8,1,5,4,6,6,4,4,5,4,4,1,13,2,8,2,1,C03,7,9,1,10,2,11,,8,8,1,13,4,120.698471,24.06398,2
9683,66000,387130000C,(04)23274275,(04)23288582,2025,2,25,17,40,臺中市,烏日區,0,2,0,7,2,6,50,13,9,1,5,4,6,6,4,4,5,4,5,2,13,2,3,3,1,B03,7,9,1,7,2,1,,84,84,1,6,4,120.598152,24.110646,2
9684,66000,387130000C,(04)23274275,(04)23288582,2025,2,25,17,42,臺中市,南屯區,0,1,0,7,2,6,50,13,9,1,5,4,6,6,4,4,1,4,5,2,17,3,10,3,1,B03,7,8,1,8,2,4,,40,40,1,6,4,120.608462,24.149809,2
9685,66000,387130000C,(04)23274275,(04)23288582,2025,2,25,17,44,臺中市,西屯區,0,0,0,7,1,6,50,3,1,1,5,4,6,6,4,4,9,4,5,2,11,,,,,B03,,,1,,1,,,11,11,1,13,4,120.649194,24.168341,3
9686,66000,387130000C,(04)23274275,(04)23288582,2025,2,25,17,45,臺中市,霧峰區,0,0,0,7,,,50,,,,,,,,,,,,,,,,,,,C03,,,1,,2,,,84,84,1,5,4,120.701235,24.067087,3
9687,66000,387130000C,(04)23274275,(04)23288582,2025,2,25,17,46,臺中市,南屯區,0,0,0,7,,,50,,,,,,,,,,,,,,14,,,,,B03,,,1,,2,,,49,49,1,6,4,120.653752,24.14485,3
9688,66000,387130000C,(04)23274275,(04)23288582,2025,2,25,17,47,臺中市,大里區,0,2,0,7,2,6,50,4,2,1,5,4,6,6,1,1,10,5,5,2,17,2,9,1,1,C03,7,1,1,10,2,14,,84,84,1,12,4,120.674623,24.103625,2
9689,66000,387130000C,(04)23274275,(04)23288582,2025,2,25,17,47,臺中市,大里區,0,0,0,7,,,50,,,,,,,,,,,,,,17,,,,,B03,,,1,,2,,,50,50,1,12,4,120.683738,24.114939,3
9690,66000,387130000C,(04)23274275,(04)23288582,2025,2,25,17,48,臺中市,大甲區,0,0,0,7,,,50,,,,,,,,,,,,,,12,,,,,B03,,,1,,1,,,8,8,1,6,4,120.62214,24.344812,3
9691,66000,387130000C,(04)23274275,(04)23288582,2025,2,25,17,50,臺中市,南屯區,0,0,0,7,,,50,,,,,,,,,,,,,,,,,,,B03,,,1,,1,,,59,59,1,12,4,120.628009,24.140147,3