序號,縣市別代碼,機關代碼,市話,傳真,年,月,日,時,分,縣市,區,死亡數量,受傷數量,2-30,天候,道路照明設備,道路類別,道路速限,道路型態,事故位置,路面鋪裝,路面狀態,路面缺陷,障礙物,視距,號誌種類,號誌動作,分向設施,快車道或一般車道間,快慢車道間,路面邊線,事故類型及型態,受傷程度,主要傷處,保護裝備,行動電話或功能裝置,當事者區分(類別),車輛用途,當事者行動狀態,駕照狀態,駕照種類,飲酒情形,車輛撞擊部位最初,車輛撞擊部位其他,肇事因素個別,肇事因素主要,肇事逃逸,職業,共享經濟或外送平台,GPS座標X,GPS座標Y,事故類別
9692,66000,387130000C,(04)23274275,(04)23288582,2025,2,25,17,51,臺中市,西屯區,0,0,0,7,,,0,,,,,,,,,,,,,,17,,,,,F01,,,7,,1,,,7,7,1,3,4,120.649116,24.16,3
9693,66000,387130000C,(04)23274275,(04)23288582,2025,2,25,17,51,臺中市,豐原區,0,0,0,7,,,60,,,,,,,,,,,,,,12,,,,,C03,,,1,,2,,,8,8,1,12,4,120.719821,24.263863,4
9694,66000,387130000C,(04)23274275,(04)23288582,2025,2,25,17,55,臺中市,太平區,0,0,0,7,,,50,,,,,,,,,,,,,,,,,,,C03,,,1,,1,,,7,7,1,12,4,120.705728,24.160184,3
9695,66000,387130000C,(04)23274275,(04)23288582,2025,2,25,17,59,臺中市,西屯區,0,0,0,7,,,80,,,,,,,,,,,,,,13,,,,,B02,,,1,,1,,,59,59,1,12,4,120.634948,24.179291,3
9696,66000,387130000C,(04)23274275,(04)23288582,2025,2,25,18,0,臺中市,西區,0,1,0,7,1,6,50,4,1,1,5,4,6,6,1,1,10,5,5,1,16,3,10,5,4,B03,7,5,1,8,2,2,,11,11,1,12,4,120.665287,24.150867,2
9697,66000,387130000C,(04)23274275,(04)23288582,2025,2,25,18,0,臺中市,豐原區,0,1,0,7,1,6,50,4,1,1,5,4,6,6,4,4,5,4,5,2,17,3,10,4,1,B02,7,1,1,2,2,2,,84,84,1,12,4,120.7188,24.252672,2
9698,66000,387130000C,(04)23274275,(04)23288582,2025,2,25,18,1,臺中市,大甲區,0,1,0,7,3,6,50,3,1,1,5,4,6,6,4,4,10,5,5,2,17,2,9,4,1,F01,7,6,7,21,2,14,,48,48,1,4,4,120.623452,24.348543,2
9699,66000,387130000C,(04)23274275,(04)23288582,2025,2,25,18,3,臺中市,北屯區,0,0,0,7,,,50,,,,,,,,,,,,,,12,,,,,B03,,,3,,1,,,40,40,1,12,4,120.699283,24.176354,3
9700,66000,387130000C,(04)23274275,(04)23288582,2025,2,25,18,3,臺中市,西屯區,0,0,0,7,,,50,,,,,,,,,,,,,,15,,,,,B03,,,1,,1,,,15,15,1,13,4,120.649774,24.1569,3
9701,66000,387130000C,(04)23274275,(04)23288582,2025,2,25,18,5,臺中市,南屯區,0,0,0,7,,,50,,,,,,,,,,,,,,14,,,,,B12,,,1,,1,,,49,49,1,12,4,120.593358,24.139306,3
9702,66000,387130000C,(04)23274275,(04)23288582,2025,2,25,18,6,臺中市,北區,0,1,0,7,1,6,50,4,2,1,5,4,6,6,2,1,10,5,5,2,3,3,10,3,1,B03,7,6,1,8,2,8,,84,84,1,12,4,120.678957,24.153579,2
9703,66000,387130000C,(04)23274275,(04)23288582,2025,2,25,18,7,臺中市,南區,0,0,0,7,,,50,,,,,,,,,,,,,,,,,,,C03,,,1,,2,,,7,7,1,12,4,120.682918,24.134425,4
9704,66000,387130000C,(04)23274275,(04)23288582,2025,2,25,18,7,臺中市,西屯區,0,2,0,7,1,6,50,3,1,1,5,4,6,6,4,4,10,5,5,2,13,2,9,1,1,C03,7,9,1,10,2,11,,59,59,1,12,4,120.638395,24.172394,2
9705,66000,387130000C,(04)23274275,(04)23288582,2025,2,25,18,7,臺中市,大里區,0,0,0,7,,,50,,,,,,,,,,,,,,17,,,,,B03,,,1,,2,,,7,7,1,12,4,120.684211,24.116847,3
9706,66000,387130000C,(04)23274275,(04)23288582,2025,2,25,18,8,臺中市,西區,0,1,0,7,1,6,50,4,1,1,5,4,6,6,1,1,10,5,5,2,18,2,9,2,1,C03,7,9,1,10,2,15,,84,84,1,13,4,120.66774,24.13095,2
9707,66000,387130000C,(04)23274275,(04)23288582,2025,2,25,18,10,臺中市,北區,0,0,0,7,,,30,,,,,,,,,,,,,,,,,,,C03,,,1,,2,,,84,84,1,13,4,120.670854,24.155895,3
9708,66000,387130000C,(04)23274275,(04)23288582,2025,2,25,18,14,臺中市,北屯區,0,2,0,6,1,6,50,5,1,1,5,4,6,6,2,1,10,5,5,2,13,2,9,2,1,C04,7,9,1,11,2,11,,84,84,1,6,4,120.697745,24.170349,2
9709,66000,387130000C,(04)23274275,(04)23288582,2025,2,25,18,16,臺中市,南區,0,1,0,7,1,6,50,3,1,1,5,4,6,6,4,4,10,5,5,2,16,3,10,3,1,B03,7,5,1,3,2,2,,14,14,1,12,4,120.676383,24.132323,2
9710,66000,387130000C,(04)23274275,(04)23288582,2025,2,25,18,17,臺中市,北屯區,0,1,0,7,1,6,50,4,1,1,5,4,6,6,2,1,10,5,5,2,17,3,10,3,1,B12,7,6,1,8,2,8,,59,59,1,6,4,120.718133,24.159709,2
9711,66000,387130000C,(04)23274275,(04)23288582,2025,2,25,18,19,臺中市,北區,0,0,0,7,,,30,,,,,,,,,,,,,,,,,,,B12,,,1,,9,,,84,84,1,12,4,120.688235,24.160437,3
9712,66000,387130000C,(04)23274275,(04)23288582,2025,2,25,18,19,臺中市,東區,0,1,0,7,1,6,50,4,1,1,5,4,6,6,2,1,10,5,5,2,17,3,10,1,1,C03,7,11,1,10,2,12,,45,45,1,12,4,120.696864,24.144694,2
9713,66000,387130000C,(04)23274275,(04)23288582,2025,2,25,18,25,臺中市,北屯區,0,0,0,7,,,50,,,,,,,,,,,,,,12,,,,,B03,,,1,,1,,,40,40,1,9,4,120.682266,24.185479,3
9714,66000,387130000C,(04)23274275,(04)23288582,2025,2,25,18,31,臺中市,大里區,0,0,0,6,,,50,,,,,,,,,,,,,,17,,,,,B03,,,1,,2,,,84,84,1,13,4,120.715181,24.095307,3
9715,66000,387130000C,(04)23274275,(04)23288582,2025,2,25,18,33,臺中市,北屯區,0,0,0,7,,,50,,,,,,,,,,,,,,17,,,,,C03,,,1,,1,,,8,8,1,6,4,120.699208,24.175883,3
9716,66000,387130000C,(04)23274275,(04)23288582,2025,2,25,18,34,臺中市,龍井區,0,1,0,7,1,6,30,13,9,1,4,4,6,6,4,4,10,5,5,1,17,2,8,2,1,C03,6,9,1,10,2,11,,84,84,1,6,4,120.509984,24.209125,2
9717,66000,387130000C,(04)23274275,(04)23288582,2025,2,25,18,35,臺中市,龍井區,0,0,0,7,,,60,,,,,,,,,,,,,,,,,,,B03,,,1,,2,,,59,59,1,6,4,120.515114,24.200908,3
9718,66000,387130000C,(04)23274275,(04)23288582,2025,2,25,18,38,臺中市,大里區,0,0,0,7,,,50,,,,,,,,,,,,,,,,,,,F03,,,1,,2,,,84,84,1,13,4,120.702558,24.098662,3
9719,66000,387130000C,(04)23274275,(04)23288582,2025,2,25,18,42,臺中市,南區,0,0,0,7,,,50,,,,,,,,,,,,,,,,,,,B02,,,1,,1,,,7,7,1,6,4,120.662403,24.12299,4
9720,66000,387130000C,(04)23274275,(04)23288582,2025,2,25,18,44,臺中市,西區,0,0,0,7,,,,,,,,,,,,,,,,,,,,,,,,,,,,,,119,119,1,,,120.656905,24.150947,3
9721,66000,387130000C,(04)23274275,(04)23288582,2025,2,25,18,44,臺中市,南屯區,0,0,0,7,,,50,,,,,,,,,,,,,,,,,,,B03,,,1,,1,,,59,59,1,6,4,120.613282,24.150276,3
9722,66000,387130000C,(04)23274275,(04)23288582,2025,2,25,18,44,臺中市,大里區,0,0,0,6,,,50,,,,,,,,,,,,,,17,,,,,B03,,,1,,2,,,49,49,1,13,4,120.717462,24.097273,3
9723,66000,387130000C,(04)23274275,(04)23288582,2025,2,25,18,45,臺中市,南屯區,0,1,0,7,1,6,50,3,1,1,5,4,6,6,2,1,8,3,5,1,17,2,9,1,1,C03,7,9,1,10,2,11,,21,21,1,12,4,120.634562,24.136468,2
9724,66000,387130000C,(04)23274275,(04)23288582,2025,2,25,18,45,臺中市,北屯區,0,1,0,7,1,6,50,4,1,1,5,4,6,6,2,1,10,5,5,2,16,3,10,2,1,C03,7,6,1,10,2,12,,25,25,1,12,4,120.737276,24.17845,2
9725,66000,387130000C,(04)23274275,(04)23288582,2025,2,25,18,46,臺中市,霧峰區,0,1,0,7,1,6,50,4,1,1,5,4,6,6,1,1,10,5,5,2,18,2,9,2,1,C03,7,6,1,10,2,12,,84,84,1,5,4,120.715575,24.076414,2
9726,66000,387130000C,(04)23274275,(04)23288582,2025,2,25,18,49,臺中市,西區,0,1,0,7,3,6,50,13,9,1,5,4,6,6,4,4,5,2,5,2,17,3,10,3,1,B03,7,5,1,8,2,2,,84,84,1,13,4,120.669464,24.146413,2
9727,66000,387130000C,(04)23274275,(04)23288582,2025,2,25,18,52,臺中市,太平區,0,1,1,7,1,6,50,5,1,1,5,4,6,6,1,1,10,5,5,2,3,5,1,6,5,H01,8,16,7,21,10,17,,95,95,1,12,5,120.724544,24.149617,2
9728,66000,387130000C,(04)23274275,(04)23288582,2025,2,25,18,55,臺中市,大雅區,0,1,0,7,1,6,30,13,9,1,5,4,6,6,4,4,10,5,5,2,9,3,10,1,1,C03,7,9,1,10,2,11,,7,7,1,12,4,120.667108,24.227634,2
9729,66000,387130000C,(04)23274275,(04)23288582,2025,2,25,18,55,臺中市,大甲區,0,1,0,7,1,6,50,13,9,1,5,4,6,6,4,4,5,5,5,1,2,2,9,2,1,C03,7,9,1,10,2,11,,85,85,1,6,4,120.620733,24.346692,2
9730,66000,387130000C,(04)23274275,(04)23288582,2025,2,25,18,57,臺中市,中區,0,0,0,7,,,50,,,,,,,,,,,,,,,,,,,A03,,,1,,2,,,84,84,1,12,4,120.684022,24.138535,3
9731,66000,387130000C,(04)23274275,(04)23288582,2025,2,25,18,57,臺中市,大里區,0,0,0,7,,,50,,,,,,,,,,,,,,17,,,,,B12,,,1,,9,,,51,51,1,6,4,120.691909,24.106938,3
9732,66000,387130000C,(04)23274275,(04)23288582,2025,2,25,18,59,臺中市,北區,0,1,0,7,1,6,50,5,2,1,5,4,6,6,2,1,10,5,5,1,12,2,9,2,1,C03,7,6,1,10,2,14,,20,20,1,13,4,120.686388,24.154418,2
9733,66000,387130000C,(04)23274275,(04)23288582,2025,2,25,19,0,臺中市,西屯區,0,0,0,7,,,40,,,,,,,,,,,,,,12,,,,,B03,,,1,,1,,,39,39,1,12,4,120.607485,24.195133,3
9734,66000,387130000C,(04)23274275,(04)23288582,2025,2,25,19,0,臺中市,烏日區,0,0,0,7,1,6,50,13,7,1,5,4,6,6,4,4,5,4,4,1,13,3,10,3,1,B03,7,9,1,8,2,8,,84,84,1,6,4,120.649893,24.093559,3
9735,66000,387130000C,(04)23274275,(04)23288582,2025,2,25,19,3,臺中市,南屯區,0,0,0,7,,,50,,,,,,,,,,,,,,17,,,,,B03,,,1,,2,,,59,59,1,6,4,120.654668,24.129539,3
9736,66000,387130000C,(04)23274275,(04)23288582,2025,2,25,19,8,臺中市,梧棲區,0,1,0,7,1,6,50,4,2,1,5,4,6,6,4,4,5,5,5,2,12,3,10,3,1,B03,7,6,1,8,2,1,,48,48,1,13,4,120.539941,24.253454,2
9737,66000,387130000C,(04)23274275,(04)23288582,2025,2,25,19,9,臺中市,西屯區,0,1,0,7,1,6,50,4,1,1,5,4,6,6,2,1,1,4,1,2,11,2,8,1,1,C01,7,6,1,9,1,13,,14,14,1,13,4,120.65777,24.15806,2
9738,66000,387130000C,(04)23274275,(04)23288582,2025,2,25,19,22,臺中市,西區,0,0,0,7,,,50,,,,,,,,,,,,,,,,,,,B03,,,1,,2,,,84,84,1,12,4,120.659687,24.157317,3
9739,66000,387130000C,(04)23274275,(04)23288582,2025,2,25,19,28,臺中市,中區,0,2,0,7,1,6,50,4,1,1,5,4,6,6,1,1,10,5,5,2,16,2,8,2,1,C03,7,6,1,10,2,14,,84,84,1,13,4,120.682164,24.14574,2
9740,66000,387130000C,(04)23274275,(04)23288582,2025,2,25,19,28,臺中市,北屯區,0,0,0,7,,,50,,,,,,,,,,,,,,12,,,,,B03,,,1,,1,,,40,40,1,12,4,120.666409,24.181572,3
9741,66000,387130000C,(04)23274275,(04)23288582,2025,2,25,19,30,臺中市,西屯區,0,0,0,7,,,0,,,,,,,,,,,,,,9,,,,,C03,,,1,,2,,,50,50,1,13,4,120.612994,24.191554,3
9742,66000,387130000C,(04)23274275,(04)23288582,2025,2,25,19,30,臺中市,太平區,0,0,0,7,1,6,50,13,9,1,5,4,6,6,4,4,5,5,5,1,9,,,,,,,,,,,,,119,119,,,,120.701958,24.110902,3
9743,66000,387130000C,(04)23274275,(04)23288582,2025,2,25,19,33,臺中市,西屯區,0,0,0,7,,,50,,,,,,,,,,,,,,16,,,,,B03,,,1,,1,,,11,11,1,12,4,120.652407,24.159681,3
9744,66000,387130000C,(04)23274275,(04)23288582,2025,2,25,19,34,臺中市,西屯區,0,0,0,7,,,50,,,,,,,,,,,,,,13,,,,,C03,,,1,,1,,,43,43,1,12,4,120.663086,24.163916,3
9745,66000,387130000C,(04)23274275,(04)23288582,2025,2,25,19,39,臺中市,清水區,0,1,0,7,1,6,50,5,1,1,5,4,6,6,1,1,9,4,5,1,16,3,10,3,1,B03,7,6,3,19,2,5,,20,20,1,12,4,120.575202,24.278148,2
9746,66000,387130000C,(04)23274275,(04)23288582,2025,2,25,19,40,臺中市,潭子區,0,2,0,7,1,6,50,3,1,1,5,4,6,6,4,4,10,5,5,2,3,2,8,2,1,C03,7,9,1,10,2,11,,10,10,1,12,4,120.703363,24.209382,2
9747,66000,387130000C,(04)23274275,(04)23288582,2025,2,25,19,40,臺中市,沙鹿區,0,0,0,7,,,1,,,,,,,,,,,,,,17,,,,,B03,,,1,,2,,,8,8,1,6,4,120.560277,24.234827,3
9748,66000,387130000C,(04)23274275,(04)23288582,2025,2,25,19,41,臺中市,大甲區,0,1,0,7,1,6,50,4,1,1,5,4,6,6,4,4,10,5,5,2,15,3,10,3,1,B03,7,9,1,8,2,1,,15,15,1,6,4,120.624969,24.344579,2
9749,66000,387130000C,(04)23274275,(04)23288582,2025,2,25,19,44,臺中市,南屯區,0,0,0,7,,,50,,,,,,,,,,,,,,,,,,,B03,,,1,,2,,,76,76,1,12,4,120.627506,24.118241,3
9750,66000,387130000C,(04)23274275,(04)23288582,2025,2,25,19,49,臺中市,北屯區,0,0,0,7,,,30,,,,,,,,,,,,,,12,,,,,C03,,,1,10,1,,,84,84,1,6,4,120.663837,24.188953,3
9751,66000,387130000C,(04)23274275,(04)23288582,2025,2,25,19,51,臺中市,西屯區,0,0,0,7,,,30,,,,,,,,,,,,,,17,,,,,B03,,,1,,2,,,59,59,1,12,4,120.636188,24.168623,3
9752,66000,387130000C,(04)23274275,(04)23288582,2025,2,25,19,57,臺中市,東區,0,0,0,7,,,50,,,,,,,,,,,,,,,,,,,B12,,,1,,2,,,47,47,1,12,4,120.694456,24.149744,3
9753,66000,387130000C,(04)23274275,(04)23288582,2025,2,25,20,6,臺中市,東區,0,1,0,7,1,6,50,3,1,1,5,4,6,6,1,1,10,5,5,2,15,3,10,1,1,C03,7,9,3,19,2,11,,21,21,1,12,4,120.697777,24.133211,2
9754,66000,387130000C,(04)23274275,(04)23288582,2025,2,25,20,7,臺中市,太平區,0,0,0,7,,,50,,,,,,,,,,,,,,,,,,,C03,,,1,,2,,,50,50,1,12,4,120.711337,24.152054,3
9755,66000,387130000C,(04)23274275,(04)23288582,2025,2,25,20,9,臺中市,西屯區,0,0,0,7,,,30,,,,,,,,,,,,,,16,,,,,B03,,,1,,1,,,14,14,1,12,4,120.616197,24.188879,3
9756,66000,387130000C,(04)23274275,(04)23288582,2025,2,25,20,16,臺中市,大里區,0,0,0,7,,,50,,,,,,,,,,,,,,17,,,,,C03,,,1,,1,,,84,84,1,13,4,120.696978,24.104388,3
9757,66000,387130000C,(04)23274275,(04)23288582,2025,2,25,20,17,臺中市,南區,0,0,0,7,,,50,,,,,,,,,,,,,,,,,,,B03,,,1,,1,,,7,7,1,12,4,120.653495,24.122737,3
9758,66000,387130000C,(04)23274275,(04)23288582,2025,2,25,20,17,臺中市,南屯區,0,0,0,7,,,40,,,,,,,,,,,,,,17,,,,,B03,,,1,,1,,,49,49,2,6,4,120.645791,24.15048,3
9759,66000,387130000C,(04)23274275,(04)23288582,2025,2,25,20,20,臺中市,北屯區,0,0,0,7,,,50,,,,,,,,,,,,,,12,,,,,B03,,,1,,2,,,85,85,1,6,4,120.728394,24.167481,3
9760,66000,387130000C,(04)23274275,(04)23288582,2025,2,25,20,20,臺中市,龍井區,0,1,0,7,1,6,70,4,1,1,5,4,6,6,1,1,10,5,5,2,15,3,10,3,1,B03,7,9,1,8,2,5,,21,21,1,6,4,120.537642,24.199901,2
9761,66000,387130000C,(04)23274275,(04)23288582,2025,2,25,20,22,臺中市,霧峰區,0,0,0,7,,,50,,,,,,,,,,,,,,,,,,,B03,,,1,,2,,,51,51,1,6,4,120.700169,24.064828,3
9762,66000,387130000C,(04)23274275,(04)23288582,2025,2,25,20,23,臺中市,西屯區,0,0,0,7,1,6,50,13,9,1,5,4,6,6,4,4,9,4,5,2,12,,,,,C03,,,1,,2,,,59,59,1,13,4,120.650012,24.156788,3
9763,66000,387130000C,(04)23274275,(04)23288582,2025,2,25,20,25,臺中市,東區,0,1,0,7,1,6,50,13,9,1,5,4,6,6,4,4,9,4,5,2,12,2,9,1,1,C03,7,9,1,10,2,11,,7,7,1,12,4,120.701285,24.137121,2
9764,66000,387130000C,(04)23274275,(04)23288582,2025,2,25,20,27,臺中市,南屯區,0,0,0,7,,,50,,,,,,,,,,,,,,,,,,,C03,,,1,,1,,,7,7,1,6,4,120.593878,24.139295,3
9765,66000,387130000C,(04)23274275,(04)23288582,2025,2,25,20,33,臺中市,神岡區,0,0,0,7,,,50,,,,,,,,,,,,,,2,,,,,C03,,,3,,2,,,59,59,1,12,4,120.697553,24.279442,3
9766,66000,387130000C,(04)23274275,(04)23288582,2025,2,25,20,35,臺中市,南屯區,0,1,0,7,1,6,50,4,1,1,5,4,6,6,2,1,5,5,5,2,3,3,10,3,1,B03,7,6,1,8,2,1,,10,10,1,12,4,120.64975,24.155611,2
9767,66000,387130000C,(04)23274275,(04)23288582,2025,2,25,20,38,臺中市,霧峰區,0,0,0,6,,,50,,,,,,,,,,,,,,17,,,,,B12,,,1,,2,,,49,49,1,13,4,120.697118,24.060617,3
9768,66000,387130000C,(04)23274275,(04)23288582,2025,2,25,20,40,臺中市,豐原區,0,2,0,7,1,6,50,13,24,1,5,4,6,6,4,4,5,5,4,2,17,2,9,2,1,C03,7,6,1,10,2,11,,20,20,1,13,4,120.699214,24.24732,2
9769,66000,387130000C,(04)23274275,(04)23288582,2025,2,25,20,58,臺中市,豐原區,0,0,0,7,,,30,,,,,,,,,,,,,,17,,,,,C03,,,1,,1,,,58,58,1,12,4,120.737271,24.253507,3
9770,66000,387130000C,(04)23274275,(04)23288582,2025,2,25,21,3,臺中市,北屯區,0,0,0,7,,,50,,,,,,,,,,,,,,13,,,,,B03,,,1,,2,,,58,58,1,6,4,120.660232,24.192904,3
9771,66000,387130000C,(04)23274275,(04)23288582,2025,2,25,21,9,臺中市,北區,0,0,0,7,,,50,,,,,,,,,,,,,,17,,,,,B03,,,1,,1,,,38,38,1,13,4,120.680013,24.152071,3
9772,66000,387130000C,(04)23274275,(04)23288582,2025,2,25,21,10,臺中市,西區,0,0,0,7,,,30,,,,,,,,,,,,,,17,,,,,,,,,,,,,119,119,1,,,120.661279,24.158633,3
9773,66000,387130000C,(04)23274275,(04)23288582,2025,2,25,21,12,臺中市,霧峰區,0,0,0,7,,,50,,,,,,,,,,,,,,,,,,,B03,,,1,,1,,,84,84,1,13,4,120.692643,24.066223,3
9774,66000,387130000C,(04)23274275,(04)23288582,2025,2,25,21,16,臺中市,大雅區,0,0,0,7,,,50,,,,,,,,,,,,,,12,,,,,B03,,,1,,1,,,51,51,1,13,4,120.649864,24.221713,3
9775,66000,387130000C,(04)23274275,(04)23288582,2025,2,25,21,22,臺中市,沙鹿區,0,2,0,7,1,6,50,13,7,1,5,4,6,6,4,4,1,4,4,2,13,2,8,1,1,C03,7,9,1,10,2,11,,7,7,1,6,4,120.562547,24.245717,2
9776,66000,387130000C,(04)23274275,(04)23288582,2025,2,25,21,29,臺中市,東區,0,2,0,7,1,6,50,4,1,1,5,4,6,6,4,4,10,5,5,2,12,2,9,1,1,C03,7,9,1,10,2,12,,8,8,1,12,4,120.703252,24.142704,2
9777,66000,387130000C,(04)23274275,(04)23288582,2025,2,25,21,34,臺中市,西屯區,0,1,0,7,1,6,50,3,2,1,5,4,6,6,2,1,5,4,4,2,12,2,8,5,4,C03,7,6,1,10,2,12,,48,48,1,12,4,120.613585,24.173714,2
9778,66000,387130000C,(04)23274275,(04)23288582,2025,2,25,21,54,臺中市,沙鹿區,0,1,0,6,1,6,30,5,1,1,5,4,6,6,2,1,10,5,5,2,13,2,9,2,1,C03,7,9,1,9,2,11,,59,59,1,6,4,120.568326,24.238332,2
9779,66000,387130000C,(04)23274275,(04)23288582,2025,2,25,22,3,臺中市,太平區,0,0,0,7,,,50,,,,,,,,,,,,,,17,,,,,C03,,,1,,2,,,59,59,1,12,4,120.711128,24.160248,3
9780,66000,387130000C,(04)23274275,(04)23288582,2025,2,25,22,10,臺中市,沙鹿區,0,1,0,7,3,6,0,13,21,4,5,4,6,6,4,4,10,5,5,2,30,2,7,5,1,F01,7,9,7,21,2,15,,85,85,1,5,4,120.570236,24.235516,2
9781,66000,387130000C,(04)23274275,(04)23288582,2025,2,25,22,12,臺中市,大里區,0,1,0,7,2,6,50,13,8,1,5,4,6,6,4,4,1,4,4,1,17,3,10,3,1,B03,7,2,1,8,2,7,,49,49,1,12,4,120.667416,24.10534,2
9782,66000,387130000C,(04)23274275,(04)23288582,2025,2,25,22,14,臺中市,南屯區,0,1,0,7,1,6,50,3,8,1,5,4,6,6,1,1,9,5,5,2,18,2,9,2,1,C03,7,9,1,10,2,12,,59,59,1,13,4,120.585375,24.166733,2
9783,66000,387130000C,(04)23274275,(04)23288582,2025,2,25,22,15,臺中市,大甲區,0,0,0,7,,,60,,,,,,,,,,,,,,,,,,,B03,,,1,,2,,,59,59,1,6,4,120.618191,24.343853,3
9784,66000,387130000C,(04)23274275,(04)23288582,2025,2,25,22,20,臺中市,西屯區,0,2,0,7,2,6,50,4,1,1,5,4,6,6,2,1,10,5,5,2,16,2,9,2,1,C03,7,6,1,10,2,12,,48,48,1,12,4,120.621921,24.186405,2
9785,66000,387130000C,(04)23274275,(04)23288582,2025,2,25,22,28,臺中市,北區,0,0,0,7,,,50,,,,,,,,,,,,,,17,,,,,B03,,,5,,2,,,20,20,1,12,4,120.683728,24.165555,3
9786,66000,387130000C,(04)23274275,(04)23288582,2025,2,25,22,47,臺中市,北屯區,0,1,0,7,1,6,50,4,1,1,5,4,6,6,2,1,10,5,5,2,17,2,8,2,1,C03,7,15,1,10,2,14,,84,84,1,12,4,120.705978,24.16948,2
9787,66000,387130000C,(04)23274275,(04)23288582,2025,2,25,23,9,臺中市,西屯區,0,0,0,7,,,50,,,,,,,,,,,,,,,,,,,F03,,,7,,2,,,87,87,1,12,4,120.632485,24.182928,3
9788,66000,387130000C,(04)23274275,(04)23288582,2025,2,25,23,10,臺中市,潭子區,0,0,0,7,,,50,,,,,,,,,,,,,,13,,,,,B03,,,1,,2,,,58,58,1,12,4,120.702513,24.194427,3
9789,66000,387130000C,(04)23274275,(04)23288582,2025,2,25,23,15,臺中市,中區,0,1,0,7,1,6,50,13,9,1,5,4,6,6,4,4,10,4,5,2,12,2,8,2,1,C03,7,8,1,10,2,14,,65,65,1,12,4,120.682357,24.14318,2
9790,66000,387130000C,(04)23274275,(04)23288582,2025,2,25,23,21,臺中市,沙鹿區,0,0,0,7,,,60,,,,,,,,,,,,,,,,,,,B03,,,1,,2,,,59,59,1,6,4,120.582073,24.249599,3
9791,66000,387130000C,(04)23274275,(04)23288582,2025,2,25,23,24,臺中市,北屯區,0,1,0,7,1,6,30,4,1,1,5,4,6,6,3,1,10,5,5,2,15,2,9,2,1,F03,7,9,7,21,2,11,,24,24,1,13,4,120.693718,24.176402,2
9792,66000,387130000C,(04)23274275,(04)23288582,2025,2,26,0,2,臺中市,西區,0,0,0,7,,,50,,,,,,,,,,,,,,14,,,,,B03,,,1,,1,,,49,49,1,12,4,120.66151,24.144559,3
9793,66000,387130000C,(04)23274275,(04)23288582,2025,2,26,0,20,臺中市,西區,0,1,0,7,1,6,50,4,1,1,5,4,6,6,1,1,10,5,5,2,16,3,10,3,1,B01,7,6,1,4,2,5,,11,11,1,12,4,120.659836,24.161111,2
9794,66000,387130000C,(04)23274275,(04)23288582,2025,2,26,0,33,臺中市,大里區,0,1,0,7,1,6,50,3,2,1,5,4,6,6,4,4,5,5,5,1,28,2,9,5,4,C03,7,9,1,10,2,11,,84,84,1,13,4,120.665656,24.110953,2
9795,66000,387130000C,(04)23274275,(04)23288582,2025,2,26,0,45,臺中市,龍井區,0,0,0,7,,,50,,,,,,,,,,,,,,16,,,,,C03,,,1,,2,,,4,4,1,12,4,120.593018,24.182475,3
9796,66000,387130000C,(04)23274275,(04)23288582,2025,2,26,1,41,臺中市,太平區,0,0,0,7,1,6,,13,9,1,5,4,6,6,4,4,5,5,5,1,28,,,,,,,,,,,,,118,118,1,,,120.705269,24.153179,3
9797,66000,387130000C,(04)23274275,(04)23288582,2025,2,26,2,35,臺中市,南屯區,0,0,0,7,,,40,,,,,,,,,,,,,,14,,,,,A12,,,1,,1,,,49,49,1,6,4,120.637739,24.142896,3
9798,66000,387130000C,(04)23274275,(04)23288582,2025,2,26,3,0,臺中市,北屯區,0,0,0,7,,,80,,,,,,,,,,,,,,20,,,,,B03,,,1,,2,,,5,5,1,12,4,120.677851,24.200968,3
9799,66000,387130000C,(04)23274275,(04)23288582,2025,2,26,3,9,臺中市,西區,0,1,0,7,1,6,50,4,1,1,5,4,6,6,1,1,10,5,5,2,15,3,10,3,1,B03,7,9,1,8,2,2,,21,21,1,12,4,120.653049,24.150909,2
9800,66000,387130000C,(04)23274275,(04)23288582,2025,2,26,3,52,臺中市,北屯區,0,0,0,7,,,50,,,,,,,,,,,,,,12,,,,,A05,,,1,,9,,,8,8,1,13,4,120.671094,24.175055,3
9801,66000,387130000C,(04)23274275,(04)23288582,2025,2,26,4,1,臺中市,潭子區,0,1,0,7,1,6,60,13,14,1,5,4,6,6,4,4,1,4,4,1,17,2,7,2,1,C03,7,9,1,10,2,11,,59,59,1,13,4,120.690312,24.225119,2
9802,66000,387130000C,(04)23274275,(04)23288582,2025,2,26,4,45,臺中市,神岡區,0,1,0,7,1,6,30,11,9,1,5,4,6,6,4,4,10,5,5,2,27,2,9,3,1,B12,7,9,1,8,6,1,,53,53,1,6,4,120.704085,24.269997,2
9803,66000,387130000C,(04)23274275,(04)23288582,2025,2,26,5,21,臺中市,霧峰區,0,0,0,7,1,6,40,3,2,1,5,4,6,6,4,4,1,4,4,1,17,3,10,1,1,F01,7,9,7,16,2,11,,7,7,1,13,4,120.661894,24.05839,3