序號,縣市別代碼,機關代碼,市話,傳真,年,月,日,時,分,縣市,區,死亡數量,受傷數量,2-30,天候,道路照明設備,道路類別,道路速限,道路型態,事故位置,路面鋪裝,路面狀態,路面缺陷,障礙物,視距,號誌種類,號誌動作,分向設施,快車道或一般車道間,快慢車道間,路面邊線,事故類型及型態,受傷程度,主要傷處,保護裝備,行動電話或功能裝置,當事者區分(類別),車輛用途,當事者行動狀態,駕照狀態,駕照種類,飲酒情形,車輛撞擊部位最初,車輛撞擊部位其他,肇事因素個別,肇事因素主要,肇事逃逸,職業,共享經濟或外送平台,GPS座標X,GPS座標Y,事故類別
9804,66000,387130000C,(04)23274275,(04)23288582,2025,2,26,5,28,臺中市,潭子區,0,1,0,7,1,6,50,4,1,1,5,4,6,6,3,1,5,2,4,2,15,2,9,2,1,C03,7,9,1,10,2,14,,24,24,1,13,4,120.70354,24.211594,2
9805,66000,387130000C,(04)23274275,(04)23288582,2025,2,26,5,44,臺中市,北屯區,0,1,0,7,1,6,50,5,1,1,5,4,6,6,3,1,10,5,5,2,17,3,10,3,1,B03,7,5,1,8,2,8,,24,24,1,12,4,120.696751,24.173273,2
9806,66000,387130000C,(04)23274275,(04)23288582,2025,2,26,6,21,臺中市,北區,0,2,0,6,2,6,0,3,1,1,5,4,6,6,4,4,10,5,5,2,17,2,9,1,1,C03,7,9,1,10,2,14,,84,84,1,13,4,120.676957,24.164164,2
9807,66000,387130000C,(04)23274275,(04)23288582,2025,2,26,6,43,臺中市,北區,0,0,0,7,,,50,,,,,,,,,,,,,,17,,,,,B03,,,1,,2,,,51,51,1,12,4,120.671689,24.173762,3
9808,66000,387130000C,(04)23274275,(04)23288582,2025,2,26,6,45,臺中市,大雅區,0,2,0,6,2,6,50,5,1,1,5,4,6,6,1,1,1,4,4,1,16,2,9,1,1,C03,7,5,1,10,2,12,,84,84,1,13,4,120.630121,24.24112,2
9809,66000,387130000C,(04)23274275,(04)23288582,2025,2,26,6,54,臺中市,烏日區,0,1,0,7,3,6,30,11,9,1,5,4,6,6,4,4,10,5,5,1,11,3,10,3,1,B03,7,6,1,8,2,8,,41,41,1,6,4,120.641416,24.109541,2
9810,66000,387130000C,(04)23274275,(04)23288582,2025,2,26,6,57,臺中市,北屯區,0,0,0,7,,,50,,,,,,,,,,,,,,13,,,,,B03,,,1,,2,,,7,7,1,13,4,120.719533,24.159685,3
9811,66000,387130000C,(04)23274275,(04)23288582,2025,2,26,7,0,臺中市,東區,0,2,0,7,3,6,50,4,1,1,5,4,6,6,1,1,10,5,5,2,13,2,9,5,4,C03,7,9,3,19,2,11,,7,7,1,13,4,120.689263,24.140063,2
9812,66000,387130000C,(04)23274275,(04)23288582,2025,2,26,7,2,臺中市,北屯區,0,0,0,7,,,50,,,,,,,,,,,,,,,,,,,B03,,,1,,1,,,40,40,1,12,4,120.674112,24.173988,3
9813,66000,387130000C,(04)23274275,(04)23288582,2025,2,26,7,5,臺中市,北屯區,0,0,0,7,,,50,,,,,,,,,,,,,,,,,,,B03,,,1,,1,,,51,51,1,13,4,120.719456,24.177155,3
9814,66000,387130000C,(04)23274275,(04)23288582,2025,2,26,7,8,臺中市,清水區,0,0,0,6,,,70,,,,,,,,,,,,,,,,,,,B03,,,1,,2,,,45,45,1,12,4,120.551073,24.293193,3
9815,66000,387130000C,(04)23274275,(04)23288582,2025,2,26,7,11,臺中市,南屯區,0,0,0,7,,,50,,,,,,,,,,,,,,,,,,,B03,,,1,,2,,,59,59,1,12,4,120.612488,24.137532,4
9816,66000,387130000C,(04)23274275,(04)23288582,2025,2,26,7,11,臺中市,北屯區,0,2,0,7,2,6,50,13,9,1,5,4,6,6,4,4,4,3,4,2,16,3,10,3,1,B01,7,6,1,4,2,8,,84,84,1,13,4,120.688399,24.173115,2
9817,66000,387130000C,(04)23274275,(04)23288582,2025,2,26,7,14,臺中市,西屯區,0,1,0,6,2,6,40,3,1,1,5,4,6,6,1,1,5,5,5,2,28,2,9,1,1,C03,7,9,1,10,2,11,,87,87,1,12,4,120.658509,24.163545,2
9818,66000,387130000C,(04)23274275,(04)23288582,2025,2,26,7,17,臺中市,大雅區,0,1,0,5,3,6,50,3,2,1,4,2,6,6,4,4,5,2,5,1,30,2,8,1,1,C03,7,5,1,10,2,14,,93,93,1,12,4,120.604051,24.223555,2
9819,66000,387130000C,(04)23274275,(04)23288582,2025,2,26,7,19,臺中市,西屯區,0,1,0,7,2,6,40,4,1,1,5,4,6,6,2,1,1,5,1,2,16,3,10,5,4,B03,7,6,1,8,2,4,,59,59,1,13,4,120.633749,24.161646,2
9820,66000,387130000C,(04)23274275,(04)23288582,2025,2,26,7,20,臺中市,東區,0,1,0,7,3,6,40,13,8,1,5,4,6,6,4,4,5,5,4,2,17,3,10,5,4,B12,7,13,3,19,2,4,,76,76,1,12,4,120.686955,24.129721,2
9821,66000,387130000C,(04)23274275,(04)23288582,2025,2,26,7,20,臺中市,東區,0,0,0,7,,,80,,,,,,,,,,,,,,13,,,,,B03,,,1,,1,,,7,7,1,13,4,120.708419,24.134347,3
9822,66000,387130000C,(04)23274275,(04)23288582,2025,2,26,7,20,臺中市,大里區,0,0,0,7,,,50,,,,,,,,,,,,,,,,,,,B03,,,3,,2,,,7,7,1,12,4,120.694311,24.110038,3
9823,66000,387130000C,(04)23274275,(04)23288582,2025,2,26,7,20,臺中市,烏日區,0,0,0,6,,,40,,,,,,,,,,,,,,13,,,,,B03,,,1,,2,,,59,59,1,13,4,120.61817,24.117706,3
9824,66000,387130000C,(04)23274275,(04)23288582,2025,2,26,7,24,臺中市,西區,0,0,0,7,,,40,,,,,,,,,,,,,,14,,,,,B03,,,1,,2,,,49,49,1,12,4,120.673613,24.132265,3
9825,66000,387130000C,(04)23274275,(04)23288582,2025,2,26,7,25,臺中市,沙鹿區,0,0,0,6,,,50,,,,,,,,,,,,,,13,,,,,B03,,,1,,2,,,7,7,1,12,4,120.56959,24.20163,3
9826,66000,387130000C,(04)23274275,(04)23288582,2025,2,26,7,27,臺中市,東區,0,0,0,7,,,40,,,,,,,,,,,,,,13,,,,,B03,,,1,,1,,,84,84,1,13,4,120.708419,24.134347,3
9827,66000,387130000C,(04)23274275,(04)23288582,2025,2,26,7,27,臺中市,東區,0,0,0,7,,,50,,,,,,,,,,,,,,17,,,,,B03,,,1,,1,,,35,35,1,12,4,120.710514,24.141086,3
9828,66000,387130000C,(04)23274275,(04)23288582,2025,2,26,7,30,臺中市,東區,0,1,0,7,2,6,50,4,1,1,5,4,6,6,1,1,9,4,4,1,13,2,9,2,1,C03,7,9,1,10,2,11,,7,7,1,13,4,120.684248,24.12637,2
9829,66000,387130000C,(04)23274275,(04)23288582,2025,2,26,7,30,臺中市,大里區,0,0,0,7,,,30,,,,,,,,,,,,,,,,,,,C03,,,1,,2,,,7,7,1,12,4,120.680786,24.09486,3
9830,66000,387130000C,(04)23274275,(04)23288582,2025,2,26,7,30,臺中市,豐原區,0,1,0,7,2,6,50,4,2,1,5,4,6,6,1,1,5,5,5,1,18,2,9,6,1,F01,7,9,7,21,2,14,,84,84,1,13,4,120.720307,24.265646,2
9831,66000,387130000C,(04)23274275,(04)23288582,2025,2,26,7,31,臺中市,豐原區,0,0,0,7,,,40,,,,,,,,,,,,,,14,,,,,B03,,,1,,2,,,49,49,1,13,4,120.727402,24.247188,3
9832,66000,387130000C,(04)23274275,(04)23288582,2025,2,26,7,33,臺中市,太平區,0,2,0,7,2,6,50,4,1,1,5,4,6,6,1,1,10,5,5,2,17,3,10,5,4,C03,7,6,1,10,2,12,,11,11,1,6,4,120.703635,24.111309,2
9833,66000,387130000C,(04)23274275,(04)23288582,2025,2,26,7,34,臺中市,大肚區,0,0,0,7,,,30,,,,,,,,,,,,,,11,,,,,B03,,,1,,2,,,8,8,1,6,4,120.573216,24.16508,3
9834,66000,387130000C,(04)23274275,(04)23288582,2025,2,26,7,35,臺中市,沙鹿區,0,0,0,7,,,50,,,,,,,,,,,,,,13,,,,,B03,,,1,,2,,,7,7,1,12,4,120.570378,24.218222,3
9835,66000,387130000C,(04)23274275,(04)23288582,2025,2,26,7,40,臺中市,清水區,0,0,0,6,,,50,,,,,,,,,,,,,,,,,,,C03,,,3,,2,,,39,39,1,12,4,120.595406,24.305715,3
9836,66000,387130000C,(04)23274275,(04)23288582,2025,2,26,7,41,臺中市,北屯區,0,1,0,7,2,6,50,3,1,1,5,4,6,6,4,4,1,4,5,2,16,3,10,1,1,C03,7,7,1,10,2,13,,40,40,1,6,4,120.685996,24.178289,2
9837,66000,387130000C,(04)23274275,(04)23288582,2025,2,26,7,46,臺中市,北屯區,0,1,0,7,2,6,50,3,9,1,5,4,6,6,2,1,1,3,5,2,13,2,9,1,1,C03,7,9,1,10,2,11,,7,7,1,6,4,120.696897,24.169015,2
9838,66000,387130000C,(04)23274275,(04)23288582,2025,2,26,7,46,臺中市,太平區,0,0,0,7,2,6,50,,,,,,,,,,,,,,,,,,,B03,,,1,,2,4,,76,76,1,12,4,120.723636,24.132232,3
9839,66000,387130000C,(04)23274275,(04)23288582,2025,2,26,7,48,臺中市,大雅區,0,1,0,6,2,6,30,4,1,1,5,4,6,6,4,4,5,5,4,2,15,3,10,1,1,C03,7,9,1,9,2,11,,13,13,1,13,4,120.653288,24.218103,2
9840,66000,387130000C,(04)23274275,(04)23288582,2025,2,26,7,49,臺中市,北區,0,2,0,7,2,6,50,4,1,1,5,4,6,6,1,1,10,5,5,2,13,2,9,5,4,C03,7,9,1,10,2,11,,7,7,1,12,4,120.673737,24.16518,2
9841,66000,387130000C,(04)23274275,(04)23288582,2025,2,26,7,49,臺中市,西屯區,0,0,0,7,,,50,,,,,,,,,,,,,,,,,,,A01,,,1,,9,,,8,8,1,12,4,120.644927,24.182309,3
9842,66000,387130000C,(04)23274275,(04)23288582,2025,2,26,7,50,臺中市,西屯區,0,0,0,6,,,50,,,,,,,,,,,,,,16,,,,,B03,,,1,,1,,,12,12,1,12,4,120.639104,24.174137,3
9843,66000,387130000C,(04)23274275,(04)23288582,2025,2,26,7,50,臺中市,大里區,0,1,0,7,2,6,50,11,7,1,5,4,6,6,4,4,9,5,4,1,16,3,10,3,1,B11,7,1,1,3,2,4,,51,51,1,13,4,120.662209,24.0968,2
9844,66000,387130000C,(04)23274275,(04)23288582,2025,2,26,7,52,臺中市,潭子區,0,1,0,6,2,6,40,11,9,1,5,4,6,6,4,4,10,5,5,1,18,2,9,2,1,C03,7,9,1,10,2,12,,58,58,1,13,4,120.714859,24.204129,2
9845,66000,387130000C,(04)23274275,(04)23288582,2025,2,26,7,52,臺中市,清水區,0,0,0,6,,,50,,,,,,,,,,,,,,,,,,,A02,,,1,,2,,,84,84,1,12,4,120.555213,24.26594,3
9846,66000,387130000C,(04)23274275,(04)23288582,2025,2,26,7,54,臺中市,豐原區,0,0,0,5,,,50,,,,,,,,,,,,,,12,,,,,B03,,,1,,2,,,40,40,1,12,4,120.699785,24.249078,3
9847,66000,387130000C,(04)23274275,(04)23288582,2025,2,26,7,56,臺中市,北屯區,0,0,0,7,,,50,,,,,,,,,,,,,,,,,,,B03,,,1,,1,,,84,84,1,12,4,120.678421,24.173292,3
9848,66000,387130000C,(04)23274275,(04)23288582,2025,2,26,7,56,臺中市,梧棲區,0,1,0,6,3,6,50,13,9,1,4,4,6,6,4,4,5,5,5,1,13,2,9,1,1,C03,7,9,1,10,2,11,,84,84,1,6,4,120.536383,24.225583,2
9849,66000,387130000C,(04)23274275,(04)23288582,2025,2,26,7,57,臺中市,北區,0,1,0,7,2,6,50,4,1,1,5,4,6,6,1,1,10,5,5,2,17,2,9,1,1,C03,7,9,1,10,2,11,,84,84,1,13,4,120.685404,24.147622,2
9850,66000,387130000C,(04)23274275,(04)23288582,2025,2,26,8,0,臺中市,大甲區,0,1,0,5,2,6,50,3,1,1,4,4,6,3,4,4,5,5,5,1,16,3,10,2,1,C03,7,11,1,10,2,11,,84,84,1,6,4,120.613452,24.348147,2
9851,66000,387130000C,(04)23274275,(04)23288582,2025,2,26,8,5,臺中市,神岡區,0,1,0,5,1,6,30,3,1,1,4,4,6,1,4,4,10,5,5,1,16,3,10,3,1,B02,7,6,1,8,2,1,,12,12,1,12,4,120.693316,24.237561,2
9852,66000,387130000C,(04)23274275,(04)23288582,2025,2,26,8,8,臺中市,南屯區,0,0,0,7,3,6,50,13,9,1,5,4,6,6,1,1,1,2,1,2,16,,,,,B03,,,1,,1,,,23,23,1,12,4,120.62418,24.152127,3
9853,66000,387130000C,(04)23274275,(04)23288582,2025,2,26,8,8,臺中市,北屯區,0,3,0,7,1,6,50,3,1,1,5,4,6,6,4,4,10,5,5,2,17,2,9,5,4,B03,7,6,1,8,2,8,,14,14,1,13,4,120.688576,24.170557,2
9854,66000,387130000C,(04)23274275,(04)23288582,2025,2,26,8,9,臺中市,北屯區,0,0,0,7,,,50,,,,,,,,,,,,,,13,,,,,B02,,,1,,1,,,84,84,1,13,4,120.663858,24.200804,3
9855,66000,387130000C,(04)23274275,(04)23288582,2025,2,26,8,10,臺中市,大雅區,0,1,0,5,3,6,0,4,2,1,4,4,6,6,4,4,5,2,5,1,17,3,10,3,1,B03,7,13,1,8,2,4,,76,76,1,12,4,120.669691,24.235844,2
9856,66000,387130000C,(04)23274275,(04)23288582,2025,2,26,8,10,臺中市,北屯區,0,0,0,7,,,50,,,,,,,,,,,,,,9,,,,,B03,,,1,8,1,,,45,45,1,12,4,120.708398,24.166657,3
9857,66000,387130000C,(04)23274275,(04)23288582,2025,2,26,8,10,臺中市,后里區,0,0,0,5,3,6,40,3,2,1,5,4,6,6,3,1,10,5,5,1,13,3,10,3,1,B03,7,14,1,8,2,1,,59,59,1,6,4,120.719745,24.318729,3
9858,66000,387130000C,(04)23274275,(04)23288582,2025,2,26,8,11,臺中市,太平區,0,0,0,7,,,,,,,,,,,,,,,,,,,,,,,,,,,,,,115,115,1,,,120.744818,24.158231,3
9859,66000,387130000C,(04)23274275,(04)23288582,2025,2,26,8,12,臺中市,太平區,0,0,0,7,2,6,30,,,,,,,,,,,,,,,,,,,B01,,,1,,2,8,,84,84,1,12,4,120.705027,24.148234,3
9860,66000,387130000C,(04)23274275,(04)23288582,2025,2,26,8,17,臺中市,西屯區,0,0,0,7,,,60,,,,,,,,,,,,,,,,,,,B03,,,1,,1,,,40,40,1,12,4,120.624028,24.179803,3
9861,66000,387130000C,(04)23274275,(04)23288582,2025,2,26,8,19,臺中市,西區,0,0,0,6,,,50,,,,,,,,,,,,,,,,,,,B03,,,1,,1,,,11,11,1,12,4,120.679118,24.138594,3
9862,66000,387130000C,(04)23274275,(04)23288582,2025,2,26,8,19,臺中市,南區,0,0,0,7,,,50,,,,,,,,,,,,,,12,,,,,B03,,,1,,1,,,7,7,1,13,4,120.649851,24.116181,3
9863,66000,387130000C,(04)23274275,(04)23288582,2025,2,26,8,22,臺中市,西屯區,0,0,0,7,,,50,,,,,,,,,,,,,,10,,,,,B03,,,1,,1,,,43,43,1,13,4,120.650378,24.175701,3
9864,66000,387130000C,(04)23274275,(04)23288582,2025,2,26,8,25,臺中市,大里區,0,0,0,7,2,6,30,4,1,1,5,4,3,6,4,4,10,5,5,2,15,,,,,B03,,,1,,2,,,15,15,1,13,4,120.693787,24.1079,3
9865,66000,387130000C,(04)23274275,(04)23288582,2025,2,26,8,30,臺中市,中區,0,0,0,7,,,50,,,,,,,,,,,,,,17,,,,,C03,,,1,,2,,,8,8,1,12,4,120.681811,24.144985,3
9866,66000,387130000C,(04)23274275,(04)23288582,2025,2,26,8,30,臺中市,太平區,0,0,0,7,,,50,,,,,,,,,,,,,,30,,,,,B12,,,1,,9,,,8,8,1,12,4,120.714352,24.13632,3
9867,66000,387130000C,(04)23274275,(04)23288582,2025,2,26,8,30,臺中市,豐原區,0,1,0,7,2,6,30,4,1,1,5,4,6,6,4,4,10,5,5,2,15,2,9,2,1,C03,7,9,1,10,2,15,,12,12,1,13,4,120.725089,24.24651,2
9868,66000,387130000C,(04)23274275,(04)23288582,2025,2,26,8,31,臺中市,西區,0,1,0,7,1,6,50,4,1,1,5,4,6,6,4,4,10,5,5,1,17,2,9,5,4,C03,7,9,1,10,2,11,,84,84,1,12,4,120.660207,24.152541,2
9869,66000,387130000C,(04)23274275,(04)23288582,2025,2,26,8,31,臺中市,大里區,0,1,0,7,2,6,50,13,9,1,5,4,6,6,4,4,5,5,5,1,16,2,9,1,1,C03,7,15,1,10,2,13,,84,84,1,12,4,120.678851,24.097149,2
9870,66000,387130000C,(04)23274275,(04)23288582,2025,2,26,8,33,臺中市,大雅區,0,0,0,7,,,50,,,,,,,,,,,,,,13,,,,,B03,,,1,,1,,,59,59,1,13,4,120.613828,24.22404,3
9871,66000,387130000C,(04)23274275,(04)23288582,2025,2,26,8,34,臺中市,西區,0,0,0,7,,,50,,,,,,,,,,,,,,13,,,,,B03,,,6,,2,,,84,84,1,12,4,120.6575,24.152267,3
9872,66000,387130000C,(04)23274275,(04)23288582,2025,2,26,8,35,臺中市,南屯區,0,2,0,7,3,6,50,11,9,1,5,4,6,6,4,4,10,5,5,2,17,2,9,2,1,C03,7,9,1,10,2,14,,41,41,1,12,4,120.609777,24.153001,2
9873,66000,387130000C,(04)23274275,(04)23288582,2025,2,26,8,39,臺中市,豐原區,0,1,0,6,2,6,50,4,1,1,5,4,6,6,1,1,1,2,5,1,13,2,9,5,4,C03,7,9,1,10,2,11,,7,7,1,13,4,120.722013,24.273053,2
9874,66000,387130000C,(04)23274275,(04)23288582,2025,2,26,8,47,臺中市,北屯區,0,0,0,7,,,50,,,,,,,,,,,,,,17,,,,,A41,,,1,,1,,,76,76,1,6,4,120.685371,24.197862,3
9875,66000,387130000C,(04)23274275,(04)23288582,2025,2,26,8,49,臺中市,清水區,0,1,0,7,3,6,40,13,8,1,5,4,6,6,4,4,1,4,4,1,18,2,9,1,1,C03,7,9,1,10,2,14,,84,84,1,12,4,120.588018,24.292715,2
9876,66000,387130000C,(04)23274275,(04)23288582,2025,2,26,8,50,臺中市,大安區,0,0,0,5,,,50,,,,,,,,,,,,,,,,,,,B12,,,1,,2,,,84,84,1,6,4,120.591218,24.377449,3
9877,66000,387130000C,(04)23274275,(04)23288582,2025,2,26,8,53,臺中市,南屯區,0,0,0,7,,,50,,,,,,,,,,,,,,,,,,,B12,,,1,,1,,,49,49,1,12,4,120.652835,24.134475,3
9878,66000,387130000C,(04)23274275,(04)23288582,2025,2,26,9,2,臺中市,西區,0,1,0,7,2,6,50,4,1,1,4,4,6,6,2,1,10,5,5,2,17,3,10,3,1,B03,7,5,1,8,2,2,,47,47,1,12,4,120.653203,24.150705,2
9879,66000,387130000C,(04)23274275,(04)23288582,2025,2,26,9,3,臺中市,西區,0,1,0,7,2,6,50,4,1,1,5,4,6,6,4,4,10,5,5,2,18,2,9,1,1,C03,7,9,1,10,2,14,,84,84,1,12,4,120.659426,24.145586,2
9880,66000,387130000C,(04)23274275,(04)23288582,2025,2,26,9,11,臺中市,龍井區,0,0,0,7,,,60,,,,,,,,,,,,,,14,,,,,A05,,,1,,1,,,78,78,1,6,4,120.573431,24.185513,3
9881,66000,387130000C,(04)23274275,(04)23288582,2025,2,26,9,14,臺中市,西區,0,0,0,7,,,50,,,,,,,,,,,,,,9,,,,,C03,,,1,,1,,,51,51,1,12,4,120.672797,24.135807,3
9882,66000,387130000C,(04)23274275,(04)23288582,2025,2,26,9,15,臺中市,大里區,0,0,0,7,2,6,60,13,9,1,5,4,1,6,4,4,1,3,5,1,12,,,,,B12,,,1,,2,,,40,40,1,13,4,120.702376,24.123839,3
9883,66000,387130000C,(04)23274275,(04)23288582,2025,2,26,9,16,臺中市,中區,0,1,0,7,1,6,50,4,1,1,5,4,6,6,1,1,10,5,5,1,17,3,10,5,4,B12,7,6,1,8,2,8,,11,11,1,12,4,120.677585,24.144107,2
9884,66000,387130000C,(04)23274275,(04)23288582,2025,2,26,9,18,臺中市,太平區,0,2,0,7,2,6,50,3,7,1,5,4,6,6,4,4,5,2,4,2,16,2,9,1,1,C03,7,6,1,10,2,13,12,14,14,1,12,4,120.717747,24.117239,2
9885,66000,387130000C,(04)23274275,(04)23288582,2025,2,26,9,20,臺中市,北區,0,2,0,7,2,6,50,4,9,1,5,4,6,6,1,1,1,4,5,2,13,2,9,1,1,C03,7,9,1,10,2,11,,7,7,1,12,4,120.684938,24.165351,2
9886,66000,387130000C,(04)23274275,(04)23288582,2025,2,26,9,25,臺中市,北區,0,0,0,7,,,50,,,,,,,,,,,,,,17,,,,,B13,,,1,,2,,,84,84,1,12,4,120.68199,24.159448,3
9887,66000,387130000C,(04)23274275,(04)23288582,2025,2,26,9,28,臺中市,北屯區,0,1,0,7,2,6,40,13,8,1,5,4,6,6,4,4,5,5,4,1,13,3,10,1,1,C03,7,9,1,10,2,11,,84,84,1,12,4,120.659331,24.188488,2
9888,66000,387130000C,(04)23274275,(04)23288582,2025,2,26,9,29,臺中市,北屯區,0,0,0,7,,,50,,,,,,,,,,,,,,13,,,,,B03,,,1,,1,,,84,84,1,13,4,120.718989,24.161022,3
9889,66000,387130000C,(04)23274275,(04)23288582,2025,2,26,9,30,臺中市,豐原區,0,1,0,6,1,6,50,4,2,1,5,4,6,6,4,4,10,5,5,1,17,2,9,1,1,C03,7,9,1,10,2,11,,41,41,1,6,4,120.720276,24.265541,2
9890,66000,387130000C,(04)23274275,(04)23288582,2025,2,26,9,36,臺中市,龍井區,0,2,0,7,2,6,40,4,4,1,5,4,6,6,2,1,1,4,1,2,12,2,9,1,1,C03,7,9,1,10,2,12,,7,7,1,6,4,120.592725,24.182728,2
9891,66000,387130000C,(04)23274275,(04)23288582,2025,2,26,9,40,臺中市,北屯區,0,0,0,7,,,50,,,,,,,,,,,,,,12,,,,,B03,,,1,,1,,,8,8,1,13,4,120.667409,24.179871,3
9892,66000,387130000C,(04)23274275,(04)23288582,2025,2,26,9,40,臺中市,北屯區,0,0,0,7,,,50,,,,,,,,,,,,,,,,,,,C03,,,1,,1,,,84,84,1,13,4,120.714435,24.172447,4
9893,66000,387130000C,(04)23274275,(04)23288582,2025,2,26,9,40,臺中市,神岡區,0,2,0,7,3,6,30,3,1,1,5,4,6,6,4,4,10,5,5,2,16,2,9,1,1,C03,7,1,1,10,2,14,,51,51,1,13,4,120.694686,24.274925,2
9894,66000,387130000C,(04)23274275,(04)23288582,2025,2,26,9,45,臺中市,北屯區,0,0,0,7,,,50,,,,,,,,,,,,,,,,,,,B03,,,1,8,1,,,7,7,1,12,4,120.718386,24.169613,3
9895,66000,387130000C,(04)23274275,(04)23288582,2025,2,26,9,47,臺中市,西屯區,0,1,0,7,1,6,50,4,1,1,5,4,6,6,1,1,10,5,5,1,12,2,8,3,1,B03,7,9,1,8,2,4,,8,8,1,12,4,120.656464,24.200276,2
9896,66000,387130000C,(04)23274275,(04)23288582,2025,2,26,9,50,臺中市,南區,0,0,0,7,3,6,50,4,1,1,5,4,6,6,1,1,10,5,5,2,9,,,,,B03,,,1,,2,,,84,84,1,12,4,120.653495,24.122737,3
9897,66000,387130000C,(04)23274275,(04)23288582,2025,2,26,9,56,臺中市,大里區,0,1,0,6,2,6,50,4,1,1,5,4,6,6,4,4,10,5,5,2,17,2,9,1,1,C03,7,9,1,10,2,14,,12,12,1,12,4,120.689856,24.102914,2
9898,66000,387130000C,(04)23274275,(04)23288582,2025,2,26,10,0,臺中市,后里區,0,0,0,6,,,50,,,,,,,,,,,,,,12,,,,,B03,,,1,,2,,,84,84,1,12,4,120.723677,24.323697,3
9899,66000,387130000C,(04)23274275,(04)23288582,2025,2,26,10,1,臺中市,北區,0,2,0,7,2,6,50,4,2,1,5,4,6,6,2,1,10,5,5,1,13,2,9,1,1,C04,7,9,1,10,2,11,,84,84,1,13,4,120.685568,24.156019,2
9900,66000,387130000C,(04)23274275,(04)23288582,2025,2,26,10,3,臺中市,西屯區,0,0,0,7,,,60,,,,,,,,,,,,,,,,,,,B03,,,1,,1,,,7,7,1,12,4,120.604597,24.187372,3
9901,66000,387130000C,(04)23274275,(04)23288582,2025,2,26,10,4,臺中市,南屯區,0,2,0,7,2,6,50,13,9,1,5,4,6,6,4,4,1,4,5,2,17,3,10,2,1,C04,7,3,1,10,2,16,,84,84,1,12,4,120.638889,24.141827,2
9902,66000,387130000C,(04)23274275,(04)23288582,2025,2,26,10,5,臺中市,南屯區,0,0,0,7,,,50,,,,,,,,,,,,,,13,,,,,B03,,,1,,1,,,59,59,1,12,4,120.633717,24.151114,3
9903,66000,387130000C,(04)23274275,(04)23288582,2025,2,26,10,5,臺中市,南屯區,0,0,0,7,,,50,,,,,,,,,,,,,,13,,,,,B01,,,1,,1,,,84,84,1,12,4,120.638391,24.151464,3
9904,66000,387130000C,(04)23274275,(04)23288582,2025,2,26,10,5,臺中市,大肚區,0,1,0,6,2,6,50,4,1,1,5,4,6,6,2,1,10,5,5,2,16,3,10,3,1,B03,7,6,1,7,2,5,,11,11,1,6,4,120.578924,24.168802,2
9905,66000,387130000C,(04)23274275,(04)23288582,2025,2,26,10,8,臺中市,西屯區,0,2,0,7,2,6,30,4,1,1,5,4,6,6,1,1,5,5,4,2,16,2,8,1,1,C03,7,5,1,10,2,14,,47,47,1,12,4,120.665873,24.178251,2
9906,66000,387130000C,(04)23274275,(04)23288582,2025,2,26,10,11,臺中市,西屯區,0,1,0,7,2,6,50,4,1,1,5,4,6,6,2,1,10,5,5,2,16,3,10,5,4,B03,7,5,1,8,2,5,,11,11,1,13,4,120.668475,24.178187,2
9907,66000,387130000C,(04)23274275,(04)23288582,2025,2,26,10,14,臺中市,南屯區,0,2,0,7,2,6,40,13,8,1,5,4,6,6,4,4,5,5,4,2,30,2,9,1,1,C03,7,9,1,10,2,11,,59,59,1,13,4,120.616713,24.158714,2
9908,66000,387130000C,(04)23274275,(04)23288582,2025,2,26,10,15,臺中市,太平區,0,1,0,7,2,6,50,4,1,1,5,4,6,6,4,4,10,5,5,2,17,3,10,5,4,C03,7,6,1,10,2,14,,48,48,1,6,4,120.719684,24.15007,2
9909,66000,387130000C,(04)23274275,(04)23288582,2025,2,26,10,15,臺中市,后里區,0,1,0,6,3,6,50,13,9,1,5,4,6,6,4,4,9,4,5,1,17,3,10,3,1,B12,7,2,3,19,2,6,,49,49,1,6,4,120.678523,24.316454,2
9910,66000,387130000C,(04)23274275,(04)23288582,2025,2,26,10,20,臺中市,大雅區,0,0,0,7,,,0,,,,,,,,,,,,,,16,,,,,B03,,,1,,1,,,51,51,1,13,4,120.65626,24.22309,3
9911,66000,387130000C,(04)23274275,(04)23288582,2025,2,26,10,32,臺中市,北屯區,0,0,0,7,,,50,,,,,,,,,,,,,,13,,,,,B03,,,1,,1,,,84,84,1,13,4,120.718619,24.162033,3
9912,66000,387130000C,(04)23274275,(04)23288582,2025,2,26,10,35,臺中市,大甲區,0,1,0,7,2,6,50,4,1,1,5,4,6,6,2,1,10,5,5,2,15,3,10,3,1,B03,7,9,1,8,2,1,,21,21,1,6,4,120.614844,24.351052,2
9913,66000,387130000C,(04)23274275,(04)23288582,2025,2,26,10,35,臺中市,豐原區,0,0,0,7,,,50,,,,,,,,,,,,,,13,,,,,B03,,,1,,2,,,7,7,1,13,4,120.720203,24.264231,3
9914,66000,387130000C,(04)23274275,(04)23288582,2025,2,26,10,42,臺中市,沙鹿區,0,1,0,7,3,6,50,13,7,1,5,4,6,6,1,1,3,4,4,2,17,3,10,3,1,B03,7,8,1,8,2,7,,40,40,1,12,4,120.566497,24.229445,2
9915,66000,387130000C,(04)23274275,(04)23288582,2025,2,26,10,43,臺中市,西屯區,0,1,0,6,2,6,30,4,1,1,5,4,6,6,4,4,10,5,5,2,17,3,10,3,1,B03,7,5,1,8,2,16,,12,12,1,12,4,120.662311,24.167112,2