序號,縣市別代碼,機關代碼,市話,傳真,年,月,日,時,分,縣市,區,死亡數量,受傷數量,2-30,天候,道路照明設備,道路類別,道路速限,道路型態,事故位置,路面鋪裝,路面狀態,路面缺陷,障礙物,視距,號誌種類,號誌動作,分向設施,快車道或一般車道間,快慢車道間,路面邊線,事故類型及型態,受傷程度,主要傷處,保護裝備,行動電話或功能裝置,當事者區分(類別),車輛用途,當事者行動狀態,駕照狀態,駕照種類,飲酒情形,車輛撞擊部位最初,車輛撞擊部位其他,肇事因素個別,肇事因素主要,肇事逃逸,職業,共享經濟或外送平台,GPS座標X,GPS座標Y,事故類別
9916,66000,387130000C,(04)23274275,(04)23288582,2025,2,26,10,46,臺中市,南區,0,1,0,7,2,6,50,3,1,1,5,4,6,6,4,4,1,4,5,2,18,2,9,1,1,C03,7,9,1,10,2,14,,84,84,1,13,4,120.664449,24.119093,2
9917,66000,387130000C,(04)23274275,(04)23288582,2025,2,26,10,48,臺中市,梧棲區,0,1,0,1,3,6,50,4,1,1,5,4,6,6,1,1,10,5,5,2,16,3,10,3,1,A41,7,5,1,1,2,5,,47,47,1,6,4,120.534615,24.246471,2
9918,66000,387130000C,(04)23274275,(04)23288582,2025,2,26,10,50,臺中市,大雅區,0,0,0,6,,,30,,,,,,,,,,,,,,,,,,,B12,,,1,,1,,,49,49,1,12,4,120.675574,24.225842,3
9919,66000,387130000C,(04)23274275,(04)23288582,2025,2,26,10,55,臺中市,大雅區,0,0,0,7,,,30,,,,,,,,,,,,,,16,,,,,B03,,,1,,1,,,8,8,1,13,4,120.647994,24.224317,3
9920,66000,387130000C,(04)23274275,(04)23288582,2025,2,26,10,59,臺中市,北區,0,1,0,7,2,6,50,13,9,1,5,4,6,6,4,4,1,4,5,2,12,3,10,3,1,A12,7,9,1,8,9,4,,85,85,1,13,4,120.681528,24.162954,2
9921,66000,387130000C,(04)23274275,(04)23288582,2025,2,26,11,3,臺中市,大里區,0,0,0,7,,,50,,,,,,,,,,,,,,,,,,,B03,,,1,,2,,,8,8,1,12,4,120.700054,24.118085,3
9922,66000,387130000C,(04)23274275,(04)23288582,2025,2,26,11,6,臺中市,梧棲區,0,0,0,7,,,60,,,,,,,,,,,,,,17,,,,,A41,,,1,,1,,,35,35,1,6,4,120.524733,24.223383,3
9923,66000,387130000C,(04)23274275,(04)23288582,2025,2,26,11,8,臺中市,北屯區,0,0,0,7,,,30,,,,,,,,,,,,,,,,,,,C03,,,1,,2,,,45,45,1,13,4,120.72141,24.176795,3
9924,66000,387130000C,(04)23274275,(04)23288582,2025,2,26,11,15,臺中市,大里區,0,2,0,7,2,6,50,13,9,1,5,4,6,6,4,4,5,5,5,1,3,2,9,6,5,H01,8,18,7,21,9,17,,95,95,1,6,5,120.705632,24.087703,2
9925,66000,387130000C,(04)23274275,(04)23288582,2025,2,26,11,16,臺中市,大雅區,0,0,0,7,,,60,,,,,,,,,,,,,,,,,,,B03,,,1,,2,,,50,50,1,12,4,120.647099,24.222195,3
9926,66000,387130000C,(04)23274275,(04)23288582,2025,2,26,11,16,臺中市,西屯區,0,0,0,7,,,60,,,,,,,,,,,,,,13,,,,,B02,,,1,,1,,,7,7,1,13,4,120.647245,24.163999,3
9927,66000,387130000C,(04)23274275,(04)23288582,2025,2,26,11,17,臺中市,后里區,0,1,0,7,3,6,50,13,9,1,5,4,6,6,4,4,1,4,5,1,13,2,9,3,1,B12,7,9,1,8,2,1,,7,7,1,6,4,120.726065,24.325352,2
9928,66000,387130000C,(04)23274275,(04)23288582,2025,2,26,11,20,臺中市,北區,0,1,0,7,3,6,50,13,7,1,5,4,6,6,4,4,4,5,5,2,18,2,9,1,1,C03,7,9,1,10,2,11,,84,84,1,12,4,120.664288,24.158296,2
9929,66000,387130000C,(04)23274275,(04)23288582,2025,2,26,11,25,臺中市,神岡區,0,2,0,7,3,6,30,5,1,1,5,4,6,6,1,1,3,4,4,1,11,2,9,1,1,C03,7,6,1,10,2,11,,87,87,1,13,4,120.66497,24.273712,2
9930,66000,387130000C,(04)23274275,(04)23288582,2025,2,26,11,32,臺中市,西屯區,0,0,0,7,,,60,,,,,,,,,,,,,,,,,,,B01,,,1,,2,,,8,8,1,13,4,120.62904,24.163157,3
9931,66000,387130000C,(04)23274275,(04)23288582,2025,2,26,11,35,臺中市,南區,0,0,0,7,,,50,,,,,,,,,,,,,,14,,,,,B12,,,1,,2,,,49,49,1,13,4,120.653359,24.117109,3
9932,66000,387130000C,(04)23274275,(04)23288582,2025,2,26,11,39,臺中市,太平區,0,0,0,7,,,30,,,,,,,,,,,,,,14,,,,,B12,,,1,,2,,,49,49,1,6,4,120.732936,24.139231,3
9933,66000,387130000C,(04)23274275,(04)23288582,2025,2,26,11,42,臺中市,北屯區,0,1,0,7,2,6,50,4,1,1,5,4,6,6,2,1,4,3,4,2,15,2,9,2,1,C03,7,9,1,10,2,11,14,21,21,1,13,4,120.681785,24.173756,2
9934,66000,387130000C,(04)23274275,(04)23288582,2025,2,26,11,46,臺中市,北屯區,0,0,0,7,,,50,,,,,,,,,,,,,,16,,,,,B03,,,1,,1,,,20,20,1,12,4,120.69086,24.17924,3
9935,66000,387130000C,(04)23274275,(04)23288582,2025,2,26,11,46,臺中市,西屯區,0,0,0,7,,,50,,,,,,,,,,,,,,,,,,,B12,,,1,,1,,,48,48,1,12,4,120.609218,24.15576,3
9936,66000,387130000C,(04)23274275,(04)23288582,2025,2,26,11,50,臺中市,北屯區,0,0,0,7,,,80,,,,,,,,,,,,,,13,,,,,B03,,,1,,1,,,59,59,1,12,4,120.719931,24.164429,3
9937,66000,387130000C,(04)23274275,(04)23288582,2025,2,26,11,50,臺中市,西屯區,0,2,0,7,2,6,60,13,9,1,5,4,6,6,4,4,7,2,5,2,13,2,9,2,1,C03,7,9,1,10,2,11,,7,7,1,12,4,120.623753,24.177348,2
9938,66000,387130000C,(04)23274275,(04)23288582,2025,2,26,12,0,臺中市,西屯區,0,0,0,7,,,,,,,,,,,,,,,,,17,,,,,,,,,,,,,119,119,1,,,120.613451,24.177432,3
9939,66000,387130000C,(04)23274275,(04)23288582,2025,2,26,12,3,臺中市,北區,0,2,0,7,2,6,50,4,2,1,5,4,6,6,4,4,10,3,5,1,11,2,9,1,1,C03,7,11,1,10,2,14,,14,14,1,13,4,120.68228,24.163759,2
9940,66000,387130000C,(04)23274275,(04)23288582,2025,2,26,12,4,臺中市,北區,0,1,0,7,2,6,40,13,7,1,5,4,6,6,4,4,5,5,4,2,17,3,10,5,4,B03,7,8,1,8,2,8,,40,40,1,12,4,120.676603,24.159195,2
9941,66000,387130000C,(04)23274275,(04)23288582,2025,2,26,12,4,臺中市,梧棲區,0,2,0,6,1,6,30,3,1,1,5,4,6,6,4,4,1,4,1,2,16,2,9,3,1,B03,7,5,1,8,2,4,,13,13,1,12,4,120.541898,24.248071,2
9942,66000,387130000C,(04)23274275,(04)23288582,2025,2,26,12,5,臺中市,南屯區,0,1,0,7,2,6,50,3,1,1,5,4,6,6,4,4,10,5,5,2,17,3,10,3,1,B03,7,6,1,8,2,2,,14,14,1,12,4,120.61032,24.138583,2
9943,66000,387130000C,(04)23274275,(04)23288582,2025,2,26,12,7,臺中市,北屯區,0,0,0,7,,,40,,,,,,,,,,,,,,,,,,,B03,,,1,,1,,,49,49,1,12,4,120.694255,24.166272,3
9944,66000,387130000C,(04)23274275,(04)23288582,2025,2,26,12,11,臺中市,北區,0,1,0,7,2,6,50,13,7,1,5,4,6,6,4,4,10,5,4,2,13,3,10,3,1,B03,7,9,1,8,2,1,,7,7,1,13,4,120.682958,24.145681,2
9945,66000,387130000C,(04)23274275,(04)23288582,2025,2,26,12,13,臺中市,烏日區,0,0,0,7,,,80,,,,,,,,,,,,,,30,,,,,B02,,,1,,2,,,59,59,1,6,4,120.620723,24.112476,3
9946,66000,387130000C,(04)23274275,(04)23288582,2025,2,26,12,15,臺中市,南屯區,0,1,0,7,3,6,50,13,9,1,5,4,6,6,1,1,3,4,5,2,17,2,9,1,1,C03,6,9,1,10,2,11,,6,6,1,12,4,120.644532,24.124975,2
9947,66000,387130000C,(04)23274275,(04)23288582,2025,2,26,12,16,臺中市,北區,0,1,0,7,2,6,50,13,9,1,5,4,6,6,1,1,1,3,5,2,17,2,9,1,1,C03,7,8,1,10,2,14,,40,40,1,12,4,120.673429,24.16551,2
9948,66000,387130000C,(04)23274275,(04)23288582,2025,2,26,12,16,臺中市,西屯區,0,1,0,7,2,6,50,3,1,1,5,4,6,6,4,4,10,5,5,2,16,3,10,5,4,B03,7,5,1,8,2,2,,14,14,1,13,4,120.660396,24.173155,2
9949,66000,387130000C,(04)23274275,(04)23288582,2025,2,26,12,17,臺中市,大里區,0,1,0,6,2,6,50,4,1,1,5,4,6,6,1,1,10,5,5,2,17,2,9,1,1,F03,7,6,7,21,2,13,,84,84,1,12,4,120.694774,24.111463,2
9950,66000,387130000C,(04)23274275,(04)23288582,2025,2,26,12,20,臺中市,東區,0,0,0,7,,,50,,,,,,,,,,,,,,17,,,,,B12,,,1,,3,,,84,84,1,12,4,120.705653,24.129114,3
9951,66000,387130000C,(04)23274275,(04)23288582,2025,2,26,12,20,臺中市,西屯區,0,0,0,7,,,60,,,,,,,,,,,,,,,,,,,B03,,,1,,1,,,84,84,1,12,4,120.622214,24.178963,3
9952,66000,387130000C,(04)23274275,(04)23288582,2025,2,26,12,25,臺中市,西屯區,0,1,0,7,2,6,30,4,1,1,5,4,6,6,4,4,10,5,5,2,15,3,10,3,1,B03,7,9,1,8,2,2,,15,15,1,12,4,120.60425,24.186614,2
9953,66000,387130000C,(04)23274275,(04)23288582,2025,2,26,12,27,臺中市,北屯區,0,0,0,7,,,50,,,,,,,,,,,,,,14,,,,,B03,,,1,,1,,,49,49,1,13,4,120.721247,24.18189,3
9954,66000,387130000C,(04)23274275,(04)23288582,2025,2,26,12,29,臺中市,北屯區,0,0,0,7,,,50,,,,,,,,,,,,,,,,,,,B03,,,1,,1,,,8,8,1,13,4,120.705978,24.16948,3
9955,66000,387130000C,(04)23274275,(04)23288582,2025,2,26,12,29,臺中市,霧峰區,0,0,0,7,,,50,,,,,,,,,,,,,,,,,,,C03,,,1,,2,,,47,47,1,12,4,120.713844,24.077308,3
9956,66000,387130000C,(04)23274275,(04)23288582,2025,2,26,12,29,臺中市,太平區,0,0,0,7,2,6,50,,,,,,,,,,,,,,16,,,,,B03,,,1,,9,5,,12,12,2,12,4,120.704221,24.153065,3
9957,66000,387130000C,(04)23274275,(04)23288582,2025,2,26,12,31,臺中市,霧峰區,0,1,0,7,3,6,30,4,1,1,5,4,6,6,4,4,10,5,5,2,15,2,9,1,1,C03,7,9,1,10,2,14,,13,13,1,12,4,120.696888,24.062772,2
9958,66000,387130000C,(04)23274275,(04)23288582,2025,2,26,12,33,臺中市,大里區,0,1,0,7,2,6,30,13,9,1,5,4,6,6,4,4,10,5,5,1,2,3,10,3,1,A42,7,9,1,8,2,5,,8,8,1,12,4,120.687867,24.113938,2
9959,66000,387130000C,(04)23274275,(04)23288582,2025,2,26,12,36,臺中市,北區,0,2,0,7,2,6,30,4,2,1,5,4,6,6,4,4,10,5,5,2,11,2,9,2,1,C03,7,6,1,10,2,14,,14,14,1,13,4,120.669803,24.161811,2
9960,66000,387130000C,(04)23274275,(04)23288582,2025,2,26,12,42,臺中市,北屯區,0,1,0,7,2,6,50,3,2,1,5,4,6,6,4,4,4,4,4,2,14,3,10,3,1,B03,7,2,1,8,2,3,,49,49,1,13,4,120.727067,24.163912,2
9961,66000,387130000C,(04)23274275,(04)23288582,2025,2,26,12,51,臺中市,西屯區,0,1,0,7,2,6,50,3,1,1,5,4,6,6,1,1,10,5,5,2,16,3,10,5,4,B01,7,6,1,8,2,2,,11,11,1,13,4,120.66318,24.176289,2
9962,66000,387130000C,(04)23274275,(04)23288582,2025,2,26,12,53,臺中市,南屯區,0,0,0,7,,,30,,,,,,,,,,,,,,17,,,,,B12,,,1,,1,,,49,49,1,12,4,120.641011,24.137224,4
9963,66000,387130000C,(04)23274275,(04)23288582,2025,2,26,12,55,臺中市,大里區,0,0,0,7,2,6,40,4,2,1,5,4,3,6,1,1,5,5,4,2,17,,,,,B03,,,1,,2,,,8,8,1,13,4,120.694822,24.111738,3
9964,66000,387130000C,(04)23274275,(04)23288582,2025,2,26,12,59,臺中市,神岡區,0,1,0,7,2,6,50,13,9,1,5,4,6,6,4,4,10,4,5,1,14,3,10,5,4,B03,7,2,1,8,2,3,,49,49,1,12,4,120.678676,24.243406,2
9965,66000,387130000C,(04)23274275,(04)23288582,2025,2,26,13,0,臺中市,西屯區,0,0,0,7,,,40,,,,,,,,,,,,,,,,,,,B03,,,1,,1,,,45,45,1,13,4,120.62063,24.170791,3
9966,66000,387130000C,(04)23274275,(04)23288582,2025,2,26,13,6,臺中市,大雅區,0,2,0,7,3,6,50,4,1,1,5,4,6,6,4,4,10,5,5,2,17,2,8,2,1,C03,7,11,1,10,2,11,,45,45,1,12,4,120.647117,24.218036,2
9967,66000,387130000C,(04)23274275,(04)23288582,2025,2,26,13,10,臺中市,龍井區,0,0,0,7,,,50,,,,,,,,,,,,,,12,,,,,B03,,,1,,2,,,8,8,1,6,4,120.589196,24.188828,3
9968,66000,387130000C,(04)23274275,(04)23288582,2025,2,26,13,10,臺中市,梧棲區,0,0,0,7,,,60,,,,,,,,,,,,,,23,,,,,B12,,,1,,2,,,47,47,1,13,4,120.539671,24.257738,3
9969,66000,387130000C,(04)23274275,(04)23288582,2025,2,26,13,10,臺中市,豐原區,0,1,0,7,2,6,50,3,1,1,5,4,6,6,2,1,1,4,5,1,17,2,9,2,1,C03,7,6,1,10,2,11,,11,11,1,12,4,120.720033,24.262173,2
9970,66000,387130000C,(04)23274275,(04)23288582,2025,2,26,13,14,臺中市,后里區,0,0,0,7,,,50,,,,,,,,,,,,,,11,,,,,B03,,,1,,2,,,6,6,1,12,4,120.721658,24.3131,3
9971,66000,387130000C,(04)23274275,(04)23288582,2025,2,26,13,15,臺中市,西區,0,0,0,7,,,50,,,,,,,,,,,,,,,,,,,B03,,,1,,1,,,50,50,1,13,4,120.664301,24.131027,3
9972,66000,387130000C,(04)23274275,(04)23288582,2025,2,26,13,15,臺中市,西屯區,0,1,0,7,1,6,30,3,1,1,5,4,6,6,4,4,10,5,5,1,17,3,10,3,1,B03,7,6,1,8,1,2,,12,12,1,12,4,120.650351,24.176591,2
9973,66000,387130000C,(04)23274275,(04)23288582,2025,2,26,13,19,臺中市,大里區,0,2,0,7,2,6,30,4,1,1,5,4,6,6,4,4,10,5,5,2,15,2,9,2,1,C03,7,9,1,10,2,11,,15,15,1,6,4,120.706821,24.087522,2
9974,66000,387130000C,(04)23274275,(04)23288582,2025,2,26,13,19,臺中市,沙鹿區,0,0,0,7,,,50,,,,,,,,,,,,,,17,,,,,B03,,,1,,2,,,8,8,1,9,4,120.562208,24.240256,3
9975,66000,387130000C,(04)23274275,(04)23288582,2025,2,26,13,21,臺中市,西區,0,0,0,7,,,50,,,,,,,,,,,,,,,,,,,C03,,,1,,2,,,84,84,1,13,4,120.676155,24.134475,3
9976,66000,387130000C,(04)23274275,(04)23288582,2025,2,26,13,22,臺中市,北區,0,2,0,7,2,6,50,13,9,1,5,4,6,6,4,4,5,5,5,2,18,2,9,1,1,C03,7,9,1,10,2,16,,90,90,1,13,4,120.668971,24.160011,2
9977,66000,387130000C,(04)23274275,(04)23288582,2025,2,26,13,22,臺中市,西屯區,0,0,0,7,,,50,,,,,,,,,,,,,,,,,,,B12,,,1,,2,,,50,50,1,12,4,120.664385,24.177494,3
9978,66000,387130000C,(04)23274275,(04)23288582,2025,2,26,13,24,臺中市,大里區,0,3,0,7,2,6,30,3,1,1,5,4,6,6,4,4,10,5,5,1,17,2,9,1,1,C03,7,6,1,10,2,11,,14,14,1,6,2,120.706889,24.092235,2
9979,66000,387130000C,(04)23274275,(04)23288582,2025,2,26,13,28,臺中市,北區,0,1,0,7,2,6,40,4,2,1,5,4,6,6,1,1,5,4,4,2,13,2,8,1,1,C03,7,9,1,10,2,11,,7,7,1,12,4,120.67706,24.15414,2
9980,66000,387130000C,(04)23274275,(04)23288582,2025,2,26,13,30,臺中市,南屯區,0,0,0,7,,,50,,,,,,,,,,,,,,27,,,,,B03,,,1,,2,,,84,84,1,12,4,120.64633,24.135237,3
9981,66000,387130000C,(04)23274275,(04)23288582,2025,2,26,13,36,臺中市,北區,0,0,0,7,,,50,,,,,,,,,,,,,,13,,,,,C03,,,1,,1,,,7,7,1,13,4,120.676772,24.155422,3
9982,66000,387130000C,(04)23274275,(04)23288582,2025,2,26,13,36,臺中市,大里區,0,2,0,7,2,6,50,4,1,1,5,4,6,6,1,1,10,5,5,2,13,3,10,3,1,B03,7,5,1,8,2,3,,1,1,1,12,4,120.69715,24.084311,2
9983,66000,387130000C,(04)23274275,(04)23288582,2025,2,26,13,43,臺中市,北屯區,0,2,0,7,3,6,40,4,1,1,5,4,6,6,4,4,10,5,5,2,16,2,8,2,1,C03,7,6,1,10,2,11,,14,14,1,12,4,120.695082,24.162292,2
9984,66000,387130000C,(04)23274275,(04)23288582,2025,2,26,13,45,臺中市,沙鹿區,0,2,0,7,2,6,60,3,2,1,5,4,6,6,1,1,1,4,4,1,13,2,9,2,1,C03,7,9,1,10,2,11,,59,59,1,6,4,120.60816,24.246464,2
9985,66000,387130000C,(04)23274275,(04)23288582,2025,2,26,13,47,臺中市,西區,0,1,0,7,3,6,40,13,8,1,5,4,6,6,4,4,1,4,4,2,17,2,9,1,1,C03,7,9,1,10,2,11,,59,59,1,13,4,120.657463,24.135634,2
9986,66000,387130000C,(04)23274275,(04)23288582,2025,2,26,13,55,臺中市,大甲區,0,0,0,7,,,50,,,,,,,,,,,,,,17,,,,,H03,,,7,,1,,,109,109,1,6,5,120.652494,24.404833,3
9987,66000,387130000C,(04)23274275,(04)23288582,2025,2,26,13,56,臺中市,梧棲區,0,1,0,7,2,6,50,13,9,1,5,4,6,6,4,4,5,2,5,1,11,2,8,1,1,C03,7,9,1,10,2,14,,8,8,1,6,4,120.528646,24.222314,2
9988,66000,387130000C,(04)23274275,(04)23288582,2025,2,26,14,3,臺中市,南屯區,0,0,0,7,,,50,,,,,,,,,,,,,,17,,,,,A02,,,1,,1,,,47,47,1,6,4,120.612764,24.13896,3
9989,66000,387130000C,(04)23274275,(04)23288582,2025,2,26,14,5,臺中市,南屯區,0,0,0,7,,,50,,,,,,,,,,,,,,,,,,,B03,,,1,,9,,,26,26,1,12,4,120.652988,24.150881,3
9990,66000,387130000C,(04)23274275,(04)23288582,2025,2,26,14,7,臺中市,梧棲區,0,0,0,6,,,40,,,,,,,,,,,,,,17,,,,,H03,,,7,,10,,,109,109,1,6,5,120.514349,24.229286,3
9991,66000,387130000C,(04)23274275,(04)23288582,2025,2,26,14,19,臺中市,西屯區,0,1,0,7,2,6,0,13,21,1,5,4,6,6,4,4,10,5,5,2,29,2,9,5,4,F01,7,9,7,21,2,14,,28,28,1,13,4,120.642198,24.166601,2
9992,66000,387130000C,(04)23274275,(04)23288582,2025,2,26,14,23,臺中市,西區,0,0,0,7,,,50,,,,,,,,,,,,,,,,,,,B03,,,1,,1,,,84,84,1,12,4,120.663206,24.136827,3
9993,66000,387130000C,(04)23274275,(04)23288582,2025,2,26,14,29,臺中市,北區,0,0,0,7,2,6,40,13,8,1,5,4,6,6,4,4,1,4,4,2,17,3,10,3,1,B03,7,1,1,8,1,8,,51,51,1,12,4,120.676958,24.155343,3
9994,66000,387130000C,(04)23274275,(04)23288582,2025,2,26,14,30,臺中市,北屯區,0,0,0,7,,,50,,,,,,,,,,,,,,,,,,,B03,,,1,,1,,,84,84,1,12,4,120.658758,24.178091,3
9995,66000,387130000C,(04)23274275,(04)23288582,2025,2,26,14,31,臺中市,北區,0,0,0,7,,,50,,,,,,,,,,,,,,,,,,,C03,,,1,,2,,,7,7,1,13,4,120.682364,24.163127,3
9996,66000,387130000C,(04)23274275,(04)23288582,2025,2,26,14,34,臺中市,大里區,0,0,0,7,2,6,50,3,1,1,5,4,6,6,1,1,5,5,5,1,13,,,,,B03,,,1,,2,,,7,7,1,13,4,120.699613,24.101908,3
9997,66000,387130000C,(04)23274275,(04)23288582,2025,2,26,14,37,臺中市,南屯區,0,3,0,7,2,6,50,13,9,1,5,4,6,6,4,4,5,2,5,2,17,2,7,1,1,C04,7,1,1,8,2,11,,51,51,1,6,4,120.641694,24.138534,2
9998,66000,387130000C,(04)23274275,(04)23288582,2025,2,26,14,43,臺中市,大里區,0,2,0,7,2,6,80,13,7,1,5,4,6,6,4,4,1,4,5,1,13,2,9,3,1,B12,7,9,5,19,2,5,,84,84,1,12,4,120.691155,24.09904,2
9999,66000,387130000C,(04)23274275,(04)23288582,2025,2,26,14,45,臺中市,西屯區,0,1,0,6,2,6,50,13,9,1,5,4,6,6,4,4,9,4,5,2,13,2,9,1,2,C03,7,9,1,10,2,11,,84,84,1,12,4,120.654333,24.15646,2
10000,66000,387130000C,(04)23274275,(04)23288582,2025,2,26,14,46,臺中市,東區,0,2,0,7,3,6,50,13,9,1,5,4,6,6,4,4,3,5,5,2,17,3,10,5,4,B03,7,9,1,8,2,1,,7,7,1,6,4,120.708419,24.134347,2
10001,66000,387130000C,(04)23274275,(04)23288582,2025,2,26,14,50,臺中市,北區,0,0,0,7,,,50,,,,,,,,,,,,,,17,,,,,C03,,,1,,1,,,84,84,1,12,4,120.684988,24.165453,4
10002,66000,387130000C,(04)23274275,(04)23288582,2025,2,26,14,56,臺中市,霧峰區,0,0,0,7,,,50,,,,,,,,,,,,,,13,,,,,C03,,,1,,1,,,58,58,1,13,4,120.688554,24.044009,3
10003,66000,387130000C,(04)23274275,(04)23288582,2025,2,26,14,59,臺中市,北區,0,2,0,7,2,6,50,4,1,1,5,4,6,6,1,1,10,5,5,2,17,3,10,3,1,B03,7,5,1,8,2,6,,20,20,1,13,4,120.680932,24.159093,2
10004,66000,387130000C,(04)23274275,(04)23288582,2025,2,26,15,0,臺中市,南屯區,0,0,0,7,,,50,,,,,,,,,,,,,,17,,,,,B02,,,1,,2,,,50,50,1,6,4,120.631517,24.151075,3
10005,66000,387130000C,(04)23274275,(04)23288582,2025,2,26,15,0,臺中市,北屯區,0,0,0,7,,,50,,,,,,,,,,,,,,,,,,,B03,,,1,,1,,,49,49,1,13,4,120.666782,24.181093,4
10006,66000,387130000C,(04)23274275,(04)23288582,2025,2,26,15,0,臺中市,沙鹿區,0,0,0,6,,,40,,,,,,,,,,,,,,8,,,,,C03,,,1,,1,,,50,50,1,12,4,120.558439,24.233859,3
10007,66000,387130000C,(04)23274275,(04)23288582,2025,2,26,15,0,臺中市,沙鹿區,0,0,0,7,,,50,,,,,,,,,,,,,,23,,,,,B13,,,1,,2,,,59,59,1,6,4,120.575834,24.2496,3
10008,66000,387130000C,(04)23274275,(04)23288582,2025,2,26,15,1,臺中市,北屯區,0,1,0,7,2,6,50,13,9,1,5,4,6,6,4,4,1,4,5,2,12,3,10,3,1,B03,7,4,1,8,2,2,,1,1,1,6,4,120.670646,24.175317,2
10009,66000,387130000C,(04)23274275,(04)23288582,2025,2,26,15,3,臺中市,大肚區,0,1,0,7,3,6,30,11,9,1,5,4,6,6,4,4,10,5,5,1,11,2,9,1,1,C03,7,9,3,19,2,13,,41,41,1,12,4,120.542959,24.140345,2
10010,66000,387130000C,(04)23274275,(04)23288582,2025,2,26,15,7,臺中市,北屯區,0,0,0,7,,,50,,,,,,,,,,,,,,,,,,,B03,,,1,,2,,,49,49,1,13,4,120.683536,24.191304,3
10011,66000,387130000C,(04)23274275,(04)23288582,2025,2,26,15,8,臺中市,西屯區,0,1,0,7,2,6,50,3,1,1,5,4,6,6,4,4,10,5,5,2,16,3,10,5,4,B03,7,5,1,8,2,5,,47,47,1,12,4,120.641405,24.159749,2
10012,66000,387130000C,(04)23274275,(04)23288582,2025,2,26,15,12,臺中市,北區,0,1,0,7,2,6,50,4,1,1,5,4,6,6,1,1,2,4,4,2,16,3,10,3,1,B03,7,6,1,8,2,2,,11,11,1,12,4,120.68665,24.163118,2
10013,66000,387130000C,(04)23274275,(04)23288582,2025,2,26,15,19,臺中市,太平區,0,0,0,7,,,50,,,,,,,,,,,,,,17,,,,,A11,,,1,,2,,,93,93,1,6,4,120.714958,24.141712,3
10014,66000,387130000C,(04)23274275,(04)23288582,2025,2,26,15,22,臺中市,南區,0,1,0,7,2,6,40,13,11,1,5,4,6,6,4,4,10,5,5,2,13,2,9,1,1,C03,7,9,1,10,2,11,,7,7,1,12,4,120.6598,24.125459,2
10015,66000,387130000C,(04)23274275,(04)23288582,2025,2,26,15,23,臺中市,西屯區,0,0,0,7,2,6,30,13,9,1,5,4,6,6,4,4,10,5,5,2,17,,,,,B01,,,1,,2,,,8,8,1,13,4,120.660515,24.163911,3
10016,66000,387130000C,(04)23274275,(04)23288582,2025,2,26,15,23,臺中市,清水區,0,0,0,6,,,50,,,,,,,,,,,,,,14,,,,,B03,,,1,,2,,,49,49,1,6,4,120.633112,24.290288,3
10017,66000,387130000C,(04)23274275,(04)23288582,2025,2,26,15,29,臺中市,霧峰區,0,0,0,7,,,50,,,,,,,,,,,,,,17,,,,,B12,,,1,,2,,,11,11,1,6,4,120.701962,24.068096,3
10018,66000,387130000C,(04)23274275,(04)23288582,2025,2,26,15,30,臺中市,北區,0,0,0,7,,,50,,,,,,,,,,,,,,,,,,,B03,,,1,,2,,,50,50,1,13,4,120.671824,24.172678,3
10019,66000,387130000C,(04)23274275,(04)23288582,2025,2,26,15,32,臺中市,西屯區,0,1,0,7,2,6,50,4,1,1,5,4,6,6,2,1,1,4,5,2,16,3,10,5,4,B03,7,5,1,7,2,15,,11,11,1,12,4,120.625002,24.182084,2
10020,66000,387130000C,(04)23274275,(04)23288582,2025,2,26,15,34,臺中市,南屯區,0,1,0,7,2,6,50,13,9,1,5,4,6,6,4,4,4,3,4,2,13,2,9,2,1,C03,7,9,1,10,2,11,,7,7,1,12,2,120.634385,24.157275,2
10021,66000,387130000C,(04)23274275,(04)23288582,2025,2,26,15,39,臺中市,西屯區,0,1,0,7,2,6,50,4,1,1,5,4,6,6,2,1,10,5,5,2,3,3,10,5,4,B01,7,6,1,4,2,1,,59,59,1,12,4,120.637465,24.179054,2
10022,66000,387130000C,(04)23274275,(04)23288582,2025,2,26,15,39,臺中市,大里區,0,1,0,7,2,6,50,13,9,1,5,4,6,6,4,4,9,5,5,2,17,3,10,3,1,B03,7,1,1,8,2,4,,51,51,1,6,4,120.695777,24.086649,2
10023,66000,387130000C,(04)23274275,(04)23288582,2025,2,26,15,48,臺中市,北區,0,1,0,7,2,6,50,13,9,1,5,4,6,6,4,4,1,5,5,2,16,3,10,3,1,B03,7,1,3,19,2,5,,51,51,1,12,4,120.664691,24.154947,2
10024,66000,387130000C,(04)23274275,(04)23288582,2025,2,26,15,55,臺中市,霧峰區,0,2,0,7,2,6,30,4,2,1,5,4,6,6,4,4,10,5,5,1,16,2,9,2,1,C03,7,6,1,10,2,11,,41,41,1,13,4,120.68797,24.05238,2
10025,66000,387130000C,(04)23274275,(04)23288582,2025,2,26,16,2,臺中市,南區,0,1,0,7,2,6,50,4,2,1,5,4,6,6,4,4,5,5,5,2,12,3,10,3,1,B13,7,9,1,7,2,2,,1,1,1,12,4,120.667144,24.128928,2
10026,66000,387130000C,(04)23274275,(04)23288582,2025,2,26,16,5,臺中市,西屯區,0,0,0,7,,,50,,,,,,,,,,,,,,13,,,,,C03,,,1,,2,,,59,59,1,13,4,120.644164,24.201417,3