序號,縣市別代碼,機關代碼,市話,傳真,年,月,日,時,分,縣市,區,死亡數量,受傷數量,2-30,天候,道路照明設備,道路類別,道路速限,道路型態,事故位置,路面鋪裝,路面狀態,路面缺陷,障礙物,視距,號誌種類,號誌動作,分向設施,快車道或一般車道間,快慢車道間,路面邊線,事故類型及型態,受傷程度,主要傷處,保護裝備,行動電話或功能裝置,當事者區分(類別),車輛用途,當事者行動狀態,駕照狀態,駕照種類,飲酒情形,車輛撞擊部位最初,車輛撞擊部位其他,肇事因素個別,肇事因素主要,肇事逃逸,職業,共享經濟或外送平台,GPS座標X,GPS座標Y,事故類別
10359,66000,387130000C,(04)23274275,(04)23288582,2025,2,27,11,28,臺中市,梧棲區,0,0,0,7,,,40,,,,,,,,,,,,,,17,,,,,B03,,,1,,2,,,82,82,1,6,4,120.542584,24.247199,3
10360,66000,387130000C,(04)23274275,(04)23288582,2025,2,27,11,31,臺中市,沙鹿區,0,1,0,6,2,6,50,13,7,1,5,4,6,6,1,1,3,4,4,2,17,2,9,1,1,C03,7,9,1,10,2,12,,7,7,1,13,4,120.560486,24.239949,2
10361,66000,387130000C,(04)23274275,(04)23288582,2025,2,27,11,42,臺中市,西屯區,0,0,0,7,,,70,,,,,,,,,,,,,,12,,,,,A12,,,1,,1,,,8,8,1,13,4,120.59342,24.182909,3
10362,66000,387130000C,(04)23274275,(04)23288582,2025,2,27,11,44,臺中市,北區,0,0,0,7,,,50,,,,,,,,,,,,,,12,,,,,B03,,,1,,2,,,40,40,1,12,4,120.681697,24.155399,3
10363,66000,387130000C,(04)23274275,(04)23288582,2025,2,27,11,45,臺中市,北屯區,0,0,0,7,,,50,,,,,,,,,,,,,,,,,,,C04,,,1,,1,,,21,21,1,12,4,120.690674,24.179156,3
10364,66000,387130000C,(04)23274275,(04)23288582,2025,2,27,11,49,臺中市,南屯區,0,0,0,7,,,50,,,,,,,,,,,,,,,,,,,B03,,,1,,1,,,40,40,1,12,4,120.622643,24.150214,3
10365,66000,387130000C,(04)23274275,(04)23288582,2025,2,27,12,0,臺中市,南屯區,0,0,0,7,3,6,40,13,7,1,5,4,6,6,4,4,5,5,4,2,16,,,,,C03,,,1,,2,,,13,13,1,12,4,120.612526,24.151368,3
10366,66000,387130000C,(04)23274275,(04)23288582,2025,2,27,12,0,臺中市,西屯區,0,1,0,7,2,6,40,13,9,1,5,4,6,6,4,4,5,5,4,1,13,2,8,1,1,C03,7,9,1,10,2,11,,7,7,1,13,4,120.644555,24.202844,2
10367,66000,387130000C,(04)23274275,(04)23288582,2025,2,27,12,3,臺中市,南區,0,0,0,7,,,30,,,,,,,,,,,,,,17,,,,,B02,,,1,,2,,,7,7,1,13,4,120.683192,24.127435,3
10368,66000,387130000C,(04)23274275,(04)23288582,2025,2,27,12,6,臺中市,霧峰區,0,1,0,7,2,6,50,4,1,1,5,4,6,6,1,1,10,5,5,2,15,3,10,3,1,B12,7,9,1,8,2,1,,21,21,1,6,4,120.662003,24.068702,2
10369,66000,387130000C,(04)23274275,(04)23288582,2025,2,27,12,9,臺中市,豐原區,0,1,0,7,2,6,50,13,9,1,5,4,6,6,4,4,5,5,5,2,27,2,9,1,1,C03,7,9,1,10,2,11,,84,84,1,13,4,120.752991,24.22714,2
10370,66000,387130000C,(04)23274275,(04)23288582,2025,2,27,12,10,臺中市,潭子區,0,0,0,7,,,50,,,,,,,,,,,,,,,,,,,C03,,,1,,2,,,51,51,1,13,4,120.704748,24.212582,3
10371,66000,387130000C,(04)23274275,(04)23288582,2025,2,27,12,12,臺中市,太平區,0,1,0,7,2,6,50,13,20,1,5,4,6,6,1,1,5,5,5,2,9,3,10,5,4,B02,7,9,1,8,2,1,,59,59,1,6,4,120.715215,24.138266,2
10372,66000,387130000C,(04)23274275,(04)23288582,2025,2,27,12,13,臺中市,西屯區,0,1,0,7,2,6,40,4,1,1,5,4,6,6,2,1,10,5,5,2,16,2,9,1,1,C03,7,6,1,10,2,12,14,11,11,1,12,4,120.611283,24.192014,2
10373,66000,387130000C,(04)23274275,(04)23288582,2025,2,27,12,15,臺中市,南屯區,0,0,0,7,,,50,,,,,,,,,,,,,,17,,,,,B03,,,1,,2,,,8,8,1,12,4,120.586508,24.148041,3
10374,66000,387130000C,(04)23274275,(04)23288582,2025,2,27,12,15,臺中市,大里區,0,1,0,7,3,6,50,4,2,1,5,4,6,6,1,1,5,5,5,1,17,3,10,3,1,B03,7,6,1,8,2,8,,48,48,1,13,4,120.684319,24.116929,2
10375,66000,387130000C,(04)23274275,(04)23288582,2025,2,27,12,15,臺中市,烏日區,0,0,0,7,,,30,,,,,,,,,,,,,,12,,,,,B12,,,1,,2,,,8,8,1,6,4,120.645371,24.093298,3
10376,66000,387130000C,(04)23274275,(04)23288582,2025,2,27,12,17,臺中市,太平區,0,0,0,7,,,40,,,,,,,,,,,,,,,,,,,B03,,,1,,2,,,58,58,1,12,4,120.715805,24.15888,3
10377,66000,387130000C,(04)23274275,(04)23288582,2025,2,27,12,17,臺中市,太平區,0,0,0,7,,,50,,,,,,,,,,,,,,17,,,,,A31,,,1,,2,,,84,84,1,6,4,120.715523,24.144557,3
10378,66000,387130000C,(04)23274275,(04)23288582,2025,2,27,12,20,臺中市,西區,0,0,0,7,,,50,,,,,,,,,,,,,,,,,,,B03,,,1,,2,,,49,49,1,12,4,120.671764,24.135006,3
10379,66000,387130000C,(04)23274275,(04)23288582,2025,2,27,12,23,臺中市,北區,0,1,0,7,2,6,50,3,1,1,5,4,6,6,4,4,10,5,5,2,16,3,10,5,4,B03,7,5,1,4,2,1,,12,12,1,12,4,120.682526,24.166382,2
10380,66000,387130000C,(04)23274275,(04)23288582,2025,2,27,12,30,臺中市,西屯區,0,1,0,7,2,6,50,3,2,1,5,4,6,6,1,1,3,4,5,2,12,2,9,1,1,C03,7,15,1,10,2,14,,42,42,1,12,4,120.646488,24.15743,2
10381,66000,387130000C,(04)23274275,(04)23288582,2025,2,27,12,32,臺中市,西區,0,1,0,7,2,6,50,4,1,1,5,4,6,6,1,1,10,5,5,2,17,3,10,2,1,C03,7,5,1,10,2,12,,20,20,1,12,2,120.653089,24.150831,2
10382,66000,387130000C,(04)23274275,(04)23288582,2025,2,27,12,35,臺中市,南屯區,0,1,0,7,2,6,50,13,9,1,5,4,6,6,4,4,5,5,5,2,16,3,10,3,1,B03,7,1,1,8,2,8,,51,51,1,13,4,120.634712,24.152653,2
10383,66000,387130000C,(04)23274275,(04)23288582,2025,2,27,12,43,臺中市,南區,0,1,0,7,2,6,50,13,9,1,5,4,6,6,4,4,1,4,5,2,13,2,9,1,1,C03,7,9,1,10,2,11,,7,7,1,12,4,120.644828,24.110212,2
10384,66000,387130000C,(04)23274275,(04)23288582,2025,2,27,12,44,臺中市,西區,0,0,0,7,,,50,,,,,,,,,,,,,,,,,,,B03,,,1,,1,,,84,84,1,13,4,120.661743,24.16016,3
10385,66000,387130000C,(04)23274275,(04)23288582,2025,2,27,12,52,臺中市,豐原區,0,0,0,7,,,50,,,,,,,,,,,,,,17,,,,,C03,,,1,,2,,,51,51,1,12,4,120.736941,24.250885,3
10386,66000,387130000C,(04)23274275,(04)23288582,2025,2,27,12,53,臺中市,西屯區,0,0,0,7,,,30,,,,,,,,,,,,,,12,,,,,B03,,,1,,2,,,8,8,1,12,4,120.619446,24.18369,3
10387,66000,387130000C,(04)23274275,(04)23288582,2025,2,27,12,56,臺中市,西區,0,1,0,7,3,6,50,4,1,1,5,4,6,6,4,4,10,5,5,2,17,3,10,1,1,C03,7,7,1,10,2,11,,40,40,1,13,4,120.660201,24.15084,2
10388,66000,387130000C,(04)23274275,(04)23288582,2025,2,27,12,57,臺中市,太平區,0,1,0,7,2,6,50,13,9,1,5,4,6,6,4,4,5,4,5,2,17,3,10,5,4,C03,7,3,1,10,1,13,12,50,50,1,6,4,120.715273,24.148915,2
10389,66000,387130000C,(04)23274275,(04)23288582,2025,2,27,12,58,臺中市,大甲區,0,2,0,7,3,6,50,13,9,1,5,4,6,6,4,4,9,5,5,1,27,2,9,3,1,B03,7,9,1,8,2,1,,57,57,1,6,4,120.625135,24.404152,2
10390,66000,387130000C,(04)23274275,(04)23288582,2025,2,27,13,0,臺中市,大雅區,0,0,0,7,,,30,,,,,,,,,,,,,,14,,,,,B03,,,1,,2,,,49,49,1,13,4,120.647945,24.227234,3
10391,66000,387130000C,(04)23274275,(04)23288582,2025,2,27,13,5,臺中市,南屯區,0,0,0,7,,,50,,,,,,,,,,,,,,,,,,,B03,,,1,,9,,,84,84,1,12,4,120.610094,24.135408,3
10392,66000,387130000C,(04)23274275,(04)23288582,2025,2,27,13,7,臺中市,豐原區,0,0,0,7,,,50,,,,,,,,,,,,,,13,,,,,B03,,,1,,2,,,84,84,1,12,4,120.752281,24.271118,3
10393,66000,387130000C,(04)23274275,(04)23288582,2025,2,27,13,9,臺中市,神岡區,0,1,0,7,2,6,50,13,9,1,5,4,6,6,4,4,5,5,5,1,17,3,10,2,1,C03,7,9,1,10,2,14,,7,7,1,6,4,120.688707,24.266764,2
10394,66000,387130000C,(04)23274275,(04)23288582,2025,2,27,13,10,臺中市,北區,0,0,0,7,,,50,,,,,,,,,,,,,,12,,,,,B03,,,1,,1,,,8,8,1,13,4,120.6846,24.150558,3
10395,66000,387130000C,(04)23274275,(04)23288582,2025,2,27,13,10,臺中市,北屯區,0,0,0,7,,,50,,,,,,,,,,,,,,27,,,,,A11,,,1,,1,,,43,43,1,6,4,120.705851,24.172942,3
10396,66000,387130000C,(04)23274275,(04)23288582,2025,2,27,13,12,臺中市,大雅區,0,0,0,7,,,60,,,,,,,,,,,,,,12,,,,,B12,,,1,,1,,,40,40,1,12,4,120.649854,24.213303,3
10397,66000,387130000C,(04)23274275,(04)23288582,2025,2,27,13,13,臺中市,西屯區,0,1,0,7,2,6,50,13,7,1,5,4,6,6,2,1,5,4,4,2,13,3,10,3,1,B03,7,9,1,8,2,1,,59,59,1,12,4,120.646847,24.173372,2
10398,66000,387130000C,(04)23274275,(04)23288582,2025,2,27,13,20,臺中市,中區,0,0,0,7,,,50,,,,,,,,,,,,,,17,,,,,B02,,,1,,9,,,49,49,2,12,4,120.680327,24.143239,3
10399,66000,387130000C,(04)23274275,(04)23288582,2025,2,27,13,29,臺中市,西區,0,0,0,7,,,40,,,,,,,,,,,,,,,,,,,B03,,,1,,1,,,11,11,1,12,4,120.660833,24.155957,3
10400,66000,387130000C,(04)23274275,(04)23288582,2025,2,27,13,29,臺中市,北區,0,1,0,7,3,6,50,4,1,1,5,4,6,6,1,1,10,5,5,2,18,2,9,1,1,C03,7,9,1,10,2,14,,84,84,1,12,4,120.669091,24.162662,2
10401,66000,387130000C,(04)23274275,(04)23288582,2025,2,27,13,30,臺中市,沙鹿區,0,0,0,7,,,50,,,,,,,,,,,,,,,,,,,B03,,,1,,2,,,8,8,1,6,4,120.563841,24.244711,3
10402,66000,387130000C,(04)23274275,(04)23288582,2025,2,27,13,32,臺中市,東勢區,0,0,0,7,,,50,,,,,,,,,,,,,,13,,,,,C02,,,1,,2,,,7,7,1,13,4,120.860354,24.160887,3
10403,66000,387130000C,(04)23274275,(04)23288582,2025,2,27,13,40,臺中市,北區,0,1,0,7,2,6,50,13,7,1,5,4,6,6,4,4,3,4,4,2,13,2,9,5,4,C03,7,7,1,10,2,11,,59,59,1,12,4,120.687826,24.1464,2
10404,66000,387130000C,(04)23274275,(04)23288582,2025,2,27,13,42,臺中市,南區,0,0,0,7,,,50,,,,,,,,,,,,,,12,,,,,B13,,,1,,2,,,40,40,1,13,4,120.652498,24.122127,3
10405,66000,387130000C,(04)23274275,(04)23288582,2025,2,27,13,44,臺中市,南區,0,0,0,7,,,50,,,,,,,,,,,,,,16,,,,,B03,,,1,,1,,,14,14,1,13,4,120.661924,24.123518,3
10406,66000,387130000C,(04)23274275,(04)23288582,2025,2,27,13,49,臺中市,梧棲區,0,1,0,7,2,6,50,4,1,1,5,4,6,6,2,1,10,5,5,2,16,3,10,3,1,B03,7,11,1,8,2,5,,45,45,1,12,4,120.534487,24.253269,2
10407,66000,387130000C,(04)23274275,(04)23288582,2025,2,27,13,50,臺中市,太平區,0,1,0,7,3,6,50,4,1,1,5,4,6,6,1,1,10,5,5,2,15,2,8,1,1,C03,7,9,1,10,2,11,,21,21,1,12,4,120.721419,24.101294,2
10408,66000,387130000C,(04)23274275,(04)23288582,2025,2,27,13,53,臺中市,西屯區,0,2,0,7,2,6,40,13,8,1,5,4,6,6,4,4,10,4,5,2,17,2,9,1,1,C03,7,9,1,10,2,11,,7,7,1,13,4,120.650135,24.162546,2
10409,66000,387130000C,(04)23274275,(04)23288582,2025,2,27,13,56,臺中市,南區,0,1,0,7,2,6,50,4,1,1,5,4,6,6,1,1,10,5,5,2,18,2,9,1,1,C03,7,9,3,19,2,12,,84,84,1,12,4,120.663897,24.124894,2
10410,66000,387130000C,(04)23274275,(04)23288582,2025,2,27,13,56,臺中市,北屯區,0,0,0,7,,,50,,,,,,,,,,,,,,12,,,,,B03,,,1,,2,,,40,40,1,12,4,120.690639,24.171185,3
10411,66000,387130000C,(04)23274275,(04)23288582,2025,2,27,13,56,臺中市,北屯區,0,1,0,7,3,6,50,4,1,1,5,4,6,6,4,4,10,5,5,2,16,2,9,2,1,C03,7,4,1,10,2,12,,1,1,1,12,4,120.740965,24.179909,2
10412,66000,387130000C,(04)23274275,(04)23288582,2025,2,27,13,57,臺中市,西屯區,0,1,0,7,2,6,30,4,1,1,5,4,6,6,2,1,10,5,5,2,16,3,10,5,4,B03,7,6,1,8,2,6,,11,11,1,13,4,120.648764,24.17496,2
10413,66000,387130000C,(04)23274275,(04)23288582,2025,2,27,13,58,臺中市,太平區,0,0,0,7,,,50,,,,,,,,,,,,,,13,,,,,B03,,,1,,2,,,84,84,1,6,4,120.710488,24.14998,3
10414,66000,387130000C,(04)23274275,(04)23288582,2025,2,27,13,59,臺中市,南屯區,0,0,0,7,,,60,,,,,,,,,,,,,,12,,,,,C03,,,1,,1,,,59,59,1,6,4,120.611822,24.13827,3
10415,66000,387130000C,(04)23274275,(04)23288582,2025,2,27,14,1,臺中市,潭子區,0,0,0,7,,,60,,,,,,,,,,,,,,12,,,,,B03,,,1,,2,,,8,8,1,12,4,120.703019,24.202714,3
10416,66000,387130000C,(04)23274275,(04)23288582,2025,2,27,14,3,臺中市,北屯區,0,0,0,7,,,50,,,,,,,,,,,,,,14,,,,,B03,,,1,,9,,,49,49,1,6,4,120.680609,24.195297,3
10417,66000,387130000C,(04)23274275,(04)23288582,2025,2,27,14,3,臺中市,霧峰區,0,0,0,7,,,50,,,,,,,,,,,,,,,,,,,B12,,,1,,2,,,78,78,1,6,4,120.679971,24.070271,3
10418,66000,387130000C,(04)23274275,(04)23288582,2025,2,27,14,10,臺中市,東區,0,0,0,7,,,50,,,,,,,,,,,,,,13,,,,,C03,,,1,,1,,,84,84,1,12,4,120.69745,24.149033,3
10419,66000,387130000C,(04)23274275,(04)23288582,2025,2,27,14,12,臺中市,南區,0,2,0,7,2,6,50,4,1,1,5,4,6,6,4,4,5,5,5,2,15,2,9,2,1,C03,7,9,1,10,2,12,,15,15,1,13,4,120.677715,24.124937,2
10420,66000,387130000C,(04)23274275,(04)23288582,2025,2,27,14,12,臺中市,龍井區,0,1,0,7,3,6,50,13,9,1,5,4,6,6,4,4,5,5,4,2,17,3,10,3,1,B03,7,11,1,8,2,4,,45,45,1,12,4,120.550473,24.213474,2
10421,66000,387130000C,(04)23274275,(04)23288582,2025,2,27,14,16,臺中市,西屯區,0,0,0,7,,,30,,,,,,,,,,,,,,14,,,,,B03,,,1,,2,,,49,49,1,12,4,120.606055,24.185699,3
10422,66000,387130000C,(04)23274275,(04)23288582,2025,2,27,14,20,臺中市,烏日區,0,2,0,7,2,6,50,3,1,1,5,4,6,6,2,1,10,5,5,2,11,2,9,5,4,C03,7,6,1,10,2,12,,11,11,1,13,4,120.627948,24.108098,2
10423,66000,387130000C,(04)23274275,(04)23288582,2025,2,27,14,21,臺中市,南屯區,0,1,0,7,2,6,50,13,9,1,5,4,6,6,4,4,4,3,4,2,17,3,10,3,1,B12,7,14,3,19,2,4,,76,76,1,12,4,120.633219,24.149541,2
10424,66000,387130000C,(04)23274275,(04)23288582,2025,2,27,14,22,臺中市,南屯區,0,0,0,7,,,50,,,,,,,,,,,,,,13,,,,,B12,,,1,,1,,,59,59,1,6,4,120.626061,24.148516,3
10425,66000,387130000C,(04)23274275,(04)23288582,2025,2,27,14,23,臺中市,北屯區,0,2,0,6,2,6,30,3,1,1,5,4,6,6,4,4,10,5,5,2,16,2,9,1,1,C03,7,6,1,10,2,14,,14,14,1,13,4,120.669192,24.179254,2
10426,66000,387130000C,(04)23274275,(04)23288582,2025,2,27,14,24,臺中市,南區,0,1,0,7,2,6,50,13,9,1,5,4,6,6,4,4,1,4,5,2,12,3,10,3,1,B03,7,9,1,8,9,2,,59,59,1,12,4,120.657684,24.129057,2
10427,66000,387130000C,(04)23274275,(04)23288582,2025,2,27,14,24,臺中市,神岡區,0,0,0,7,,,30,,,,,,,,,,,,,,17,,,,,B12,,,1,,2,,,49,49,1,12,4,120.695806,24.245012,3
10428,66000,387130000C,(04)23274275,(04)23288582,2025,2,27,14,25,臺中市,東區,0,1,0,7,2,6,50,4,1,1,5,4,6,6,1,1,10,5,5,2,16,3,10,3,1,B01,7,11,1,4,2,3,,45,45,1,13,4,120.702897,24.142703,2
10429,66000,387130000C,(04)23274275,(04)23288582,2025,2,27,14,30,臺中市,霧峰區,0,0,0,7,,,50,,,,,,,,,,,,,,17,,,,,A04,,,1,,1,,,20,20,1,12,4,120.698259,24.063045,3
10430,66000,387130000C,(04)23274275,(04)23288582,2025,2,27,14,34,臺中市,北屯區,0,0,0,7,,,50,,,,,,,,,,,,,,,,,,,C03,,,1,,1,,,40,40,1,13,4,120.718245,24.175854,3
10431,66000,387130000C,(04)23274275,(04)23288582,2025,2,27,14,43,臺中市,西屯區,0,0,0,7,,,50,,,,,,,,,,,,,,13,,,,,B12,,,1,,1,,,82,82,1,12,4,120.632561,24.170875,3
10432,66000,387130000C,(04)23274275,(04)23288582,2025,2,27,14,45,臺中市,西屯區,0,0,0,7,,,50,,,,,,,,,,,,,,16,,,,,B03,,,1,,1,,,47,47,1,12,4,120.602785,24.184786,3
10433,66000,387130000C,(04)23274275,(04)23288582,2025,2,27,14,45,臺中市,西屯區,0,0,0,7,,,50,,,,,,,,,,,,,,11,,,,,B03,,,1,,2,,,48,48,1,13,4,120.637546,24.185697,3
10434,66000,387130000C,(04)23274275,(04)23288582,2025,2,27,14,46,臺中市,太平區,0,1,0,7,2,6,50,13,9,1,5,4,6,6,4,4,9,4,4,2,17,3,10,5,4,B03,7,1,1,8,2,16,,51,51,1,6,4,120.717957,24.131395,2
10435,66000,387130000C,(04)23274275,(04)23288582,2025,2,27,14,49,臺中市,北屯區,0,0,0,7,,,50,,,,,,,,,,,,,,13,,,,,C03,,,1,,1,,,58,58,1,12,4,120.696487,24.178776,3
10436,66000,387130000C,(04)23274275,(04)23288582,2025,2,27,14,49,臺中市,北屯區,0,0,0,7,,,50,,,,,,,,,,,,,,9,,,,,C03,,,1,,1,,,42,42,1,6,2,120.701831,24.182039,3
10437,66000,387130000C,(04)23274275,(04)23288582,2025,2,27,14,52,臺中市,北屯區,0,0,0,7,,,50,,,,,,,,,,,,,,,,,,,B12,,,1,,1,,,7,7,1,12,4,120.685692,24.179111,3
10438,66000,387130000C,(04)23274275,(04)23288582,2025,2,27,14,57,臺中市,大肚區,0,1,0,7,2,6,50,3,1,1,5,4,6,6,4,4,10,5,5,1,17,2,8,2,1,C03,7,11,1,10,2,14,,46,46,1,6,4,120.580332,24.172116,2
10439,66000,387130000C,(04)23274275,(04)23288582,2025,2,27,15,7,臺中市,西區,0,0,0,7,,,30,,,,,,,,,,,,,,,,,,,,,,,,,,,86,86,1,,,120.671381,24.153513,3
10440,66000,387130000C,(04)23274275,(04)23288582,2025,2,27,15,9,臺中市,西屯區,0,0,0,7,,,30,,,,,,,,,,,,,,17,,,,,,,,,,,,,119,119,1,,,120.644731,24.180389,3
10441,66000,387130000C,(04)23274275,(04)23288582,2025,2,27,15,10,臺中市,東區,0,0,0,7,,,,,,,,,,,,,,,,,30,,,,,,,,,,,,,119,119,1,,,120.697085,24.127584,3
10442,66000,387130000C,(04)23274275,(04)23288582,2025,2,27,15,16,臺中市,大雅區,0,0,0,7,,,60,,,,,,,,,,,,,,16,,,,,B03,,,1,,2,,,87,87,1,12,4,120.668924,24.23696,3
10443,66000,387130000C,(04)23274275,(04)23288582,2025,2,27,15,16,臺中市,西屯區,0,1,0,7,2,6,40,13,8,1,5,4,6,6,4,4,1,4,1,2,18,2,9,1,1,C03,7,9,1,10,2,12,,59,59,1,13,4,120.6243,24.154778,2
10444,66000,387130000C,(04)23274275,(04)23288582,2025,2,27,15,16,臺中市,西屯區,0,2,0,7,2,6,50,13,9,1,5,4,6,6,4,4,5,4,5,2,12,3,10,5,4,A02,7,9,1,2,1,2,,59,59,1,13,4,120.647419,24.174457,2
10445,66000,387130000C,(04)23274275,(04)23288582,2025,2,27,15,18,臺中市,北區,0,0,0,7,,,50,,,,,,,,,,,,,,12,,,,,B03,,,1,,1,,,84,84,1,13,4,120.68844,24.156857,3
10446,66000,387130000C,(04)23274275,(04)23288582,2025,2,27,15,18,臺中市,大里區,0,0,0,7,,,50,,,,,,,,,,,,,,14,,,,,B03,,,1,,1,,,49,49,1,6,4,120.690015,24.113212,3
10447,66000,387130000C,(04)23274275,(04)23288582,2025,2,27,15,22,臺中市,烏日區,0,1,0,7,2,6,80,13,17,1,5,4,6,6,4,4,1,4,2,1,13,2,3,5,4,B03,7,9,1,8,2,1,,7,7,1,12,4,120.612088,24.101988,2
10448,66000,387130000C,(04)23274275,(04)23288582,2025,2,27,15,22,臺中市,神岡區,0,0,0,7,,,50,,,,,,,,,,,,,,17,,,,,B12,,,1,,2,,,48,48,1,6,4,120.67405,24.261217,3
10449,66000,387130000C,(04)23274275,(04)23288582,2025,2,27,15,23,臺中市,西屯區,0,0,0,7,,,40,,,,,,,,,,,,,,13,,,,,B03,,,1,,1,,,7,7,1,12,4,120.635726,24.181744,3
10450,66000,387130000C,(04)23274275,(04)23288582,2025,2,27,15,23,臺中市,豐原區,0,1,0,7,2,6,50,4,1,1,5,4,6,6,1,1,1,2,4,1,16,3,10,5,4,B03,7,5,1,8,2,5,,47,47,1,13,4,120.715253,24.256261,2
10451,66000,387130000C,(04)23274275,(04)23288582,2025,2,27,15,29,臺中市,潭子區,0,0,0,7,,,50,,,,,,,,,,,,,,,,,,,B03,,,1,,2,,,59,59,1,13,4,120.686488,24.210188,3
10452,66000,387130000C,(04)23274275,(04)23288582,2025,2,27,15,30,臺中市,梧棲區,0,0,0,7,,,50,,,,,,,,,,,,,,17,,,,,B03,,,1,,1,,,85,85,1,12,4,120.536434,24.246715,4
10453,66000,387130000C,(04)23274275,(04)23288582,2025,2,27,15,32,臺中市,大雅區,0,1,0,7,3,6,40,13,8,1,5,4,6,6,4,4,9,4,4,1,17,2,9,1,1,C03,7,9,1,10,2,16,,7,7,1,13,4,120.645429,24.225054,2
10454,66000,387130000C,(04)23274275,(04)23288582,2025,2,27,15,33,臺中市,北區,0,0,0,7,,,30,,,,,,,,,,,,,,17,,,,,C03,,,1,,2,,,15,15,1,13,4,120.687496,24.162656,3
10455,66000,387130000C,(04)23274275,(04)23288582,2025,2,27,15,33,臺中市,太平區,0,2,0,7,3,6,50,4,4,1,5,4,6,6,1,1,5,5,4,1,16,2,8,2,1,C03,7,11,1,10,2,12,,39,39,1,12,4,120.701474,24.148193,2
10456,66000,387130000C,(04)23274275,(04)23288582,2025,2,27,15,37,臺中市,大甲區,0,0,0,7,,,50,,,,,,,,,,,,,,,,,,,C03,,,5,,2,,,8,8,1,12,4,120.622292,24.355769,3
10457,66000,387130000C,(04)23274275,(04)23288582,2025,2,27,15,39,臺中市,西屯區,0,1,0,7,2,6,50,3,1,1,5,4,6,6,2,1,10,5,5,2,13,2,9,5,4,C03,7,6,1,10,2,11,,7,7,1,13,4,120.653908,24.162473,2
10458,66000,387130000C,(04)23274275,(04)23288582,2025,2,27,15,40,臺中市,霧峰區,0,1,0,7,1,6,50,3,1,1,5,4,6,6,1,1,10,5,5,2,18,2,9,1,1,C03,7,9,1,10,2,12,,59,59,1,12,4,120.695165,24.061311,2
10459,66000,387130000C,(04)23274275,(04)23288582,2025,2,27,15,51,臺中市,神岡區,0,1,0,6,2,6,50,3,2,1,5,4,6,6,3,1,5,4,5,1,21,2,1,3,1,B03,7,9,1,8,2,5,,59,59,1,12,4,120.693436,24.253826,2
10460,66000,387130000C,(04)23274275,(04)23288582,2025,2,27,15,52,臺中市,北屯區,0,2,0,7,1,6,50,4,2,1,5,4,6,6,1,1,5,4,5,2,11,2,8,1,1,C03,7,6,1,8,2,12,,11,11,1,13,4,120.704783,24.16949,2
10461,66000,387130000C,(04)23274275,(04)23288582,2025,2,27,15,56,臺中市,西區,0,1,0,7,3,6,50,4,1,1,5,4,6,6,1,1,10,5,5,2,2,3,10,3,1,B03,7,6,1,8,2,1,,10,10,1,13,4,120.663191,24.132191,2
10462,66000,387130000C,(04)23274275,(04)23288582,2025,2,27,15,56,臺中市,清水區,0,0,0,7,,,50,,,,,,,,,,,,,,,,,,,B03,,,1,,1,,,50,50,1,12,4,120.573441,24.266685,3
10463,66000,387130000C,(04)23274275,(04)23288582,2025,2,27,15,59,臺中市,太平區,0,0,0,7,,,50,,,,,,,,,,,,,,16,,,,,C03,,,1,,1,,,58,58,1,5,4,120.714601,24.135748,3
10464,66000,387130000C,(04)23274275,(04)23288582,2025,2,27,16,0,臺中市,北屯區,0,0,0,7,,,50,,,,,,,,,,,,,,9,,,,,A11,,,1,,2,,,59,59,1,6,4,120.692407,24.176537,4
10465,66000,387130000C,(04)23274275,(04)23288582,2025,2,27,16,8,臺中市,清水區,0,0,0,7,,,30,,,,,,,,,,,,,,15,,,,,B03,,,1,,2,,,14,14,1,6,4,120.577295,24.29589,3
10466,66000,387130000C,(04)23274275,(04)23288582,2025,2,27,16,9,臺中市,梧棲區,0,0,0,7,,,60,,,,,,,,,,,,,,12,,,,,A12,,,1,,1,,,8,8,1,12,4,120.537341,24.253041,3
10467,66000,387130000C,(04)23274275,(04)23288582,2025,2,27,16,11,臺中市,北屯區,0,0,0,7,,,80,,,,,,,,,,,,,,13,,,,,B01,,,1,,1,,,58,58,1,12,4,120.722471,24.18809,3
10468,66000,387130000C,(04)23274275,(04)23288582,2025,2,27,16,13,臺中市,西屯區,0,0,0,7,,,50,,,,,,,,,,,,,,16,,,,,B03,,,1,,1,,,39,39,1,13,4,120.647709,24.196267,3
10469,66000,387130000C,(04)23274275,(04)23288582,2025,2,27,16,14,臺中市,中區,0,1,0,7,2,6,50,4,2,1,5,4,6,6,2,1,3,4,5,2,17,2,8,2,1,C03,7,15,1,10,2,14,,84,84,1,12,4,120.685631,24.138292,2