序號,縣市別代碼,機關代碼,市話,傳真,年,月,日,時,分,縣市,區,死亡數量,受傷數量,2-30,天候,道路照明設備,道路類別,道路速限,道路型態,事故位置,路面鋪裝,路面狀態,路面缺陷,障礙物,視距,號誌種類,號誌動作,分向設施,快車道或一般車道間,快慢車道間,路面邊線,事故類型及型態,受傷程度,主要傷處,保護裝備,行動電話或功能裝置,當事者區分(類別),車輛用途,當事者行動狀態,駕照狀態,駕照種類,飲酒情形,車輛撞擊部位最初,車輛撞擊部位其他,肇事因素個別,肇事因素主要,肇事逃逸,職業,共享經濟或外送平台,GPS座標X,GPS座標Y,事故類別
10582,66000,387130000C,(04)23274275,(04)23288582,2025,2,27,19,20,臺中市,梧棲區,0,1,0,7,1,6,50,13,9,1,5,4,6,6,4,4,5,4,5,1,12,3,10,3,1,B03,7,1,1,8,2,4,,51,51,1,12,4,120.537951,24.246709,2
10583,66000,387130000C,(04)23274275,(04)23288582,2025,2,27,19,23,臺中市,北區,0,1,0,7,3,6,50,13,9,1,5,4,6,6,4,4,5,4,5,2,17,3,10,5,4,C03,7,1,1,10,2,16,,51,51,1,13,4,120.664327,24.161633,2
10584,66000,387130000C,(04)23274275,(04)23288582,2025,2,27,19,23,臺中市,太平區,0,0,0,7,,,50,,,,,,,,,,,,,,13,,,,,B12,,,1,,2,,,7,7,1,12,4,120.714601,24.135748,3
10585,66000,387130000C,(04)23274275,(04)23288582,2025,2,27,19,24,臺中市,豐原區,0,0,0,7,,,60,,,,,,,,,,,,,,,,,,,B03,,,1,,2,,,40,40,1,13,4,120.729763,24.243619,3
10586,66000,387130000C,(04)23274275,(04)23288582,2025,2,27,19,25,臺中市,南區,0,2,0,7,1,6,50,3,1,1,5,4,6,6,4,4,10,5,5,2,17,3,10,3,1,B03,7,11,1,6,2,1,,45,45,1,12,4,120.660482,24.116143,2
10587,66000,387130000C,(04)23274275,(04)23288582,2025,2,27,19,25,臺中市,豐原區,0,1,0,7,1,6,30,4,1,1,5,4,6,6,1,1,10,5,5,2,16,3,10,3,1,B12,7,6,1,8,2,4,,85,85,1,13,4,120.717972,24.24487,2
10588,66000,387130000C,(04)23274275,(04)23288582,2025,2,27,19,30,臺中市,潭子區,0,0,0,7,,,50,,,,,,,,,,,,,,,,,,,B03,,,1,,2,,,84,84,1,13,4,120.686628,24.209523,3
10589,66000,387130000C,(04)23274275,(04)23288582,2025,2,27,19,34,臺中市,南區,0,0,0,7,,,50,,,,,,,,,,,,,,,,,,,B03,,,1,,1,,,59,59,1,12,4,120.670293,24.124247,3
10590,66000,387130000C,(04)23274275,(04)23288582,2025,2,27,19,35,臺中市,大里區,0,0,0,7,,,50,,,,,,,,,,,,,,17,,,,,B03,,,1,,1,,,7,7,1,6,4,120.705954,24.087759,3
10591,66000,387130000C,(04)23274275,(04)23288582,2025,2,27,19,36,臺中市,西屯區,0,0,0,7,,,50,,,,,,,,,,,,,,13,,,,,B03,,,1,,1,,,84,84,1,12,4,120.610207,24.187537,3
10592,66000,387130000C,(04)23274275,(04)23288582,2025,2,27,19,40,臺中市,北屯區,0,0,0,7,,,50,,,,,,,,,,,,,,13,,,,,B03,,,1,,1,,,59,59,1,6,4,120.694113,24.170259,3
10593,66000,387130000C,(04)23274275,(04)23288582,2025,2,27,19,40,臺中市,北屯區,0,1,0,7,3,6,50,4,1,1,5,4,6,6,4,4,10,5,5,2,17,3,10,3,1,B03,7,9,1,8,2,1,,6,6,1,12,4,120.670579,24.185896,2
10594,66000,387130000C,(04)23274275,(04)23288582,2025,2,27,19,40,臺中市,神岡區,0,0,0,7,,,30,,,,,,,,,,,,,,12,,,,,B03,,,1,,2,,,84,84,1,13,4,120.696484,24.248584,3
10595,66000,387130000C,(04)23274275,(04)23288582,2025,2,27,19,42,臺中市,南屯區,0,0,0,7,,,60,,,,,,,,,,,,,,13,,,,,B03,,,1,,1,,,59,59,1,6,4,120.646848,24.143407,3
10596,66000,387130000C,(04)23274275,(04)23288582,2025,2,27,19,45,臺中市,大里區,0,1,0,7,1,6,50,13,14,1,5,4,6,6,4,4,5,5,5,1,9,3,10,5,4,C03,7,9,1,10,2,11,,84,84,1,12,4,120.70116,24.088952,2
10597,66000,387130000C,(04)23274275,(04)23288582,2025,2,27,19,48,臺中市,北屯區,0,0,0,7,,,50,,,,,,,,,,,,,,,,,,,B03,,,1,,1,,,20,20,1,13,4,120.674112,24.173988,3
10598,66000,387130000C,(04)23274275,(04)23288582,2025,2,27,20,0,臺中市,北屯區,0,0,0,7,,,50,,,,,,,,,,,,,,9,,,,,B12,,,1,,2,,,59,59,1,6,4,120.665815,24.190465,3
10599,66000,387130000C,(04)23274275,(04)23288582,2025,2,27,20,8,臺中市,西屯區,0,1,0,7,1,8,30,4,1,1,5,4,6,6,4,4,10,4,5,2,15,2,9,1,1,C03,7,9,1,10,2,12,,15,15,1,13,4,120.650001,24.157259,2
10600,66000,387130000C,(04)23274275,(04)23288582,2025,2,27,20,14,臺中市,西屯區,0,1,0,7,1,6,40,4,2,1,5,4,6,6,2,1,1,4,1,2,13,2,8,5,4,C03,7,9,1,10,2,11,,59,59,1,12,4,120.630765,24.162551,2
10601,66000,387130000C,(04)23274275,(04)23288582,2025,2,27,20,15,臺中市,中區,0,1,0,7,1,6,50,4,1,1,5,4,6,6,1,1,10,5,5,2,16,3,10,2,1,C03,7,6,1,10,2,14,,48,48,1,12,4,120.684504,24.139384,2
10602,66000,387130000C,(04)23274275,(04)23288582,2025,2,27,20,16,臺中市,北區,0,0,0,7,,,50,,,,,,,,,,,,,,17,,,,,B01,,,1,,1,,,7,7,1,13,4,120.687399,24.14904,3
10603,66000,387130000C,(04)23274275,(04)23288582,2025,2,27,20,19,臺中市,沙鹿區,0,1,0,6,1,6,50,3,2,1,5,4,6,6,4,4,8,3,5,1,17,3,10,5,4,B03,7,11,1,8,2,1,,45,45,1,13,4,120.559548,24.207047,2
10604,66000,387130000C,(04)23274275,(04)23288582,2025,2,27,20,22,臺中市,豐原區,0,0,0,7,,,50,,,,,,,,,,,,,,12,,,,,B03,,,1,,2,,,51,51,1,13,4,120.720435,24.259099,3
10605,66000,387130000C,(04)23274275,(04)23288582,2025,2,27,20,26,臺中市,西屯區,0,0,0,7,,,0,,,,,,,,,,,,,,14,,,,,B03,,,1,,1,,,49,49,1,12,4,120.653102,24.16578,3
10606,66000,387130000C,(04)23274275,(04)23288582,2025,2,27,20,33,臺中市,大甲區,0,0,0,7,,,40,,,,,,,,,,,,,,,,,,,B03,,,1,,1,,,87,87,1,12,4,120.627842,24.348541,3
10607,66000,387130000C,(04)23274275,(04)23288582,2025,2,27,20,36,臺中市,大里區,0,1,0,7,1,6,50,4,1,1,5,4,6,6,1,1,10,5,5,2,16,2,8,1,1,C03,7,6,1,10,2,14,,48,48,1,12,4,120.691909,24.074004,2
10608,66000,387130000C,(04)23274275,(04)23288582,2025,2,27,20,38,臺中市,大雅區,0,1,0,7,1,6,0,4,1,1,5,4,6,6,1,1,10,5,5,2,16,2,9,2,1,C03,7,9,1,10,2,11,,39,39,1,12,4,120.649219,24.216172,2
10609,66000,387130000C,(04)23274275,(04)23288582,2025,2,27,20,40,臺中市,大里區,0,2,0,7,1,6,50,5,1,1,5,4,6,6,1,1,10,5,5,2,16,3,10,5,4,B03,7,6,1,8,2,5,,11,11,1,12,4,120.697117,24.08437,2
10610,66000,387130000C,(04)23274275,(04)23288582,2025,2,27,20,44,臺中市,南區,0,2,0,7,1,6,50,3,1,1,5,4,6,6,4,4,9,5,4,2,16,2,9,1,1,C03,7,11,1,10,2,12,,45,45,1,6,4,120.667744,24.114455,2
10611,66000,387130000C,(04)23274275,(04)23288582,2025,2,27,20,49,臺中市,北區,0,1,0,7,1,6,50,4,2,1,5,4,6,6,4,4,5,4,5,2,17,3,10,1,1,C03,7,9,1,10,2,16,,15,15,1,12,4,120.695954,24.157598,2
10612,66000,387130000C,(04)23274275,(04)23288582,2025,2,27,20,49,臺中市,豐原區,0,2,0,7,3,6,50,3,1,1,5,4,6,6,1,1,5,4,5,1,17,2,9,1,1,C03,7,6,1,10,2,12,,11,11,1,13,4,120.719648,24.242057,2
10613,66000,387130000C,(04)23274275,(04)23288582,2025,2,27,20,50,臺中市,潭子區,0,0,0,7,,,50,,,,,,,,,,,,,,,,,,,B03,,,1,,2,,,59,59,1,13,4,120.700779,24.216315,3
10614,66000,387130000C,(04)23274275,(04)23288582,2025,2,27,20,52,臺中市,南屯區,0,0,0,7,,,50,,,,,,,,,,,,,,,,,,,B03,,,1,,2,,,59,59,1,12,4,120.641325,24.134962,3
10615,66000,387130000C,(04)23274275,(04)23288582,2025,2,27,20,56,臺中市,北區,0,0,0,7,,,50,,,,,,,,,,,,,,,,,,,C03,,,1,,2,,,21,21,1,13,4,120.672565,24.168787,3
10616,66000,387130000C,(04)23274275,(04)23288582,2025,2,27,20,58,臺中市,南區,0,1,0,7,1,6,50,4,1,1,5,4,6,6,2,1,10,5,5,2,17,2,9,1,1,C01,7,6,1,9,2,13,,42,42,1,12,4,120.655457,24.115199,2
10617,66000,387130000C,(04)23274275,(04)23288582,2025,2,27,20,59,臺中市,東區,0,0,0,7,,,,,,,,,,,,,,,,,,,,,,,,,,,,,,119,119,1,,,120.684712,24.134975,3
10618,66000,387130000C,(04)23274275,(04)23288582,2025,2,27,21,0,臺中市,中區,0,0,0,7,,,40,,,,,,,,,,,,,,17,,,,,B03,,,1,8,1,,,50,50,1,13,4,120.678438,24.145347,3
10619,66000,387130000C,(04)23274275,(04)23288582,2025,2,27,21,0,臺中市,后里區,0,0,0,7,1,6,50,4,2,1,5,4,6,6,1,1,5,4,4,1,16,3,10,3,1,B03,7,6,3,8,2,1,,39,39,1,6,4,120.710442,24.301269,3
10620,66000,387130000C,(04)23274275,(04)23288582,2025,2,27,21,3,臺中市,東區,0,2,0,7,1,6,50,4,1,1,5,4,6,6,2,1,10,5,5,2,17,2,9,1,1,C03,7,6,1,10,2,14,,36,36,1,12,4,120.709158,24.144452,2
10621,66000,387130000C,(04)23274275,(04)23288582,2025,2,27,21,20,臺中市,南屯區,0,0,0,7,,,50,,,,,,,,,,,,,,,,,,,B03,,,1,,2,,,84,84,1,6,4,120.628758,24.151307,4
10622,66000,387130000C,(04)23274275,(04)23288582,2025,2,27,21,23,臺中市,大里區,0,3,0,6,1,6,50,4,1,1,5,4,6,6,1,1,10,5,5,2,15,2,9,1,1,C03,7,9,1,10,2,11,,21,21,1,12,4,120.69922,24.110195,2
10623,66000,387130000C,(04)23274275,(04)23288582,2025,2,27,21,25,臺中市,清水區,0,0,0,7,1,6,50,13,9,1,5,4,6,6,4,4,8,3,5,1,16,,,,,B03,,,1,,1,,,14,14,1,12,4,120.567324,24.277137,3
10624,66000,387130000C,(04)23274275,(04)23288582,2025,2,27,21,27,臺中市,豐原區,0,1,0,7,1,6,50,3,2,1,5,4,6,6,1,1,5,5,5,1,13,3,10,5,4,B03,7,1,3,19,2,1,,58,58,1,13,4,120.728338,24.244556,2
10625,66000,387130000C,(04)23274275,(04)23288582,2025,2,27,21,35,臺中市,烏日區,0,0,0,7,,,50,,,,,,,,,,,,,,,,,,,B03,,,1,,1,,,25,25,1,6,4,120.618684,24.116064,3
10626,66000,387130000C,(04)23274275,(04)23288582,2025,2,27,21,38,臺中市,南區,0,0,0,7,,,30,,,,,,,,,,,,,,14,,,,,B03,,,1,,2,,,49,49,1,6,4,120.656224,24.117429,3
10627,66000,387130000C,(04)23274275,(04)23288582,2025,2,27,21,38,臺中市,北屯區,0,1,0,7,1,6,50,4,1,1,5,4,6,6,2,1,10,5,5,2,16,3,10,3,1,B03,7,5,1,8,2,2,,84,84,1,12,4,120.669954,24.176559,2
10628,66000,387130000C,(04)23274275,(04)23288582,2025,2,27,21,40,臺中市,南屯區,0,0,0,7,,,50,,,,,,,,,,,,,,,,,,,C03,,,1,,1,,,84,84,1,12,4,120.645075,24.151139,3
10629,66000,387130000C,(04)23274275,(04)23288582,2025,2,27,21,41,臺中市,西屯區,0,1,0,7,1,6,50,3,9,1,5,4,6,6,2,1,5,4,5,2,12,3,10,5,4,B03,7,9,1,8,2,2,,84,84,1,12,4,120.644908,24.182168,2
10630,66000,387130000C,(04)23274275,(04)23288582,2025,2,27,21,43,臺中市,西屯區,0,0,0,7,1,6,50,8,9,1,5,4,6,6,4,4,8,5,5,2,13,,,,,B03,,,1,,2,,,7,7,1,13,4,120.651025,24.160476,3
10631,66000,387130000C,(04)23274275,(04)23288582,2025,2,27,21,47,臺中市,太平區,0,2,0,7,1,6,40,13,7,1,5,4,6,6,4,4,5,5,4,1,6,2,9,6,5,H01,8,18,7,21,1,17,,95,95,1,3,5,120.720814,24.119183,2
10632,66000,387130000C,(04)23274275,(04)23288582,2025,2,27,21,50,臺中市,西屯區,0,0,0,7,,,30,,,,,,,,,,,,,,14,,,,,B03,,,1,,1,,,49,49,1,12,4,120.644639,24.179319,3
10633,66000,387130000C,(04)23274275,(04)23288582,2025,2,27,21,55,臺中市,大里區,0,0,0,7,,,30,,,,,,,,,,,,,,12,,,,,B03,,,1,,1,,,8,8,1,6,4,120.69925,24.109496,4
10634,66000,387130000C,(04)23274275,(04)23288582,2025,2,27,22,5,臺中市,大甲區,0,1,0,7,1,6,40,3,1,1,5,4,6,6,3,1,4,1,5,2,17,3,10,3,1,B03,7,6,1,8,2,16,,24,24,1,12,4,120.678489,24.376309,2
10635,66000,387130000C,(04)23274275,(04)23288582,2025,2,27,22,10,臺中市,北區,0,1,0,7,1,6,50,4,1,1,5,4,6,6,1,1,1,4,5,2,12,3,10,3,1,B03,7,9,1,8,2,4,,8,8,1,12,4,120.683373,24.148261,2
10636,66000,387130000C,(04)23274275,(04)23288582,2025,2,27,22,15,臺中市,北屯區,0,1,0,7,3,6,50,4,2,1,5,4,6,6,4,4,5,5,5,2,17,2,9,1,1,C03,7,11,1,10,2,11,,39,39,1,12,4,120.689103,24.174131,2
10637,66000,387130000C,(04)23274275,(04)23288582,2025,2,27,22,30,臺中市,西屯區,0,0,0,7,,,30,,,,,,,,,,,,,,17,,,,,B03,,,1,,9,,,49,49,1,12,4,120.620799,24.18593,3
10638,66000,387130000C,(04)23274275,(04)23288582,2025,2,27,22,40,臺中市,北區,0,1,0,7,1,9,50,4,1,1,5,4,6,6,1,1,10,5,5,2,17,2,9,5,4,C03,7,9,1,10,2,11,,21,21,1,13,4,120.669201,24.162841,2
10639,66000,387130000C,(04)23274275,(04)23288582,2025,2,27,22,42,臺中市,東區,0,0,0,1,,,50,,,,,,,,,,,,,,,,,,,C03,,,1,,1,,,84,84,1,6,4,120.686316,24.092995,3
10640,66000,387130000C,(04)23274275,(04)23288582,2025,2,27,22,43,臺中市,龍井區,0,0,0,7,,,30,,,,,,,,,,,,,,,,,,,B03,,,1,,1,,,85,85,1,12,4,120.575985,24.179621,3
10641,66000,387130000C,(04)23274275,(04)23288582,2025,2,27,22,50,臺中市,北區,0,0,0,7,,,40,,,,,,,,,,,,,,14,,,,,B12,,,1,,1,,,49,49,1,13,4,120.675949,24.16975,3
10642,66000,387130000C,(04)23274275,(04)23288582,2025,2,27,22,52,臺中市,東區,0,0,0,7,,,30,,,,,,,,,,,,,,17,,,,,,,,,,,,,85,85,1,,,120.701938,24.132972,4
10643,66000,387130000C,(04)23274275,(04)23288582,2025,2,27,22,54,臺中市,西區,0,0,0,7,,,50,,,,,,,,,,,,,,,,,,,B03,,,1,,9,,,84,84,1,13,4,120.662042,24.161667,3
10644,66000,387130000C,(04)23274275,(04)23288582,2025,2,27,23,21,臺中市,烏日區,0,0,0,7,,,30,,,,,,,,,,,,,,,,,,,B01,,,1,,1,,,8,8,1,6,4,120.616537,24.113428,3
10645,66000,387130000C,(04)23274275,(04)23288582,2025,2,27,23,28,臺中市,東區,0,0,0,7,,,50,,,,,,,,,,,,,,14,,,,,B01,,,1,,2,,,49,49,1,12,4,120.692278,24.131004,3
10646,66000,387130000C,(04)23274275,(04)23288582,2025,2,27,23,37,臺中市,東區,0,2,0,7,1,6,50,4,2,1,5,4,6,6,1,1,5,4,5,2,17,2,8,2,1,C03,7,1,1,10,2,14,,51,51,1,6,4,120.704581,24.130691,2
10647,66000,387130000C,(04)23274275,(04)23288582,2025,2,27,23,39,臺中市,大安區,0,1,0,7,1,6,40,11,24,1,5,4,6,6,4,4,4,3,5,1,19,2,9,1,1,C03,7,9,5,10,8,11,,53,53,1,12,4,120.585762,24.364999,2
10648,66000,387130000C,(04)23274275,(04)23288582,2025,2,27,23,43,臺中市,中區,0,1,0,7,1,6,50,4,19,1,5,4,6,6,1,1,10,5,5,2,9,3,10,3,1,B03,7,6,1,8,9,1,,10,10,1,12,4,120.678328,24.144765,2
10649,66000,387130000C,(04)23274275,(04)23288582,2025,2,27,23,53,臺中市,南屯區,0,0,0,7,1,6,80,13,9,1,5,4,6,6,4,4,1,4,5,1,17,3,10,3,1,B03,7,8,1,8,6,7,,40,40,1,6,4,120.619793,24.124668,3
10650,66000,387130000C,(04)23274275,(04)23288582,2025,2,28,0,8,臺中市,沙鹿區,0,0,0,6,,,50,,,,,,,,,,,,,,,,,,,B03,,,1,,2,,,49,49,1,13,4,120.577716,24.221671,3
10651,66000,387130000C,(04)23274275,(04)23288582,2025,2,28,0,16,臺中市,西區,0,0,0,7,,,30,,,,,,,,,,,,,,16,,,,,B01,,,1,,1,,,14,14,1,12,4,120.655722,24.155165,3
10652,66000,387130000C,(04)23274275,(04)23288582,2025,2,28,0,18,臺中市,大里區,0,0,0,7,,,50,,,,,,,,,,,,,,,,,,,C02,,,3,,2,,,84,84,1,6,4,120.708838,24.086847,3
10653,66000,387130000C,(04)23274275,(04)23288582,2025,2,28,0,20,臺中市,南屯區,0,2,0,7,1,6,50,4,1,1,5,4,6,6,3,1,10,5,5,2,15,2,9,3,1,B03,7,9,1,8,2,1,,24,24,1,6,4,120.641337,24.129531,2
10654,66000,387130000C,(04)23274275,(04)23288582,2025,2,28,0,22,臺中市,豐原區,0,1,0,7,1,6,30,3,1,1,5,4,6,6,4,4,10,5,5,1,17,3,10,3,1,B03,7,5,1,8,2,8,,14,14,1,13,4,120.73884,24.248061,2
10655,66000,387130000C,(04)23274275,(04)23288582,2025,2,28,0,25,臺中市,南區,0,0,0,7,,,50,,,,,,,,,,,,,,12,,,,,C03,,,1,,2,,,84,84,1,12,4,120.65724,24.133917,3
10656,66000,387130000C,(04)23274275,(04)23288582,2025,2,28,0,25,臺中市,沙鹿區,0,1,0,7,1,6,50,3,1,1,5,4,6,6,3,1,10,5,5,2,17,2,9,1,1,C03,7,1,1,10,2,11,,24,24,1,13,4,120.569676,24.219609,2
10657,66000,387130000C,(04)23274275,(04)23288582,2025,2,28,0,31,臺中市,東區,0,0,0,7,,,50,,,,,,,,,,,,,,13,,,,,B03,,,1,,2,,,59,59,1,6,4,120.699669,24.147945,3
10658,66000,387130000C,(04)23274275,(04)23288582,2025,2,28,0,44,臺中市,北區,0,1,0,7,1,6,50,4,1,1,5,4,6,6,1,1,1,4,5,2,16,3,10,3,1,B03,7,5,1,8,2,5,,11,11,1,12,4,120.684978,24.165324,2
10659,66000,387130000C,(04)23274275,(04)23288582,2025,2,28,0,48,臺中市,外埔區,0,1,0,7,1,6,40,12,9,1,5,4,6,6,4,4,10,5,5,2,30,2,9,1,1,C03,7,14,1,10,1,14,,59,59,1,6,4,120.663788,24.323058,2
10660,66000,387130000C,(04)23274275,(04)23288582,2025,2,28,0,50,臺中市,豐原區,0,0,0,7,,,50,,,,,,,,,,,,,,,,,,,B03,,,1,,2,,,24,24,1,13,4,120.725262,24.254928,3
10661,66000,387130000C,(04)23274275,(04)23288582,2025,2,28,1,57,臺中市,北屯區,0,0,0,7,,,50,,,,,,,,,,,,,,,,,,,B01,,,1,,2,,,49,49,1,12,4,120.666375,24.183581,3
10662,66000,387130000C,(04)23274275,(04)23288582,2025,2,28,2,19,臺中市,大甲區,0,0,0,7,,,50,,,,,,,,,,,,,,,,,,,B03,,,1,,2,,,59,59,1,12,4,120.616912,24.352235,3
10663,66000,387130000C,(04)23274275,(04)23288582,2025,2,28,5,31,臺中市,大里區,0,1,0,7,1,6,50,3,2,1,5,4,6,6,4,4,5,5,5,2,12,2,9,5,4,C03,7,9,1,10,2,11,,84,84,1,13,4,120.694472,24.112396,2
10664,66000,387130000C,(04)23274275,(04)23288582,2025,2,28,5,54,臺中市,太平區,0,2,0,7,1,6,50,3,1,1,5,4,6,6,4,4,10,5,5,2,16,2,9,2,1,C03,7,6,1,10,2,11,,14,14,1,12,4,120.718652,24.126509,2
10665,66000,387130000C,(04)23274275,(04)23288582,2025,2,28,6,5,臺中市,豐原區,0,1,0,6,1,6,50,13,9,1,5,4,6,6,4,4,5,4,4,1,18,2,9,1,1,C03,7,9,1,10,2,11,,84,84,1,6,4,120.744587,24.254295,2
10666,66000,387130000C,(04)23274275,(04)23288582,2025,2,28,6,35,臺中市,沙鹿區,0,1,0,7,2,6,50,13,9,1,5,4,6,6,4,4,1,4,5,2,12,2,8,1,1,C03,7,9,1,10,2,14,13,85,85,1,12,4,120.575455,24.226845,2
10667,66000,387130000C,(04)23274275,(04)23288582,2025,2,28,6,40,臺中市,南區,0,2,0,7,2,6,30,4,1,1,5,4,6,6,4,4,10,5,5,2,15,2,8,1,1,C03,7,9,1,10,2,11,,15,15,1,12,4,120.673111,24.127394,2
10668,66000,387130000C,(04)23274275,(04)23288582,2025,2,28,6,40,臺中市,沙鹿區,0,0,0,7,,,30,,,,,,,,,,,,,,11,,,,,B02,,,1,,1,,,8,8,1,12,4,120.595562,24.222937,3
10669,66000,387130000C,(04)23274275,(04)23288582,2025,2,28,6,46,臺中市,大肚區,0,0,0,7,,,30,,,,,,,,,,,,,,12,,,,,B03,,,1,,2,,,83,83,1,6,4,120.532546,24.162309,3
10670,66000,387130000C,(04)23274275,(04)23288582,2025,2,28,6,53,臺中市,烏日區,0,1,0,7,3,6,50,4,1,1,5,4,6,6,2,1,1,4,4,1,18,2,9,1,1,C03,7,5,1,10,2,12,11,84,84,1,6,4,120.589853,24.113452,2
10671,66000,387130000C,(04)23274275,(04)23288582,2025,2,28,6,56,臺中市,大雅區,0,0,0,7,,,70,,,,,,,,,,,,,,,,,,,B03,,,1,,1,,,45,45,1,12,4,120.644362,24.22723,3
10672,66000,387130000C,(04)23274275,(04)23288582,2025,2,28,6,57,臺中市,南屯區,0,0,0,7,,,50,,,,,,,,,,,,,,,,,,,B03,,,1,,1,,,7,7,1,12,4,120.613725,24.142655,3
10673,66000,387130000C,(04)23274275,(04)23288582,2025,2,28,7,3,臺中市,龍井區,0,0,0,7,,,50,,,,,,,,,,,,,,13,,,,,B03,,,1,,1,,,7,7,1,6,4,120.574306,24.195977,3
10674,66000,387130000C,(04)23274275,(04)23288582,2025,2,28,7,4,臺中市,豐原區,0,2,0,7,2,6,50,13,8,1,5,4,6,6,4,4,1,4,4,1,17,3,10,5,4,B03,7,14,1,8,2,4,,76,76,1,12,4,120.742509,24.263625,2
10675,66000,387130000C,(04)23274275,(04)23288582,2025,2,28,7,6,臺中市,烏日區,0,2,0,7,2,6,50,3,2,1,5,4,6,6,3,1,4,4,5,2,16,2,9,5,4,C03,7,6,1,10,2,13,,24,24,1,13,4,120.625088,24.107219,2
10676,66000,387130000C,(04)23274275,(04)23288582,2025,2,28,7,10,臺中市,后里區,0,1,0,7,2,6,50,13,9,1,5,4,6,6,4,4,9,5,5,1,16,3,10,3,1,B03,7,6,1,8,2,5,,48,48,1,12,4,120.712188,24.30409,2
10677,66000,387130000C,(04)23274275,(04)23288582,2025,2,28,7,10,臺中市,豐原區,0,1,0,7,3,6,30,13,9,1,5,4,6,6,4,4,10,5,5,2,27,2,9,1,4,C03,7,9,1,10,2,11,,59,59,1,12,4,120.711215,24.252186,2
10678,66000,387130000C,(04)23274275,(04)23288582,2025,2,28,7,19,臺中市,北區,0,2,0,7,2,6,50,4,1,1,5,4,6,6,1,1,5,5,5,2,16,2,9,1,1,C03,7,6,1,10,2,11,,11,11,1,12,4,120.680853,24.149177,2
10679,66000,387130000C,(04)23274275,(04)23288582,2025,2,28,7,19,臺中市,清水區,0,1,0,7,3,6,30,4,1,1,5,4,6,6,3,1,10,5,5,2,15,3,10,3,1,B03,7,9,1,8,2,8,,24,24,1,12,4,120.579502,24.272111,2
10680,66000,387130000C,(04)23274275,(04)23288582,2025,2,28,7,20,臺中市,烏日區,0,1,0,7,2,6,50,11,9,1,5,4,6,6,4,4,5,4,5,1,27,2,9,3,1,B03,7,9,1,8,2,1,,84,84,1,6,4,120.645404,24.086293,2
10681,66000,387130000C,(04)23274275,(04)23288582,2025,2,28,7,37,臺中市,西屯區,0,2,0,7,2,6,50,13,9,1,5,4,6,6,4,4,5,4,5,2,17,3,10,3,1,B03,7,1,1,8,2,7,,51,51,1,12,4,120.625341,24.184844,2
10682,66000,387130000C,(04)23274275,(04)23288582,2025,2,28,7,50,臺中市,西區,0,1,0,7,2,6,50,4,1,1,5,4,6,6,4,4,10,5,5,1,15,3,10,2,1,C03,7,9,1,10,2,11,,15,15,1,13,2,120.65803,24.145283,2
10683,66000,387130000C,(04)23274275,(04)23288582,2025,2,28,7,59,臺中市,后里區,0,1,0,7,2,6,50,4,2,1,5,4,6,6,1,1,1,5,4,1,16,3,10,3,1,B03,7,5,1,8,2,6,,11,11,1,12,4,120.718406,24.313041,2
10684,66000,387130000C,(04)23274275,(04)23288582,2025,2,28,8,0,臺中市,豐原區,0,2,0,7,1,6,30,3,1,1,5,4,6,6,4,4,10,5,5,2,17,2,9,1,1,C03,7,6,1,10,2,11,,48,48,1,12,4,120.726727,24.259101,2
10685,66000,387130000C,(04)23274275,(04)23288582,2025,2,28,8,4,臺中市,北屯區,0,0,0,7,,,50,,,,,,,,,,,,,,,,,,,B03,,,1,,1,,,84,84,1,6,4,120.687128,24.167838,3
10686,66000,387130000C,(04)23274275,(04)23288582,2025,2,28,8,5,臺中市,東區,0,2,0,7,2,6,50,4,1,1,5,4,6,6,4,4,10,5,5,2,16,2,9,2,1,C03,7,6,1,10,2,13,14,48,48,1,12,4,120.690226,24.13096,2
10687,66000,387130000C,(04)23274275,(04)23288582,2025,2,28,8,7,臺中市,大甲區,0,0,0,7,,,50,,,,,,,,,,,,,,,,,,,B03,,,1,,2,,,39,39,1,6,4,120.622796,24.345113,3
10688,66000,387130000C,(04)23274275,(04)23288582,2025,2,28,8,18,臺中市,大里區,0,1,0,7,3,6,50,13,9,1,5,4,6,6,4,4,9,5,4,1,16,3,10,5,4,B12,7,11,1,8,2,4,,32,32,1,6,4,120.709688,24.094527,2
10689,66000,387130000C,(04)23274275,(04)23288582,2025,2,28,8,25,臺中市,梧棲區,0,1,0,7,2,6,50,13,9,1,5,4,6,6,4,4,4,4,5,1,16,3,10,3,1,B03,7,6,1,8,2,5,,39,39,1,6,4,120.533729,24.255538,2
10690,66000,387130000C,(04)23274275,(04)23288582,2025,2,28,8,27,臺中市,南區,0,0,0,7,,,0,,,,,,,,,,,,,,14,,,,,B03,,,1,,1,,,49,49,1,12,4,120.670016,24.112721,3
10691,66000,387130000C,(04)23274275,(04)23288582,2025,2,28,8,29,臺中市,清水區,0,2,0,7,3,6,50,13,9,1,5,4,6,6,4,4,10,5,5,2,12,2,9,2,1,C03,7,9,1,10,1,12,,7,7,1,12,4,120.573885,24.276467,2