序號,縣市別代碼,機關代碼,市話,傳真,年,月,日,時,分,縣市,區,死亡數量,受傷數量,2-30,天候,道路照明設備,道路類別,道路速限,道路型態,事故位置,路面鋪裝,路面狀態,路面缺陷,障礙物,視距,號誌種類,號誌動作,分向設施,快車道或一般車道間,快慢車道間,路面邊線,事故類型及型態,受傷程度,主要傷處,保護裝備,行動電話或功能裝置,當事者區分(類別),車輛用途,當事者行動狀態,駕照狀態,駕照種類,飲酒情形,車輛撞擊部位最初,車輛撞擊部位其他,肇事因素個別,肇事因素主要,肇事逃逸,職業,共享經濟或外送平台,GPS座標X,GPS座標Y,事故類別
10692,66000,387130000C,(04)23274275,(04)23288582,2025,2,28,8,30,臺中市,霧峰區,0,1,0,7,2,6,50,3,1,1,5,4,6,6,2,1,10,5,5,2,17,3,10,5,4,B03,7,6,1,8,2,5,,84,84,1,13,4,120.692471,24.046237,2
10693,66000,387130000C,(04)23274275,(04)23288582,2025,2,28,8,32,臺中市,豐原區,0,0,0,7,,,30,,,,,,,,,,,,,,14,,,,,B03,,,1,,2,,,49,49,1,12,4,120.711417,24.243482,3
10694,66000,387130000C,(04)23274275,(04)23288582,2025,2,28,8,39,臺中市,梧棲區,0,1,0,7,2,6,50,13,9,1,5,4,6,6,4,4,9,5,5,1,12,3,10,3,1,B12,7,4,1,8,2,6,,1,1,1,6,4,120.529814,24.224453,2
10695,66000,387130000C,(04)23274275,(04)23288582,2025,2,28,8,45,臺中市,梧棲區,0,0,0,7,,,50,,,,,,,,,,,,,,13,,,,,B03,,,1,,2,,,7,7,1,12,4,120.536186,24.258965,3
10696,66000,387130000C,(04)23274275,(04)23288582,2025,2,28,8,47,臺中市,潭子區,0,1,0,7,3,6,50,4,1,1,5,4,6,6,1,1,5,4,4,2,1,3,10,3,1,B03,7,5,1,8,2,5,,59,59,1,13,4,120.701601,24.20724,2
10697,66000,387130000C,(04)23274275,(04)23288582,2025,2,28,8,50,臺中市,大甲區,0,1,0,7,3,6,50,5,2,1,5,4,3,6,4,4,10,5,5,2,17,2,9,5,4,C03,7,6,1,10,2,12,,14,14,1,12,4,120.622322,24.34557,2
10698,66000,387130000C,(04)23274275,(04)23288582,2025,2,28,8,52,臺中市,龍井區,0,1,0,7,1,6,50,4,1,1,5,4,6,6,2,1,9,5,5,2,13,2,9,1,1,F02,7,9,7,21,2,11,,7,7,1,7,4,120.5836,24.18067,2
10699,66000,387130000C,(04)23274275,(04)23288582,2025,2,28,8,53,臺中市,西區,0,2,0,7,2,6,50,4,2,1,5,4,6,6,2,1,3,5,5,2,13,2,9,1,1,C03,7,9,1,10,2,11,,84,84,1,12,4,120.674972,24.149195,2
10700,66000,387130000C,(04)23274275,(04)23288582,2025,2,28,8,54,臺中市,西屯區,0,2,0,7,2,6,50,4,1,1,5,4,6,6,2,1,10,5,5,2,16,2,9,5,1,C03,7,5,1,10,2,14,,7,7,1,12,4,120.64227,24.177771,2
10701,66000,387130000C,(04)23274275,(04)23288582,2025,2,28,8,55,臺中市,太平區,0,0,0,7,2,6,50,,,,,,,,,,,,,,,,,,,B12,,,1,,1,1,,59,59,1,12,4,120.712424,24.125749,3
10702,66000,387130000C,(04)23274275,(04)23288582,2025,2,28,8,58,臺中市,豐原區,0,0,0,7,,,60,,,,,,,,,,,,,,17,,,,,B03,,,1,,2,,,40,40,1,12,4,120.705004,24.254848,3
10703,66000,387130000C,(04)23274275,(04)23288582,2025,2,28,9,9,臺中市,北區,0,0,0,7,,,50,,,,,,,,,,,,,,15,,,,,B03,,,1,,2,,,15,15,1,12,4,120.672185,24.158387,3
10704,66000,387130000C,(04)23274275,(04)23288582,2025,2,28,9,11,臺中市,北屯區,0,0,0,7,,,40,,,,,,,,,,,,,,12,,,,,B03,,,1,,1,,,51,51,1,12,4,120.66775,24.17963,3
10705,66000,387130000C,(04)23274275,(04)23288582,2025,2,28,9,12,臺中市,東區,0,1,0,7,3,6,50,4,1,1,5,4,6,6,1,1,10,5,5,2,16,3,10,5,4,B01,7,5,1,2,2,6,,11,11,1,12,4,120.704631,24.144439,2
10706,66000,387130000C,(04)23274275,(04)23288582,2025,2,28,9,13,臺中市,龍井區,0,1,0,7,3,6,60,4,9,1,5,4,6,6,1,1,1,4,5,1,13,2,9,2,1,C03,7,9,1,10,2,11,,7,7,1,12,4,120.512731,24.205698,2
10707,66000,387130000C,(04)23274275,(04)23288582,2025,2,28,9,14,臺中市,北屯區,0,0,0,7,,,50,,,,,,,,,,,,,,,,,,,B03,,,1,,1,,,84,84,1,12,4,120.740576,24.18043,3
10708,66000,387130000C,(04)23274275,(04)23288582,2025,2,28,9,14,臺中市,霧峰區,0,1,0,7,3,6,30,11,9,1,5,4,6,6,4,4,10,5,5,2,10,2,8,1,1,C03,7,9,1,10,2,11,,84,84,1,5,4,120.781854,24.049592,2
10709,66000,387130000C,(04)23274275,(04)23288582,2025,2,28,9,18,臺中市,北屯區,0,2,0,7,2,6,50,4,1,1,5,4,6,6,4,4,10,5,5,2,16,2,9,1,1,C03,7,6,1,10,2,12,,14,14,1,13,4,120.668173,24.186844,2
10710,66000,387130000C,(04)23274275,(04)23288582,2025,2,28,9,19,臺中市,西屯區,0,2,0,7,2,6,50,13,9,1,5,4,6,6,4,4,5,4,5,2,17,2,9,1,1,C03,7,8,1,10,2,13,,40,40,1,12,4,120.655876,24.170859,2
10711,66000,387130000C,(04)23274275,(04)23288582,2025,2,28,9,22,臺中市,北屯區,0,1,0,7,1,6,50,13,9,1,5,4,6,6,4,4,1,2,5,2,13,3,10,5,4,B03,7,9,3,19,3,1,,84,84,1,13,4,120.686233,24.183513,2
10712,66000,387130000C,(04)23274275,(04)23288582,2025,2,28,9,27,臺中市,大里區,0,0,0,7,,,50,,,,,,,,,,,,,,,,,,,B03,,,1,,2,,,59,59,1,12,4,120.679231,24.11295,3
10713,66000,387130000C,(04)23274275,(04)23288582,2025,2,28,9,35,臺中市,西屯區,0,2,0,7,2,6,50,13,9,1,5,4,6,6,4,4,5,5,5,2,16,2,8,5,4,C03,7,6,1,10,2,14,,48,48,1,13,4,120.640235,24.170893,2
10714,66000,387130000C,(04)23274275,(04)23288582,2025,2,28,9,38,臺中市,西屯區,0,0,0,7,,,50,,,,,,,,,,,,,,17,,,,,C04,,,1,,2,,,84,84,1,13,4,120.635707,24.183575,3
10715,66000,387130000C,(04)23274275,(04)23288582,2025,2,28,9,43,臺中市,梧棲區,0,0,0,7,,,50,,,,,,,,,,,,,,19,,,,,B03,,,1,,2,,,52,52,1,12,4,120.534405,24.253186,3
10716,66000,387130000C,(04)23274275,(04)23288582,2025,2,28,9,52,臺中市,沙鹿區,0,0,0,7,,,50,,,,,,,,,,,,,,17,,,,,B03,,,1,,2,,,59,59,1,6,4,120.605286,24.264691,3
10717,66000,387130000C,(04)23274275,(04)23288582,2025,2,28,9,54,臺中市,潭子區,0,1,0,7,3,6,50,4,4,1,5,4,6,6,1,1,1,4,5,1,12,3,10,2,1,C04,7,9,1,10,2,12,,7,7,1,13,4,120.712236,24.21306,2
10718,66000,387130000C,(04)23274275,(04)23288582,2025,2,28,10,0,臺中市,北屯區,0,0,0,7,,,50,,,,,,,,,,,,,,,,,,,B03,,,1,,1,,,84,84,1,13,4,120.72418,24.1622,4
10719,66000,387130000C,(04)23274275,(04)23288582,2025,2,28,10,4,臺中市,南屯區,0,1,0,7,2,6,50,4,2,1,5,4,6,6,1,1,9,4,5,2,13,2,9,1,1,C03,7,9,1,10,9,11,,59,59,1,12,4,120.641686,24.146869,2
10720,66000,387130000C,(04)23274275,(04)23288582,2025,2,28,10,5,臺中市,大雅區,0,1,0,7,2,6,50,5,2,1,5,4,6,6,4,4,5,5,5,1,16,3,10,3,1,B03,7,9,1,8,2,8,,6,6,1,13,4,120.657268,24.224199,2
10721,66000,387130000C,(04)23274275,(04)23288582,2025,2,28,10,7,臺中市,北區,0,0,0,7,,,40,,,,,,,,,,,,,,30,,,,,G03,,,7,,2,,,84,84,1,12,4,120.672854,24.144243,3
10722,66000,387130000C,(04)23274275,(04)23288582,2025,2,28,10,7,臺中市,南區,0,0,0,7,,,50,,,,,,,,,,,,,,14,,,,,B03,,,1,,1,,,49,49,1,13,4,120.653935,24.109802,3
10723,66000,387130000C,(04)23274275,(04)23288582,2025,2,28,10,10,臺中市,南屯區,0,1,0,7,2,6,50,4,1,1,5,4,6,6,2,1,9,4,5,2,13,3,10,3,1,B03,7,9,1,8,2,1,,59,59,1,12,4,120.638358,24.147176,2
10724,66000,387130000C,(04)23274275,(04)23288582,2025,2,28,10,14,臺中市,大甲區,0,1,0,7,2,6,50,5,1,1,5,4,6,6,1,1,10,5,5,2,16,3,10,3,1,B03,7,5,1,8,2,2,,84,84,1,6,4,120.618638,24.33923,2
10725,66000,387130000C,(04)23274275,(04)23288582,2025,2,28,10,15,臺中市,豐原區,0,0,0,7,,,30,,,,,,,,,,,,,,12,,,,,B03,,,1,,2,,,84,84,1,12,4,120.731351,24.23747,3
10726,66000,387130000C,(04)23274275,(04)23288582,2025,2,28,10,16,臺中市,西區,0,0,0,7,,,50,,,,,,,,,,,,,,,,,,,C03,,,5,,2,,,84,84,1,12,4,120.663469,24.157329,3
10727,66000,387130000C,(04)23274275,(04)23288582,2025,2,28,10,17,臺中市,西區,0,1,0,7,2,6,50,4,2,1,5,4,6,6,2,1,5,4,4,1,16,3,10,3,1,B03,7,5,1,8,2,5,,11,11,1,13,4,120.675422,24.133556,2
10728,66000,387130000C,(04)23274275,(04)23288582,2025,2,28,10,17,臺中市,南區,0,1,0,7,2,6,50,4,1,1,5,4,6,6,1,1,10,5,5,2,16,3,10,3,1,B02,7,5,1,8,2,5,,11,11,1,12,4,120.674419,24.130812,2
10729,66000,387130000C,(04)23274275,(04)23288582,2025,2,28,10,18,臺中市,北屯區,0,0,0,7,,,50,,,,,,,,,,,,,,,,,,,B03,,,1,,1,,,12,12,1,13,4,120.711142,24.173984,3
10730,66000,387130000C,(04)23274275,(04)23288582,2025,2,28,10,19,臺中市,龍井區,0,0,0,7,,,90,,,,,,,,,,,,,,,,,,,B12,,,1,,1,,,7,7,1,12,4,120.515869,24.202825,3
10731,66000,387130000C,(04)23274275,(04)23288582,2025,2,28,10,23,臺中市,西區,0,2,0,7,2,6,50,4,2,1,5,4,6,6,2,1,10,5,5,2,13,2,9,2,1,C03,7,9,1,10,2,11,,84,84,1,12,4,120.669452,24.138745,2
10732,66000,387130000C,(04)23274275,(04)23288582,2025,2,28,10,24,臺中市,西屯區,0,0,0,7,,,50,,,,,,,,,,,,,,13,,,,,B03,,,1,,1,,,59,59,1,12,4,120.653872,24.17616,3
10733,66000,387130000C,(04)23274275,(04)23288582,2025,2,28,10,25,臺中市,西屯區,0,0,0,7,,,50,,,,,,,,,,,,,,,,,,,B12,,,1,,2,,,49,49,1,12,4,120.641451,24.184653,3
10734,66000,387130000C,(04)23274275,(04)23288582,2025,2,28,10,25,臺中市,沙鹿區,0,1,0,7,2,6,50,4,1,1,5,4,6,6,4,4,5,5,5,2,15,3,10,3,1,B03,7,9,1,8,2,2,,13,13,1,13,4,120.560963,24.237811,2
10735,66000,387130000C,(04)23274275,(04)23288582,2025,2,28,10,26,臺中市,豐原區,0,0,0,6,,,30,,,,,,,,,,,,,,30,,,,,C03,,,1,,2,,,84,84,1,12,4,120.717957,24.24936,3
10736,66000,387130000C,(04)23274275,(04)23288582,2025,2,28,10,29,臺中市,西屯區,0,0,0,7,,,30,,,,,,,,,,,,,,14,,,,,B03,,,1,,2,,,49,49,1,12,4,120.667604,24.175934,3
10737,66000,387130000C,(04)23274275,(04)23288582,2025,2,28,10,29,臺中市,大里區,0,1,0,7,3,6,50,13,9,1,5,4,6,6,4,4,5,5,5,2,11,3,10,3,1,B03,7,9,1,8,1,8,,4,4,1,6,4,120.703977,24.108615,2
10738,66000,387130000C,(04)23274275,(04)23288582,2025,2,28,10,29,臺中市,大肚區,0,2,0,7,2,6,40,13,8,1,5,4,6,6,4,4,1,4,1,2,17,2,9,1,1,C03,7,9,3,19,2,12,,8,8,1,6,4,120.582125,24.170286,2
10739,66000,387130000C,(04)23274275,(04)23288582,2025,2,28,10,30,臺中市,大雅區,0,0,0,7,,,30,,,,,,,,,,,,,,,,,,,C03,,,1,,2,,,51,51,1,12,4,120.656864,24.226149,3
10740,66000,387130000C,(04)23274275,(04)23288582,2025,2,28,10,30,臺中市,豐原區,0,0,0,7,,,50,,,,,,,,,,,,,,17,,,,,C03,,,1,,2,,,51,51,1,6,4,120.708936,24.251138,3
10741,66000,387130000C,(04)23274275,(04)23288582,2025,2,28,10,31,臺中市,西屯區,0,0,0,7,,,50,,,,,,,,,,,,,,12,,,,,B03,,,1,,1,,,47,47,1,12,4,120.656687,24.200623,3
10742,66000,387130000C,(04)23274275,(04)23288582,2025,2,28,10,31,臺中市,烏日區,0,0,0,7,,,40,,,,,,,,,,,,,,12,,,,,C03,,,1,,1,,,84,84,1,13,4,120.611197,24.10757,3
10743,66000,387130000C,(04)23274275,(04)23288582,2025,2,28,10,32,臺中市,西屯區,0,0,0,7,,,50,,,,,,,,,,,,,,13,,,,,B03,,,1,,1,,,56,56,1,12,4,120.650907,24.164204,3
10744,66000,387130000C,(04)23274275,(04)23288582,2025,2,28,10,34,臺中市,大肚區,0,0,0,7,,,50,,,,,,,,,,,,,,13,,,,,B03,,,1,,2,,,7,7,1,12,4,120.545632,24.148696,3
10745,66000,387130000C,(04)23274275,(04)23288582,2025,2,28,10,41,臺中市,大肚區,0,1,0,7,3,6,50,13,9,1,5,4,6,6,4,4,5,5,5,1,14,3,10,3,1,B03,7,2,1,8,2,1,,49,49,1,6,4,120.539394,24.156612,2
10746,66000,387130000C,(04)23274275,(04)23288582,2025,2,28,10,41,臺中市,龍井區,0,0,0,7,,,50,,,,,,,,,,,,,,13,,,,,B03,,,1,,1,,,7,7,1,6,4,120.592928,24.182406,3
10747,66000,387130000C,(04)23274275,(04)23288582,2025,2,28,10,44,臺中市,北區,0,1,0,7,2,6,50,4,1,1,5,4,6,6,1,1,10,5,5,2,16,3,10,1,1,C03,7,6,1,10,2,11,,48,48,1,13,4,120.67582,24.171456,2
10748,66000,387130000C,(04)23274275,(04)23288582,2025,2,28,10,44,臺中市,和平區,0,0,0,7,,,30,,,,,,,,,,,,,,13,,,,,B03,,,1,,1,,,7,7,1,12,4,121.249503,24.248936,3
10749,66000,387130000C,(04)23274275,(04)23288582,2025,2,28,10,46,臺中市,大里區,0,0,0,7,,,50,,,,,,,,,,,,,,,,,,,B03,,,1,,2,,,39,39,1,12,4,120.695078,24.101982,3
10750,66000,387130000C,(04)23274275,(04)23288582,2025,2,28,10,50,臺中市,北屯區,0,0,0,7,,,40,,,,,,,,,,,,,,14,,,,,B03,,,1,,2,,,85,85,1,13,4,120.692705,24.164939,3
10751,66000,387130000C,(04)23274275,(04)23288582,2025,2,28,10,53,臺中市,北屯區,0,0,0,7,,,80,,,,,,,,,,,,,,12,,,,,B03,,,1,,1,,,40,40,1,12,4,120.720937,24.173107,3
10752,66000,387130000C,(04)23274275,(04)23288582,2025,2,28,10,55,臺中市,南屯區,0,1,0,7,2,6,30,4,1,1,5,4,6,6,4,4,5,5,5,2,15,2,9,2,1,C03,7,9,1,10,2,11,,12,12,1,13,4,120.653981,24.142653,2
10753,66000,387130000C,(04)23274275,(04)23288582,2025,2,28,10,55,臺中市,西屯區,0,2,0,7,2,6,40,13,8,1,5,4,6,6,4,4,1,5,1,2,17,2,9,5,4,C03,7,1,1,10,2,14,,51,51,1,13,4,120.637025,24.160355,2
10754,66000,387130000C,(04)23274275,(04)23288582,2025,2,28,10,55,臺中市,烏日區,0,0,0,7,,,40,,,,,,,,,,,,,,9,,,,,B03,,,1,,1,,,50,50,1,6,4,120.62653,24.106174,3
10755,66000,387130000C,(04)23274275,(04)23288582,2025,2,28,10,59,臺中市,石岡區,0,1,0,7,2,6,50,11,9,1,5,4,6,6,4,4,5,4,5,1,3,2,9,6,5,H01,8,16,7,21,10,17,,95,95,1,13,5,120.779894,24.27622,2
10756,66000,387130000C,(04)23274275,(04)23288582,2025,2,28,11,1,臺中市,中區,0,0,0,7,,,50,,,,,,,,,,,,,,9,,,,,B03,,,1,,1,,,7,7,1,12,4,120.685828,24.140111,3
10757,66000,387130000C,(04)23274275,(04)23288582,2025,2,28,11,1,臺中市,大里區,0,0,0,7,,,30,,,,,,,,,,,,,,12,,,,,B03,,,1,,2,,,8,8,1,13,4,120.699819,24.109025,3
10758,66000,387130000C,(04)23274275,(04)23288582,2025,2,28,11,3,臺中市,霧峰區,0,0,0,7,,,50,,,,,,,,,,,,,,,,,,,B03,,,1,,1,,,84,84,1,6,4,120.695954,24.066688,3
10759,66000,387130000C,(04)23274275,(04)23288582,2025,2,28,11,4,臺中市,石岡區,0,1,0,7,3,6,50,5,1,1,5,4,6,6,3,1,10,5,5,2,15,2,9,5,4,C03,7,9,1,9,2,11,,24,24,1,12,4,120.77542,24.276695,2
10760,66000,387130000C,(04)23274275,(04)23288582,2025,2,28,11,7,臺中市,大里區,0,0,0,7,,,50,,,,,,,,,,,,,,17,,,,,B03,,,1,,2,,,82,82,1,6,4,120.688152,24.084463,3
10761,66000,387130000C,(04)23274275,(04)23288582,2025,2,28,11,10,臺中市,外埔區,0,0,0,7,2,6,60,4,1,1,5,4,6,6,1,1,1,2,5,1,16,3,10,3,1,B03,7,6,1,8,2,8,,25,25,1,12,4,120.653136,24.320872,3
10762,66000,387130000C,(04)23274275,(04)23288582,2025,2,28,11,12,臺中市,北屯區,0,0,0,7,,,50,,,,,,,,,,,,,,,,,,,B12,,,1,,9,,,84,84,1,13,4,120.698794,24.161281,3
10763,66000,387130000C,(04)23274275,(04)23288582,2025,2,28,11,13,臺中市,西屯區,0,0,0,7,,,60,,,,,,,,,,,,,,,,,,,B03,,,1,,1,,,56,56,1,12,4,120.659396,24.193382,3
10764,66000,387130000C,(04)23274275,(04)23288582,2025,2,28,11,14,臺中市,北區,0,0,0,7,,,50,,,,,,,,,,,,,,13,,,,,C03,,,1,,2,,,7,7,1,13,4,120.682542,24.164824,3
10765,66000,387130000C,(04)23274275,(04)23288582,2025,2,28,11,14,臺中市,西屯區,0,0,0,7,,,40,,,,,,,,,,,,,,13,,,,,C03,,,1,,1,,,7,7,1,13,4,120.639069,24.168932,3
10766,66000,387130000C,(04)23274275,(04)23288582,2025,2,28,11,14,臺中市,龍井區,0,1,0,7,3,6,40,13,9,1,5,4,6,6,1,1,1,5,1,1,13,3,10,1,1,C03,7,9,1,10,2,11,,7,7,1,6,4,120.542378,24.2182,2
10767,66000,387130000C,(04)23274275,(04)23288582,2025,2,28,11,15,臺中市,南區,0,0,0,7,,,50,,,,,,,,,,,,,,13,,,,,C03,,,3,19,2,,,7,7,1,12,4,120.679399,24.12407,3
10768,66000,387130000C,(04)23274275,(04)23288582,2025,2,28,11,16,臺中市,北區,0,0,0,7,,,50,,,,,,,,,,,,,,13,,,,,C03,,,1,,2,,,7,7,1,12,4,120.683577,24.157799,3
10769,66000,387130000C,(04)23274275,(04)23288582,2025,2,28,11,19,臺中市,北屯區,0,0,0,7,,,30,,,,,,,,,,,,,,,,,,,B03,,,1,,1,,,49,49,1,13,4,120.693812,24.167672,3
10770,66000,387130000C,(04)23274275,(04)23288582,2025,2,28,11,20,臺中市,南屯區,0,0,0,7,3,6,50,13,9,1,5,4,6,6,1,1,1,4,5,2,12,,,,,B02,,,1,,1,,,40,40,1,12,4,120.646629,24.140096,3
10771,66000,387130000C,(04)23274275,(04)23288582,2025,2,28,11,20,臺中市,東勢區,0,0,0,7,,,30,,,,,,,,,,,,,,,,,,,B03,,,1,,2,,,84,84,1,13,4,120.894168,24.220522,3
10772,66000,387130000C,(04)23274275,(04)23288582,2025,2,28,11,21,臺中市,神岡區,0,0,0,7,,,50,,,,,,,,,,,,,,13,,,,,B03,,,1,,1,,,84,84,1,12,4,120.692097,24.24804,3
10773,66000,387130000C,(04)23274275,(04)23288582,2025,2,28,11,24,臺中市,豐原區,0,3,0,7,2,6,50,4,1,1,5,4,6,6,1,1,1,4,4,2,16,3,10,5,4,B03,7,6,1,8,2,2,,25,25,1,12,4,120.720227,24.236722,2
10774,66000,387130000C,(04)23274275,(04)23288582,2025,2,28,11,25,臺中市,西區,0,0,0,7,,,50,,,,,,,,,,,,,,,,,,,B03,,,1,,1,,,84,84,1,12,4,120.666373,24.146937,3
10775,66000,387130000C,(04)23274275,(04)23288582,2025,2,28,11,27,臺中市,太平區,0,1,0,7,3,6,50,3,2,1,5,4,6,6,1,1,5,5,5,2,16,3,10,3,1,B03,7,15,1,8,2,2,,84,84,1,6,4,120.726023,24.152671,2
10776,66000,387130000C,(04)23274275,(04)23288582,2025,2,28,11,28,臺中市,西屯區,0,0,0,7,,,60,,,,,,,,,,,,,,13,,,,,B03,,,1,,1,,,7,7,1,12,4,120.641683,24.166605,3
10777,66000,387130000C,(04)23274275,(04)23288582,2025,2,28,11,30,臺中市,東區,0,0,0,7,,,40,,,,,,,,,,,,,,16,,,,,C03,,,1,,2,,,84,84,1,12,4,120.695043,24.138791,3
10778,66000,387130000C,(04)23274275,(04)23288582,2025,2,28,11,30,臺中市,清水區,0,2,0,7,3,6,40,13,7,1,5,4,6,6,4,4,5,4,4,2,17,2,9,2,1,C03,7,9,1,10,2,11,,59,59,1,12,4,120.572497,24.261776,2
10779,66000,387130000C,(04)23274275,(04)23288582,2025,2,28,11,32,臺中市,西區,0,0,0,7,,,50,,,,,,,,,,,,,,,,,,,B12,,,1,,2,,,84,84,1,13,4,120.662634,24.147101,3
10780,66000,387130000C,(04)23274275,(04)23288582,2025,2,28,11,34,臺中市,北區,0,2,0,7,3,6,50,5,1,1,5,4,6,6,1,1,10,5,5,2,16,3,10,3,1,B03,7,5,1,8,2,6,,27,27,1,12,4,120.685876,24.154916,2
10781,66000,387130000C,(04)23274275,(04)23288582,2025,2,28,11,34,臺中市,南屯區,0,0,0,7,3,6,50,13,9,1,5,4,6,6,4,4,5,5,5,2,14,,,,,B03,,,1,,1,,,49,49,1,12,4,120.643879,24.136004,3
10782,66000,387130000C,(04)23274275,(04)23288582,2025,2,28,11,36,臺中市,霧峰區,0,0,0,7,,,40,,,,,,,,,,,,,,12,,,,,B03,,,1,,2,,,84,84,1,6,4,120.695619,24.014995,3
10783,66000,387130000C,(04)23274275,(04)23288582,2025,2,28,11,38,臺中市,潭子區,0,1,0,7,3,6,50,3,1,1,5,4,6,6,3,1,5,4,4,1,17,3,10,2,1,C03,7,6,1,10,2,14,,8,8,1,13,4,120.708511,24.210711,2
10784,66000,387130000C,(04)23274275,(04)23288582,2025,2,28,11,41,臺中市,大里區,0,2,0,7,2,6,50,4,1,1,5,4,6,6,1,1,10,5,5,2,15,2,9,1,1,C03,7,9,3,19,2,11,,21,21,1,12,4,120.681086,24.102388,2
10785,66000,387130000C,(04)23274275,(04)23288582,2025,2,28,11,42,臺中市,北屯區,0,1,0,7,1,6,50,4,1,1,5,4,6,6,1,1,10,5,5,2,18,2,9,5,4,C03,7,9,1,10,2,12,,84,84,1,13,4,120.691358,24.165873,2
10786,66000,387130000C,(04)23274275,(04)23288582,2025,2,28,11,43,臺中市,南區,0,1,0,7,2,6,50,3,1,1,5,4,6,6,4,4,5,5,5,2,16,2,9,2,1,C03,7,6,1,10,2,12,,14,14,1,13,4,120.668629,24.117192,2
10787,66000,387130000C,(04)23274275,(04)23288582,2025,2,28,11,45,臺中市,豐原區,0,0,0,7,,,40,,,,,,,,,,,,,,16,,,,,C03,,,1,,1,,,13,13,1,12,4,120.716192,24.251123,3
10788,66000,387130000C,(04)23274275,(04)23288582,2025,2,28,11,47,臺中市,清水區,0,1,0,7,3,6,70,4,1,1,5,4,6,6,1,1,1,4,4,1,17,2,9,2,1,C03,7,11,1,10,11,14,,36,36,1,12,4,120.595393,24.299756,2
10789,66000,387130000C,(04)23274275,(04)23288582,2025,2,28,11,55,臺中市,南屯區,0,0,0,7,,,40,,,,,,,,,,,,,,12,,,,,B03,,,1,,2,,,51,51,1,12,4,120.636883,24.14435,3
10790,66000,387130000C,(04)23274275,(04)23288582,2025,2,28,11,56,臺中市,太平區,0,0,0,7,,,50,,,,,,,,,,,,,,17,,,,,B03,,,1,,2,,,51,51,1,13,4,120.713817,24.126146,3
10791,66000,387130000C,(04)23274275,(04)23288582,2025,2,28,12,0,臺中市,沙鹿區,0,1,0,7,2,6,50,13,9,1,5,4,6,6,4,4,5,5,5,1,12,3,10,1,1,C03,7,8,1,10,2,14,13,42,42,1,12,4,120.561649,24.237722,2
10792,66000,387130000C,(04)23274275,(04)23288582,2025,2,28,12,0,臺中市,大甲區,0,0,0,7,,,50,,,,,,,,,,,,,,12,,,,,B12,,,1,,1,,,4,4,1,6,4,120.625407,24.348778,3
10793,66000,387130000C,(04)23274275,(04)23288582,2025,2,28,12,1,臺中市,北屯區,0,2,0,7,2,6,50,13,8,1,5,4,6,6,4,4,1,3,4,2,13,2,9,1,1,C03,7,9,1,10,2,11,,7,7,1,12,4,120.6668,24.180978,2
10794,66000,387130000C,(04)23274275,(04)23288582,2025,2,28,12,6,臺中市,沙鹿區,0,0,0,7,,,50,,,,,,,,,,,,,,17,,,,,B03,,,1,,2,,,59,59,1,6,4,120.567692,24.254048,3
10795,66000,387130000C,(04)23274275,(04)23288582,2025,2,28,12,7,臺中市,西區,0,0,0,7,,,50,,,,,,,,,,,,,,14,,,,,B03,,,1,,11,,,49,49,2,13,4,120.661797,24.150279,3
10796,66000,387130000C,(04)23274275,(04)23288582,2025,2,28,12,8,臺中市,北屯區,0,0,0,7,,,50,,,,,,,,,,,,,,,,,,,B03,,,1,,2,,,59,59,1,12,4,120.670822,24.193968,3
10797,66000,387130000C,(04)23274275,(04)23288582,2025,2,28,12,15,臺中市,霧峰區,0,1,0,7,2,6,50,13,8,1,5,4,6,6,4,4,1,4,4,1,17,3,10,5,4,B03,7,5,1,8,2,6,,84,84,1,13,4,120.692694,24.039419,2
10798,66000,387130000C,(04)23274275,(04)23288582,2025,2,28,12,15,臺中市,沙鹿區,0,3,0,7,2,6,50,4,1,1,5,4,6,6,1,1,3,4,4,2,17,2,9,3,1,B03,7,6,1,8,2,3,,11,11,1,13,4,120.569048,24.25638,2
10799,66000,387130000C,(04)23274275,(04)23288582,2025,2,28,12,21,臺中市,北屯區,0,0,0,7,,,50,,,,,,,,,,,,,,15,,,,,C03,,,1,,1,,,46,46,1,12,4,120.694282,24.170619,4
10800,66000,387130000C,(04)23274275,(04)23288582,2025,2,28,12,29,臺中市,北屯區,0,1,0,7,2,6,50,3,1,1,5,4,6,6,4,4,10,5,5,2,16,3,10,3,1,B03,7,6,1,8,1,8,,14,14,1,12,4,120.688071,24.182553,2
10801,66000,387130000C,(04)23274275,(04)23288582,2025,2,28,12,32,臺中市,東勢區,0,0,0,7,,,30,,,,,,,,,,,,,,25,,,,,B02,,,1,,2,,,84,84,1,12,4,120.794236,24.287773,3
10802,66000,387130000C,(04)23274275,(04)23288582,2025,2,28,12,33,臺中市,北區,0,2,0,7,2,6,50,4,1,1,5,4,6,6,1,1,10,5,5,2,17,2,9,5,4,C03,7,6,1,10,2,12,,48,48,1,12,4,120.675421,24.153882,2